date_show,cinema_ids,movie_title,total_ticket,occupation_rate,min_added_admissions,min_removed_admissions
2025-04-01,0191582d75f94a412c0fa12d36bcee3f,PABRIK GULA UNCUT (IMAX 2D),77,18.72,-1,4
2025-04-01,04a2de432a8901363a05137a8e8de1d2,JUMBO,50,29.12,3,-1
2025-04-01,04a2de432a8901363a05137a8e8de1d2,PABRIK GULA UNCUT,104,61.36,4,-1
2025-04-01,108f9a4d181f12fd1b7e3c9adae38478,PABRIK GULA UNCUT (IMAX 2D),245,82.4,-1,-1
2025-04-01,19f506af810fe579721721d058f6b243,NORMA: ANTARA MERTUA DAN MENANTU,17,16.64,-1,-1
2025-04-01,19f506af810fe579721721d058f6b243,PABRIK GULA UNCUT (IMAX 2D),138,43.68,-1,-1
2025-04-01,2318d3c719302ff137eb1b53fb32f0c8,PABRIK GULA UNCUT,157,89.61,-1,-1
2025-04-01,2e0ec493a87e740511b7b565386c06fe,PABRIK GULA UNCUT,156,95.55,-1,-1
2025-04-01,312cd6ebdd3af9ac55f7b3d31ecab9c2,PABRIK GULA UNCUT,229,99.75,-1,-1
2025-04-01,312cd6ebdd3af9ac55f7b3d31ecab9c2,PABRIK GULA UNCUT (IMAX 2D),311,93.6,-1,4
2025-04-01,3acdf298dab1b92bbaaad74d86c0c40a,PABRIK GULA UNCUT (IMAX 2D),223,88.2,-1,-1
2025-04-01,52eed153a88a6bdcb46cbb266a07cba2,PABRIK GULA UNCUT (IMAX 2D),184,55.65,3,-1
2025-04-01,5ff7565cdb056b4bdcb43d0ea2b5380d,PABRIK GULA UNCUT,95,70.35,-1,-1
2025-04-01,6b88b1af662b72fbfa35004a8edfe2e9,PABRIK GULA UNCUT (IMAX 2D),281,74.88,-1,-1
2025-04-01,79d0a75ad3523955b8d0e01198d6e9c9,PABRIK GULA UNCUT,24,99.75,-1,-1
2025-04-01,9715c9bc57db04a2506acfdab71ec1c6,PABRIK GULA UNCUT,185,99.91,-1,-1
2025-04-01,a691dd0d8274fa85ecdc7d5ad6df1628,PABRIK GULA UNCUT,232,99.91,-1,-1
2025-04-01,a9e141baa8b4ec825325397b16eeaae3,PABRIK GULA UNCUT (IMAX 2D),274,88.4,8,-1
2025-04-01,afbb3b11f728a54ad1eb3ca34f602779,PABRIK GULA UNCUT,179,89.61,-1,-1
2025-04-01,b4972b48997defae8304bc9c41220c7c,PABRIK GULA UNCUT (IMAX 2D),263,64.89,-1,8
2025-04-01,b704e8b10f13e14494b5a7a0ba39d9d9,PABRIK GULA UNCUT (IMAX 2D),123,44.1,4,-1
2025-04-01,c4a19cbeb409639c836e4304976db0aa,PABRIK GULA UNCUT (IMAX 2D),356,83.2,-1,-1
2025-04-01,c71a18e33d4b7c73c8124c65fc3e6f1c,PABRIK GULA UNCUT,74,32.24,5,5
2025-04-01,da6b584c30e784d15b54ad124a760b19,PABRIK GULA UNCUT,181,89.25,10,-1
2025-04-01,dc77e7e26c0e5e3a5c44ec2de0cedbde,PABRIK GULA UNCUT (IMAX 2D),246,93.6,-1,-1
2025-04-01,e8965581e1be78ac9a3145b6983ff6ec,PABRIK GULA UNCUT (IMAX 2D),249,55.62,-1,-1
2025-04-01,e989d8fdc91de7e6ffbb72a2f5ac79f6,THE LAST SUPPER,4,10.5,-1,-1
2025-04-01,ef2896a95abe2a2b4cfee245dc1e36ec,PABRIK GULA UNCUT,102,74.88,-1,-1
2025-04-02,04a2de432a8901363a05137a8e8de1d2,JUMBO,133,78.0,-1,-1
2025-04-02,108f9a4d181f12fd1b7e3c9adae38478,PABRIK GULA UNCUT (IMAX 2D),125,43.05,2,-1
2025-04-02,19f506af810fe579721721d058f6b243,PABRIK GULA UNCUT (IMAX 2D),134,43.05,-1,4
2025-04-02,2318d3c719302ff137eb1b53fb32f0c8,PABRIK GULA UNCUT,162,93.6,-1,1
2025-04-02,312cd6ebdd3af9ac55f7b3d31ecab9c2,PABRIK GULA UNCUT,231,99.75,-1,-1
2025-04-02,312cd6ebdd3af9ac55f7b3d31ecab9c2,PABRIK GULA UNCUT (IMAX 2D),267,81.9,0,9
2025-04-02,52eed153a88a6bdcb46cbb266a07cba2,PABRIK GULA UNCUT (IMAX 2D),142,42.23,2,-1
2025-04-02,6b88b1af662b72fbfa35004a8edfe2e9,PABRIK GULA UNCUT (IMAX 2D),229,60.9,0,-1
2025-04-02,a9e141baa8b4ec825325397b16eeaae3,PABRIK GULA UNCUT (IMAX 2D),252,81.9,6,-1
2025-04-02,b4972b48997defae8304bc9c41220c7c,PABRIK GULA UNCUT (IMAX 2D),173,44.1,-1,1
2025-04-02,b704e8b10f13e14494b5a7a0ba39d9d9,PABRIK GULA UNCUT (IMAX 2D),54,18.54,2,-1
2025-04-02,c4a19cbeb409639c836e4304976db0aa,PABRIK GULA UNCUT (IMAX 2D),349,82.95,-1,-1
2025-04-02,da6b584c30e784d15b54ad124a760b19,KOMANG,105,66.95,-1,-1
2025-04-02,dc77e7e26c0e5e3a5c44ec2de0cedbde,PABRIK GULA UNCUT (IMAX 2D),221,82.95,-1,2
2025-04-02,e8965581e1be78ac9a3145b6983ff6ec,PABRIK GULA UNCUT (IMAX 2D),238,54.6,-1,-1
2025-04-02,e989d8fdc91de7e6ffbb72a2f5ac79f6,THE LAST SUPPER,10,26.25,-1,-1
2025-04-02,ef2896a95abe2a2b4cfee245dc1e36ec,PABRIK GULA UNCUT,134,98.7,-1,-1
2025-04-03,04a2de432a8901363a05137a8e8de1d2,JUMBO,85,50.4,-1,-1
2025-04-03,218c50fa4df90b3241e39ff8ffb41102,A WORKING MAN,71,47.84,-1,-1
2025-04-03,4a61d7e09bbe3868d79af81be96ed6ee,A WORKING MAN,8,16.48,7,-1
2025-04-03,592095e0ddc2c230cf3002d72e9bac41,NORMA: ANTARA MERTUA DAN MENANTU,153,91.67,1,10
2025-04-03,da6b584c30e784d15b54ad124a760b19,KOMANG,86,54.59,-1,-1
2025-04-04,04a2de432a8901363a05137a8e8de1d2,JUMBO,51,28.84,-1,-1
2025-04-04,09ff932202ae245655ae248642132086,A MINECRAFT MOVIE,30,75.6,-1,-1
2025-04-04,218c50fa4df90b3241e39ff8ffb41102,A WORKING MAN,48,32.55,-1,-1
2025-04-04,26a644178fbdb277dc3c50997f6df7fe,A MINECRAFT MOVIE,18,16.48,-1,3
2025-04-04,29fc89ab155e9f202326046c2e0023bb,A MINECRAFT MOVIE,17,23.1,-1,-1
2025-04-04,312cd6ebdd3af9ac55f7b3d31ecab9c2,THE LAST SUPPER,12,23.1,-1,-1
2025-04-04,3cc167017755a0197f18f93595c9ae85,A MINECRAFT MOVIE,46,70.72,-1,-1
2025-04-04,3f6093566521149f8e37fa4e3fafe7cc,A MINECRAFT MOVIE,55,76.22,-1,-1
2025-04-04,4eb26b1058266dc50a63dc875e4d8846,A MINECRAFT MOVIE,72,58.71,-1,-1
2025-04-04,4fc3fc370b299876663c7d5c90595853,A MINECRAFT MOVIE,85,50.96,-1,5
2025-04-04,541130ea8083a789df5d15bbfe13055a,A MINECRAFT MOVIE,35,28.84,-1,-1
2025-04-04,57d37d0d839b9dff6f87d6b5d5b679cc,A MINECRAFT MOVIE,37,93.6,-1,-1
2025-04-04,580919d632e55fd9736ae1a2ac6ed0c5,A MINECRAFT MOVIE,57,46.8,-1,-1
2025-04-04,592095e0ddc2c230cf3002d72e9bac41,NORMA: ANTARA MERTUA DAN MENANTU,131,79.04,1,-1
2025-04-04,5b8eaa351fae8e6d1e759e814d74c1c5,A MINECRAFT MOVIE,133,62.83,9,-1
2025-04-04,8750b9ee0b0c6c6afcfcb2a05e60efc0,A MINECRAFT MOVIE,29,91.35,-1,-1
2025-04-04,8750b9ee0b0c6c6afcfcb2a05e60efc0,SNOW WHITE,7,22.05,-1,-1
2025-04-04,88d0ee0029bee810e1d0fe37f73e2d3b,A MINECRAFT MOVIE,33,80.85,-1,-1
2025-04-04,8d2e05da5624875993cb8580c88334a9,A MINECRAFT MOVIE,47,69.3,-1,-1
2025-04-04,919c7b9859d8ce7cab47dab2463e7fab,A MINECRAFT MOVIE,122,65.92,-1,4
2025-04-04,981569adf232c53afe751c8c660db8d9,A MINECRAFT MOVIE,78,54.6,-1,-1
2025-04-04,9f0564f5cabe643e4dbb08b80d3cc241,A MINECRAFT MOVIE,146,85.49,-1,-1
2025-04-04,a9e141baa8b4ec825325397b16eeaae3,A MINECRAFT MOVIE,121,73.5,-1,-1
2025-04-04,be8de71502987819afd4c2ceea71c539,A MINECRAFT MOVIE,25,20.8,1,-1
2025-04-04,bf33cc26f29bf266a83e35901fa80c9c,A MINECRAFT MOVIE,61,41.2,-1,-1
2025-04-04,c71a18e33d4b7c73c8124c65fc3e6f1c,A MINECRAFT MOVIE,159,70.35,0,-1
2025-04-04,c877324e95024e707ae23f0aed947e15,A MINECRAFT MOVIE,95,73.5,-1,9
2025-04-04,d33850e3698903061b4c18886ce00c9d,PABRIK GULA UNCUT,141,91.52,10,-1
2025-04-04,dc6de349945f10a4a296bb50d34fc504,A MINECRAFT MOVIE,10,26.0,3,-1
2025-04-04,e7ec114c2ec166155149062023617e8b,A MINECRAFT MOVIE,109,75.19,-1,9
2025-04-04,e8965581e1be78ac9a3145b6983ff6ec,A MINECRAFT MOVIE,33,82.4,-1,-1
2025-04-04,e8965581e1be78ac9a3145b6983ff6ec,NE ZHA 2,19,47.25,-1,-1
2025-04-04,efe899b321b96d852776427476f14a06,A MINECRAFT MOVIE,9,22.88,-1,-1
2025-04-04,f3a9ac312f7bc4e2467a1bf02a6aa1e9,A MINECRAFT MOVIE,98,91.52,-1,-1
2025-04-05,04a2de432a8901363a05137a8e8de1d2,JUMBO,144,84.24,-1,5
2025-04-05,073b764928864ed8fa0b6b115bfdd685,A MINECRAFT MOVIE,48,99.91,-1,-1
2025-04-05,09ff932202ae245655ae248642132086,A MINECRAFT MOVIE,40,97.85,-1,-1
2025-04-05,29fc89ab155e9f202326046c2e0023bb,A MINECRAFT MOVIE,69,98.7,7,-1
2025-04-05,312cd6ebdd3af9ac55f7b3d31ecab9c2,THE LAST SUPPER,5,10.4,8,-1
2025-04-05,490346a8a068ba7d2e3764714c6d5323,A MINECRAFT MOVIE,37,93.6,-1,-1
2025-04-05,4a4c71e99772e87c9e35a56acd8be21e,A MINECRAFT MOVIE,117,99.75,-1,-1
2025-04-05,4a61d7e09bbe3868d79af81be96ed6ee,A MINECRAFT MOVIE,42,85.49,-1,-1
2025-04-05,4eb26b1058266dc50a63dc875e4d8846,A MINECRAFT MOVIE,121,97.85,-1,-1
2025-04-05,53b77c875c67b68561415f23065e6e8d,A MINECRAFT MOVIE,18,58.24,-1,-1
2025-04-05,57d37d0d839b9dff6f87d6b5d5b679cc,A MINECRAFT MOVIE,37,94.5,-1,-1
2025-04-05,592095e0ddc2c230cf3002d72e9bac41,NORMA: ANTARA MERTUA DAN MENANTU,71,44.1,0,-1
2025-04-05,592095e0ddc2c230cf3002d72e9bac41,PABRIK GULA,46,22.66,0,-1
2025-04-05,66d433e397ff7f3d460500704fd40a5a,A MINECRAFT MOVIE,23,57.75,-1,-1
2025-04-05,716ede53fbca27fbe1c1a55d6667c2b5,A MINECRAFT MOVIE,147,81.9,-1,-1
2025-04-05,79d0a75ad3523955b8d0e01198d6e9c9,PABRIK GULA,15,59.74,-1,-1
2025-04-05,8188326fb0a403be03ea632997c8a959,A MINECRAFT MOVIE,55,49.35,-1,-1
2025-04-05,8750b9ee0b0c6c6afcfcb2a05e60efc0,A MINECRAFT MOVIE,29,91.35,-1,-1
2025-04-05,88d0ee0029bee810e1d0fe37f73e2d3b,A MINECRAFT MOVIE,37,93.6,-1,-1
2025-04-05,a616a546264044ed616bc2bdf2d9f7fc,A MINECRAFT MOVIE,48,68.25,-1,5
2025-04-05,a616a546264044ed616bc2bdf2d9f7fc,THE LAST SUPPER,14,18.72,-1,-1
2025-04-05,afbb3b11f728a54ad1eb3ca34f602779,PABRIK GULA,67,37.44,6,-1
2025-04-05,be8de71502987819afd4c2ceea71c539,A MINECRAFT MOVIE,99,84.0,6,-1
2025-04-05,bf33cc26f29bf266a83e35901fa80c9c,A MINECRAFT MOVIE,138,92.7,-1,-1
2025-04-05,c35e24eefa840ac2009279f1efc52288,PABRIK GULA,176,60.32,-1,-1
2025-04-05,c71a18e33d4b7c73c8124c65fc3e6f1c,A MINECRAFT MOVIE,188,80.34,0,-1
2025-04-05,c877324e95024e707ae23f0aed947e15,A WORKING MAN,54,42.0,9,-1
2025-04-05,cb2a49a747f8989ee0356ec7ac354177,A MINECRAFT MOVIE,114,86.1,-1,-1
2025-04-05,d33850e3698903061b4c18886ce00c9d,PABRIK GULA UNCUT,98,64.05,0,-1
2025-04-05,da6b584c30e784d15b54ad124a760b19,KOMANG,131,85.28,8,-1
2025-04-05,dc6de349945f10a4a296bb50d34fc504,A MINECRAFT MOVIE,41,99.91,-1,-1
2025-04-05,e8965581e1be78ac9a3145b6983ff6ec,A MINECRAFT MOVIE,36,89.61,-1,-1
2025-04-05,e8965581e1be78ac9a3145b6983ff6ec,NE ZHA 2,23,57.75,-1,-1
2025-04-05,efe899b321b96d852776427476f14a06,A MINECRAFT MOVIE,38,95.68,-1,-1
2025-04-06,0a8777c6c78e2d102bdf459f8550cf93,PABRIK GULA,137,65.92,10,-1
2025-04-06,25e1c125bdd513aa2355a8e558a1a908,PABRIK GULA UNCUT,93,72.8,-1,2
2025-04-06,26a644178fbdb277dc3c50997f6df7fe,A MINECRAFT MOVIE,91,87.36,-1,-1
2025-04-06,29fc89ab155e9f202326046c2e0023bb,A MINECRAFT MOVIE,65,92.7,-1,-1
2025-04-06,312cd6ebdd3af9ac55f7b3d31ecab9c2,THE LAST SUPPER,34,68.64,-1,-1
2025-04-06,3acdf298dab1b92bbaaad74d86c0c40a,PABRIK GULA (IMAX 2D),143,55.62,-1,-1
2025-04-06,3c41b96b56b0aab1ed5fc5e703499730,PABRIK GULA,118,64.89,4,-1
2025-04-06,490346a8a068ba7d2e3764714c6d5323,A MINECRAFT MOVIE,40,97.85,-1,-1
2025-04-06,4a4c71e99772e87c9e35a56acd8be21e,A MINECRAFT MOVIE,114,94.76,-1,-1
2025-04-06,4a61d7e09bbe3868d79af81be96ed6ee,A MINECRAFT MOVIE,36,75.6,-1,-1
2025-04-06,52eed153a88a6bdcb46cbb266a07cba2,PABRIK GULA (IMAX 2D),52,15.75,5,6
2025-04-06,57d37d0d839b9dff6f87d6b5d5b679cc,A MINECRAFT MOVIE,37,93.6,-1,-1
2025-04-06,592095e0ddc2c230cf3002d72e9bac41,NORMA: ANTARA MERTUA DAN MENANTU,106,63.86,0,-1
2025-04-06,592095e0ddc2c230cf3002d72e9bac41,PABRIK GULA,28,14.7,-1,-1
2025-04-06,5ff7565cdb056b4bdcb43d0ea2b5380d,PABRIK GULA UNCUT,68,50.96,-1,-1
2025-04-06,66d433e397ff7f3d460500704fd40a5a,A MINECRAFT MOVIE,40,97.85,-1,-1
2025-04-06,716ede53fbca27fbe1c1a55d6667c2b5,A MINECRAFT MOVIE,126,69.68,5,-1
2025-04-06,8188326fb0a403be03ea632997c8a959,A MINECRAFT MOVIE,97,85.49,-1,-1
2025-04-06,8750b9ee0b0c6c6afcfcb2a05e60efc0,A MINECRAFT MOVIE,31,95.79,-1,-1
2025-04-06,88d0ee0029bee810e1d0fe37f73e2d3b,A MINECRAFT MOVIE,39,97.85,-1,-1
2025-04-06,a616a546264044ed616bc2bdf2d9f7fc,A MINECRAFT MOVIE,49,70.72,-1,-1
2025-04-06,a616a546264044ed616bc2bdf2d9f7fc,THE LAST SUPPER,12,17.85,-1,-1
2025-04-06,afbb3b11f728a54ad1eb3ca34f602779,PABRIK GULA,53,28.35,2,-1
2025-04-06,b2539b1f80254243391774489b1328aa,PABRIK GULA,209,98.88,-1,-1
2025-04-06,bf33cc26f29bf266a83e35901fa80c9c,A MINECRAFT MOVIE,133,90.64,-1,-1
2025-04-06,c35e24eefa840ac2009279f1efc52288,NORMA: ANTARA MERTUA DAN MENANTU,97,46.2,-1,-1
2025-04-06,c35e24eefa840ac2009279f1efc52288,PABRIK GULA,193,65.92,-1,-1
2025-04-06,c71a18e33d4b7c73c8124c65fc3e6f1c,A MINECRAFT MOVIE,200,87.36,-1,-1
2025-04-06,c877324e95024e707ae23f0aed947e15,A WORKING MAN,45,33.99,7,-1
2025-04-06,d33850e3698903061b4c18886ce00c9d,PABRIK GULA UNCUT,128,82.16,-1,-1
2025-04-06,dc6de349945f10a4a296bb50d34fc504,A MINECRAFT MOVIE,21,52.0,5,-1
2025-04-06,e8965581e1be78ac9a3145b6983ff6ec,A MINECRAFT MOVIE,34,85.28,-1,-1
2025-04-06,e8965581e1be78ac9a3145b6983ff6ec,NE ZHA 2,11,27.81,-1,-1
2025-04-06,efe899b321b96d852776427476f14a06,A MINECRAFT MOVIE,40,98.8,-1,-1
2025-04-07,04a2de432a8901363a05137a8e8de1d2,JUMBO,166,95.79,-1,-1
2025-04-07,3acdf298dab1b92bbaaad74d86c0c40a,PABRIK GULA (IMAX 2D),127,50.4,0,1
2025-04-07,52eed153a88a6bdcb46cbb266a07cba2,PABRIK GULA (IMAX 2D),71,20.8,2,3
2025-04-07,592095e0ddc2c230cf3002d72e9bac41,NORMA: ANTARA MERTUA DAN MENANTU,142,85.49,-1,-1
2025-04-07,8dbfb7aeb4ed822b358347332ba630af,NE ZHA 2 (IMAX 2D),61,15.75,2,1
2025-04-07,a09b9ee7f937939ee25c24ef8c2e91be,PABRIK GULA,85,63.0,-1,-1
2025-04-07,a616a546264044ed616bc2bdf2d9f7fc,THE LAST SUPPER,8,11.55,-1,-1
2025-04-07,c35e24eefa840ac2009279f1efc52288,NORMA: ANTARA MERTUA DAN MENANTU,123,56.65,9,8
2025-04-07,d33850e3698903061b4c18886ce00c9d,PABRIK GULA UNCUT,148,95.55,-1,-1
2025-04-08,0318cab65e5a4dbb61243ab4747fb621,PABRIK GULA,99,48.3,-1,-1
2025-04-08,04a2de432a8901363a05137a8e8de1d2,NORMA: ANTARA MERTUA DAN MENANTU,134,79.8,-1,-1
2025-04-08,19f506af810fe579721721d058f6b243,NE ZHA 2 (IMAX 2D),48,15.6,3,4
2025-04-08,3acdf298dab1b92bbaaad74d86c0c40a,PABRIK GULA (IMAX 2D),109,42.23,-1,3
2025-04-08,592095e0ddc2c230cf3002d72e9bac41,NORMA: ANTARA MERTUA DAN MENANTU,117,70.35,4,-1
2025-04-08,a09b9ee7f937939ee25c24ef8c2e91be,PABRIK GULA,36,49.35,2,-1
2025-04-08,a616a546264044ed616bc2bdf2d9f7fc,THE LAST SUPPER,19,25.75,-1,-1
2025-04-08,c35e24eefa840ac2009279f1efc52288,NORMA: ANTARA MERTUA DAN MENANTU,120,91.35,-1,-1
2025-04-08,d33850e3698903061b4c18886ce00c9d,PABRIK GULA UNCUT,118,74.88,-1,-1
2025-04-08,e67d818ee0546f3b33d0ba2083ed4db5,THE LAST SUPPER,21,52.0,5,-1
2025-04-08,ef2896a95abe2a2b4cfee245dc1e36ec,PABRIK GULA,106,77.25,-1,-1
2025-04-09,04a2de432a8901363a05137a8e8de1d2,NORMA: ANTARA MERTUA DAN MENANTU,91,53.56,-1,-1
2025-04-09,04a2de432a8901363a05137a8e8de1d2,QODRAT 2,76,45.15,-1,-1
2025-04-09,073b764928864ed8fa0b6b115bfdd685,PABRIK GULA,83,49.92,-1,-1
2025-04-09,19f506af810fe579721721d058f6b243,PABRIK GULA,145,86.1,-1,-1
2025-04-09,52eed153a88a6bdcb46cbb266a07cba2,PABRIK GULA,95,30.9,-1,2
2025-04-09,981569adf232c53afe751c8c660db8d9,PABRIK GULA,49,17.51,3,4
2025-04-09,9cc7970100d8e4c2202f08cb78c6eb20,PABRIK GULA,107,58.24,-1,1
2025-04-09,c35e24eefa840ac2009279f1efc52288,NORMA: ANTARA MERTUA DAN MENANTU,109,84.24,-1,-1
2025-04-09,da6b584c30e784d15b54ad124a760b19,NORMA: ANTARA MERTUA DAN MENANTU,54,26.25,9,-1
2025-04-09,e7ec114c2ec166155149062023617e8b,A WORKING MAN,85,63.44,-1,-1
2025-04-09,e939d818a5192f48fc4b73102e3aa4b9,NORMA: ANTARA MERTUA DAN MENANTU,128,74.55,-1,5
2025-04-09,ef2896a95abe2a2b4cfee245dc1e36ec,PABRIK GULA,77,55.62,-1,-1
2025-04-10,04a2de432a8901363a05137a8e8de1d2,NORMA: ANTARA MERTUA DAN MENANTU,127,74.88,-1,-1
2025-04-10,04a2de432a8901363a05137a8e8de1d2,QODRAT 2,152,89.25,-1,-1
2025-04-10,4e12b237c826209f7ddc5b29a96380b6,NORMA: ANTARA MERTUA DAN MENANTU,76,50.4,-1,-1
2025-04-10,7c271f1e1351e6433b202d77b88012c2,PABRIK GULA,32,10.3,2,1
2025-04-10,9cc7970100d8e4c2202f08cb78c6eb20,PABRIK GULA,123,68.25,6,-1
2025-04-10,c35e24eefa840ac2009279f1efc52288,NORMA: ANTARA MERTUA DAN MENANTU,90,69.3,-1,-1
2025-04-10,da6b584c30e784d15b54ad124a760b19,NORMA: ANTARA MERTUA DAN MENANTU,30,14.7,-1,-1
2025-04-10,e939d818a5192f48fc4b73102e3aa4b9,NORMA: ANTARA MERTUA DAN MENANTU,105,60.9,-1,10
2025-04-10,ef2896a95abe2a2b4cfee245dc1e36ec,PABRIK GULA,49,35.02,-1,-1
2025-04-11,04a2de432a8901363a05137a8e8de1d2,NORMA: ANTARA MERTUA DAN MENANTU,79,45.76,2,-1
2025-04-11,04a2de432a8901363a05137a8e8de1d2,QODRAT 2,46,27.3,-1,-1
2025-04-11,14b63ff2b104903ead7d884f25382e57,PINJAM 100 THE MOVIE,18,14.7,-1,-1
2025-04-11,4e12b237c826209f7ddc5b29a96380b6,NORMA: ANTARA MERTUA DAN MENANTU,32,21.0,10,-1
2025-04-11,62447bb073160adcf6d6022240a3663c,NORMA: ANTARA MERTUA DAN MENANTU,75,54.08,-1,-1
2025-04-11,8dbfb7aeb4ed822b358347332ba630af,THE KING OF KINGS,108,75.92,-1,-1
2025-04-11,c35e24eefa840ac2009279f1efc52288,NORMA: ANTARA MERTUA DAN MENANTU,60,46.2,-1,-1
2025-04-11,da6b584c30e784d15b54ad124a760b19,NORMA: ANTARA MERTUA DAN MENANTU,44,20.6,4,3
2025-04-11,e939d818a5192f48fc4b73102e3aa4b9,NORMA: ANTARA MERTUA DAN MENANTU,71,40.56,2,-1
2025-04-11,ecace029de4a6bd4ae872928509cd71d,PINJAM 100 THE MOVIE,31,14.56,7,1
2025-04-11,efe899b321b96d852776427476f14a06,A MINECRAFT MOVIE,13,31.2,-1,-1
2025-04-12,0318cab65e5a4dbb61243ab4747fb621,THE AMATEUR,74,52.5,10,-1
2025-04-12,04a2de432a8901363a05137a8e8de1d2,QODRAT 2,89,52.5,-1,5
2025-04-12,25e1c125bdd513aa2355a8e558a1a908,A MINECRAFT MOVIE,107,91.35,-1,-1
2025-04-12,26d1d720bc7e60c1b1a56630e3ba2c5d,QODRAT 2,66,30.9,6,-1
2025-04-12,3afae5dea7356f64f70605334bef46a7,NORMA: ANTARA MERTUA DAN MENANTU,35,20.6,6,-1
2025-04-12,4e12b237c826209f7ddc5b29a96380b6,NORMA: ANTARA MERTUA DAN MENANTU,44,28.08,-1,3
2025-04-12,5ff7565cdb056b4bdcb43d0ea2b5380d,PINJAM 100 THE MOVIE,13,10.5,6,-1
2025-04-12,62447bb073160adcf6d6022240a3663c,NORMA: ANTARA MERTUA DAN MENANTU,68,49.92,-1,-1
2025-04-12,92e94ed55b4de8feaff9462a66e2dbd7,A MINECRAFT MOVIE,58,36.75,3,-1
2025-04-12,afbb3b11f728a54ad1eb3ca34f602779,A MINECRAFT MOVIE,112,61.8,-1,2
2025-04-12,c35e24eefa840ac2009279f1efc52288,NORMA: ANTARA MERTUA DAN MENANTU,88,65.92,-1,-1
2025-04-12,da6b584c30e784d15b54ad124a760b19,NORMA: ANTARA MERTUA DAN MENANTU,34,15.45,0,-1
2025-04-12,e939d818a5192f48fc4b73102e3aa4b9,NORMA: ANTARA MERTUA DAN MENANTU,35,19.95,-1,-1
2025-04-12,ecace029de4a6bd4ae872928509cd71d,PINJAM 100 THE MOVIE,43,20.6,5,2
2025-04-12,efe899b321b96d852776427476f14a06,A MINECRAFT MOVIE,33,80.85,-1,-1
2025-04-12,f292a4101ca0420357a2d18b3a013e5f,THE AMATEUR,34,24.96,-1,-1
2025-04-13,0318cab65e5a4dbb61243ab4747fb621,THE AMATEUR,53,35.02,-1,-1
2025-04-13,04a2de432a8901363a05137a8e8de1d2,NORMA: ANTARA MERTUA DAN MENANTU,32,18.72,3,-1
2025-04-13,04a2de432a8901363a05137a8e8de1d2,QODRAT 2,92,53.56,-1,-1
2025-04-13,25e1c125bdd513aa2355a8e558a1a908,A MINECRAFT MOVIE,60,49.35,-1,-1
2025-04-13,29fc89ab155e9f202326046c2e0023bb,THE AMATEUR,102,59.28,-1,3
2025-04-13,2e0ec493a87e740511b7b565386c06fe,NORMA: ANTARA MERTUA DAN MENANTU,30,24.15,-1,-1
2025-04-13,4e12b237c826209f7ddc5b29a96380b6,NORMA: ANTARA MERTUA DAN MENANTU,46,29.87,0,-1
2025-04-13,541130ea8083a789df5d15bbfe13055a,THE AMATEUR,80,72.8,-1,-1
2025-04-13,92e94ed55b4de8feaff9462a66e2dbd7,A MINECRAFT MOVIE,20,12.36,2,9
2025-04-13,afbb3b11f728a54ad1eb3ca34f602779,A MINECRAFT MOVIE,125,69.68,6,-1
2025-04-13,afbb3b11f728a54ad1eb3ca34f602779,NORMA: ANTARA MERTUA DAN MENANTU,50,24.72,-1,6
2025-04-13,bf33cc26f29bf266a83e35901fa80c9c,THE AMATEUR,102,59.85,-1,-1
2025-04-13,c35e24eefa840ac2009279f1efc52288,NORMA: ANTARA MERTUA DAN MENANTU,48,36.75,-1,5
2025-04-13,da6b584c30e784d15b54ad124a760b19,THE AMATEUR,50,32.55,-1,-1
2025-04-13,efe899b321b96d852776427476f14a06,A MINECRAFT MOVIE,20,48.41,-1,-1
2025-04-14,015555fbcd8faef6b55a854605df0a87,NORMA: ANTARA MERTUA DAN MENANTU,84,48.41,-1,8
2025-04-14,0318cab65e5a4dbb61243ab4747fb621,THE AMATEUR,16,11.55,-1,-1
2025-04-14,04a2de432a8901363a05137a8e8de1d2,NORMA: ANTARA MERTUA DAN MENANTU,42,23.92,8,-1
2025-04-14,04a2de432a8901363a05137a8e8de1d2,QODRAT 2,122,70.72,6,-1
2025-04-14,25e1c125bdd513aa2355a8e558a1a908,A MINECRAFT MOVIE,37,31.2,2,-1
2025-04-14,29fc89ab155e9f202326046c2e0023bb,THE AMATEUR,31,17.51,0,-1
2025-04-14,2e0ec493a87e740511b7b565386c06fe,NORMA: ANTARA MERTUA DAN MENANTU,33,27.04,10,-1
2025-04-14,2e0ec493a87e740511b7b565386c06fe,QODRAT 2,59,48.41,2,-1
2025-04-14,4e12b237c826209f7ddc5b29a96380b6,NORMA: ANTARA MERTUA DAN MENANTU,37,28.84,-1,-1
2025-04-14,4ed104ac0de10ba7eef50158603e0b32,WARFARE,103,85.28,-1,-1
2025-04-14,53b77c875c67b68561415f23065e6e8d,A MINECRAFT MOVIE,23,75.19,-1,-1
2025-04-14,541130ea8083a789df5d15bbfe13055a,THE AMATEUR,29,25.75,-1,-1
2025-04-14,7114d91eccf418326f7a9a05943c04e1,A MINECRAFT MOVIE,68,46.35,-1,-1
2025-04-14,a9e141baa8b4ec825325397b16eeaae3,A WORKING MAN,35,17.85,-1,-1
2025-04-14,a9e141baa8b4ec825325397b16eeaae3,THE AMATEUR,36,18.9,-1,5
2025-04-14,afbb3b11f728a54ad1eb3ca34f602779,A MINECRAFT MOVIE,35,18.72,0,-1
2025-04-14,afbb3b11f728a54ad1eb3ca34f602779,NORMA: ANTARA MERTUA DAN MENANTU,49,23.92,1,-1
2025-04-14,c35e24eefa840ac2009279f1efc52288,NORMA: ANTARA MERTUA DAN MENANTU,44,33.28,-1,-1
2025-04-14,d33850e3698903061b4c18886ce00c9d,A MINECRAFT MOVIE,42,31.2,-1,3
2025-04-14,da6b584c30e784d15b54ad124a760b19,THE AMATEUR,23,14.7,-1,-1
2025-04-14,ecace029de4a6bd4ae872928509cd71d,A MINECRAFT MOVIE,119,49.92,-1,-1
2025-04-14,f7734bb329cacfe21ce854ae822b6115,NORMA: ANTARA MERTUA DAN MENANTU,24,17.51,7,-1
2025-04-14,fbaf4d5f0c18dc603a21aef31da59ee6,THE AMATEUR,35,24.96,-1,-1
2025-04-15,015555fbcd8faef6b55a854605df0a87,NORMA: ANTARA MERTUA DAN MENANTU,50,27.81,2,3
2025-04-15,0318cab65e5a4dbb61243ab4747fb621,THE AMATEUR,25,16.8,-1,4
2025-04-15,04a2de432a8901363a05137a8e8de1d2,NORMA: ANTARA MERTUA DAN MENANTU,101,58.71,-1,10
2025-04-15,04a2de432a8901363a05137a8e8de1d2,QODRAT 2,112,64.89,10,-1
2025-04-15,2318d3c719302ff137eb1b53fb32f0c8,KOMANG,46,34.32,-1,-1
2025-04-15,29fc89ab155e9f202326046c2e0023bb,THE AMATEUR,49,29.12,4,-1
2025-04-15,2e0ec493a87e740511b7b565386c06fe,QODRAT 2,100,83.2,4,-1
2025-04-15,4e12b237c826209f7ddc5b29a96380b6,NORMA: ANTARA MERTUA DAN MENANTU,35,26.78,-1,-1
2025-04-15,53b77c875c67b68561415f23065e6e8d,A MINECRAFT MOVIE,13,41.6,-1,-1
2025-04-15,541130ea8083a789df5d15bbfe13055a,THE AMATEUR,24,20.8,2,-1
2025-04-15,592095e0ddc2c230cf3002d72e9bac41,THE AMATEUR,50,26.0,2,-1
2025-04-15,7114d91eccf418326f7a9a05943c04e1,A MINECRAFT MOVIE,61,41.6,-1,9
2025-04-15,7114d91eccf418326f7a9a05943c04e1,THE AMATEUR,16,12.48,-1,-1
2025-04-15,a9e141baa8b4ec825325397b16eeaae3,A WORKING MAN,25,12.6,6,9
2025-04-15,a9e141baa8b4ec825325397b16eeaae3,THE AMATEUR,37,18.54,1,4
2025-04-15,c35e24eefa840ac2009279f1efc52288,NORMA: ANTARA MERTUA DAN MENANTU,37,27.04,6,-1
2025-04-15,d33850e3698903061b4c18886ce00c9d,A MINECRAFT MOVIE,37,28.35,-1,1
2025-04-15,da6b584c30e784d15b54ad124a760b19,A MINECRAFT MOVIE,25,15.75,-1,2
2025-04-15,da6b584c30e784d15b54ad124a760b19,THE AMATEUR,38,24.96,-1,-1
2025-04-15,e7ec114c2ec166155149062023617e8b,THE AMATEUR,37,24.72,7,-1
2025-04-15,ecace029de4a6bd4ae872928509cd71d,A MINECRAFT MOVIE,81,32.96,7,-1
2025-04-15,f7734bb329cacfe21ce854ae822b6115,NORMA: ANTARA MERTUA DAN MENANTU,35,25.75,8,-1
2025-04-16,015555fbcd8faef6b55a854605df0a87,NORMA: ANTARA MERTUA DAN MENANTU,55,31.5,8,-1
2025-04-16,04a2de432a8901363a05137a8e8de1d2,NORMA: ANTARA MERTUA DAN MENANTU,35,19.95,-1,-1
2025-04-16,2318d3c719302ff137eb1b53fb32f0c8,KOMANG,50,37.44,-1,-1
2025-04-16,29fc89ab155e9f202326046c2e0023bb,THE AMATEUR,50,29.12,3,-1
2025-04-16,3cc167017755a0197f18f93595c9ae85,A MINECRAFT MOVIE,31,20.6,10,-1
2025-04-16,4e12b237c826209f7ddc5b29a96380b6,NORMA: ANTARA MERTUA DAN MENANTU,16,12.48,-1,-1
2025-04-16,541130ea8083a789df5d15bbfe13055a,THE AMATEUR,25,22.05,3,-1
2025-04-16,7114d91eccf418326f7a9a05943c04e1,A MINECRAFT MOVIE,59,40.17,-1,-1
2025-04-16,7c271f1e1351e6433b202d77b88012c2,QODRAT 2,40,22.66,6,-1
2025-04-16,a9e141baa8b4ec825325397b16eeaae3,THE AMATEUR,23,11.55,6,-1
2025-04-16,bf33cc26f29bf266a83e35901fa80c9c,THE AMATEUR,37,21.84,1,-1
2025-04-16,c35e24eefa840ac2009279f1efc52288,NORMA: ANTARA MERTUA DAN MENANTU,30,22.88,5,3
2025-04-16,c71a18e33d4b7c73c8124c65fc3e6f1c,THE AMATEUR,20,12.48,-1,-1
2025-04-16,c877324e95024e707ae23f0aed947e15,A MINECRAFT MOVIE,122,47.38,-1,-1
2025-04-16,d33850e3698903061b4c18886ce00c9d,A MINECRAFT MOVIE,52,39.14,-1,-1
2025-04-16,da6b584c30e784d15b54ad124a760b19,THE AMATEUR,38,23.92,-1,-1
2025-04-16,e7ec114c2ec166155149062023617e8b,THE AMATEUR,37,25.75,6,-1
2025-04-16,ecace029de4a6bd4ae872928509cd71d,A MINECRAFT MOVIE,100,40.95,-1,5
2025-04-16,f7734bb329cacfe21ce854ae822b6115,NORMA: ANTARA MERTUA DAN MENANTU,24,17.51,7,-1
2025-04-17,0318cab65e5a4dbb61243ab4747fb621,A MINECRAFT MOVIE,98,49.35,-1,-1
2025-04-17,2318d3c719302ff137eb1b53fb32f0c8,KOMANG,38,29.4,-1,-1
2025-04-17,35de0354d956048d1c9c49ff069eaa55,SINNERS,30,23.69,-1,-1
2025-04-17,3cc167017755a0197f18f93595c9ae85,SINNERS,15,21.0,6,-1
2025-04-17,3f6093566521149f8e37fa4e3fafe7cc,NORMA: ANTARA MERTUA DAN MENANTU,70,58.71,-1,-1
2025-04-17,4e12b237c826209f7ddc5b29a96380b6,NORMA: ANTARA MERTUA DAN MENANTU,29,22.66,0,-1
2025-04-17,7995e00051a2fe6aeed7cfdbe0378c01,QODRAT 2,53,28.08,4,-1
2025-04-17,c4a19cbeb409639c836e4304976db0aa,A WORKING MAN,32,29.12,-1,-1
2025-04-17,d297f2f746c4fd2723f3202fafcbfa1a,QODRAT 2,78,45.76,3,-1
2025-04-17,f3a9ac312f7bc4e2467a1bf02a6aa1e9,QODRAT 2,45,42.0,-1,3
2025-04-18,0318cab65e5a4dbb61243ab4747fb621,A MINECRAFT MOVIE,164,80.85,-1,-1
2025-04-18,09ff932202ae245655ae248642132086,A WORKING MAN,34,83.2,-1,-1
2025-04-18,202dbf4df0e433f092fca1aa8162c400,QODRAT 2,32,25.75,-1,-1
2025-04-18,3c41b96b56b0aab1ed5fc5e703499730,QODRAT 2,93,58.8,-1,-1
2025-04-18,45f553cca86b28fedd6115abdd0ae734,KOMANG,82,42.23,5,-1
2025-04-18,45f553cca86b28fedd6115abdd0ae734,QODRAT 2,44,21.84,1,6
2025-04-18,4eb26b1058266dc50a63dc875e4d8846,PABRIK GULA,48,26.78,1,-1
2025-04-18,7995e00051a2fe6aeed7cfdbe0378c01,QODRAT 2,51,28.84,-1,-1
2025-04-18,9aab42397bbc1d1cdb49f7044dc990f0,SINNERS,38,18.9,10,7
2025-04-18,b4972b48997defae8304bc9c41220c7c,A WORKING MAN,94,70.35,-1,-1
2025-04-18,b4972b48997defae8304bc9c41220c7c,NORMA: ANTARA MERTUA DAN MENANTU,91,66.56,-1,-1
2025-04-18,d297f2f746c4fd2723f3202fafcbfa1a,QODRAT 2,127,75.6,0,-1
2025-04-19,0318cab65e5a4dbb61243ab4747fb621,A MINECRAFT MOVIE,132,64.89,-1,10
2025-04-19,0318cab65e5a4dbb61243ab4747fb621,THE KING OF KINGS,32,23.92,-1,-1
2025-04-19,09ff932202ae245655ae248642132086,A WORKING MAN,19,46.35,-1,-1
2025-04-19,1240789770bc04e7d26e5fa31c075ced,QODRAT 2,108,91.35,-1,-1
2025-04-19,1240789770bc04e7d26e5fa31c075ced,THE KING OF KINGS,61,50.47,-1,7
2025-04-19,202dbf4df0e433f092fca1aa8162c400,THE KING OF KINGS,26,21.84,-1,7
2025-04-19,26d1d720bc7e60c1b1a56630e3ba2c5d,RUMAH UNTUK ALIE,39,18.9,9,8
2025-04-19,3c41b96b56b0aab1ed5fc5e703499730,PABRIK GULA UNCUT,146,80.85,6,-1
2025-04-19,3c41b96b56b0aab1ed5fc5e703499730,QODRAT 2,52,32.55,-1,-1
2025-04-19,3c41b96b56b0aab1ed5fc5e703499730,THE KING OF KINGS,34,18.9,-1,3
2025-04-19,45f553cca86b28fedd6115abdd0ae734,KOMANG,38,19.95,-1,-1
2025-04-19,45f553cca86b28fedd6115abdd0ae734,QODRAT 2,85,45.15,8,-1
2025-04-19,494c8f1916a97efe3390ba9dbab6ce7d,A WORKING MAN,30,74.16,-1,-1
2025-04-19,592095e0ddc2c230cf3002d72e9bac41,PABRIK GULA UNCUT,46,26.78,3,-1
2025-04-19,5ff7565cdb056b4bdcb43d0ea2b5380d,THE KING OF KINGS,19,18.54,9,-1
2025-04-19,7114d91eccf418326f7a9a05943c04e1,THE KING OF KINGS,23,17.68,6,-1
2025-04-19,716ede53fbca27fbe1c1a55d6667c2b5,THE KING OF KINGS,18,10.4,0,5
2025-04-19,7995e00051a2fe6aeed7cfdbe0378c01,QODRAT 2,62,35.36,2,-1
2025-04-19,b4972b48997defae8304bc9c41220c7c,A WORKING MAN,91,67.2,-1,7
2025-04-19,b4972b48997defae8304bc9c41220c7c,NORMA: ANTARA MERTUA DAN MENANTU,55,40.95,-1,-1
2025-04-19,d297f2f746c4fd2723f3202fafcbfa1a,QODRAT 2,35,19.95,-1,-1
2025-04-19,d33850e3698903061b4c18886ce00c9d,PABRIK GULA UNCUT,88,67.2,-1,4
2025-04-19,ecace029de4a6bd4ae872928509cd71d,QODRAT 2,98,70.72,-1,-1
2025-04-20,0318cab65e5a4dbb61243ab4747fb621,A MINECRAFT MOVIE,107,51.5,-1,4
2025-04-20,0318cab65e5a4dbb61243ab4747fb621,THE KING OF KINGS,40,31.2,-1,1
2025-04-20,1240789770bc04e7d26e5fa31c075ced,QODRAT 2,81,67.2,3,-1
2025-04-20,1240789770bc04e7d26e5fa31c075ced,THE KING OF KINGS,74,61.8,-1,-1
2025-04-20,19f506af810fe579721721d058f6b243,THE KING OF KINGS,81,81.12,-1,-1
2025-04-20,25e1c125bdd513aa2355a8e558a1a908,PABRIK GULA UNCUT,107,82.95,0,-1
2025-04-20,26d1d720bc7e60c1b1a56630e3ba2c5d,RUMAH UNTUK ALIE,81,38.48,-1,-1
2025-04-20,35de0354d956048d1c9c49ff069eaa55,THE KING OF KINGS,47,42.23,-1,-1
2025-04-20,3c41b96b56b0aab1ed5fc5e703499730,PABRIK GULA UNCUT,84,47.25,2,-1
2025-04-20,3c41b96b56b0aab1ed5fc5e703499730,QODRAT 2,40,25.2,-1,8
2025-04-20,3c41b96b56b0aab1ed5fc5e703499730,THE KING OF KINGS,94,52.0,10,3
2025-04-20,45f553cca86b28fedd6115abdd0ae734,KOMANG,34,17.85,-1,-1
2025-04-20,45f553cca86b28fedd6115abdd0ae734,QODRAT 2,25,12.36,7,3
2025-04-20,494c8f1916a97efe3390ba9dbab6ce7d,A WORKING MAN,25,63.0,-1,-1
2025-04-20,4fc3fc370b299876663c7d5c90595853,THE KING OF KINGS,55,44.1,-1,-1
2025-04-20,541130ea8083a789df5d15bbfe13055a,THE KING OF KINGS,22,19.76,-1,-1
2025-04-20,592095e0ddc2c230cf3002d72e9bac41,A MINECRAFT MOVIE,23,12.36,9,1
2025-04-20,592095e0ddc2c230cf3002d72e9bac41,PABRIK GULA UNCUT,22,12.36,0,-1
2025-04-20,62447bb073160adcf6d6022240a3663c,QODRAT 2,63,46.35,-1,-1
2025-04-20,7995e00051a2fe6aeed7cfdbe0378c01,QODRAT 2,55,30.9,0,-1
2025-04-20,919c7b9859d8ce7cab47dab2463e7fab,THE AMATEUR,102,74.88,-1,-1
2025-04-20,9cc7970100d8e4c2202f08cb78c6eb20,QODRAT 2,41,29.87,5,-1
2025-04-20,9eb47624e1e418bfac8b4fcc3a44a36b,KOMANG,44,30.16,-1,6
2025-04-20,b4972b48997defae8304bc9c41220c7c,A WORKING MAN,87,65.1,10,-1
2025-04-20,d297f2f746c4fd2723f3202fafcbfa1a,PABRIK GULA UNCUT,19,10.5,0,-1
2025-04-20,d33850e3698903061b4c18886ce00c9d,PABRIK GULA UNCUT,117,87.55,-1,-1
2025-04-20,ecace029de4a6bd4ae872928509cd71d,QODRAT 2,78,56.7,-1,-1
2025-04-20,f292a4101ca0420357a2d18b3a013e5f,THE KING OF KINGS,42,29.87,4,-1
2025-04-21,0318cab65e5a4dbb61243ab4747fb621,A MINECRAFT MOVIE,28,13.39,2,-1
2025-04-21,0318cab65e5a4dbb61243ab4747fb621,THE KING OF KINGS,32,23.69,-1,-1
2025-04-21,108f9a4d181f12fd1b7e3c9adae38478,A MINECRAFT MOVIE (IMAX 2D),34,11.55,1,2
2025-04-21,108f9a4d181f12fd1b7e3c9adae38478,SINNERS (IMAX 2D),95,31.5,8,9
2025-04-21,1240789770bc04e7d26e5fa31c075ced,QODRAT 2,24,19.95,-1,-1
2025-04-21,1240789770bc04e7d26e5fa31c075ced,THE KING OF KINGS,61,51.45,10,-1
2025-04-21,35de0354d956048d1c9c49ff069eaa55,THE KING OF KINGS,58,51.5,-1,-1
2025-04-21,3acdf298dab1b92bbaaad74d86c0c40a,A WORKING MAN,32,23.92,-1,-1
2025-04-21,3acdf298dab1b92bbaaad74d86c0c40a,SINNERS (IMAX 2D),84,32.24,-1,5
2025-04-21,3c41b96b56b0aab1ed5fc5e703499730,PABRIK GULA UNCUT,109,60.9,-1,-1
2025-04-21,3c41b96b56b0aab1ed5fc5e703499730,QODRAT 2,47,30.16,10,9
2025-04-21,45f553cca86b28fedd6115abdd0ae734,KOMANG,41,21.0,1,-1
2025-04-21,494c8f1916a97efe3390ba9dbab6ce7d,THE KING OF KINGS,29,21.0,-1,8
2025-04-21,4fc3fc370b299876663c7d5c90595853,THE KING OF KINGS,27,21.0,-1,6
2025-04-21,52eed153a88a6bdcb46cbb266a07cba2,QODRAT 2,31,22.66,-1,2
2025-04-21,52eed153a88a6bdcb46cbb266a07cba2,SINNERS (IMAX 2D),62,18.72,5,-1
2025-04-21,541130ea8083a789df5d15bbfe13055a,THE KING OF KINGS,20,17.51,-1,-1
2025-04-21,57d37d0d839b9dff6f87d6b5d5b679cc,THE AMATEUR,38,93.6,-1,-1
2025-04-21,62447bb073160adcf6d6022240a3663c,QODRAT 2,32,23.69,-1,-1
2025-04-21,6b88b1af662b72fbfa35004a8edfe2e9,SINNERS (IMAX 2D),62,16.48,-1,2
2025-04-21,7995e00051a2fe6aeed7cfdbe0378c01,QODRAT 2,67,37.44,6,-1
2025-04-21,7995e00051a2fe6aeed7cfdbe0378c01,THE KING OF KINGS,107,72.1,-1,-1
2025-04-21,79d0a75ad3523955b8d0e01198d6e9c9,A WORKING MAN,8,34.65,-1,-1
2025-04-21,862442166e956fe0e8355db8852d9440,A WORKING MAN,12,28.08,-1,-1
2025-04-21,919c7b9859d8ce7cab47dab2463e7fab,THE AMATEUR,43,32.24,6,-1
2025-04-21,9eb47624e1e418bfac8b4fcc3a44a36b,KOMANG,31,20.8,-1,5
2025-04-21,a6d19ebcb27f61cbf41a6552fbf68676,PABRIK GULA UNCUT,134,91.67,9,2
2025-04-21,a9e141baa8b4ec825325397b16eeaae3,SINNERS (IMAX 2D),47,14.7,4,1
2025-04-21,c4a19cbeb409639c836e4304976db0aa,SINNERS (IMAX 2D),75,17.51,-1,6
2025-04-21,dc77e7e26c0e5e3a5c44ec2de0cedbde,A MINECRAFT MOVIE (IMAX 2D),122,46.2,-1,-1
2025-04-21,dc77e7e26c0e5e3a5c44ec2de0cedbde,SINNERS (IMAX 2D),86,31.93,5,10
2025-04-21,e8965581e1be78ac9a3145b6983ff6ec,SINNERS (IMAX 2D),57,12.6,-1,8
2025-04-21,e989d8fdc91de7e6ffbb72a2f5ac79f6,A WORKING MAN,23,57.2,-1,-1
2025-04-21,ecace029de4a6bd4ae872928509cd71d,QODRAT 2,54,37.08,-1,-1
2025-04-21,f292a4101ca0420357a2d18b3a013e5f,THE KING OF KINGS,30,21.84,8,-1
2025-04-22,108f9a4d181f12fd1b7e3c9adae38478,SINNERS (IMAX 2D),62,20.8,6,5
2025-04-22,1240789770bc04e7d26e5fa31c075ced,QODRAT 2,38,32.24,-1,-1
2025-04-22,1240789770bc04e7d26e5fa31c075ced,THE KING OF KINGS,22,17.85,-1,-1
2025-04-22,19f506af810fe579721721d058f6b243,THE KING OF KINGS,26,25.75,-1,-1
2025-04-22,218c50fa4df90b3241e39ff8ffb41102,QODRAT 2,43,29.12,10,-1
2025-04-22,218c50fa4df90b3241e39ff8ffb41102,THE KING OF KINGS,34,25.2,-1,2
2025-04-22,312cd6ebdd3af9ac55f7b3d31ecab9c2,SINNERS (IMAX 2D),40,11.33,0,5
2025-04-22,35de0354d956048d1c9c49ff069eaa55,NORMA: ANTARA MERTUA DAN MENANTU,23,19.76,10,-1
2025-04-22,3acdf298dab1b92bbaaad74d86c0c40a,SINNERS (IMAX 2D),74,29.12,2,-1
2025-04-22,52eed153a88a6bdcb46cbb266a07cba2,SINNERS (IMAX 2D),58,17.51,1,6
2025-04-22,541130ea8083a789df5d15bbfe13055a,THE KING OF KINGS,12,10.3,5,-1
2025-04-22,6b88b1af662b72fbfa35004a8edfe2e9,SINNERS (IMAX 2D),45,11.55,-1,1
2025-04-22,862442166e956fe0e8355db8852d9440,A WORKING MAN,26,65.1,-1,-1
2025-04-22,919c7b9859d8ce7cab47dab2463e7fab,THE AMATEUR,79,58.8,-1,-1
2025-04-22,9eb47624e1e418bfac8b4fcc3a44a36b,KOMANG,23,15.45,-1,4
2025-04-22,a6d19ebcb27f61cbf41a6552fbf68676,PABRIK GULA UNCUT,54,36.4,-1,-1
2025-04-22,c4a19cbeb409639c836e4304976db0aa,SINNERS (IMAX 2D),79,17.51,-1,10
2025-04-22,dc77e7e26c0e5e3a5c44ec2de0cedbde,A MINECRAFT MOVIE (IMAX 2D),138,52.0,5,8
2025-04-22,dc77e7e26c0e5e3a5c44ec2de0cedbde,SINNERS (IMAX 2D),69,26.25,10,1
2025-04-22,e8965581e1be78ac9a3145b6983ff6ec,A MINECRAFT MOVIE,29,21.0,-1,8
2025-04-22,e8965581e1be78ac9a3145b6983ff6ec,SINNERS (IMAX 2D),97,21.0,-1,-1
2025-04-22,e989d8fdc91de7e6ffbb72a2f5ac79f6,A WORKING MAN,9,23.1,-1,-1
2025-04-22,ecace029de4a6bd4ae872928509cd71d,QODRAT 2,43,29.87,3,-1
2025-04-22,f292a4101ca0420357a2d18b3a013e5f,THE KING OF KINGS,16,11.44,7,-1
2025-04-23,108f9a4d181f12fd1b7e3c9adae38478,A MINECRAFT MOVIE (IMAX 2D),33,10.3,1,2
2025-04-23,218c50fa4df90b3241e39ff8ffb41102,QODRAT 2,18,11.44,5,-1
2025-04-23,312cd6ebdd3af9ac55f7b3d31ecab9c2,SINNERS (IMAX 2D),38,11.55,0,3
2025-04-23,3acdf298dab1b92bbaaad74d86c0c40a,SINNERS (IMAX 2D),69,26.78,10,5
2025-04-23,6b88b1af662b72fbfa35004a8edfe2e9,SINNERS (IMAX 2D),57,14.56,-1,3
2025-04-23,7995e00051a2fe6aeed7cfdbe0378c01,THE KING OF KINGS,24,12.6,7,8
2025-04-23,7c271f1e1351e6433b202d77b88012c2,PABRIK GULA UNCUT,59,33.6,-1,-1
2025-04-23,862442166e956fe0e8355db8852d9440,A WORKING MAN,20,48.88,-1,-1
2025-04-23,c4a19cbeb409639c836e4304976db0aa,QODRAT 2,35,27.3,-1,-1
2025-04-23,e8965581e1be78ac9a3145b6983ff6ec,SINNERS (IMAX 2D),59,12.48,-1,-1
2025-04-24,09ff932202ae245655ae248642132086,UNTIL DAWN,21,52.0,5,-1
2025-04-24,108f9a4d181f12fd1b7e3c9adae38478,A MINECRAFT MOVIE (IMAX 2D),55,18.72,-1,-1
2025-04-24,108f9a4d181f12fd1b7e3c9adae38478,QODRAT 2,30,24.15,-1,-1
2025-04-24,3acdf298dab1b92bbaaad74d86c0c40a,SINNERS (IMAX 2D),70,27.3,7,-1
2025-04-24,3c41b96b56b0aab1ed5fc5e703499730,PABRIK GULA UNCUT,60,27.81,-1,8
2025-04-24,53b77c875c67b68561415f23065e6e8d,DROP,13,41.2,-1,-1
2025-04-24,541130ea8083a789df5d15bbfe13055a,DROP,26,22.88,1,-1
2025-04-24,66d433e397ff7f3d460500704fd40a5a,DROP,12,30.9,-1,-1
2025-04-24,6b88b1af662b72fbfa35004a8edfe2e9,SINNERS (IMAX 2D),51,13.65,1,2
2025-04-24,7995e00051a2fe6aeed7cfdbe0378c01,THE KING OF KINGS,30,15.45,4,-1
2025-04-24,862442166e956fe0e8355db8852d9440,A WORKING MAN,22,54.08,-1,-1
2025-04-24,8d2e05da5624875993cb8580c88334a9,DROP,7,10.5,-1,-1
2025-04-24,b704e8b10f13e14494b5a7a0ba39d9d9,SOMEBODY,62,86.52,-1,-1
2025-04-24,b704e8b10f13e14494b5a7a0ba39d9d9,THE KING OF KINGS,57,79.8,-1,-1
2025-04-24,e67d818ee0546f3b33d0ba2083ed4db5,RUMAH UNTUK ALIE,16,11.44,7,-1
2025-04-24,e8965581e1be78ac9a3145b6983ff6ec,SINNERS (IMAX 2D),77,16.8,-1,-1
2025-04-25,015555fbcd8faef6b55a854605df0a87,RUMAH UNTUK ALIE,76,55.12,-1,6
2025-04-25,108f9a4d181f12fd1b7e3c9adae38478,A MINECRAFT MOVIE (IMAX 2D),102,34.32,2,9
2025-04-25,108f9a4d181f12fd1b7e3c9adae38478,QODRAT 2,23,18.54,5,-1
2025-04-25,312cd6ebdd3af9ac55f7b3d31ecab9c2,SINNERS (IMAX 2D),53,15.45,0,2
2025-04-25,35de0354d956048d1c9c49ff069eaa55,THE SNITCH,17,13.65,-1,-1
2025-04-25,5a894958f375392ce7981be2eb9a26be,UNTIL DAWN,11,11.33,6,-1
2025-04-25,5b8eaa351fae8e6d1e759e814d74c1c5,QODRAT 2,60,48.88,-1,-1
2025-04-25,6b88b1af662b72fbfa35004a8edfe2e9,A MINECRAFT MOVIE (IMAX 2D),45,11.33,-1,4
2025-04-25,7114d91eccf418326f7a9a05943c04e1,PABRIK GULA UNCUT,84,58.24,-1,-1
2025-04-25,7995e00051a2fe6aeed7cfdbe0378c01,CONCLAVE,26,13.39,4,9
2025-04-25,862442166e956fe0e8355db8852d9440,A WORKING MAN,8,20.8,-1,-1
2025-04-25,8d2e05da5624875993cb8580c88334a9,DROP,14,19.95,-1,-1
2025-04-25,8d2e05da5624875993cb8580c88334a9,UNTIL DAWN,19,27.04,-1,-1
2025-04-25,9f0564f5cabe643e4dbb08b80d3cc241,ANAK MEDAN: COCOK KO RASA???,32,17.68,0,3
2025-04-25,a9e141baa8b4ec825325397b16eeaae3,SINNERS (IMAX 2D),58,18.54,3,2
2025-04-25,b704e8b10f13e14494b5a7a0ba39d9d9,SINNERS,60,85.05,-1,-1
2025-04-25,c4a19cbeb409639c836e4304976db0aa,MENDADAK DANGDUT,150,99.91,-1,-1
2025-04-25,e67d818ee0546f3b33d0ba2083ed4db5,RUMAH UNTUK ALIE,38,25.75,5,-1
2025-04-25,e8965581e1be78ac9a3145b6983ff6ec,PABRIK GULA UNCUT,83,69.01,-1,-1
2025-04-25,e8965581e1be78ac9a3145b6983ff6ec,RUMAH UNTUK ALIE,139,77.25,7,10
2025-04-25,e8965581e1be78ac9a3145b6983ff6ec,SINNERS (IMAX 2D),76,16.64,-1,-1
2025-04-25,ea7df0c99b450ecdea38cf34ae1f158f,QODRAT 2,14,10.5,5,-1
2025-04-25,ef2896a95abe2a2b4cfee245dc1e36ec,UNTIL DAWN,18,13.52,-1,-1
2025-04-26,108f9a4d181f12fd1b7e3c9adae38478,A MINECRAFT MOVIE (IMAX 2D),270,90.48,-1,4
2025-04-26,108f9a4d181f12fd1b7e3c9adae38478,NE ZHA 2 (IMAX 2D),47,15.45,4,9
2025-04-26,202dbf4df0e433f092fca1aa8162c400,ANAK MEDAN: COCOK KO RASA???,44,36.4,-1,-1
2025-04-26,312cd6ebdd3af9ac55f7b3d31ecab9c2,SINNERS (IMAX 2D),85,25.2,8,-1
2025-04-26,3acdf298dab1b92bbaaad74d86c0c40a,SINNERS (IMAX 2D),137,54.08,-1,-1
2025-04-26,3c41b96b56b0aab1ed5fc5e703499730,CONCLAVE,26,13.39,4,9
2025-04-26,3cc167017755a0197f18f93595c9ae85,SAH! KATANYA...,31,43.26,-1,-1
2025-04-26,4e12b237c826209f7ddc5b29a96380b6,DROP,22,16.8,-1,1
2025-04-26,52eed153a88a6bdcb46cbb266a07cba2,NE ZHA 2 (IMAX 2D),34,10.4,0,3
2025-04-26,592095e0ddc2c230cf3002d72e9bac41,CONCLAVE,40,24.15,10,-1
2025-04-26,592095e0ddc2c230cf3002d72e9bac41,KOMANG,32,18.72,3,-1
2025-04-26,5a894958f375392ce7981be2eb9a26be,MUSLIHAT,23,24.72,-1,1
2025-04-26,5a894958f375392ce7981be2eb9a26be,SAH! KATANYA...,12,13.39,3,-1
2025-04-26,5a894958f375392ce7981be2eb9a26be,UNTIL DAWN,28,31.5,-1,-1
2025-04-26,5b8eaa351fae8e6d1e759e814d74c1c5,QODRAT 2,68,55.65,1,4
2025-04-26,6b88b1af662b72fbfa35004a8edfe2e9,A MINECRAFT MOVIE (IMAX 2D),164,43.26,3,10
2025-04-26,7995e00051a2fe6aeed7cfdbe0378c01,CONCLAVE,41,21.84,4,3
2025-04-26,81c620b2538435926cbbf15745ef5901,RUMAH UNTUK ALIE,62,46.2,-1,-1
2025-04-26,862442166e956fe0e8355db8852d9440,NE ZHA 2,15,38.11,-1,-1
2025-04-26,8d2e05da5624875993cb8580c88334a9,DROP,17,23.69,-1,-1
2025-04-26,8d2e05da5624875993cb8580c88334a9,UNTIL DAWN,20,28.08,-1,-1
2025-04-26,8dbfb7aeb4ed822b358347332ba630af,A MINECRAFT MOVIE (IMAX 2D),113,21.0,-1,-1
2025-04-26,9158e16be84a6db4d63d3289099f119b,SAH! KATANYA...,34,27.3,-1,-1
2025-04-26,a9e141baa8b4ec825325397b16eeaae3,NE ZHA 2 (IMAX 2D),44,13.52,4,1
2025-04-26,a9e141baa8b4ec825325397b16eeaae3,SAH! KATANYA...,18,14.7,-1,-1
2025-04-26,a9e141baa8b4ec825325397b16eeaae3,SINNERS (IMAX 2D),54,16.8,7,-1
2025-04-26,b4972b48997defae8304bc9c41220c7c,DROP,22,15.75,1,2
2025-04-26,b704e8b10f13e14494b5a7a0ba39d9d9,QODRAT 2,57,40.56,1,-1
2025-04-26,c4a19cbeb409639c836e4304976db0aa,NE ZHA 2 (IMAX 2D),50,11.44,-1,7
2025-04-26,c71a18e33d4b7c73c8124c65fc3e6f1c,ANAK MEDAN: COCOK KO RASA???,26,20.8,0,-1
2025-04-26,c71a18e33d4b7c73c8124c65fc3e6f1c,CONCLAVE,27,22.05,1,-1
2025-04-26,dc77e7e26c0e5e3a5c44ec2de0cedbde,UNTIL DAWN,70,55.12,0,-1
2025-04-26,e3edf631650eb304cf386709b98005f6,THE SNITCH,30,23.69,-1,-1
2025-04-26,e67d818ee0546f3b33d0ba2083ed4db5,QODRAT 2,136,82.16,-1,-1
2025-04-26,e8965581e1be78ac9a3145b6983ff6ec,A MINECRAFT MOVIE (IMAX 2D),137,29.87,-1,-1
2025-04-26,e8965581e1be78ac9a3145b6983ff6ec,PABRIK GULA UNCUT,51,43.05,-1,-1
2025-04-26,f54d37fc4c4d4b285aa3601041abc938,QODRAT 2,65,48.88,-1,-1
2025-04-27,015555fbcd8faef6b55a854605df0a87,NE ZHA 2,23,17.85,-1,-1
2025-04-27,0191582d75f94a412c0fa12d36bcee3f,SAH! KATANYA...,25,12.6,6,9
2025-04-27,108f9a4d181f12fd1b7e3c9adae38478,A MINECRAFT MOVIE (IMAX 2D),167,56.7,-1,2
2025-04-27,108f9a4d181f12fd1b7e3c9adae38478,MUSLIHAT,45,29.87,1,-1
2025-04-27,202dbf4df0e433f092fca1aa8162c400,ANAK MEDAN: COCOK KO RASA???,29,23.69,-1,-1
2025-04-27,312cd6ebdd3af9ac55f7b3d31ecab9c2,NE ZHA 2 (IMAX 2D),45,12.48,-1,-1
2025-04-27,312cd6ebdd3af9ac55f7b3d31ecab9c2,SINNERS (IMAX 2D),52,15.75,5,6
2025-04-27,3acdf298dab1b92bbaaad74d86c0c40a,SINNERS (IMAX 2D),48,18.72,-1,4
2025-04-27,3cc167017755a0197f18f93595c9ae85,SAH! KATANYA...,35,49.44,9,-1
2025-04-27,3cc167017755a0197f18f93595c9ae85,THE ACCOUNTANT 2,23,35.02,-1,-1
2025-04-27,3f6093566521149f8e37fa4e3fafe7cc,THE ACCOUNTANT 2,25,21.0,-1,4
2025-04-27,490346a8a068ba7d2e3764714c6d5323,UNTIL DAWN,20,48.88,-1,-1
2025-04-27,494c8f1916a97efe3390ba9dbab6ce7d,ANAK MEDAN: COCOK KO RASA???,92,76.96,-1,-1
2025-04-27,4e12b237c826209f7ddc5b29a96380b6,DROP,21,16.64,-1,-1
2025-04-27,52eed153a88a6bdcb46cbb266a07cba2,NE ZHA 2 (IMAX 2D),46,13.65,0,3
2025-04-27,57d37d0d839b9dff6f87d6b5d5b679cc,UNTIL DAWN,61,37.44,-1,-1
2025-04-27,580919d632e55fd9736ae1a2ac6ed0c5,SAH! KATANYA...,24,19.57,3,6
2025-04-27,592095e0ddc2c230cf3002d72e9bac41,KOMANG,26,15.6,8,4
2025-04-27,5a894958f375392ce7981be2eb9a26be,MUSLIHAT,21,23.1,-1,-1
2025-04-27,5a894958f375392ce7981be2eb9a26be,SAH! KATANYA...,15,15.6,2,-1
2025-04-27,5a894958f375392ce7981be2eb9a26be,UNTIL DAWN,27,29.12,-1,-1
2025-04-27,5b8eaa351fae8e6d1e759e814d74c1c5,QODRAT 2,44,36.05,9,-1
2025-04-27,6b88b1af662b72fbfa35004a8edfe2e9,A MINECRAFT MOVIE (IMAX 2D),78,20.6,4,2
2025-04-27,6b88b1af662b72fbfa35004a8edfe2e9,ANAK MEDAN: COCOK KO RASA???,41,32.55,-1,-1
2025-04-27,6b88b1af662b72fbfa35004a8edfe2e9,CONCLAVE,26,15.75,-1,3
2025-04-27,7995e00051a2fe6aeed7cfdbe0378c01,CONCLAVE,23,11.44,0,-1
2025-04-27,7995e00051a2fe6aeed7cfdbe0378c01,THE LAST SUPPER,75,51.45,-1,4
2025-04-27,7cade3ea25dae25fdb8c56776676b0c7,ANAK MEDAN: COCOK KO RASA???,19,14.7,-1,-1
2025-04-27,81c620b2538435926cbbf15745ef5901,RUMAH UNTUK ALIE,25,17.85,-1,-1
2025-04-27,862442166e956fe0e8355db8852d9440,NE ZHA 2,4,10.4,9,-1
2025-04-27,8d2e05da5624875993cb8580c88334a9,DROP,30,44.1,-1,-1
2025-04-27,8d2e05da5624875993cb8580c88334a9,UNTIL DAWN,29,42.64,-1,-1
2025-04-27,8dbfb7aeb4ed822b358347332ba630af,A MINECRAFT MOVIE (IMAX 2D),64,11.55,-1,-1
2025-04-27,9158e16be84a6db4d63d3289099f119b,SAH! KATANYA...,18,13.39,-1,1
2025-04-27,919c7b9859d8ce7cab47dab2463e7fab,CONCLAVE,40,28.84,-1,-1
2025-04-27,a9e141baa8b4ec825325397b16eeaae3,DROP,32,16.8,9,-1
2025-04-27,a9e141baa8b4ec825325397b16eeaae3,NE ZHA 2 (IMAX 2D),33,10.5,3,8
2025-04-27,a9e141baa8b4ec825325397b16eeaae3,SINNERS (IMAX 2D),35,10.3,3,1
2025-04-27,b4972b48997defae8304bc9c41220c7c,DROP,16,11.44,7,-1
2025-04-27,c71a18e33d4b7c73c8124c65fc3e6f1c,ANAK MEDAN: COCOK KO RASA???,21,16.8,0,-1
2025-04-27,c71a18e33d4b7c73c8124c65fc3e6f1c,KOMANG,17,13.52,-1,-1
2025-04-27,dc77e7e26c0e5e3a5c44ec2de0cedbde,UNTIL DAWN,53,41.2,-1,-1
2025-04-27,e67d818ee0546f3b33d0ba2083ed4db5,QODRAT 2,93,56.7,-1,-1
2025-04-27,e7ec114c2ec166155149062023617e8b,MUSLIHAT,19,18.54,9,-1
2025-04-27,e8965581e1be78ac9a3145b6983ff6ec,A MINECRAFT MOVIE (IMAX 2D),85,18.54,-1,-1
2025-04-27,e8965581e1be78ac9a3145b6983ff6ec,PABRIK GULA UNCUT,55,45.32,8,-1
2025-04-27,e939d818a5192f48fc4b73102e3aa4b9,MANGKU POCONG,36,20.8,-1,10
2025-04-27,f3a9ac312f7bc4e2467a1bf02a6aa1e9,SAH! KATANYA...,21,18.9,3,-1
2025-04-28,015555fbcd8faef6b55a854605df0a87,NE ZHA 2,25,18.54,3,-1
2025-04-28,1240789770bc04e7d26e5fa31c075ced,THE ACCOUNTANT 2,18,14.56,5,3
2025-04-28,202dbf4df0e433f092fca1aa8162c400,ANAK MEDAN: COCOK KO RASA???,51,42.64,4,-1
2025-04-28,3acdf298dab1b92bbaaad74d86c0c40a,SINNERS (IMAX 2D),67,26.0,-1,2
2025-04-28,3cc167017755a0197f18f93595c9ae85,THE ACCOUNTANT 2,16,26.0,10,3
2025-04-28,490346a8a068ba7d2e3764714c6d5323,UNTIL DAWN,10,26.25,-1,-1
2025-04-28,494c8f1916a97efe3390ba9dbab6ce7d,ANAK MEDAN: COCOK KO RASA???,26,22.05,2,-1
2025-04-28,57d37d0d839b9dff6f87d6b5d5b679cc,UNTIL DAWN,59,36.4,-1,-1
2025-04-28,5a894958f375392ce7981be2eb9a26be,MUSLIHAT,15,15.75,5,-1
2025-04-28,5a894958f375392ce7981be2eb9a26be,THE ACCOUNTANT 2,26,28.35,10,-1
2025-04-28,5b8eaa351fae8e6d1e759e814d74c1c5,QODRAT 2,29,24.15,-1,-1
2025-04-28,6b88b1af662b72fbfa35004a8edfe2e9,CONCLAVE,21,12.36,1,10
2025-04-28,7995e00051a2fe6aeed7cfdbe0378c01,CONCLAVE,34,18.9,-1,3
2025-04-28,7995e00051a2fe6aeed7cfdbe0378c01,THE LAST SUPPER,95,64.48,-1,-1
2025-04-28,81c620b2538435926cbbf15745ef5901,RUMAH UNTUK ALIE,28,21.0,-1,7
2025-04-28,8d2e05da5624875993cb8580c88334a9,DROP,11,14.7,-1,-1
2025-04-28,8d2e05da5624875993cb8580c88334a9,UNTIL DAWN,16,22.66,-1,-1
2025-04-28,919c7b9859d8ce7cab47dab2463e7fab,CONCLAVE,21,14.56,2,6
2025-04-28,92e94ed55b4de8feaff9462a66e2dbd7,KOMANG,24,13.65,10,-1
2025-04-28,92e94ed55b4de8feaff9462a66e2dbd7,PABRIK GULA UNCUT,46,26.0,6,7
2025-04-28,9cc7970100d8e4c2202f08cb78c6eb20,PABRIK GULA UNCUT,30,21.63,-1,-1
2025-04-28,a9e141baa8b4ec825325397b16eeaae3,SINNERS (IMAX 2D),49,15.45,2,-1
2025-04-28,dc77e7e26c0e5e3a5c44ec2de0cedbde,SAH! KATANYA...,21,18.9,3,-1
2025-04-28,e8965581e1be78ac9a3145b6983ff6ec,PABRIK GULA UNCUT,15,12.6,1,-1
2025-04-28,f292a4101ca0420357a2d18b3a013e5f,MANGKU POCONG,29,20.8,-1,3
2025-04-29,202dbf4df0e433f092fca1aa8162c400,ANAK MEDAN: COCOK KO RASA???,23,18.72,-1,-1
2025-04-29,25e1c125bdd513aa2355a8e558a1a908,THE ACCOUNTANT 2,16,13.39,1,1
2025-04-29,2e0ec493a87e740511b7b565386c06fe,THE ACCOUNTANT 2,38,30.45,-1,-1
2025-04-29,2e0ec493a87e740511b7b565386c06fe,UNTIL DAWN,40,33.6,2,-1
2025-04-29,3acdf298dab1b92bbaaad74d86c0c40a,SINNERS (IMAX 2D),49,18.9,6,1
2025-04-29,494c8f1916a97efe3390ba9dbab6ce7d,ANAK MEDAN: COCOK KO RASA???,30,24.96,-1,-1
2025-04-29,57d37d0d839b9dff6f87d6b5d5b679cc,UNTIL DAWN,38,24.15,-1,-1
2025-04-29,5b8eaa351fae8e6d1e759e814d74c1c5,THE AMATEUR,25,19.76,8,-1
2025-04-29,6b88b1af662b72fbfa35004a8edfe2e9,CONCLAVE,18,11.33,5,1
2025-04-29,79d0a75ad3523955b8d0e01198d6e9c9,PENGEPUNGAN DI BUKIT DURI,3,12.36,8,-1
2025-04-29,862442166e956fe0e8355db8852d9440,SAH! KATANYA...,16,10.5,3,-1
2025-04-29,88d0ee0029bee810e1d0fe37f73e2d3b,PABRIK GULA UNCUT,64,37.44,9,-1
2025-04-29,8d2e05da5624875993cb8580c88334a9,UNTIL DAWN,8,11.55,-1,-1
2025-04-29,919c7b9859d8ce7cab47dab2463e7fab,CONCLAVE,17,11.55,-1,-1
2025-04-29,a616a546264044ed616bc2bdf2d9f7fc,SAH! KATANYA...,38,24.96,-1,-1
2025-04-29,a9e141baa8b4ec825325397b16eeaae3,SINNERS (IMAX 2D),34,10.5,2,9
2025-04-29,c48b7a4426e8cbee3f7dbfe8b87d1d89,PABRIK GULA UNCUT,29,18.72,6,-1
2025-04-29,dc77e7e26c0e5e3a5c44ec2de0cedbde,SAH! KATANYA...,22,19.57,5,4
2025-04-29,e67d818ee0546f3b33d0ba2083ed4db5,PABRIK GULA UNCUT,18,13.52,-1,-1
2025-04-29,f292a4101ca0420357a2d18b3a013e5f,MANGKU POCONG,35,25.75,8,-1
2025-04-30,4a4c71e99772e87c9e35a56acd8be21e,JUMBO,107,89.25,-1,-1
2025-04-30,4ed104ac0de10ba7eef50158603e0b32,KOMANG,38,27.81,4,-1
2025-04-30,b2539b1f80254243391774489b1328aa,JUMBO,24,10.4,2,3
2025-04-30,b2539b1f80254243391774489b1328aa,PENGEPUNGAN DI BUKIT DURI,61,29.12,-1,8
2025-04-30,d297f2f746c4fd2723f3202fafcbfa1a,PENGEPUNGAN DI BUKIT DURI,56,32.55,-1,-1
2025-04-30,e7ec114c2ec166155149062023617e8b,KOMANG,28,20.6,-1,-1
2025-04-30,e7ec114c2ec166155149062023617e8b,PABRIK GULA UNCUT,16,11.55,-1,-1
2025-04-30,f54d37fc4c4d4b285aa3601041abc938,PABRIK GULA UNCUT,65,48.41,-1,4
2025-05-01,0a8777c6c78e2d102bdf459f8550cf93,PENGEPUNGAN DI BUKIT DURI,52,39.52,-1,3
2025-05-01,35de0354d956048d1c9c49ff069eaa55,PABRIK GULA UNCUT,71,63.0,-1,8
2025-05-01,b2539b1f80254243391774489b1328aa,JUMBO,195,90.64,-1,-1
2025-05-01,b2539b1f80254243391774489b1328aa,PENGEPUNGAN DI BUKIT DURI,39,18.9,9,8
2025-05-01,c71a18e33d4b7c73c8124c65fc3e6f1c,JUMBO,58,46.8,-1,-1
2025-05-01,c71a18e33d4b7c73c8124c65fc3e6f1c,THE KING OF KINGS,71,58.8,-1,-1
2025-05-01,ea7df0c99b450ecdea38cf34ae1f158f,PENGEPUNGAN DI BUKIT DURI,21,15.6,1,4
2025-05-02,073b764928864ed8fa0b6b115bfdd685,UNTIL DAWN,46,25.2,-1,-1
2025-05-02,0a8777c6c78e2d102bdf459f8550cf93,PENGEPUNGAN DI BUKIT DURI,23,16.64,-1,-1
2025-05-02,25e1c125bdd513aa2355a8e558a1a908,MENDADAK DANGDUT,16,12.36,6,5
2025-05-02,35de0354d956048d1c9c49ff069eaa55,PABRIK GULA UNCUT,52,45.32,-1,-1
2025-05-02,4ed104ac0de10ba7eef50158603e0b32,SHADOW FORCE,88,72.8,3,-1
2025-05-02,5b8eaa351fae8e6d1e759e814d74c1c5,RUMAH UNTUK ALIE,45,34.32,-1,-1
2025-05-02,981569adf232c53afe751c8c660db8d9,MANGKU POCONG,35,23.1,-1,-1
2025-05-02,be8de71502987819afd4c2ceea71c539,PABRIK GULA UNCUT,28,18.72,7,-1
2025-05-02,c71a18e33d4b7c73c8124c65fc3e6f1c,THE KING OF KINGS,33,26.78,-1,-1
2025-05-02,d1918db937d26e9e4ccd3e17e1ff0e2d,PERANG KOTA,17,13.52,-1,-1
2025-05-03,0191582d75f94a412c0fa12d36bcee3f,MANGKU POCONG,79,48.3,6,8
2025-05-03,0318cab65e5a4dbb61243ab4747fb621,SOMEBODY,18,13.52,-1,-1
2025-05-03,073b764928864ed8fa0b6b115bfdd685,UNTIL DAWN,120,66.15,7,-1
2025-05-03,202dbf4df0e433f092fca1aa8162c400,PERANG KOTA,24,19.57,3,6
2025-05-03,35de0354d956048d1c9c49ff069eaa55,SOMEBODY,16,13.39,1,1
2025-05-03,3acdf298dab1b92bbaaad74d86c0c40a,SOMEBODY,30,16.8,-1,9
2025-05-03,3cc167017755a0197f18f93595c9ae85,PERANG KOTA,56,42.23,-1,-1
2025-05-03,4a4c71e99772e87c9e35a56acd8be21e,MENDADAK DANGDUT,33,27.3,-1,-1
2025-05-03,4a4c71e99772e87c9e35a56acd8be21e,PERANG KOTA,42,33.99,10,-1
2025-05-03,4fc3fc370b299876663c7d5c90595853,SOMEBODY,16,12.6,0,-1
2025-05-03,580919d632e55fd9736ae1a2ac6ed0c5,SOMEBODY,52,43.05,-1,-1
2025-05-03,5b8eaa351fae8e6d1e759e814d74c1c5,RUMAH UNTUK ALIE,55,41.6,-1,3
2025-05-03,716ede53fbca27fbe1c1a55d6667c2b5,PERANG KOTA,22,17.68,7,-1
2025-05-03,862442166e956fe0e8355db8852d9440,SOMEBODY,33,26.78,-1,-1
2025-05-03,88d0ee0029bee810e1d0fe37f73e2d3b,PENGEPUNGAN DI BUKIT DURI,70,42.0,-1,7
2025-05-03,8dbfb7aeb4ed822b358347332ba630af,SOMEBODY,27,23.92,-1,-1
2025-05-03,9158e16be84a6db4d63d3289099f119b,PERANG KOTA,41,34.32,-1,-1
2025-05-03,919c7b9859d8ce7cab47dab2463e7fab,MENDADAK DANGDUT,29,20.8,-1,3
2025-05-03,981569adf232c53afe751c8c660db8d9,MANGKU POCONG,33,22.05,10,5
2025-05-03,981569adf232c53afe751c8c660db8d9,PABRIK GULA UNCUT,30,21.0,-1,9
2025-05-03,9f0564f5cabe643e4dbb08b80d3cc241,PABRIK GULA UNCUT,108,64.48,10,-1
2025-05-03,9f0564f5cabe643e4dbb08b80d3cc241,SOMEBODY,21,16.48,8,6
2025-05-03,a616a546264044ed616bc2bdf2d9f7fc,PERANG KOTA,39,23.92,-1,-1
2025-05-03,a9e141baa8b4ec825325397b16eeaae3,SOMEBODY,25,14.7,-1,-1
2025-05-03,afbb3b11f728a54ad1eb3ca34f602779,KOMANG,110,60.9,-1,-1
2025-05-03,be8de71502987819afd4c2ceea71c539,PABRIK GULA UNCUT,19,15.6,3,2
2025-05-03,d1918db937d26e9e4ccd3e17e1ff0e2d,PERANG KOTA,25,21.0,-1,4
2025-05-03,da96492ebd43c4a193238d6c3205cc40,SOMEBODY,35,30.9,-1,-1
2025-05-03,e7ec114c2ec166155149062023617e8b,SOMEBODY,23,23.1,-1,-1
2025-05-03,ecace029de4a6bd4ae872928509cd71d,PERANG KOTA,53,35.36,-1,-1
2025-05-03,f3a9ac312f7bc4e2467a1bf02a6aa1e9,SOMEBODY,18,10.4,0,5
2025-05-04,015555fbcd8faef6b55a854605df0a87,MENDADAK DANGDUT,25,12.48,-1,-1
2025-05-04,073b764928864ed8fa0b6b115bfdd685,PERANG KOTA,59,44.72,-1,4
2025-05-04,0a8777c6c78e2d102bdf459f8550cf93,PERANG KOTA,35,25.75,8,-1
2025-05-04,1240789770bc04e7d26e5fa31c075ced,MENDADAK DANGDUT,36,28.84,-1,-1
2025-05-04,14b63ff2b104903ead7d884f25382e57,PERANG KOTA,16,13.65,-1,-1
2025-05-04,202dbf4df0e433f092fca1aa8162c400,PERANG KOTA,24,19.95,-1,-1
2025-05-04,29fc89ab155e9f202326046c2e0023bb,SOMEBODY,16,11.44,7,-1
2025-05-04,3acdf298dab1b92bbaaad74d86c0c40a,SOMEBODY,14,16.48,1,-1
2025-05-04,4a4c71e99772e87c9e35a56acd8be21e,MENDADAK DANGDUT,29,24.15,-1,-1
2025-05-04,4a4c71e99772e87c9e35a56acd8be21e,PERANG KOTA,39,32.24,10,-1
2025-05-04,4fc3fc370b299876663c7d5c90595853,SOMEBODY,15,12.6,1,-1
2025-05-04,5a894958f375392ce7981be2eb9a26be,PENGEPUNGAN DI BUKIT DURI,34,37.44,-1,-1
2025-05-04,6b88b1af662b72fbfa35004a8edfe2e9,THUNDERBOLTS* (3D),42,25.75,1,-1
2025-05-04,716ede53fbca27fbe1c1a55d6667c2b5,PERANG KOTA,49,40.17,-1,2
2025-05-04,8dbfb7aeb4ed822b358347332ba630af,SOMEBODY,23,19.95,-1,-1
2025-05-04,9f0564f5cabe643e4dbb08b80d3cc241,PABRIK GULA UNCUT,58,34.65,-1,-1
2025-05-04,a616a546264044ed616bc2bdf2d9f7fc,PERANG KOTA,20,11.33,3,3
2025-05-04,afbb3b11f728a54ad1eb3ca34f602779,KOMANG,85,46.35,4,-1
2025-05-04,b2539b1f80254243391774489b1328aa,MENDADAK DANGDUT,137,66.15,-1,8
2025-05-04,cb2a49a747f8989ee0356ec7ac354177,PABRIK GULA UNCUT,84,63.0,-1,-1
2025-05-04,d1918db937d26e9e4ccd3e17e1ff0e2d,PERANG KOTA,16,12.48,-1,-1
2025-05-04,da96492ebd43c4a193238d6c3205cc40,SOMEBODY,14,11.55,-1,-1
2025-05-04,e3edf631650eb304cf386709b98005f6,PERANG KOTA,22,21.84,-1,3
2025-05-04,e989d8fdc91de7e6ffbb72a2f5ac79f6,PERANG KOTA,52,46.8,-1,-1
2025-05-04,ecace029de4a6bd4ae872928509cd71d,MENDADAK DANGDUT,60,42.23,-1,-1
2025-05-05,1240789770bc04e7d26e5fa31c075ced,MENDADAK DANGDUT,12,10.4,1,-1
2025-05-05,202dbf4df0e433f092fca1aa8162c400,PERANG KOTA,24,19.57,3,6
2025-05-05,26a644178fbdb277dc3c50997f6df7fe,RUMAH UNTUK ALIE,79,60.77,0,-1
2025-05-05,29fc89ab155e9f202326046c2e0023bb,SOMEBODY,25,17.68,4,-1
2025-05-05,3acdf298dab1b92bbaaad74d86c0c40a,SOMEBODY,12,14.56,3,-1
2025-05-05,4a4c71e99772e87c9e35a56acd8be21e,MENDADAK DANGDUT,38,32.55,-1,-1
2025-05-05,4a4c71e99772e87c9e35a56acd8be21e,PERANG KOTA,29,23.92,-1,-1
2025-05-05,580919d632e55fd9736ae1a2ac6ed0c5,MENDADAK DANGDUT,40,31.93,-1,2
2025-05-05,8dbfb7aeb4ed822b358347332ba630af,SOMEBODY,13,10.4,0,-1
2025-05-05,9f0564f5cabe643e4dbb08b80d3cc241,PABRIK GULA UNCUT,77,45.32,-1,-1
2025-05-05,a616a546264044ed616bc2bdf2d9f7fc,MENDADAK DANGDUT,38,30.9,-1,-1
2025-05-05,afbb3b11f728a54ad1eb3ca34f602779,KOMANG,135,74.16,-1,3
2025-05-05,c48b7a4426e8cbee3f7dbfe8b87d1d89,MENDADAK DANGDUT,52,34.32,6,-1
2025-05-05,c71a18e33d4b7c73c8124c65fc3e6f1c,THE KING OF KINGS,13,10.3,4,-1
2025-05-05,cb2a49a747f8989ee0356ec7ac354177,PABRIK GULA UNCUT,93,68.64,-1,-1
2025-05-05,d1918db937d26e9e4ccd3e17e1ff0e2d,MENDADAK DANGDUT,35,29.4,-1,-1
2025-05-05,e3edf631650eb304cf386709b98005f6,PANOR,14,11.44,9,-1
2025-05-05,e989d8fdc91de7e6ffbb72a2f5ac79f6,PERANG KOTA,22,19.57,5,4
2025-05-06,015555fbcd8faef6b55a854605df0a87,PERANG KOTA,19,11.44,4,-1
2025-05-06,0191582d75f94a412c0fa12d36bcee3f,SINNERS,28,14.42,2,-1
2025-05-06,4ba87a86e02dd8a810032db35bf13c51,PERANG KOTA,9,12.48,-1,-1
2025-05-06,81c620b2538435926cbbf15745ef5901,PENJAGAL IBLIS DOSA TURUNAN,35,26.25,7,-1
2025-05-06,a616a546264044ed616bc2bdf2d9f7fc,MENDADAK DANGDUT,24,19.76,9,-1
2025-05-06,afbb3b11f728a54ad1eb3ca34f602779,RUMAH UNTUK ALIE,91,49.44,-1,2
2025-05-06,bf33cc26f29bf266a83e35901fa80c9c,PERANG KOTA,43,30.45,-1,-1
2025-05-06,cb2a49a747f8989ee0356ec7ac354177,PABRIK GULA UNCUT,30,22.05,-1,2
2025-05-06,f54d37fc4c4d4b285aa3601041abc938,PERANG KOTA,15,10.3,2,-1
2025-05-07,218c50fa4df90b3241e39ff8ffb41102,PABRIK GULA UNCUT,22,14.56,1,7
2025-05-07,4ed104ac0de10ba7eef50158603e0b32,LOCKED,88,73.5,-1,2
2025-05-07,bf33cc26f29bf266a83e35901fa80c9c,PERANG KOTA,28,18.72,7,-1
2025-05-07,c4a19cbeb409639c836e4304976db0aa,PERANG KOTA,34,26.78,-1,-1
2025-05-07,d1918db937d26e9e4ccd3e17e1ff0e2d,MENDADAK DANGDUT,42,26.78,7,-1
2025-05-07,d297f2f746c4fd2723f3202fafcbfa1a,PENJAGAL IBLIS DOSA TURUNAN,21,11.44,2,-1
2025-05-08,3744d5b8753c9cc72700ce7927fa0df3,MENDADAK DANGDUT,14,10.4,4,1
2025-05-08,3f6093566521149f8e37fa4e3fafe7cc,HOLY NIGHT: DEMON HUNTERS,28,39.14,-1,-1
2025-05-08,8d2e05da5624875993cb8580c88334a9,SHADOW FORCE,25,36.75,-1,-1
2025-05-08,919c7b9859d8ce7cab47dab2463e7fab,MUMU,15,11.55,-1,-1
2025-05-08,c48b7a4426e8cbee3f7dbfe8b87d1d89,MENDADAK DANGDUT,34,22.05,9,6
2025-05-09,0318cab65e5a4dbb61243ab4747fb621,FINAL DESTINATION: BLOODLINES,168,84.24,3,-1
2025-05-09,09ff932202ae245655ae248642132086,FINAL DESTINATION: BLOODLINES,34,83.2,-1,-1
2025-05-09,14b63ff2b104903ead7d884f25382e57,FINAL DESTINATION: BLOODLINES,159,89.25,7,-1
2025-05-09,218c50fa4df90b3241e39ff8ffb41102,FINAL DESTINATION: BLOODLINES,206,84.0,4,-1
2025-05-09,26a644178fbdb277dc3c50997f6df7fe,FINAL DESTINATION: BLOODLINES,95,40.56,6,-1
2025-05-09,3acdf298dab1b92bbaaad74d86c0c40a,MENDADAK DANGDUT,13,10.5,6,-1
2025-05-09,3cc167017755a0197f18f93595c9ae85,FINAL DESTINATION: BLOODLINES,79,37.8,0,-1
2025-05-09,3f6093566521149f8e37fa4e3fafe7cc,FINAL DESTINATION: BLOODLINES,49,41.2,-1,-1
2025-05-09,4a4c71e99772e87c9e35a56acd8be21e,FINAL DESTINATION: BLOODLINES,72,36.4,-1,-1
2025-05-09,4a4c71e99772e87c9e35a56acd8be21e,SHADOW FORCE,36,28.35,0,-1
2025-05-09,4a61d7e09bbe3868d79af81be96ed6ee,FINAL DESTINATION: BLOODLINES,33,69.3,-1,-1
2025-05-09,4eb26b1058266dc50a63dc875e4d8846,FINAL DESTINATION: BLOODLINES,91,36.4,0,4
2025-05-09,53b77c875c67b68561415f23065e6e8d,FINAL DESTINATION: BLOODLINES,29,95.79,-1,-1
2025-05-09,541130ea8083a789df5d15bbfe13055a,PENGEPUNGAN DI BUKIT DURI,12,10.5,7,-1
2025-05-09,580919d632e55fd9736ae1a2ac6ed0c5,FINAL DESTINATION: BLOODLINES,226,94.64,-1,-1
2025-05-09,580919d632e55fd9736ae1a2ac6ed0c5,SHADOW FORCE,29,23.92,-1,-1
2025-05-09,592095e0ddc2c230cf3002d72e9bac41,SHADOW FORCE,18,10.5,1,-1
2025-05-09,5a894958f375392ce7981be2eb9a26be,FINAL DESTINATION: BLOODLINES,84,45.76,-1,3
2025-05-09,66d433e397ff7f3d460500704fd40a5a,FINAL DESTINATION: BLOODLINES,30,74.88,-1,-1
2025-05-09,7114d91eccf418326f7a9a05943c04e1,FINAL DESTINATION: BLOODLINES,87,53.56,-1,-1
2025-05-09,81c620b2538435926cbbf15745ef5901,FINAL DESTINATION: BLOODLINES,89,44.72,0,-1
2025-05-09,8d2e05da5624875993cb8580c88334a9,FINAL DESTINATION: BLOODLINES,118,53.56,10,-1
2025-05-09,9158e16be84a6db4d63d3289099f119b,FINAL DESTINATION: BLOODLINES,53,19.57,1,7
2025-05-09,919c7b9859d8ce7cab47dab2463e7fab,FINAL DESTINATION: BLOODLINES,223,89.44,-1,-1
2025-05-09,9f0564f5cabe643e4dbb08b80d3cc241,FINAL DESTINATION: BLOODLINES,299,99.84,-1,-1
2025-05-09,a6d19ebcb27f61cbf41a6552fbf68676,FINAL DESTINATION: BLOODLINES,123,74.16,9,-1
2025-05-09,be8de71502987819afd4c2ceea71c539,FINAL DESTINATION: BLOODLINES,136,71.07,4,-1
2025-05-09,be8de71502987819afd4c2ceea71c539,SHADOW FORCE,13,10.5,6,-1
2025-05-09,bf33cc26f29bf266a83e35901fa80c9c,FINAL DESTINATION: BLOODLINES,70,29.87,-1,1
2025-05-09,c71a18e33d4b7c73c8124c65fc3e6f1c,FINAL DESTINATION: BLOODLINES,204,89.44,-1,-1
2025-05-09,cb2a49a747f8989ee0356ec7ac354177,FINAL DESTINATION: BLOODLINES,196,88.2,-1,-1
2025-05-09,d33850e3698903061b4c18886ce00c9d,FINAL DESTINATION: BLOODLINES,92,58.71,-1,1
2025-05-09,df7f047e9886cfa1c0892c97f15d4146,FINAL DESTINATION: BLOODLINES,40,82.16,-1,-1
2025-05-09,ecace029de4a6bd4ae872928509cd71d,FINAL DESTINATION: BLOODLINES,167,74.55,0,3
2025-05-09,f3a9ac312f7bc4e2467a1bf02a6aa1e9,FINAL DESTINATION: BLOODLINES,155,61.8,10,-1
2025-05-09,f7734bb329cacfe21ce854ae822b6115,FINAL DESTINATION: BLOODLINES,181,96.82,-1,-1
2025-05-10,0318cab65e5a4dbb61243ab4747fb621,FINAL DESTINATION: BLOODLINES,190,95.55,-1,-1
2025-05-10,0318cab65e5a4dbb61243ab4747fb621,SAYAP SAYAP PATAH 2: OLIVIA,14,10.5,5,-1
2025-05-10,218c50fa4df90b3241e39ff8ffb41102,FINAL DESTINATION: BLOODLINES,241,98.7,-1,-1
2025-05-10,2318d3c719302ff137eb1b53fb32f0c8,SAYAP SAYAP PATAH 2: OLIVIA,12,10.4,1,-1
2025-05-10,26a644178fbdb277dc3c50997f6df7fe,FINAL DESTINATION: BLOODLINES,141,60.77,-1,-1
2025-05-10,35de0354d956048d1c9c49ff069eaa55,PENGEPUNGAN DI BUKIT DURI,24,21.0,-1,3
2025-05-10,3cc167017755a0197f18f93595c9ae85,FINAL DESTINATION: BLOODLINES,186,86.52,-1,-1
2025-05-10,3cc167017755a0197f18f93595c9ae85,WARFARE,9,12.6,7,-1
2025-05-10,3f6093566521149f8e37fa4e3fafe7cc,FINAL DESTINATION: BLOODLINES,95,81.12,-1,-1
2025-05-10,4a4c71e99772e87c9e35a56acd8be21e,FINAL DESTINATION: BLOODLINES,194,96.82,-1,-1
2025-05-10,4a4c71e99772e87c9e35a56acd8be21e,SHADOW FORCE,77,62.83,-1,6
2025-05-10,4a61d7e09bbe3868d79af81be96ed6ee,FINAL DESTINATION: BLOODLINES,46,95.79,-1,-1
2025-05-10,4e12b237c826209f7ddc5b29a96380b6,THE AMATEUR,37,27.04,6,-1
2025-05-10,4eb26b1058266dc50a63dc875e4d8846,FINAL DESTINATION: BLOODLINES,192,78.75,-1,3
2025-05-10,4ed104ac0de10ba7eef50158603e0b32,THE ACCOUNTANT 2,12,27.81,-1,-1
2025-05-10,580919d632e55fd9736ae1a2ac6ed0c5,SAYAP SAYAP PATAH 2: OLIVIA,36,24.96,-1,-1
2025-05-10,580919d632e55fd9736ae1a2ac6ed0c5,SHADOW FORCE,88,72.8,3,-1
2025-05-10,592095e0ddc2c230cf3002d72e9bac41,SHADOW FORCE,26,15.6,8,4
2025-05-10,5a894958f375392ce7981be2eb9a26be,FINAL DESTINATION: BLOODLINES,62,33.6,-1,-1
2025-05-10,5ff7565cdb056b4bdcb43d0ea2b5380d,RUMAH UNTUK ALIE,10,10.4,3,-1
2025-05-10,7114d91eccf418326f7a9a05943c04e1,FINAL DESTINATION: BLOODLINES,155,97.76,-1,-1
2025-05-10,79d0a75ad3523955b8d0e01198d6e9c9,FINAL DESTINATION: BLOODLINES,23,95.55,-1,-1
2025-05-10,81c620b2538435926cbbf15745ef5901,FINAL DESTINATION: BLOODLINES,96,47.84,-1,-1
2025-05-10,8d2e05da5624875993cb8580c88334a9,FINAL DESTINATION: BLOODLINES,195,89.25,-1,4
2025-05-10,8d2e05da5624875993cb8580c88334a9,MENDADAK DANGDUT,56,81.37,-1,-1
2025-05-10,9aab42397bbc1d1cdb49f7044dc990f0,PENGEPUNGAN DI BUKIT DURI,30,23.1,-1,-1
2025-05-10,9eb47624e1e418bfac8b4fcc3a44a36b,WARFARE,39,26.0,0,-1
2025-05-10,9f0564f5cabe643e4dbb08b80d3cc241,KOMANG,46,37.8,2,-1
2025-05-10,a6d19ebcb27f61cbf41a6552fbf68676,FINAL DESTINATION: BLOODLINES,138,84.46,-1,-1
2025-05-10,be8de71502987819afd4c2ceea71c539,FINAL DESTINATION: BLOODLINES,151,78.28,4,-1
2025-05-10,c71a18e33d4b7c73c8124c65fc3e6f1c,FINAL DESTINATION: BLOODLINES,218,96.6,9,-1
2025-05-10,cb2a49a747f8989ee0356ec7ac354177,FINAL DESTINATION: BLOODLINES,214,93.73,-1,-1
2025-05-10,d33850e3698903061b4c18886ce00c9d,FINAL DESTINATION: BLOODLINES,110,70.72,-1,-1
2025-05-10,df7f047e9886cfa1c0892c97f15d4146,FINAL DESTINATION: BLOODLINES,42,86.32,-1,-1
2025-05-10,ecace029de4a6bd4ae872928509cd71d,FINAL DESTINATION: BLOODLINES,198,86.32,4,-1
2025-05-10,f7734bb329cacfe21ce854ae822b6115,FINAL DESTINATION: BLOODLINES,171,91.52,-1,-1
2025-05-11,073b764928864ed8fa0b6b115bfdd685,SAYAP SAYAP PATAH 2: OLIVIA,85,51.5,1,-1
2025-05-11,073b764928864ed8fa0b6b115bfdd685,TABAYYUN,58,31.2,-1,-1
2025-05-11,29fc89ab155e9f202326046c2e0023bb,SHADOW FORCE,27,19.95,-1,-1
2025-05-11,35de0354d956048d1c9c49ff069eaa55,PENGEPUNGAN DI BUKIT DURI,41,35.36,-1,-1
2025-05-11,35de0354d956048d1c9c49ff069eaa55,PENJAGAL IBLIS DOSA TURUNAN,36,32.55,-1,-1
2025-05-11,3acdf298dab1b92bbaaad74d86c0c40a,UNTIL DAWN,67,85.49,-1,-1
2025-05-11,490346a8a068ba7d2e3764714c6d5323,WARFARE,27,16.64,-1,-1
2025-05-11,4a4c71e99772e87c9e35a56acd8be21e,THUNDERBOLTS*,91,71.4,-1,-1
2025-05-11,4e12b237c826209f7ddc5b29a96380b6,THE AMATEUR,45,32.96,-1,-1
2025-05-11,4ed104ac0de10ba7eef50158603e0b32,THE ACCOUNTANT 2,21,51.5,-1,-1
2025-05-11,580919d632e55fd9736ae1a2ac6ed0c5,SHADOW FORCE,66,53.56,-1,-1
2025-05-11,592095e0ddc2c230cf3002d72e9bac41,SHADOW FORCE,48,29.4,-1,-1
2025-05-11,7c271f1e1351e6433b202d77b88012c2,THUNDERBOLTS*,35,19.76,-1,2
2025-05-11,9158e16be84a6db4d63d3289099f119b,SHADOW FORCE,80,69.3,-1,1
2025-05-11,981569adf232c53afe751c8c660db8d9,PENJAGAL IBLIS DOSA TURUNAN,79,55.12,-1,9
2025-05-11,9aab42397bbc1d1cdb49f7044dc990f0,PENGEPUNGAN DI BUKIT DURI,67,50.47,-1,-1
2025-05-11,9eb47624e1e418bfac8b4fcc3a44a36b,WARFARE,34,22.66,-1,5
2025-05-11,9f0564f5cabe643e4dbb08b80d3cc241,PABRIK GULA UNCUT,15,12.6,1,-1
2025-05-11,c35e24eefa840ac2009279f1efc52288,TABAYYUN,81,61.36,0,-1
2025-05-11,dc6de349945f10a4a296bb50d34fc504,WARFARE,34,84.46,-1,-1
2025-05-11,e7ec114c2ec166155149062023617e8b,TABAYYUN,25,25.2,6,-1
2025-05-11,e989d8fdc91de7e6ffbb72a2f5ac79f6,TABAYYUN,24,20.8,2,-1
2025-05-11,ea7df0c99b450ecdea38cf34ae1f158f,PABRIK GULA UNCUT,38,28.84,-1,-1
2025-05-11,f3a9ac312f7bc4e2467a1bf02a6aa1e9,TABAYYUN,69,47.84,-1,-1
2025-05-11,f3a9ac312f7bc4e2467a1bf02a6aa1e9,WARFARE,73,50.96,7,-1
2025-05-11,f7734bb329cacfe21ce854ae822b6115,TABAYYUN,14,10.4,4,1
2025-05-12,073b764928864ed8fa0b6b115bfdd685,SAYAP SAYAP PATAH 2: OLIVIA,134,80.34,9,-1
2025-05-12,073b764928864ed8fa0b6b115bfdd685,TABAYYUN,34,18.54,4,1
2025-05-12,14b63ff2b104903ead7d884f25382e57,TABAYYUN,27,21.84,-1,8
2025-05-12,17e1e7da761f72bbb4e039ba08cc0ba0,TABAYYUN,13,11.33,4,-1
2025-05-12,218c50fa4df90b3241e39ff8ffb41102,SAYAP SAYAP PATAH 2: OLIVIA,48,32.55,-1,-1
2025-05-12,218c50fa4df90b3241e39ff8ffb41102,SHADOW FORCE,20,14.56,3,5
2025-05-12,26a644178fbdb277dc3c50997f6df7fe,MENDADAK DANGDUT,80,42.0,4,-1
2025-05-12,29fc89ab155e9f202326046c2e0023bb,SHADOW FORCE,32,19.57,4,5
2025-05-12,35de0354d956048d1c9c49ff069eaa55,UNTIL DAWN,6,15.6,-1,-1
2025-05-12,3acdf298dab1b92bbaaad74d86c0c40a,PERANG KOTA,40,30.16,-1,2
2025-05-12,3cc167017755a0197f18f93595c9ae85,TABAYYUN,59,84.24,-1,-1
2025-05-12,4e12b237c826209f7ddc5b29a96380b6,THE AMATEUR,83,61.95,-1,-1
2025-05-12,4ed104ac0de10ba7eef50158603e0b32,THE ACCOUNTANT 2,8,20.8,-1,-1
2025-05-12,4fc3fc370b299876663c7d5c90595853,TABAYYUN,24,17.51,7,-1
2025-05-12,580919d632e55fd9736ae1a2ac6ed0c5,SHADOW FORCE,46,37.44,-1,-1
2025-05-12,592095e0ddc2c230cf3002d72e9bac41,SHADOW FORCE,23,13.65,-1,-1
2025-05-12,5b8eaa351fae8e6d1e759e814d74c1c5,UNTIL DAWN,87,95.68,-1,-1
2025-05-12,7114d91eccf418326f7a9a05943c04e1,SAYAP SAYAP PATAH 2: OLIVIA,50,34.65,-1,6
2025-05-12,716ede53fbca27fbe1c1a55d6667c2b5,TABAYYUN,21,16.64,-1,-1
2025-05-12,9158e16be84a6db4d63d3289099f119b,SHADOW FORCE,68,56.65,-1,-1
2025-05-12,981569adf232c53afe751c8c660db8d9,PENJAGAL IBLIS DOSA TURUNAN,75,51.5,-1,-1
2025-05-12,9aab42397bbc1d1cdb49f7044dc990f0,MENDADAK DANGDUT,73,55.62,-1,-1
2025-05-12,9aab42397bbc1d1cdb49f7044dc990f0,PENGEPUNGAN DI BUKIT DURI,48,37.08,-1,-1
2025-05-12,9cc7970100d8e4c2202f08cb78c6eb20,KOMANG,44,31.93,9,6
2025-05-12,9eb47624e1e418bfac8b4fcc3a44a36b,WARFARE,33,22.88,2,6
2025-05-12,a9d508d218799f9dc69bb4aefc122cb3,PENGEPUNGAN DI BUKIT DURI,50,44.1,-1,-1
2025-05-12,afbb3b11f728a54ad1eb3ca34f602779,PENGEPUNGAN DI BUKIT DURI,58,31.93,-1,5
2025-05-12,c35e24eefa840ac2009279f1efc52288,SAYAP SAYAP PATAH 2: OLIVIA,70,52.53,-1,-1
2025-05-12,c35e24eefa840ac2009279f1efc52288,TABAYYUN,46,34.65,-1,2
2025-05-12,e7ec114c2ec166155149062023617e8b,TABAYYUN,17,16.48,-1,2
2025-05-12,e8965581e1be78ac9a3145b6983ff6ec,SHADOW FORCE,23,21.0,-1,2
2025-05-12,ea7df0c99b450ecdea38cf34ae1f158f,PABRIK GULA UNCUT,27,20.8,-1,1
2025-05-12,ea7df0c99b450ecdea38cf34ae1f158f,THUNDERBOLTS*,16,12.48,-1,-1
2025-05-12,f3a9ac312f7bc4e2467a1bf02a6aa1e9,TABAYYUN,63,43.68,-1,-1
2025-05-12,f3a9ac312f7bc4e2467a1bf02a6aa1e9,WARFARE,26,17.51,5,-1
2025-05-13,073b764928864ed8fa0b6b115bfdd685,SAYAP SAYAP PATAH 2: OLIVIA,44,25.75,-1,1
2025-05-13,073b764928864ed8fa0b6b115bfdd685,TABAYYUN,20,10.5,1,1
2025-05-13,17e1e7da761f72bbb4e039ba08cc0ba0,TABAYYUN,17,14.56,6,2
2025-05-13,218c50fa4df90b3241e39ff8ffb41102,SAYAP SAYAP PATAH 2: OLIVIA,49,33.28,-1,-1
2025-05-13,29fc89ab155e9f202326046c2e0023bb,COLORFUL STAGE! THE MOVIE: A MIKU WHO CANT SING,20,14.42,10,5
2025-05-13,3cc167017755a0197f18f93595c9ae85,TABAYYUN,62,87.55,-1,-1
2025-05-13,3f6093566521149f8e37fa4e3fafe7cc,TABAYYUN,29,23.69,-1,-1
2025-05-13,45f553cca86b28fedd6115abdd0ae734,PEMBANTAIAN DUKUN SANTET,32,15.75,8,9
2025-05-13,4e12b237c826209f7ddc5b29a96380b6,THE AMATEUR,53,39.52,-1,4
2025-05-13,580919d632e55fd9736ae1a2ac6ed0c5,SHADOW FORCE,18,14.42,-1,3
2025-05-13,592095e0ddc2c230cf3002d72e9bac41,SHADOW FORCE,19,10.3,5,2
2025-05-13,62447bb073160adcf6d6022240a3663c,THUNDERBOLTS*,44,32.96,-1,-1
2025-05-13,7114d91eccf418326f7a9a05943c04e1,SAYAP SAYAP PATAH 2: OLIVIA,81,54.59,-1,-1
2025-05-13,9158e16be84a6db4d63d3289099f119b,SHADOW FORCE,52,43.68,-1,-1
2025-05-13,981569adf232c53afe751c8c660db8d9,PENJAGAL IBLIS DOSA TURUNAN,61,41.2,-1,-1
2025-05-13,9aab42397bbc1d1cdb49f7044dc990f0,MENDADAK DANGDUT,50,38.48,-1,-1
2025-05-13,9aab42397bbc1d1cdb49f7044dc990f0,PENGEPUNGAN DI BUKIT DURI,38,28.35,-1,2
2025-05-13,9cc7970100d8e4c2202f08cb78c6eb20,KOMANG,29,21.0,-1,8
2025-05-13,9eb47624e1e418bfac8b4fcc3a44a36b,WARFARE,20,13.52,-1,-1
2025-05-13,a9d508d218799f9dc69bb4aefc122cb3,PENGEPUNGAN DI BUKIT DURI,41,35.7,-1,-1
2025-05-13,afbb3b11f728a54ad1eb3ca34f602779,PENGEPUNGAN DI BUKIT DURI,44,24.15,6,-1
2025-05-13,b4972b48997defae8304bc9c41220c7c,PENJAGAL IBLIS DOSA TURUNAN,24,17.68,5,-1
2025-05-13,c35e24eefa840ac2009279f1efc52288,TABAYYUN,32,24.15,-1,-1
2025-05-13,c48b7a4426e8cbee3f7dbfe8b87d1d89,WARFARE,16,12.36,6,5
2025-05-13,cb2a49a747f8989ee0356ec7ac354177,TABAYYUN,53,38.85,1,-1
2025-05-13,e8965581e1be78ac9a3145b6983ff6ec,SHADOW FORCE,18,15.75,2,-1
2025-05-13,ea7df0c99b450ecdea38cf34ae1f158f,PABRIK GULA UNCUT,15,10.3,2,-1
2025-05-13,ea7df0c99b450ecdea38cf34ae1f158f,THUNDERBOLTS*,22,16.64,-1,-1
2025-05-13,f3a9ac312f7bc4e2467a1bf02a6aa1e9,TABAYYUN,27,18.9,4,3
2025-05-13,f3a9ac312f7bc4e2467a1bf02a6aa1e9,WARFARE,27,18.54,1,-1
2025-05-14,35de0354d956048d1c9c49ff069eaa55,PENJAGAL IBLIS DOSA TURUNAN,15,12.6,1,-1
2025-05-14,490346a8a068ba7d2e3764714c6d5323,TABAYYUN,25,15.6,9,3
2025-05-14,4a4c71e99772e87c9e35a56acd8be21e,WARFARE,21,16.64,-1,-1
2025-05-14,4e12b237c826209f7ddc5b29a96380b6,THE AMATEUR,27,19.76,6,-1
2025-05-14,5b8eaa351fae8e6d1e759e814d74c1c5,TABAYYUN,14,10.3,3,-1
2025-05-14,62447bb073160adcf6d6022240a3663c,THUNDERBOLTS*,21,14.7,-1,-1
2025-05-14,7114d91eccf418326f7a9a05943c04e1,THUNDERBOLTS*,32,24.96,-1,-1
2025-05-14,919c7b9859d8ce7cab47dab2463e7fab,WARFARE,22,15.6,0,5
2025-05-14,981569adf232c53afe751c8c660db8d9,WARFARE,18,11.33,5,1
2025-05-14,9aab42397bbc1d1cdb49f7044dc990f0,MENDADAK DANGDUT,24,17.85,-1,-1
2025-05-14,9aab42397bbc1d1cdb49f7044dc990f0,PENGEPUNGAN DI BUKIT DURI,15,10.4,3,2
2025-05-14,a691dd0d8274fa85ecdc7d5ad6df1628,TABAYYUN,68,57.2,-1,-1
2025-05-14,b2539b1f80254243391774489b1328aa,JUMBO,35,16.48,8,5
2025-05-14,b2539b1f80254243391774489b1328aa,PENJAGAL IBLIS DOSA TURUNAN,53,25.2,9,-1
2025-05-14,c35e24eefa840ac2009279f1efc52288,TABAYYUN,20,14.56,3,5
2025-05-14,f292a4101ca0420357a2d18b3a013e5f,TABAYYUN,18,12.36,4,7
2025-05-14,f292a4101ca0420357a2d18b3a013e5f,WARFARE,20,14.42,10,5
2025-05-15,19f506af810fe579721721d058f6b243,THE ACCOUNTANT 2,14,13.65,-1,-1
2025-05-15,19f506af810fe579721721d058f6b243,WARFARE,46,46.35,-1,-1
2025-05-15,45f553cca86b28fedd6115abdd0ae734,MENDADAK DANGDUT,37,18.54,1,4
2025-05-15,62447bb073160adcf6d6022240a3663c,PEMBANTAIAN DUKUN SANTET,26,18.9,5,2
2025-05-15,81c620b2538435926cbbf15745ef5901,SAYAP SAYAP PATAH 2: OLIVIA,20,14.56,3,5
2025-05-15,a691dd0d8274fa85ecdc7d5ad6df1628,TABAYYUN,23,18.9,1,-1
2025-05-15,a6d19ebcb27f61cbf41a6552fbf68676,PENGEPUNGAN DI BUKIT DURI,34,26.25,8,-1
2025-05-15,c4a19cbeb409639c836e4304976db0aa,WARFARE,39,36.4,-1,-1
2025-05-15,dc77e7e26c0e5e3a5c44ec2de0cedbde,PENGEPUNGAN DI BUKIT DURI,61,48.3,10,-1
2025-05-15,dc77e7e26c0e5e3a5c44ec2de0cedbde,WARFARE,172,89.25,-1,6
2025-05-15,ecace029de4a6bd4ae872928509cd71d,SAYAP SAYAP PATAH 2: OLIVIA,38,15.75,2,-1
2025-05-16,04a2de432a8901363a05137a8e8de1d2,PEMBANTAIAN DUKUN SANTET,44,26.0,8,5
2025-05-16,1240789770bc04e7d26e5fa31c075ced,JUMBO,39,16.64,-1,-1
2025-05-16,218c50fa4df90b3241e39ff8ffb41102,WARFARE,15,10.5,4,-1
2025-05-16,2e0ec493a87e740511b7b565386c06fe,MUNGKIN KITA PERLU WAKTU,14,11.33,3,-1
2025-05-16,494c8f1916a97efe3390ba9dbab6ce7d,MUNGKIN KITA PERLU WAKTU,16,12.36,6,5
2025-05-16,4ba87a86e02dd8a810032db35bf13c51,PEMBANTAIAN DUKUN SANTET,14,21.0,7,-1
2025-05-16,919c7b9859d8ce7cab47dab2463e7fab,TABAYYUN,47,26.0,5,8
2025-05-16,9cc7970100d8e4c2202f08cb78c6eb20,THE RED ENVELOPE,31,21.63,-1,-1
2025-05-16,9f0564f5cabe643e4dbb08b80d3cc241,SAYAP SAYAP PATAH 2: OLIVIA,111,66.15,-1,-1
2025-05-16,a9d508d218799f9dc69bb4aefc122cb3,PEMBANTAIAN DUKUN SANTET,37,30.16,1,-1
2025-05-16,afbb3b11f728a54ad1eb3ca34f602779,THUNDERBOLTS*,46,26.25,-1,4
2025-05-16,c4a19cbeb409639c836e4304976db0aa,WARFARE,19,16.8,2,-1
2025-05-16,c71a18e33d4b7c73c8124c65fc3e6f1c,WARFARE,35,29.4,-1,-1
2025-05-16,dc77e7e26c0e5e3a5c44ec2de0cedbde,PENGEPUNGAN DI BUKIT DURI,62,47.38,-1,-1
2025-05-16,ecace029de4a6bd4ae872928509cd71d,SAYAP SAYAP PATAH 2: OLIVIA,29,20.8,-1,3
2025-05-16,ef2896a95abe2a2b4cfee245dc1e36ec,PEMBANTAIAN DUKUN SANTET,19,14.42,-1,4
2025-05-17,0318cab65e5a4dbb61243ab4747fb621,MISSION: IMPOSSIBLE - THE FINAL RECKONING,177,88.2,-1,-1
2025-05-17,04a2de432a8901363a05137a8e8de1d2,MISSION: IMPOSSIBLE - THE FINAL RECKONING,167,98.8,-1,2
2025-05-17,0a8777c6c78e2d102bdf459f8550cf93,MISSION: IMPOSSIBLE - THE FINAL RECKONING,121,90.64,-1,-1
2025-05-17,17e1e7da761f72bbb4e039ba08cc0ba0,PEMBANTAIAN DUKUN SANTET,20,17.51,-1,-1
2025-05-17,19f506af810fe579721721d058f6b243,HOME SWEET HOME: REBIRTH,30,27.04,-1,-1
2025-05-17,218c50fa4df90b3241e39ff8ffb41102,PENGEPUNGAN DI BUKIT DURI,81,61.95,-1,-1
2025-05-17,2318d3c719302ff137eb1b53fb32f0c8,MISSION: IMPOSSIBLE - THE FINAL RECKONING,41,30.45,-1,-1
2025-05-17,25e1c125bdd513aa2355a8e558a1a908,MISSION: IMPOSSIBLE - THE FINAL RECKONING,73,57.2,-1,-1
2025-05-17,26d1d720bc7e60c1b1a56630e3ba2c5d,MISSION: IMPOSSIBLE - THE FINAL RECKONING,57,20.8,0,5
2025-05-17,29fc89ab155e9f202326046c2e0023bb,COCOTE TONGGO,77,48.41,-1,1
2025-05-17,2e0ec493a87e740511b7b565386c06fe,MISSION: IMPOSSIBLE - THE FINAL RECKONING,153,91.67,1,10
2025-05-17,3afae5dea7356f64f70605334bef46a7,MISSION: IMPOSSIBLE - THE FINAL RECKONING,145,87.15,-1,-1
2025-05-17,3cc167017755a0197f18f93595c9ae85,MENDADAK DANGDUT,60,92.56,-1,-1
2025-05-17,3cc167017755a0197f18f93595c9ae85,MISSION: IMPOSSIBLE - THE FINAL RECKONING,154,72.8,-1,-1
2025-05-17,45f553cca86b28fedd6115abdd0ae734,MISSION: IMPOSSIBLE - THE FINAL RECKONING,158,82.4,-1,-1
2025-05-17,494c8f1916a97efe3390ba9dbab6ce7d,COCOTE TONGGO,84,69.68,-1,-1
2025-05-17,4a61d7e09bbe3868d79af81be96ed6ee,MISSION: IMPOSSIBLE - THE FINAL RECKONING,48,98.8,-1,-1
2025-05-17,4ba87a86e02dd8a810032db35bf13c51,MISSION: IMPOSSIBLE - THE FINAL RECKONING,84,41.2,5,-1
2025-05-17,4eb26b1058266dc50a63dc875e4d8846,COCOTE TONGGO,22,17.51,9,-1
2025-05-17,52eed153a88a6bdcb46cbb266a07cba2,MUNGKIN KITA PERLU WAKTU,26,18.72,9,-1
2025-05-17,53b77c875c67b68561415f23065e6e8d,MISSION: IMPOSSIBLE - THE FINAL RECKONING,26,87.15,-1,-1
2025-05-17,580919d632e55fd9736ae1a2ac6ed0c5,MUMU,118,97.65,-1,-1
2025-05-17,592095e0ddc2c230cf3002d72e9bac41,SAYAP SAYAP PATAH 2: OLIVIA,46,27.3,-1,-1
2025-05-17,5a894958f375392ce7981be2eb9a26be,MISSION: IMPOSSIBLE - THE FINAL RECKONING,80,44.1,6,9
2025-05-17,5ff7565cdb056b4bdcb43d0ea2b5380d,MISSION: IMPOSSIBLE - THE FINAL RECKONING,114,85.05,-1,-1
2025-05-17,62447bb073160adcf6d6022240a3663c,MISSION: IMPOSSIBLE - THE FINAL RECKONING,89,51.5,-1,3
2025-05-17,716ede53fbca27fbe1c1a55d6667c2b5,COCOTE TONGGO,88,73.13,10,-1
2025-05-17,7995e00051a2fe6aeed7cfdbe0378c01,MISSION: IMPOSSIBLE - THE FINAL RECKONING,147,99.91,-1,-1
2025-05-17,79d0a75ad3523955b8d0e01198d6e9c9,MISSION: IMPOSSIBLE - THE FINAL RECKONING,23,93.73,-1,-1
2025-05-17,7c271f1e1351e6433b202d77b88012c2,MISSION: IMPOSSIBLE - THE FINAL RECKONING,61,21.0,2,2
2025-05-17,81c620b2538435926cbbf15745ef5901,MISSION: IMPOSSIBLE - THE FINAL RECKONING,123,61.8,-1,-1
2025-05-17,919c7b9859d8ce7cab47dab2463e7fab,TABAYYUN,33,18.9,-1,2
2025-05-17,92e94ed55b4de8feaff9462a66e2dbd7,MUNGKIN KITA PERLU WAKTU,22,12.48,-1,-1
2025-05-17,9715c9bc57db04a2506acfdab71ec1c6,MISSION: IMPOSSIBLE - THE FINAL RECKONING,122,67.6,-1,1
2025-05-17,981569adf232c53afe751c8c660db8d9,COCOTE TONGGO,21,13.52,-1,-1
2025-05-17,9cc7970100d8e4c2202f08cb78c6eb20,HOME SWEET HOME: REBIRTH,27,18.54,1,-1
2025-05-17,9cc7970100d8e4c2202f08cb78c6eb20,THE RED ENVELOPE,23,16.48,6,8
2025-05-17,a55554e941cb93c23d1522f88fd0d004,MISSION: IMPOSSIBLE - THE FINAL RECKONING,127,70.35,-1,6
2025-05-17,a691dd0d8274fa85ecdc7d5ad6df1628,MISSION: IMPOSSIBLE - THE FINAL RECKONING,187,81.12,2,-1
2025-05-17,a6d19ebcb27f61cbf41a6552fbf68676,MISSION: IMPOSSIBLE - THE FINAL RECKONING,145,89.25,-1,-1
2025-05-17,afbb3b11f728a54ad1eb3ca34f602779,MISSION: IMPOSSIBLE - THE FINAL RECKONING,289,98.8,-1,-1
2025-05-17,b2539b1f80254243391774489b1328aa,MISSION: IMPOSSIBLE - THE FINAL RECKONING,131,62.4,-1,-1
2025-05-17,b704e8b10f13e14494b5a7a0ba39d9d9,PEMBANTAIAN DUKUN SANTET,44,30.9,-1,-1
2025-05-17,be8de71502987819afd4c2ceea71c539,MISSION: IMPOSSIBLE - THE FINAL RECKONING,157,82.95,-1,-1
2025-05-17,c35e24eefa840ac2009279f1efc52288,MISSION: IMPOSSIBLE - THE FINAL RECKONING,282,97.65,9,-1
2025-05-17,c71a18e33d4b7c73c8124c65fc3e6f1c,MISSION: IMPOSSIBLE - THE FINAL RECKONING,221,95.68,-1,-1
2025-05-17,c71a18e33d4b7c73c8124c65fc3e6f1c,WARFARE,39,31.93,-1,1
2025-05-17,d1918db937d26e9e4ccd3e17e1ff0e2d,MISSION: IMPOSSIBLE - THE FINAL RECKONING,74,42.0,10,-1
2025-05-17,d297f2f746c4fd2723f3202fafcbfa1a,MISSION: IMPOSSIBLE - THE FINAL RECKONING,169,69.3,-1,-1
2025-05-17,d297f2f746c4fd2723f3202fafcbfa1a,SAYAP SAYAP PATAH 2: OLIVIA,22,12.36,0,-1
2025-05-17,d33850e3698903061b4c18886ce00c9d,MISSION: IMPOSSIBLE - THE FINAL RECKONING,92,59.28,7,-1
2025-05-17,da6b584c30e784d15b54ad124a760b19,MISSION: IMPOSSIBLE - THE FINAL RECKONING,158,99.91,-1,-1
2025-05-17,da96492ebd43c4a193238d6c3205cc40,COCOTE TONGGO,37,26.0,2,-1
2025-05-17,dc77e7e26c0e5e3a5c44ec2de0cedbde,HOME SWEET HOME: REBIRTH,15,13.39,0,-1
2025-05-17,dc77e7e26c0e5e3a5c44ec2de0cedbde,MUNGKIN KITA PERLU WAKTU,27,23.92,-1,-1
2025-05-17,dc77e7e26c0e5e3a5c44ec2de0cedbde,PENGEPUNGAN DI BUKIT DURI,40,31.2,-1,1
2025-05-17,e939d818a5192f48fc4b73102e3aa4b9,MISSION: IMPOSSIBLE - THE FINAL RECKONING,195,87.15,-1,-1
2025-05-17,ea7df0c99b450ecdea38cf34ae1f158f,ANAK MEDAN: COCOK KO RASA???,44,33.99,8,-1
2025-05-17,ea7df0c99b450ecdea38cf34ae1f158f,MISSION: IMPOSSIBLE - THE FINAL RECKONING,87,61.95,-1,-1
2025-05-17,ef2896a95abe2a2b4cfee245dc1e36ec,MISSION: IMPOSSIBLE - THE FINAL RECKONING,16,12.36,6,5
2025-05-17,f292a4101ca0420357a2d18b3a013e5f,COCOTE TONGGO,19,13.52,-1,-1
2025-05-17,f292a4101ca0420357a2d18b3a013e5f,MUNGKIN KITA PERLU WAKTU,21,14.7,-1,-1
2025-05-17,f3a9ac312f7bc4e2467a1bf02a6aa1e9,MISSION: IMPOSSIBLE - THE FINAL RECKONING,226,90.48,2,-1
2025-05-17,f7734bb329cacfe21ce854ae822b6115,HOME SWEET HOME: REBIRTH,33,27.3,-1,-1
2025-05-17,f7734bb329cacfe21ce854ae822b6115,MISSION: IMPOSSIBLE - THE FINAL RECKONING,172,93.45,-1,-1
2025-05-17,fcf80028ec9bbf8efaee3932e529a78f,MISSION: IMPOSSIBLE - THE FINAL RECKONING,100,46.8,-1,5
2025-05-17,fcf80028ec9bbf8efaee3932e529a78f,SAYAP SAYAP PATAH 2: OLIVIA,52,32.24,7,3
2025-05-18,0318cab65e5a4dbb61243ab4747fb621,HOME SWEET HOME: REBIRTH,16,11.55,-1,-1
2025-05-18,0318cab65e5a4dbb61243ab4747fb621,MISSION: IMPOSSIBLE - THE FINAL RECKONING,146,72.45,-1,4
2025-05-18,04a2de432a8901363a05137a8e8de1d2,MISSION: IMPOSSIBLE - THE FINAL RECKONING,150,88.58,-1,-1
2025-05-18,0a8777c6c78e2d102bdf459f8550cf93,MISSION: IMPOSSIBLE - THE FINAL RECKONING,111,85.49,-1,-1
2025-05-18,108f9a4d181f12fd1b7e3c9adae38478,MUNGKIN KITA PERLU WAKTU,23,14.42,7,8
2025-05-18,14b63ff2b104903ead7d884f25382e57,MISSION: IMPOSSIBLE - THE FINAL RECKONING,170,92.7,-1,5
2025-05-18,17e1e7da761f72bbb4e039ba08cc0ba0,DASIM,67,40.56,6,9
2025-05-18,17e1e7da761f72bbb4e039ba08cc0ba0,GODAAN SETAN YANG TERKUTUK,22,16.8,-1,1
2025-05-18,19f506af810fe579721721d058f6b243,HOME SWEET HOME: REBIRTH,70,62.4,8,-1
2025-05-18,202dbf4df0e433f092fca1aa8162c400,MISSION: IMPOSSIBLE - THE FINAL RECKONING,123,95.68,10,-1
2025-05-18,202dbf4df0e433f092fca1aa8162c400,THUNDERBOLTS*,36,29.87,10,-1
2025-05-18,218c50fa4df90b3241e39ff8ffb41102,PENGEPUNGAN DI BUKIT DURI,26,15.45,8,7
2025-05-18,2318d3c719302ff137eb1b53fb32f0c8,MISSION: IMPOSSIBLE - THE FINAL RECKONING,19,13.39,-1,2
2025-05-18,25e1c125bdd513aa2355a8e558a1a908,MISSION: IMPOSSIBLE - THE FINAL RECKONING,26,19.57,1,8
2025-05-18,2e0ec493a87e740511b7b565386c06fe,MISSION: IMPOSSIBLE - THE FINAL RECKONING,159,96.72,-1,-1
2025-05-18,3744d5b8753c9cc72700ce7927fa0df3,MISSION: IMPOSSIBLE - THE FINAL RECKONING,92,70.72,-1,-1
2025-05-18,3acdf298dab1b92bbaaad74d86c0c40a,GODAAN SETAN YANG TERKUTUK,45,34.65,-1,1
2025-05-18,3acdf298dab1b92bbaaad74d86c0c40a,HOME SWEET HOME: REBIRTH,41,30.9,-1,-1
2025-05-18,3afae5dea7356f64f70605334bef46a7,MISSION: IMPOSSIBLE - THE FINAL RECKONING,129,75.6,-1,2
2025-05-18,3cc167017755a0197f18f93595c9ae85,MENDADAK DANGDUT,41,63.86,-1,-1
2025-05-18,3cc167017755a0197f18f93595c9ae85,MISSION: IMPOSSIBLE - THE FINAL RECKONING,53,24.96,-1,-1
2025-05-18,45f553cca86b28fedd6115abdd0ae734,JUMBO,53,27.3,-1,-1
2025-05-18,45f553cca86b28fedd6115abdd0ae734,MISSION: IMPOSSIBLE - THE FINAL RECKONING,107,52.53,7,3
2025-05-18,490346a8a068ba7d2e3764714c6d5323,MUNGKIN KITA PERLU WAKTU,33,20.6,8,-1
2025-05-18,4a4c71e99772e87c9e35a56acd8be21e,HOME SWEET HOME: REBIRTH,15,11.55,-1,-1
2025-05-18,4a61d7e09bbe3868d79af81be96ed6ee,MISSION: IMPOSSIBLE - THE FINAL RECKONING,41,85.05,-1,-1
2025-05-18,4ba87a86e02dd8a810032db35bf13c51,GODAAN SETAN YANG TERKUTUK,8,11.33,9,-1
2025-05-18,4ba87a86e02dd8a810032db35bf13c51,MISSION: IMPOSSIBLE - THE FINAL RECKONING,29,14.7,-1,-1
2025-05-18,4e12b237c826209f7ddc5b29a96380b6,SAYAP SAYAP PATAH 2: OLIVIA,21,17.85,-1,-1
2025-05-18,4eb26b1058266dc50a63dc875e4d8846,MISSION: IMPOSSIBLE - THE FINAL RECKONING,198,81.12,4,9
2025-05-18,52eed153a88a6bdcb46cbb266a07cba2,MUNGKIN KITA PERLU WAKTU,18,12.36,4,7
2025-05-18,53b77c875c67b68561415f23065e6e8d,MISSION: IMPOSSIBLE - THE FINAL RECKONING,24,78.28,-1,-1
2025-05-18,541130ea8083a789df5d15bbfe13055a,KOMANG,25,21.63,-1,-1
2025-05-18,580919d632e55fd9736ae1a2ac6ed0c5,HOLY NIGHT: DEMON HUNTERS,39,32.24,10,-1
2025-05-18,592095e0ddc2c230cf3002d72e9bac41,GODAAN SETAN YANG TERKUTUK,58,35.7,-1,-1
2025-05-18,592095e0ddc2c230cf3002d72e9bac41,MISSION: IMPOSSIBLE - THE FINAL RECKONING,182,92.7,-1,-1
2025-05-18,592095e0ddc2c230cf3002d72e9bac41,SAYAP SAYAP PATAH 2: OLIVIA,63,37.44,10,-1
2025-05-18,5a894958f375392ce7981be2eb9a26be,MISSION: IMPOSSIBLE - THE FINAL RECKONING,72,39.9,5,-1
2025-05-18,5ff7565cdb056b4bdcb43d0ea2b5380d,MISSION: IMPOSSIBLE - THE FINAL RECKONING,93,67.98,-1,-1
2025-05-18,62447bb073160adcf6d6022240a3663c,MISSION: IMPOSSIBLE - THE FINAL RECKONING,99,73.5,-1,-1
2025-05-18,66d433e397ff7f3d460500704fd40a5a,MISSION: IMPOSSIBLE - THE FINAL RECKONING,37,92.7,-1,-1
2025-05-18,7995e00051a2fe6aeed7cfdbe0378c01,MISSION: IMPOSSIBLE - THE FINAL RECKONING,165,94.5,-1,-1
2025-05-18,7c271f1e1351e6433b202d77b88012c2,SAYAP SAYAP PATAH 2: OLIVIA,28,15.75,-1,5
2025-05-18,8188326fb0a403be03ea632997c8a959,MISSION: IMPOSSIBLE - THE FINAL RECKONING,150,93.73,-1,-1
2025-05-18,81c620b2538435926cbbf15745ef5901,MISSION: IMPOSSIBLE - THE FINAL RECKONING,58,29.4,-1,-1
2025-05-18,8dbfb7aeb4ed822b358347332ba630af,MUNGKIN KITA PERLU WAKTU,30,19.57,6,3
2025-05-18,92e94ed55b4de8feaff9462a66e2dbd7,MUNGKIN KITA PERLU WAKTU,24,13.65,10,-1
2025-05-18,9715c9bc57db04a2506acfdab71ec1c6,JUMBO,46,36.05,7,-1
2025-05-18,9715c9bc57db04a2506acfdab71ec1c6,MISSION: IMPOSSIBLE - THE FINAL RECKONING,117,62.83,3,-1
2025-05-18,981569adf232c53afe751c8c660db8d9,COCOTE TONGGO,18,11.33,5,1
2025-05-18,981569adf232c53afe751c8c660db8d9,MISSION: IMPOSSIBLE - THE FINAL RECKONING,253,92.4,-1,10
2025-05-18,9aab42397bbc1d1cdb49f7044dc990f0,HOME SWEET HOME: REBIRTH,23,11.44,0,-1
2025-05-18,9cc7970100d8e4c2202f08cb78c6eb20,HOME SWEET HOME: REBIRTH,30,22.05,-1,2
2025-05-18,a09b9ee7f937939ee25c24ef8c2e91be,MISSION: IMPOSSIBLE - THE FINAL RECKONING,127,93.6,-1,10
2025-05-18,a55554e941cb93c23d1522f88fd0d004,MISSION: IMPOSSIBLE - THE FINAL RECKONING,165,89.61,-1,-1
2025-05-18,a691dd0d8274fa85ecdc7d5ad6df1628,JUMBO,57,46.35,-1,-1
2025-05-18,a691dd0d8274fa85ecdc7d5ad6df1628,MISSION: IMPOSSIBLE - THE FINAL RECKONING,140,61.95,0,-1
2025-05-18,a6d19ebcb27f61cbf41a6552fbf68676,MISSION: IMPOSSIBLE - THE FINAL RECKONING,113,70.35,8,-1
2025-05-18,a9d508d218799f9dc69bb4aefc122cb3,SHADOW FORCE,30,35.7,-1,-1
2025-05-18,a9e141baa8b4ec825325397b16eeaae3,HOME SWEET HOME: REBIRTH,25,16.8,-1,4
2025-05-18,afbb3b11f728a54ad1eb3ca34f602779,MISSION: IMPOSSIBLE - THE FINAL RECKONING,240,82.95,-1,-1
2025-05-18,b2539b1f80254243391774489b1328aa,MISSION: IMPOSSIBLE - THE FINAL RECKONING,70,33.6,-1,-1
2025-05-18,b704e8b10f13e14494b5a7a0ba39d9d9,MUNGKIN KITA PERLU WAKTU,11,15.6,6,-1
2025-05-18,b704e8b10f13e14494b5a7a0ba39d9d9,PEMBANTAIAN DUKUN SANTET,54,38.48,-1,-1
2025-05-18,be8de71502987819afd4c2ceea71c539,DASIM,37,31.2,2,-1
2025-05-18,be8de71502987819afd4c2ceea71c539,MISSION: IMPOSSIBLE - THE FINAL RECKONING,128,66.56,-1,-1
2025-05-18,c35e24eefa840ac2009279f1efc52288,MISSION: IMPOSSIBLE - THE FINAL RECKONING,216,75.6,4,-1
2025-05-18,c71a18e33d4b7c73c8124c65fc3e6f1c,HOME SWEET HOME: REBIRTH,34,26.78,-1,-1
2025-05-18,c71a18e33d4b7c73c8124c65fc3e6f1c,MISSION: IMPOSSIBLE - THE FINAL RECKONING,218,97.65,-1,10
2025-05-18,c71a18e33d4b7c73c8124c65fc3e6f1c,WARFARE,37,29.87,9,-1
2025-05-18,cb2a49a747f8989ee0356ec7ac354177,MISSION: IMPOSSIBLE - THE FINAL RECKONING,173,75.92,-1,-1
2025-05-18,d297f2f746c4fd2723f3202fafcbfa1a,MISSION: IMPOSSIBLE - THE FINAL RECKONING,83,33.28,-1,-1
2025-05-18,d297f2f746c4fd2723f3202fafcbfa1a,PEMBANTAIAN DUKUN SANTET,70,40.17,-1,-1
2025-05-18,d33850e3698903061b4c18886ce00c9d,MISSION: IMPOSSIBLE - THE FINAL RECKONING,47,29.87,-1,1
2025-05-18,da6b584c30e784d15b54ad124a760b19,MISSION: IMPOSSIBLE - THE FINAL RECKONING,129,81.37,2,-1
2025-05-18,da96492ebd43c4a193238d6c3205cc40,COCOTE TONGGO,24,16.48,5,9
2025-05-18,da96492ebd43c4a193238d6c3205cc40,PENGEPUNGAN DI BUKIT DURI,27,21.0,-1,6
2025-05-18,dc6de349945f10a4a296bb50d34fc504,MISSION: IMPOSSIBLE - THE FINAL RECKONING,41,99.91,-1,-1
2025-05-18,dc77e7e26c0e5e3a5c44ec2de0cedbde,PENGEPUNGAN DI BUKIT DURI,75,59.28,-1,-1
2025-05-18,df7f047e9886cfa1c0892c97f15d4146,MISSION: IMPOSSIBLE - THE FINAL RECKONING,45,95.55,-1,-1
2025-05-18,e3edf631650eb304cf386709b98005f6,PEMBANTAIAN DUKUN SANTET,28,24.96,-1,-1
2025-05-18,e8965581e1be78ac9a3145b6983ff6ec,HOME SWEET HOME: REBIRTH,17,14.7,-1,-1
2025-05-18,e939d818a5192f48fc4b73102e3aa4b9,MISSION: IMPOSSIBLE - THE FINAL RECKONING,187,82.16,-1,-1
2025-05-18,ea7df0c99b450ecdea38cf34ae1f158f,MISSION: IMPOSSIBLE - THE FINAL RECKONING,91,62.83,-1,-1
2025-05-18,ef2896a95abe2a2b4cfee245dc1e36ec,MISSION: IMPOSSIBLE - THE FINAL RECKONING,25,18.9,6,1
2025-05-18,f3a9ac312f7bc4e2467a1bf02a6aa1e9,MISSION: IMPOSSIBLE - THE FINAL RECKONING,141,57.75,8,-1
2025-05-18,f7734bb329cacfe21ce854ae822b6115,HOME SWEET HOME: REBIRTH,14,11.44,9,-1
2025-05-18,f7734bb329cacfe21ce854ae822b6115,MISSION: IMPOSSIBLE - THE FINAL RECKONING,130,68.64,-1,-1
2025-05-18,fcf80028ec9bbf8efaee3932e529a78f,MISSION: IMPOSSIBLE - THE FINAL RECKONING,102,52.0,2,-1
2025-05-18,fcf80028ec9bbf8efaee3932e529a78f,SAYAP SAYAP PATAH 2: OLIVIA,16,10.3,1,-1
2025-05-19,19f506af810fe579721721d058f6b243,HOME SWEET HOME: REBIRTH,13,10.4,0,-1
2025-05-19,218c50fa4df90b3241e39ff8ffb41102,PENGEPUNGAN DI BUKIT DURI,21,12.36,1,10
2025-05-19,29fc89ab155e9f202326046c2e0023bb,COCOTE TONGGO,55,33.28,-1,-1
2025-05-19,29fc89ab155e9f202326046c2e0023bb,GODAAN SETAN YANG TERKUTUK,37,22.88,-1,2
2025-05-19,29fc89ab155e9f202326046c2e0023bb,MUNGKIN KITA PERLU WAKTU,13,10.5,6,-1
2025-05-19,3cc167017755a0197f18f93595c9ae85,COCOTE TONGGO,19,28.84,-1,-1
2025-05-19,45f553cca86b28fedd6115abdd0ae734,THUNDERBOLTS*,32,16.48,-1,2
2025-05-19,7c271f1e1351e6433b202d77b88012c2,SAYAP SAYAP PATAH 2: OLIVIA,32,18.54,1,4
2025-05-19,8d2e05da5624875993cb8580c88334a9,HOME SWEET HOME: REBIRTH,8,11.55,-1,-1
2025-05-19,8dbfb7aeb4ed822b358347332ba630af,MUNGKIN KITA PERLU WAKTU,20,12.36,2,9
2025-05-19,9cc7970100d8e4c2202f08cb78c6eb20,HOME SWEET HOME: REBIRTH,21,14.7,-1,-1
2025-05-19,afbb3b11f728a54ad1eb3ca34f602779,PEMBANTAIAN DUKUN SANTET,42,22.88,-1,7
2025-05-19,b704e8b10f13e14494b5a7a0ba39d9d9,MUNGKIN KITA PERLU WAKTU,19,25.75,-1,-1
2025-05-19,be8de71502987819afd4c2ceea71c539,DASIM,14,10.4,4,1
2025-05-19,da96492ebd43c4a193238d6c3205cc40,HOME SWEET HOME: REBIRTH,24,16.48,5,9
2025-05-19,da96492ebd43c4a193238d6c3205cc40,MUNGKIN KITA PERLU WAKTU,19,14.7,-1,-1
2025-05-19,e8965581e1be78ac9a3145b6983ff6ec,GODAAN SETAN YANG TERKUTUK,15,12.36,7,4
2025-05-19,e939d818a5192f48fc4b73102e3aa4b9,COCOTE TONGGO,34,19.76,-1,1
2025-05-19,f3a9ac312f7bc4e2467a1bf02a6aa1e9,GODAAN SETAN YANG TERKUTUK,11,10.4,2,-1
2025-05-20,4ba87a86e02dd8a810032db35bf13c51,COCOTE TONGGO,9,12.36,2,-1
2025-05-20,bf33cc26f29bf266a83e35901fa80c9c,PEMBANTAIAN DUKUN SANTET,29,19.76,4,-1
2025-05-20,dc77e7e26c0e5e3a5c44ec2de0cedbde,SAYAP SAYAP PATAH 2: OLIVIA,127,89.25,-1,-1
2025-05-21,0318cab65e5a4dbb61243ab4747fb621,PEMBANTAIAN DUKUN SANTET,23,16.8,-1,2
2025-05-21,09ff932202ae245655ae248642132086,LILO & STITCH,14,32.96,-1,-1
2025-05-21,2318d3c719302ff137eb1b53fb32f0c8,DASIM,13,10.3,4,-1
2025-05-21,35de0354d956048d1c9c49ff069eaa55,SAYAP SAYAP PATAH 2: OLIVIA,20,15.75,0,-1
2025-05-21,53b77c875c67b68561415f23065e6e8d,LILO & STITCH,4,13.39,-1,-1
2025-05-21,79d0a75ad3523955b8d0e01198d6e9c9,LILO & STITCH,8,34.65,-1,-1
2025-05-21,81c620b2538435926cbbf15745ef5901,LILO & STITCH,90,45.15,3,-1
2025-05-21,9aab42397bbc1d1cdb49f7044dc990f0,GODAAN SETAN YANG TERKUTUK,32,23.92,-1,-1
2025-05-21,9aab42397bbc1d1cdb49f7044dc990f0,SAYAP SAYAP PATAH 2: OLIVIA,105,53.55,8,7
2025-05-21,d297f2f746c4fd2723f3202fafcbfa1a,LILO & STITCH,54,22.05,2,-1
2025-05-21,dc77e7e26c0e5e3a5c44ec2de0cedbde,SAYAP SAYAP PATAH 2: OLIVIA,33,22.88,2,6
2025-05-21,df7f047e9886cfa1c0892c97f15d4146,LILO & STITCH,12,22.66,-1,-1
2025-05-21,f54d37fc4c4d4b285aa3601041abc938,COCOTE TONGGO,79,69.68,-1,-1
2025-05-22,09ff932202ae245655ae248642132086,LILO & STITCH,28,70.35,-1,-1
2025-05-22,29fc89ab155e9f202326046c2e0023bb,PEMBANTAIAN DUKUN SANTET,21,15.45,-1,2
2025-05-22,4fc3fc370b299876663c7d5c90595853,JUMBO,39,22.66,7,10
2025-05-22,62447bb073160adcf6d6022240a3663c,LILO & STITCH,20,11.33,3,3
2025-05-22,7995e00051a2fe6aeed7cfdbe0378c01,DASIM,18,11.55,-1,-1
2025-05-22,79d0a75ad3523955b8d0e01198d6e9c9,LILO & STITCH,8,34.65,-1,-1
2025-05-22,9aab42397bbc1d1cdb49f7044dc990f0,SAYAP SAYAP PATAH 2: OLIVIA,32,15.75,8,9
2025-05-22,bf33cc26f29bf266a83e35901fa80c9c,DASIM,17,11.33,0,-1
2025-05-22,c48b7a4426e8cbee3f7dbfe8b87d1d89,JUMBO,44,28.08,-1,3
2025-05-22,dc6de349945f10a4a296bb50d34fc504,LILO & STITCH,7,17.51,-1,-1
2025-05-22,dc77e7e26c0e5e3a5c44ec2de0cedbde,SAYAP SAYAP PATAH 2: OLIVIA,59,39.14,-1,-1
2025-05-22,df7f047e9886cfa1c0892c97f15d4146,LILO & STITCH,6,12.6,10,-1
2025-05-22,f292a4101ca0420357a2d18b3a013e5f,JUMBO,24,17.68,5,-1
2025-05-22,f54d37fc4c4d4b285aa3601041abc938,GODAAN SETAN YANG TERKUTUK,46,35.02,-1,-1
2025-05-22,fcf80028ec9bbf8efaee3932e529a78f,LILO & STITCH,25,11.55,4,-1
2025-05-23,0318cab65e5a4dbb61243ab4747fb621,JUMBO,44,33.6,-1,2
2025-05-23,073b764928864ed8fa0b6b115bfdd685,LILO & STITCH,17,33.99,-1,-1
2025-05-23,09ff932202ae245655ae248642132086,LILO & STITCH,10,25.75,-1,-1
2025-05-23,29fc89ab155e9f202326046c2e0023bb,SAYAP SAYAP PATAH 2: OLIVIA,84,63.44,-1,-1
2025-05-23,35de0354d956048d1c9c49ff069eaa55,DASIM,16,13.52,-1,-1
2025-05-23,4a61d7e09bbe3868d79af81be96ed6ee,LILO & STITCH,5,10.4,8,-1
2025-05-23,4ba87a86e02dd8a810032db35bf13c51,SAYAP SAYAP PATAH 2: OLIVIA,8,11.33,9,-1
2025-05-23,4ed104ac0de10ba7eef50158603e0b32,THE RITUAL,88,72.8,3,-1
2025-05-23,4fc3fc370b299876663c7d5c90595853,JUMBO,53,41.6,-1,1
2025-05-23,53b77c875c67b68561415f23065e6e8d,LILO & STITCH,10,34.32,-1,-1
2025-05-23,62447bb073160adcf6d6022240a3663c,LILO & STITCH,23,13.52,10,-1
2025-05-23,79d0a75ad3523955b8d0e01198d6e9c9,LILO & STITCH,14,60.32,-1,-1
2025-05-23,a691dd0d8274fa85ecdc7d5ad6df1628,PEMBANTAIAN DUKUN SANTET,65,54.08,-1,-1
2025-05-23,c48b7a4426e8cbee3f7dbfe8b87d1d89,DASIM,18,11.44,5,-1
2025-05-23,c48b7a4426e8cbee3f7dbfe8b87d1d89,JUMBO,75,47.25,-1,-1
2025-05-23,dc6de349945f10a4a296bb50d34fc504,LILO & STITCH,11,28.35,-1,-1
2025-05-23,df7f047e9886cfa1c0892c97f15d4146,LILO & STITCH,16,32.55,-1,-1
2025-05-23,f54d37fc4c4d4b285aa3601041abc938,COCOTE TONGGO,52,45.32,-1,-1
2025-05-23,f54d37fc4c4d4b285aa3601041abc938,GODAAN SETAN YANG TERKUTUK,21,15.75,2,1
2025-05-24,015555fbcd8faef6b55a854605df0a87,PEMBANTAIAN DUKUN SANTET,47,26.0,5,8
2025-05-24,09ff932202ae245655ae248642132086,LILO & STITCH,34,85.28,-1,-1
2025-05-24,3744d5b8753c9cc72700ce7927fa0df3,FINAL DESTINATION: BLOODLINES,41,33.6,1,-1
2025-05-24,4a61d7e09bbe3868d79af81be96ed6ee,LILO & STITCH,27,56.16,-1,-1
2025-05-24,4e12b237c826209f7ddc5b29a96380b6,THUNDERBOLTS*,44,30.45,-1,-1
2025-05-24,4ed104ac0de10ba7eef50158603e0b32,LILO & STITCH (3D),48,29.12,5,-1
2025-05-24,4fc3fc370b299876663c7d5c90595853,JUMBO,49,28.84,-1,-1
2025-05-24,53b77c875c67b68561415f23065e6e8d,LILO & STITCH,6,21.0,-1,-1
2025-05-24,79d0a75ad3523955b8d0e01198d6e9c9,LILO & STITCH,6,26.25,-1,-1
2025-05-24,81c620b2538435926cbbf15745ef5901,COCOTE TONGGO,66,48.88,-1,-1
2025-05-24,8dbfb7aeb4ed822b358347332ba630af,PEMBANTAIAN DUKUN SANTET,52,42.0,-1,10
2025-05-24,b704e8b10f13e14494b5a7a0ba39d9d9,JUMBO,20,12.48,-1,-1
2025-05-24,dc6de349945f10a4a296bb50d34fc504,LILO & STITCH,32,77.25,-1,-1
2025-05-24,df7f047e9886cfa1c0892c97f15d4146,LILO & STITCH,33,69.3,-1,-1
2025-05-24,f54d37fc4c4d4b285aa3601041abc938,GODAAN SETAN YANG TERKUTUK,55,41.6,-1,3
2025-05-25,09ff932202ae245655ae248642132086,LILO & STITCH,40,99.75,-1,-1
2025-05-25,3744d5b8753c9cc72700ce7927fa0df3,FINAL DESTINATION: BLOODLINES,50,38.48,-1,-1
2025-05-25,4a61d7e09bbe3868d79af81be96ed6ee,LILO & STITCH,38,80.85,-1,-1
2025-05-25,53b77c875c67b68561415f23065e6e8d,LILO & STITCH,14,48.3,-1,-1
2025-05-25,5a894958f375392ce7981be2eb9a26be,FINAL DESTINATION: BLOODLINES,20,10.4,1,2
2025-05-25,62447bb073160adcf6d6022240a3663c,GUNDIK,61,45.32,2,-1
2025-05-25,79d0a75ad3523955b8d0e01198d6e9c9,LILO & STITCH,7,30.16,-1,-1
2025-05-25,7c271f1e1351e6433b202d77b88012c2,LILO & STITCH,32,10.5,4,7
2025-05-25,81c620b2538435926cbbf15745ef5901,COCOTE TONGGO,102,76.65,-1,-1
2025-05-25,8dbfb7aeb4ed822b358347332ba630af,PEMBANTAIAN DUKUN SANTET,50,39.14,-1,-1
2025-05-25,9cc7970100d8e4c2202f08cb78c6eb20,ANGKARA MURKA,15,10.3,2,-1
2025-05-25,afbb3b11f728a54ad1eb3ca34f602779,FINAL DESTINATION: BLOODLINES,74,37.8,5,-1
2025-05-25,b2539b1f80254243391774489b1328aa,LILO & STITCH,42,19.76,7,9
2025-05-25,c48b7a4426e8cbee3f7dbfe8b87d1d89,JUMBO,83,41.2,6,-1
2025-05-25,da96492ebd43c4a193238d6c3205cc40,JUMBO,109,96.82,-1,-1
2025-05-25,dc6de349945f10a4a296bb50d34fc504,LILO & STITCH,18,44.1,-1,-1
2025-05-25,df7f047e9886cfa1c0892c97f15d4146,LILO & STITCH,42,88.4,-1,-1
2025-05-25,e7ec114c2ec166155149062023617e8b,COCOTE TONGGO,76,55.62,-1,-1
2025-05-25,f54d37fc4c4d4b285aa3601041abc938,GODAAN SETAN YANG TERKUTUK,79,59.28,-1,-1
2025-05-26,09ff932202ae245655ae248642132086,LILO & STITCH,25,61.8,-1,-1
2025-05-26,1240789770bc04e7d26e5fa31c075ced,GUNDIK,36,15.45,0,2
2025-05-26,202dbf4df0e433f092fca1aa8162c400,LILO & STITCH,21,16.48,8,6
2025-05-26,3744d5b8753c9cc72700ce7927fa0df3,FINAL DESTINATION: BLOODLINES,22,16.48,7,7
2025-05-26,4a61d7e09bbe3868d79af81be96ed6ee,LILO & STITCH,15,31.93,-1,-1
2025-05-26,53b77c875c67b68561415f23065e6e8d,LILO & STITCH,6,20.8,-1,-1
2025-05-26,66d433e397ff7f3d460500704fd40a5a,FINAL DESTINATION: BLOODLINES,7,17.85,-1,-1
2025-05-26,66d433e397ff7f3d460500704fd40a5a,LILO & STITCH,15,36.4,-1,-1
2025-05-26,79d0a75ad3523955b8d0e01198d6e9c9,FINAL DESTINATION: BLOODLINES,6,26.25,-1,-1
2025-05-26,7c271f1e1351e6433b202d77b88012c2,LILO & STITCH,56,18.72,-1,-1
2025-05-26,81c620b2538435926cbbf15745ef5901,COCOTE TONGGO,27,19.95,-1,-1
2025-05-26,b2539b1f80254243391774489b1328aa,LILO & STITCH,38,17.85,-1,-1
2025-05-26,c48b7a4426e8cbee3f7dbfe8b87d1d89,JUMBO,40,19.57,5,4
2025-05-26,df7f047e9886cfa1c0892c97f15d4146,LILO & STITCH,8,16.8,-1,-1
2025-05-26,e7ec114c2ec166155149062023617e8b,COCOTE TONGGO,20,14.42,10,5
2025-05-26,f54d37fc4c4d4b285aa3601041abc938,GODAAN SETAN YANG TERKUTUK,33,24.96,-1,-1
2025-05-27,073b764928864ed8fa0b6b115bfdd685,JUMBO,44,14.56,1,6
2025-05-27,09ff932202ae245655ae248642132086,LILO & STITCH,7,17.51,-1,-1
2025-05-27,1240789770bc04e7d26e5fa31c075ced,GUNDIK,38,16.64,-1,-1
2025-05-27,202dbf4df0e433f092fca1aa8162c400,LILO & STITCH,36,29.4,-1,-1
2025-05-27,4a61d7e09bbe3868d79af81be96ed6ee,LILO & STITCH,5,10.5,-1,-1
2025-05-27,53b77c875c67b68561415f23065e6e8d,LILO & STITCH,11,37.8,-1,-1
2025-05-27,66d433e397ff7f3d460500704fd40a5a,LILO & STITCH,7,17.68,-1,-1
2025-05-27,79d0a75ad3523955b8d0e01198d6e9c9,FINAL DESTINATION: BLOODLINES,5,20.6,-1,-1
2025-05-27,d297f2f746c4fd2723f3202fafcbfa1a,LILO & STITCH,61,23.69,7,2
2025-05-27,da6b584c30e784d15b54ad124a760b19,FINAL DESTINATION: BLOODLINES,16,10.4,2,3
2025-05-27,df7f047e9886cfa1c0892c97f15d4146,LILO & STITCH,7,14.42,8,-1
2025-05-27,f54d37fc4c4d4b285aa3601041abc938,GODAAN SETAN YANG TERKUTUK,32,23.69,-1,-1
2025-05-28,09ff932202ae245655ae248642132086,KARATE KID: LEGENDS,20,49.35,-1,-1
2025-05-28,17e1e7da761f72bbb4e039ba08cc0ba0,LILO & STITCH,5,22.88,-1,-1
2025-05-28,4a4c71e99772e87c9e35a56acd8be21e,LILO & STITCH,17,13.52,-1,-1
2025-05-28,4ba87a86e02dd8a810032db35bf13c51,LILO & STITCH,26,36.05,5,-1
2025-05-28,53b77c875c67b68561415f23065e6e8d,KARATE KID: LEGENDS,11,37.44,-1,-1
2025-05-28,57d37d0d839b9dff6f87d6b5d5b679cc,LILO & STITCH,85,36.75,1,-1
2025-05-28,8188326fb0a403be03ea632997c8a959,LILO & STITCH,21,17.85,-1,-1
2025-05-28,81c620b2538435926cbbf15745ef5901,COCOTE TONGGO,21,14.42,9,6
2025-05-28,9cc7970100d8e4c2202f08cb78c6eb20,LILO & STITCH,23,10.3,1,6
2025-05-28,9f0564f5cabe643e4dbb08b80d3cc241,FINAL DESTINATION: BLOODLINES,148,50.4,-1,-1
2025-05-28,a616a546264044ed616bc2bdf2d9f7fc,LILO & STITCH,29,23.69,-1,-1
2025-05-28,d297f2f746c4fd2723f3202fafcbfa1a,LILO & STITCH,35,13.52,3,2
2025-05-28,dc6de349945f10a4a296bb50d34fc504,KARATE KID: LEGENDS,24,59.85,-1,-1
2025-05-28,df7f047e9886cfa1c0892c97f15d4146,KARATE KID: LEGENDS,27,55.62,-1,-1
2025-05-28,ecace029de4a6bd4ae872928509cd71d,JUMBO,50,31.93,3,-1
2025-05-29,09ff932202ae245655ae248642132086,KARATE KID: LEGENDS,30,75.6,-1,-1
2025-05-29,1240789770bc04e7d26e5fa31c075ced,COCOTE TONGGO,29,12.6,2,-1
2025-05-29,2318d3c719302ff137eb1b53fb32f0c8,MISSION: IMPOSSIBLE - THE FINAL RECKONING,23,16.48,6,8
2025-05-29,26a644178fbdb277dc3c50997f6df7fe,FINAL DESTINATION: BLOODLINES,51,21.84,6,6
2025-05-29,4a61d7e09bbe3868d79af81be96ed6ee,KARATE KID: LEGENDS,20,40.17,-1,-1
2025-05-29,53b77c875c67b68561415f23065e6e8d,KARATE KID: LEGENDS,11,33.99,-1,-1
2025-05-29,57d37d0d839b9dff6f87d6b5d5b679cc,LILO & STITCH,183,79.8,-1,-1
2025-05-29,5ff7565cdb056b4bdcb43d0ea2b5380d,LILO & STITCH,29,29.12,-1,-1
2025-05-29,79d0a75ad3523955b8d0e01198d6e9c9,KARATE KID: LEGENDS,5,20.6,-1,-1
2025-05-29,81c620b2538435926cbbf15745ef5901,COCOTE TONGGO,83,61.8,-1,-1
2025-05-29,9cc7970100d8e4c2202f08cb78c6eb20,LILO & STITCH,176,81.37,-1,10
2025-05-29,a616a546264044ed616bc2bdf2d9f7fc,LILO & STITCH,87,72.1,-1,-1
2025-05-29,a6d19ebcb27f61cbf41a6552fbf68676,LILO & STITCH,117,89.44,10,-1
2025-05-29,b704e8b10f13e14494b5a7a0ba39d9d9,WARFARE,35,25.75,8,-1
2025-05-29,d297f2f746c4fd2723f3202fafcbfa1a,LILO & STITCH,67,26.78,-1,3
2025-05-29,dc6de349945f10a4a296bb50d34fc504,KARATE KID: LEGENDS,21,52.0,5,-1
2025-05-29,df7f047e9886cfa1c0892c97f15d4146,KARATE KID: LEGENDS,12,26.25,9,-1
2025-05-29,ecace029de4a6bd4ae872928509cd71d,JUMBO,122,79.04,10,-1
2025-05-30,09ff932202ae245655ae248642132086,KARATE KID: LEGENDS,33,80.85,-1,-1
2025-05-30,14b63ff2b104903ead7d884f25382e57,LILO & STITCH,16,13.52,-1,-1
2025-05-30,15c7dc37db27dd76f38cc419107f7c48,DENDAM MALAM KELAM,17,16.8,4,-1
2025-05-30,15c7dc37db27dd76f38cc419107f7c48,GUNDIK,41,40.17,6,-1
2025-05-30,26a644178fbdb277dc3c50997f6df7fe,PEMBANTAIAN DUKUN SANTET,20,18.72,-1,-1
2025-05-30,26a644178fbdb277dc3c50997f6df7fe,THE RITUAL,15,13.39,0,-1
2025-05-30,312cd6ebdd3af9ac55f7b3d31ecab9c2,THE RITUAL,15,10.3,2,-1
2025-05-30,4a61d7e09bbe3868d79af81be96ed6ee,KARATE KID: LEGENDS,16,31.93,-1,-1
2025-05-30,53b77c875c67b68561415f23065e6e8d,KARATE KID: LEGENDS,5,16.64,-1,-1
2025-05-30,57d37d0d839b9dff6f87d6b5d5b679cc,LILO & STITCH,93,39.9,-1,10
2025-05-30,81c620b2538435926cbbf15745ef5901,COCOTE TONGGO,31,22.88,4,4
2025-05-30,9cc7970100d8e4c2202f08cb78c6eb20,LILO & STITCH,74,34.65,5,4
2025-05-30,9cc7970100d8e4c2202f08cb78c6eb20,THE RITUAL,29,21.0,-1,8
2025-05-30,a9d508d218799f9dc69bb4aefc122cb3,DENDAM MALAM KELAM,12,10.3,5,-1
2025-05-30,d297f2f746c4fd2723f3202fafcbfa1a,COCOTE TONGGO,35,19.95,-1,-1
2025-05-30,d297f2f746c4fd2723f3202fafcbfa1a,LILO & STITCH,45,26.25,-1,3
2025-05-30,d33850e3698903061b4c18886ce00c9d,KARATE KID: LEGENDS,22,16.48,7,7
2025-05-30,d33850e3698903061b4c18886ce00c9d,LILO & STITCH,27,20.6,-1,-1
2025-05-30,dc6de349945f10a4a296bb50d34fc504,KARATE KID: LEGENDS,25,61.8,-1,-1
2025-05-30,df7f047e9886cfa1c0892c97f15d4146,LILO & STITCH,16,33.99,-1,-1
2025-05-30,e7ec114c2ec166155149062023617e8b,GUNDIK,29,21.0,-1,8
2025-05-30,e7ec114c2ec166155149062023617e8b,THE RITUAL,34,24.72,10,-1
2025-05-31,09ff932202ae245655ae248642132086,KARATE KID: LEGENDS,29,73.5,-1,-1
2025-05-31,14b63ff2b104903ead7d884f25382e57,LILO & STITCH,46,37.44,-1,-1
2025-05-31,15c7dc37db27dd76f38cc419107f7c48,DENDAM MALAM KELAM,43,43.05,-1,-1
2025-05-31,15c7dc37db27dd76f38cc419107f7c48,GUNDIK,29,29.4,-1,-1
2025-05-31,218c50fa4df90b3241e39ff8ffb41102,GUNDIK,18,11.33,5,1
2025-05-31,2318d3c719302ff137eb1b53fb32f0c8,GUNDIK,24,17.85,-1,-1
2025-05-31,494c8f1916a97efe3390ba9dbab6ce7d,LILO & STITCH,26,17.85,-1,-1
2025-05-31,4a61d7e09bbe3868d79af81be96ed6ee,KARATE KID: LEGENDS,28,58.24,-1,-1
2025-05-31,53b77c875c67b68561415f23065e6e8d,KARATE KID: LEGENDS,9,31.2,-1,-1
2025-05-31,57d37d0d839b9dff6f87d6b5d5b679cc,LILO & STITCH,92,39.14,-1,-1
2025-05-31,57d37d0d839b9dff6f87d6b5d5b679cc,THE RITUAL,28,16.8,-1,7
2025-05-31,580919d632e55fd9736ae1a2ac6ed0c5,THE RITUAL,69,57.2,-1,-1
2025-05-31,5ff7565cdb056b4bdcb43d0ea2b5380d,LILO & STITCH,26,18.72,9,-1
2025-05-31,6b88b1af662b72fbfa35004a8edfe2e9,THE RITUAL,13,10.4,0,-1
2025-05-31,862442166e956fe0e8355db8852d9440,THE RITUAL,54,44.29,8,-1
2025-05-31,9158e16be84a6db4d63d3289099f119b,GUNDIK,35,30.45,-1,-1
2025-05-31,9158e16be84a6db4d63d3289099f119b,THE RITUAL,23,18.54,5,-1
2025-05-31,9cc7970100d8e4c2202f08cb78c6eb20,LILO & STITCH,85,39.9,-1,2
2025-05-31,9cc7970100d8e4c2202f08cb78c6eb20,THE RITUAL,20,13.65,-1,-1
2025-05-31,d297f2f746c4fd2723f3202fafcbfa1a,COCOTE TONGGO,22,12.48,-1,-1
2025-05-31,d297f2f746c4fd2723f3202fafcbfa1a,LILO & STITCH,29,16.48,0,-1
2025-05-31,d33850e3698903061b4c18886ce00c9d,KARATE KID: LEGENDS,25,18.72,10,-1
2025-05-31,dc6de349945f10a4a296bb50d34fc504,KARATE KID: LEGENDS,24,59.85,-1,-1
2025-05-31,df7f047e9886cfa1c0892c97f15d4146,LILO & STITCH,20,40.56,-1,-1
2025-05-31,e7ec114c2ec166155149062023617e8b,GUNDIK,32,22.88,3,5
2025-05-31,e7ec114c2ec166155149062023617e8b,THE RITUAL,56,40.95,-1,-1
2025-05-31,e989d8fdc91de7e6ffbb72a2f5ac79f6,DENDAM MALAM KELAM,20,16.48,9,5
2025-05-31,ef2896a95abe2a2b4cfee245dc1e36ec,KARATE KID: LEGENDS,18,13.52,-1,-1
2025-06-01,0191582d75f94a412c0fa12d36bcee3f,GUNDIK,123,74.88,-1,-1
2025-06-01,04a2de432a8901363a05137a8e8de1d2,KARATE KID: LEGENDS,46,26.78,3,-1
2025-06-01,04a2de432a8901363a05137a8e8de1d2,WAKTU MAGHRIB 2,54,31.2,-1,-1
2025-06-01,073b764928864ed8fa0b6b115bfdd685,WAKTU MAGHRIB 2,104,52.0,0,-1
2025-06-01,108f9a4d181f12fd1b7e3c9adae38478,GUNDIK,27,23.92,-1,-1
2025-06-01,108f9a4d181f12fd1b7e3c9adae38478,MISSION: IMPOSSIBLE - THE FINAL RECKONING (IMAX 2D) ,151,49.92,-1,-1
2025-06-01,14b63ff2b104903ead7d884f25382e57,LILO & STITCH,31,24.96,-1,-1
2025-06-01,14b63ff2b104903ead7d884f25382e57,WAKTU MAGHRIB 2,57,30.9,-1,2
2025-06-01,15c7dc37db27dd76f38cc419107f7c48,JUMBO,27,27.3,-1,-1
2025-06-01,15c7dc37db27dd76f38cc419107f7c48,LILO & STITCH,67,66.95,-1,-1
2025-06-01,15c7dc37db27dd76f38cc419107f7c48,WAKTU MAGHRIB 2,46,20.6,2,5
2025-06-01,17e1e7da761f72bbb4e039ba08cc0ba0,COCOTE TONGGO,77,57.68,-1,-1
2025-06-01,17e1e7da761f72bbb4e039ba08cc0ba0,FINAL DESTINATION: BLOODLINES,23,20.6,-1,-1
2025-06-01,17e1e7da761f72bbb4e039ba08cc0ba0,LILO & STITCH,47,36.4,-1,-1
2025-06-01,202dbf4df0e433f092fca1aa8162c400,LILO & STITCH,31,25.75,-1,-1
2025-06-01,218c50fa4df90b3241e39ff8ffb41102,COCOTE TONGGO,47,36.4,-1,-1
2025-06-01,2318d3c719302ff137eb1b53fb32f0c8,DENDAM MALAM KELAM,20,15.6,2,3
2025-06-01,25e1c125bdd513aa2355a8e558a1a908,COCOTE TONGGO,21,15.45,-1,2
2025-06-01,25e1c125bdd513aa2355a8e558a1a908,WAKTU MAGHRIB 2,20,15.45,-1,1
2025-06-01,26a644178fbdb277dc3c50997f6df7fe,FINAL DESTINATION: BLOODLINES,33,16.48,10,3
2025-06-01,26a644178fbdb277dc3c50997f6df7fe,JUMBO,56,54.6,-1,-1
2025-06-01,29fc89ab155e9f202326046c2e0023bb,FINAL DESTINATION: BLOODLINES,61,25.75,8,1
2025-06-01,29fc89ab155e9f202326046c2e0023bb,LILO & STITCH,83,31.2,0,5
2025-06-01,29fc89ab155e9f202326046c2e0023bb,WAKTU MAGHRIB 2,93,70.04,-1,-1
2025-06-01,312cd6ebdd3af9ac55f7b3d31ecab9c2,FINAL DESTINATION: BLOODLINES,94,76.96,-1,-1
2025-06-01,35de0354d956048d1c9c49ff069eaa55,GUNDIK,30,25.75,-1,-1
2025-06-01,3744d5b8753c9cc72700ce7927fa0df3,COCOTE TONGGO,13,10.4,0,-1
2025-06-01,3744d5b8753c9cc72700ce7927fa0df3,FINAL DESTINATION: BLOODLINES,59,48.41,2,-1
2025-06-01,3afae5dea7356f64f70605334bef46a7,GUNDIK,17,10.3,0,-1
2025-06-01,3afae5dea7356f64f70605334bef46a7,KARATE KID: LEGENDS,32,20.8,-1,6
2025-06-01,3afae5dea7356f64f70605334bef46a7,WAKTU MAGHRIB 2,45,26.25,-1,3
2025-06-01,3c41b96b56b0aab1ed5fc5e703499730,FINAL DESTINATION: BLOODLINES,26,13.65,8,-1
2025-06-01,3cc167017755a0197f18f93595c9ae85,GUNDIK,45,70.72,-1,-1
2025-06-01,3cc167017755a0197f18f93595c9ae85,LILO & STITCH,39,28.84,-1,-1
2025-06-01,3cc167017755a0197f18f93595c9ae85,MISSION: IMPOSSIBLE - THE FINAL RECKONING,49,32.55,-1,-1
2025-06-01,3cc167017755a0197f18f93595c9ae85,WAKTU MAGHRIB 2,47,21.63,6,2
2025-06-01,3f6093566521149f8e37fa4e3fafe7cc,WAKTU MAGHRIB 2,34,28.84,-1,-1
2025-06-01,45f553cca86b28fedd6115abdd0ae734,WAKTU MAGHRIB 2,45,21.63,0,-1
2025-06-01,490346a8a068ba7d2e3764714c6d5323,FINAL DESTINATION: BLOODLINES,46,35.7,-1,-1
2025-06-01,490346a8a068ba7d2e3764714c6d5323,KARATE KID: LEGENDS,36,32.24,-1,-1
2025-06-01,494c8f1916a97efe3390ba9dbab6ce7d,FINAL DESTINATION: BLOODLINES,31,17.51,0,-1
2025-06-01,494c8f1916a97efe3390ba9dbab6ce7d,LILO & STITCH,32,23.1,-1,-1
2025-06-01,4a4c71e99772e87c9e35a56acd8be21e,GUNDIK,58,49.35,-1,-1
2025-06-01,4a4c71e99772e87c9e35a56acd8be21e,KARATE KID: LEGENDS,36,23.1,-1,-1
2025-06-01,4a61d7e09bbe3868d79af81be96ed6ee,MISSION: IMPOSSIBLE - THE FINAL RECKONING,22,45.15,-1,-1
2025-06-01,4eb26b1058266dc50a63dc875e4d8846,GUNDIK,33,27.3,-1,-1
2025-06-01,4eb26b1058266dc50a63dc875e4d8846,LILO & STITCH,15,12.6,1,-1
2025-06-01,4eb26b1058266dc50a63dc875e4d8846,WAKTU MAGHRIB 2,55,39.9,-1,-1
2025-06-01,4fc3fc370b299876663c7d5c90595853,DENDAM MALAM KELAM,53,43.05,-1,-1
2025-06-01,4fc3fc370b299876663c7d5c90595853,FINAL DESTINATION: BLOODLINES,15,10.3,2,-1
2025-06-01,4fc3fc370b299876663c7d5c90595853,GUNDIK,47,37.8,1,-1
2025-06-01,4fc3fc370b299876663c7d5c90595853,WAKTU MAGHRIB 2,72,58.8,-1,-1
2025-06-01,52eed153a88a6bdcb46cbb266a07cba2,GUNDIK,17,11.55,-1,-1
2025-06-01,52eed153a88a6bdcb46cbb266a07cba2,THE RITUAL,37,27.3,-1,-1
2025-06-01,57d37d0d839b9dff6f87d6b5d5b679cc,COCOTE TONGGO,27,19.95,-1,-1
2025-06-01,580919d632e55fd9736ae1a2ac6ed0c5,THE RITUAL,56,46.35,-1,-1
2025-06-01,592095e0ddc2c230cf3002d72e9bac41,LILO & STITCH,33,18.9,-1,2
2025-06-01,592095e0ddc2c230cf3002d72e9bac41,WAKTU MAGHRIB 2,47,23.92,3,-1
2025-06-01,5b8eaa351fae8e6d1e759e814d74c1c5,MUMU,43,30.16,-1,5
2025-06-01,5ff7565cdb056b4bdcb43d0ea2b5380d,WAKTU MAGHRIB 2,23,16.64,-1,-1
2025-06-01,62447bb073160adcf6d6022240a3663c,JUMBO,34,25.2,-1,2
2025-06-01,62447bb073160adcf6d6022240a3663c,MISSION: IMPOSSIBLE - THE FINAL RECKONING,62,45.76,-1,8
2025-06-01,66d433e397ff7f3d460500704fd40a5a,LILO & STITCH,15,38.85,-1,-1
2025-06-01,66d433e397ff7f3d460500704fd40a5a,MISSION: IMPOSSIBLE - THE FINAL RECKONING,32,80.85,-1,-1
2025-06-01,7114d91eccf418326f7a9a05943c04e1,DENDAM MALAM KELAM,74,56.7,-1,-1
2025-06-01,7114d91eccf418326f7a9a05943c04e1,LILO & STITCH,41,31.5,-1,1
2025-06-01,7114d91eccf418326f7a9a05943c04e1,WAKTU MAGHRIB 2,59,36.05,3,6
2025-06-01,716ede53fbca27fbe1c1a55d6667c2b5,JUMBO,25,14.42,5,10
2025-06-01,7995e00051a2fe6aeed7cfdbe0378c01,KARATE KID: LEGENDS,48,32.24,1,-1
2025-06-01,7995e00051a2fe6aeed7cfdbe0378c01,LILO & STITCH,56,38.85,5,2
2025-06-01,7995e00051a2fe6aeed7cfdbe0378c01,WAKTU MAGHRIB 2,44,24.96,-1,-1
2025-06-01,7cade3ea25dae25fdb8c56776676b0c7,DENDAM MALAM KELAM,22,16.64,-1,-1
2025-06-01,7cade3ea25dae25fdb8c56776676b0c7,FINAL DESTINATION: BLOODLINES,30,17.68,2,1
2025-06-01,8188326fb0a403be03ea632997c8a959,KARATE KID: LEGENDS,32,26.25,10,-1
2025-06-01,81c620b2538435926cbbf15745ef5901,COCOTE TONGGO,74,54.59,-1,-1
2025-06-01,81c620b2538435926cbbf15745ef5901,KARATE KID: LEGENDS,22,15.6,0,5
2025-06-01,862442166e956fe0e8355db8852d9440,DENDAM MALAM KELAM,35,24.72,9,-1
2025-06-01,862442166e956fe0e8355db8852d9440,MISSION: IMPOSSIBLE - THE FINAL RECKONING (IMAX 2D) ,119,26.78,-1,-1
2025-06-01,862442166e956fe0e8355db8852d9440,THE RITUAL,24,19.57,3,6
2025-06-01,8d2e05da5624875993cb8580c88334a9,FINAL DESTINATION: BLOODLINES,39,57.75,2,-1
2025-06-01,8d2e05da5624875993cb8580c88334a9,GUNDIK,40,57.75,1,-1
2025-06-01,8d2e05da5624875993cb8580c88334a9,JUMBO,21,13.39,9,4
2025-06-01,8d2e05da5624875993cb8580c88334a9,KARATE KID: LEGENDS,51,35.02,-1,-1
2025-06-01,8d2e05da5624875993cb8580c88334a9,MISSION: IMPOSSIBLE - THE FINAL RECKONING,73,32.96,-1,-1
2025-06-01,9158e16be84a6db4d63d3289099f119b,GUNDIK,64,54.08,-1,-1
2025-06-01,9158e16be84a6db4d63d3289099f119b,LILO & STITCH,56,20.8,1,4
2025-06-01,9158e16be84a6db4d63d3289099f119b,WAKTU MAGHRIB 2,46,33.28,-1,-1
2025-06-01,919c7b9859d8ce7cab47dab2463e7fab,FINAL DESTINATION: BLOODLINES,29,20.8,-1,3
2025-06-01,92e94ed55b4de8feaff9462a66e2dbd7,GUNDIK,14,10.3,3,-1
2025-06-01,9715c9bc57db04a2506acfdab71ec1c6,MISSION: IMPOSSIBLE - THE FINAL RECKONING,57,43.68,-1,-1
2025-06-01,981569adf232c53afe751c8c660db8d9,DENDAM MALAM KELAM,57,39.14,-1,-1
2025-06-01,981569adf232c53afe751c8c660db8d9,FINAL DESTINATION: BLOODLINES,76,33.99,10,7
2025-06-01,981569adf232c53afe751c8c660db8d9,KARATE KID: LEGENDS,59,39.52,7,10
2025-06-01,981569adf232c53afe751c8c660db8d9,LILO & STITCH,78,54.6,-1,-1
2025-06-01,981569adf232c53afe751c8c660db8d9,MISSION: IMPOSSIBLE - THE FINAL RECKONING,126,75.6,1,-1
2025-06-01,9cc7970100d8e4c2202f08cb78c6eb20,LILO & STITCH,70,31.93,6,-1
2025-06-01,9eb47624e1e418bfac8b4fcc3a44a36b,KARATE KID: LEGENDS,70,48.3,1,-1
2025-06-01,9f0564f5cabe643e4dbb08b80d3cc241,GUNDIK,36,22.05,7,8
2025-06-01,9f0564f5cabe643e4dbb08b80d3cc241,LILO & STITCH,35,18.72,0,-1
2025-06-01,9f0564f5cabe643e4dbb08b80d3cc241,MISSION: IMPOSSIBLE - THE FINAL RECKONING,94,52.53,10,-1
2025-06-01,9f0564f5cabe643e4dbb08b80d3cc241,WAKTU MAGHRIB 2,41,22.88,-1,6
2025-06-01,a55554e941cb93c23d1522f88fd0d004,DENDAM MALAM KELAM,35,18.9,-1,4
2025-06-01,a616a546264044ed616bc2bdf2d9f7fc,COCOTE TONGGO,22,17.85,-1,-1
2025-06-01,a616a546264044ed616bc2bdf2d9f7fc,DENDAM MALAM KELAM,41,29.87,5,-1
2025-06-01,a616a546264044ed616bc2bdf2d9f7fc,LILO & STITCH,26,22.05,2,-1
2025-06-01,a691dd0d8274fa85ecdc7d5ad6df1628,DENDAM MALAM KELAM,63,53.55,-1,-1
2025-06-01,a691dd0d8274fa85ecdc7d5ad6df1628,LILO & STITCH,56,33.99,-1,4
2025-06-01,a6d19ebcb27f61cbf41a6552fbf68676,KARATE KID: LEGENDS,23,15.6,-1,1
2025-06-01,a6d19ebcb27f61cbf41a6552fbf68676,LILO & STITCH,23,16.48,6,8
2025-06-01,a9d508d218799f9dc69bb4aefc122cb3,GUNDIK,45,35.7,-1,-1
2025-06-01,a9d508d218799f9dc69bb4aefc122cb3,WAKTU MAGHRIB 2,48,38.48,-1,-1
2025-06-01,a9e141baa8b4ec825325397b16eeaae3,GUNDIK,48,30.16,9,10
2025-06-01,b2539b1f80254243391774489b1328aa,WAKTU MAGHRIB 2,30,13.52,3,-1
2025-06-01,b4972b48997defae8304bc9c41220c7c,FINAL DESTINATION: BLOODLINES,27,12.48,-1,-1
2025-06-01,be8de71502987819afd4c2ceea71c539,GUNDIK,47,39.14,-1,-1
2025-06-01,be8de71502987819afd4c2ceea71c539,KARATE KID: LEGENDS,21,16.64,-1,-1
2025-06-01,bf33cc26f29bf266a83e35901fa80c9c,FINAL DESTINATION: BLOODLINES,50,34.65,-1,6
2025-06-01,bf33cc26f29bf266a83e35901fa80c9c,LILO & STITCH,58,39.52,8,9
2025-06-01,bf33cc26f29bf266a83e35901fa80c9c,WAKTU MAGHRIB 2,64,37.44,9,-1
2025-06-01,c35e24eefa840ac2009279f1efc52288,KARATE KID: LEGENDS,90,67.98,-1,-1
2025-06-01,c35e24eefa840ac2009279f1efc52288,MISSION: IMPOSSIBLE - THE FINAL RECKONING,36,16.64,-1,-1
2025-06-01,c35e24eefa840ac2009279f1efc52288,WAKTU MAGHRIB 2,30,13.39,0,-1
2025-06-01,c877324e95024e707ae23f0aed947e15,JUMBO,77,58.8,-1,-1
2025-06-01,c877324e95024e707ae23f0aed947e15,WAKTU MAGHRIB 2,72,28.08,1,-1
2025-06-01,d1918db937d26e9e4ccd3e17e1ff0e2d,DENDAM MALAM KELAM,35,29.12,-1,-1
2025-06-01,d1918db937d26e9e4ccd3e17e1ff0e2d,JUMBO,46,29.12,7,-1
2025-06-01,d297f2f746c4fd2723f3202fafcbfa1a,COCOTE TONGGO,55,30.9,0,-1
2025-06-01,d297f2f746c4fd2723f3202fafcbfa1a,KARATE KID: LEGENDS,30,17.68,2,1
2025-06-01,d297f2f746c4fd2723f3202fafcbfa1a,MISSION: IMPOSSIBLE - THE FINAL RECKONING,22,12.36,0,-1
2025-06-01,da96492ebd43c4a193238d6c3205cc40,DENDAM MALAM KELAM,38,34.32,-1,-1
2025-06-01,dc6de349945f10a4a296bb50d34fc504,KARATE KID: LEGENDS,7,17.85,-1,-1
2025-06-01,dc77e7e26c0e5e3a5c44ec2de0cedbde,FINAL DESTINATION: BLOODLINES,82,49.44,6,-1
2025-06-01,dc77e7e26c0e5e3a5c44ec2de0cedbde,GUNDIK,82,56.16,0,-1
2025-06-01,dc77e7e26c0e5e3a5c44ec2de0cedbde,MISSION: IMPOSSIBLE - THE FINAL RECKONING (IMAX 2D) ,35,12.48,-1,-1
2025-06-01,e3edf631650eb304cf386709b98005f6,GUNDIK,75,68.25,-1,-1
2025-06-01,e3edf631650eb304cf386709b98005f6,LILO & STITCH,109,74.88,-1,-1
2025-06-01,e67d818ee0546f3b33d0ba2083ed4db5,DENDAM MALAM KELAM,22,16.64,-1,-1
2025-06-01,e67d818ee0546f3b33d0ba2083ed4db5,JUMBO,47,28.35,8,-1
2025-06-01,e67d818ee0546f3b33d0ba2083ed4db5,KARATE KID: LEGENDS,47,26.0,5,8
2025-06-01,e67d818ee0546f3b33d0ba2083ed4db5,THE RITUAL,57,34.65,-1,-1
2025-06-01,e7ec114c2ec166155149062023617e8b,THE RITUAL,33,23.92,-1,-1
2025-06-01,e8965581e1be78ac9a3145b6983ff6ec,FINAL DESTINATION: BLOODLINES,49,19.57,5,3
2025-06-01,e8965581e1be78ac9a3145b6983ff6ec,MISSION: IMPOSSIBLE - THE FINAL RECKONING (IMAX 2D) ,69,14.7,-1,-1
2025-06-01,e939d818a5192f48fc4b73102e3aa4b9,KARATE KID: LEGENDS,34,18.54,4,1
2025-06-01,e939d818a5192f48fc4b73102e3aa4b9,WAKTU MAGHRIB 2,50,22.05,6,7
2025-06-01,e989d8fdc91de7e6ffbb72a2f5ac79f6,FINAL DESTINATION: BLOODLINES,33,20.8,-1,7
2025-06-01,e989d8fdc91de7e6ffbb72a2f5ac79f6,JUMBO,30,26.25,-1,9
2025-06-01,ea7df0c99b450ecdea38cf34ae1f158f,GUNDIK,76,53.55,7,-1
2025-06-01,ea7df0c99b450ecdea38cf34ae1f158f,LILO & STITCH,38,29.12,-1,-1
2025-06-01,ea7df0c99b450ecdea38cf34ae1f158f,WAKTU MAGHRIB 2,93,65.1,4,-1
2025-06-01,ecace029de4a6bd4ae872928509cd71d,GUNDIK,38,24.72,6,-1
2025-06-01,ecace029de4a6bd4ae872928509cd71d,JUMBO,38,24.15,-1,-1
2025-06-01,ecace029de4a6bd4ae872928509cd71d,LILO & STITCH,44,29.12,9,-1
2025-06-01,ef2896a95abe2a2b4cfee245dc1e36ec,KARATE KID: LEGENDS,15,10.5,4,-1
2025-06-01,ef2896a95abe2a2b4cfee245dc1e36ec,WAKTU MAGHRIB 2,93,72.8,-1,2
2025-06-01,efe899b321b96d852776427476f14a06,COCOTE TONGGO,25,14.7,-1,-1
2025-06-01,efe899b321b96d852776427476f14a06,FINAL DESTINATION: BLOODLINES,59,19.76,6,9
2025-06-01,f292a4101ca0420357a2d18b3a013e5f,KARATE KID: LEGENDS,26,17.68,3,-1
2025-06-01,f3a9ac312f7bc4e2467a1bf02a6aa1e9,JUMBO,59,53.56,-1,-1
2025-06-01,f3a9ac312f7bc4e2467a1bf02a6aa1e9,KARATE KID: LEGENDS,46,30.9,9,-1
2025-06-01,f7734bb329cacfe21ce854ae822b6115,MISSION: IMPOSSIBLE - THE FINAL RECKONING,36,30.16,2,-1
2025-06-01,fcf80028ec9bbf8efaee3932e529a78f,LILO & STITCH,73,41.2,-1,-1
2025-06-02,015555fbcd8faef6b55a854605df0a87,DENDAM MALAM KELAM,20,13.39,10,3
2025-06-02,04a2de432a8901363a05137a8e8de1d2,GUNDIK,23,13.52,10,-1
2025-06-02,04a2de432a8901363a05137a8e8de1d2,MISSION: IMPOSSIBLE - THE FINAL RECKONING,34,13.52,4,1
2025-06-02,073b764928864ed8fa0b6b115bfdd685,GUNDIK,26,15.45,8,7
2025-06-02,073b764928864ed8fa0b6b115bfdd685,JUMBO,48,26.25,-1,6
2025-06-02,09ff932202ae245655ae248642132086,MISSION: IMPOSSIBLE - THE FINAL RECKONING,19,46.8,-1,-1
2025-06-02,108f9a4d181f12fd1b7e3c9adae38478,MISSION: IMPOSSIBLE - THE FINAL RECKONING (IMAX 2D) ,68,23.1,2,1
2025-06-02,108f9a4d181f12fd1b7e3c9adae38478,THE RITUAL,17,10.3,0,-1
2025-06-02,1240789770bc04e7d26e5fa31c075ced,LILO & STITCH,20,15.75,0,-1
2025-06-02,19f506af810fe579721721d058f6b243,LILO & STITCH,12,12.6,4,-1
2025-06-02,25e1c125bdd513aa2355a8e558a1a908,WAKTU MAGHRIB 2,15,10.5,4,-1
2025-06-02,26a644178fbdb277dc3c50997f6df7fe,DENDAM MALAM KELAM,58,27.04,5,5
2025-06-02,26a644178fbdb277dc3c50997f6df7fe,JUMBO,14,13.65,-1,-1
2025-06-02,26a644178fbdb277dc3c50997f6df7fe,KARATE KID: LEGENDS,20,14.42,10,5
2025-06-02,29fc89ab155e9f202326046c2e0023bb,DENDAM MALAM KELAM,69,50.47,-1,-1
2025-06-02,29fc89ab155e9f202326046c2e0023bb,FINAL DESTINATION: BLOODLINES,22,12.36,0,-1
2025-06-02,29fc89ab155e9f202326046c2e0023bb,THE RITUAL,58,32.96,1,-1
2025-06-02,312cd6ebdd3af9ac55f7b3d31ecab9c2,FINAL DESTINATION: BLOODLINES,52,42.23,-1,-1
2025-06-02,312cd6ebdd3af9ac55f7b3d31ecab9c2,KARATE KID: LEGENDS,12,26.25,9,-1
2025-06-02,312cd6ebdd3af9ac55f7b3d31ecab9c2,WAKTU MAGHRIB 2,47,20.6,1,6
2025-06-02,35de0354d956048d1c9c49ff069eaa55,DENDAM MALAM KELAM,26,21.0,-1,5
2025-06-02,35de0354d956048d1c9c49ff069eaa55,FINAL DESTINATION: BLOODLINES,41,36.75,2,-1
2025-06-02,3744d5b8753c9cc72700ce7927fa0df3,FINAL DESTINATION: BLOODLINES,35,28.08,6,-1
2025-06-02,3acdf298dab1b92bbaaad74d86c0c40a,MISSION: IMPOSSIBLE - THE FINAL RECKONING (IMAX 2D) ,29,11.33,0,6
2025-06-02,3afae5dea7356f64f70605334bef46a7,GUNDIK,25,15.75,-1,2
2025-06-02,3cc167017755a0197f18f93595c9ae85,WAKTU MAGHRIB 2,31,14.42,0,1
2025-06-02,45f553cca86b28fedd6115abdd0ae734,WAKTU MAGHRIB 2,38,18.9,10,7
2025-06-02,490346a8a068ba7d2e3764714c6d5323,FINAL DESTINATION: BLOODLINES,20,14.56,3,5
2025-06-02,494c8f1916a97efe3390ba9dbab6ce7d,FINAL DESTINATION: BLOODLINES,22,12.36,0,-1
2025-06-02,4a4c71e99772e87c9e35a56acd8be21e,GUNDIK,14,11.44,9,-1
2025-06-02,4a4c71e99772e87c9e35a56acd8be21e,LILO & STITCH,18,13.39,-1,1
2025-06-02,4a4c71e99772e87c9e35a56acd8be21e,WAKTU MAGHRIB 2,63,31.93,-1,10
2025-06-02,4eb26b1058266dc50a63dc875e4d8846,FINAL DESTINATION: BLOODLINES,22,15.45,-1,3
2025-06-02,4eb26b1058266dc50a63dc875e4d8846,GUNDIK,23,18.72,-1,-1
2025-06-02,4eb26b1058266dc50a63dc875e4d8846,WAKTU MAGHRIB 2,26,18.54,2,-1
2025-06-02,52eed153a88a6bdcb46cbb266a07cba2,THE RITUAL,21,15.75,2,1
2025-06-02,53b77c875c67b68561415f23065e6e8d,MISSION: IMPOSSIBLE - THE FINAL RECKONING,19,62.4,-1,-1
2025-06-02,57d37d0d839b9dff6f87d6b5d5b679cc,LILO & STITCH,49,31.5,-1,9
2025-06-02,57d37d0d839b9dff6f87d6b5d5b679cc,WAKTU MAGHRIB 2,29,12.36,3,7
2025-06-02,580919d632e55fd9736ae1a2ac6ed0c5,LILO & STITCH,46,27.3,-1,-1
2025-06-02,580919d632e55fd9736ae1a2ac6ed0c5,THE RITUAL,25,21.0,-1,4
2025-06-02,5a894958f375392ce7981be2eb9a26be,COCOTE TONGGO,30,33.6,-1,-1
2025-06-02,5a894958f375392ce7981be2eb9a26be,KARATE KID: LEGENDS,14,10.3,3,-1
2025-06-02,5ff7565cdb056b4bdcb43d0ea2b5380d,WAKTU MAGHRIB 2,23,16.64,-1,-1
2025-06-02,62447bb073160adcf6d6022240a3663c,WAKTU MAGHRIB 2,42,23.69,-1,-1
2025-06-02,716ede53fbca27fbe1c1a55d6667c2b5,KARATE KID: LEGENDS,27,14.42,3,-1
2025-06-02,7995e00051a2fe6aeed7cfdbe0378c01,KARATE KID: LEGENDS,19,10.5,0,-1
2025-06-02,7995e00051a2fe6aeed7cfdbe0378c01,MISSION: IMPOSSIBLE - THE FINAL RECKONING,38,19.76,-1,5
2025-06-02,7995e00051a2fe6aeed7cfdbe0378c01,WAKTU MAGHRIB 2,65,45.15,-1,-1
2025-06-02,8750b9ee0b0c6c6afcfcb2a05e60efc0,KARATE KID: LEGENDS,17,13.39,0,2
2025-06-02,88d0ee0029bee810e1d0fe37f73e2d3b,COCOTE TONGGO,20,11.55,9,-1
2025-06-02,8d2e05da5624875993cb8580c88334a9,GUNDIK,9,13.39,6,-1
2025-06-02,8d2e05da5624875993cb8580c88334a9,KARATE KID: LEGENDS,19,12.48,-1,-1
2025-06-02,9158e16be84a6db4d63d3289099f119b,FINAL DESTINATION: BLOODLINES,18,14.42,-1,3
2025-06-02,919c7b9859d8ce7cab47dab2463e7fab,KARATE KID: LEGENDS,43,22.66,3,-1
2025-06-02,92e94ed55b4de8feaff9462a66e2dbd7,KARATE KID: LEGENDS,30,16.8,-1,9
2025-06-02,9715c9bc57db04a2506acfdab71ec1c6,KARATE KID: LEGENDS,29,15.75,-1,6
2025-06-02,981569adf232c53afe751c8c660db8d9,WAKTU MAGHRIB 2,89,31.5,-1,3
2025-06-02,9aab42397bbc1d1cdb49f7044dc990f0,WAKTU MAGHRIB 2,72,25.2,-1,8
2025-06-02,9cc7970100d8e4c2202f08cb78c6eb20,WAKTU MAGHRIB 2,53,17.85,0,-1
2025-06-02,9eb47624e1e418bfac8b4fcc3a44a36b,KARATE KID: LEGENDS,23,15.75,0,3
2025-06-02,9f0564f5cabe643e4dbb08b80d3cc241,MISSION: IMPOSSIBLE - THE FINAL RECKONING,109,61.8,1,-1
2025-06-02,a09b9ee7f937939ee25c24ef8c2e91be,KARATE KID: LEGENDS,11,15.6,6,-1
2025-06-02,a55554e941cb93c23d1522f88fd0d004,WAKTU MAGHRIB 2,28,12.36,4,6
2025-06-02,a616a546264044ed616bc2bdf2d9f7fc,JUMBO,32,26.78,-1,-1
2025-06-02,a691dd0d8274fa85ecdc7d5ad6df1628,MISSION: IMPOSSIBLE - THE FINAL RECKONING,39,32.24,10,-1
2025-06-02,a6d19ebcb27f61cbf41a6552fbf68676,KARATE KID: LEGENDS,16,10.4,2,3
2025-06-02,a6d19ebcb27f61cbf41a6552fbf68676,LILO & STITCH,26,17.51,5,-1
2025-06-02,a6d19ebcb27f61cbf41a6552fbf68676,MISSION: IMPOSSIBLE - THE FINAL RECKONING,40,24.96,-1,-1
2025-06-02,a6d19ebcb27f61cbf41a6552fbf68676,WAKTU MAGHRIB 2,36,26.78,-1,-1
2025-06-02,afbb3b11f728a54ad1eb3ca34f602779,MISSION: IMPOSSIBLE - THE FINAL RECKONING,33,10.4,1,2
2025-06-02,afbb3b11f728a54ad1eb3ca34f602779,WAKTU MAGHRIB 2,45,21.63,0,-1
2025-06-02,be8de71502987819afd4c2ceea71c539,KARATE KID: LEGENDS,14,11.44,9,-1
2025-06-02,be8de71502987819afd4c2ceea71c539,WAKTU MAGHRIB 2,61,31.5,2,-1
2025-06-02,bf33cc26f29bf266a83e35901fa80c9c,WAKTU MAGHRIB 2,21,11.33,2,4
2025-06-02,c35e24eefa840ac2009279f1efc52288,LILO & STITCH,35,26.78,-1,-1
2025-06-02,c48b7a4426e8cbee3f7dbfe8b87d1d89,GUNDIK,13,10.4,0,-1
2025-06-02,c4a19cbeb409639c836e4304976db0aa,MISSION: IMPOSSIBLE - THE FINAL RECKONING (IMAX 2D) ,72,16.48,-1,-1
2025-06-02,c71a18e33d4b7c73c8124c65fc3e6f1c,THE RITUAL,23,18.9,1,-1
2025-06-02,c877324e95024e707ae23f0aed947e15,JUMBO,31,20.6,10,-1
2025-06-02,cb2a49a747f8989ee0356ec7ac354177,DENDAM MALAM KELAM,28,20.6,-1,-1
2025-06-02,cb2a49a747f8989ee0356ec7ac354177,LILO & STITCH,28,21.0,-1,7
2025-06-02,cb2a49a747f8989ee0356ec7ac354177,WAKTU MAGHRIB 2,90,39.14,-1,-1
2025-06-02,d1918db937d26e9e4ccd3e17e1ff0e2d,JUMBO,20,15.45,-1,1
2025-06-02,d297f2f746c4fd2723f3202fafcbfa1a,COCOTE TONGGO,35,20.6,6,-1
2025-06-02,d297f2f746c4fd2723f3202fafcbfa1a,KARATE KID: LEGENDS,18,10.4,0,5
2025-06-02,d33850e3698903061b4c18886ce00c9d,GUNDIK,22,16.48,7,7
2025-06-02,dc77e7e26c0e5e3a5c44ec2de0cedbde,GUNDIK,89,61.95,-1,-1
2025-06-02,dc77e7e26c0e5e3a5c44ec2de0cedbde,MISSION: IMPOSSIBLE - THE FINAL RECKONING (IMAX 2D) ,87,32.55,10,4
2025-06-02,df7f047e9886cfa1c0892c97f15d4146,LILO & STITCH,17,33.99,-1,-1
2025-06-02,e67d818ee0546f3b33d0ba2083ed4db5,FINAL DESTINATION: BLOODLINES,27,20.6,-1,-1
2025-06-02,e939d818a5192f48fc4b73102e3aa4b9,LILO & STITCH,28,15.75,-1,5
2025-06-02,e939d818a5192f48fc4b73102e3aa4b9,WAKTU MAGHRIB 2,156,69.3,2,7
2025-06-02,ecace029de4a6bd4ae872928509cd71d,DENDAM MALAM KELAM,27,17.51,4,-1
2025-06-02,ef2896a95abe2a2b4cfee245dc1e36ec,FINAL DESTINATION: BLOODLINES,15,10.5,4,-1
2025-06-02,ef2896a95abe2a2b4cfee245dc1e36ec,WAKTU MAGHRIB 2,29,22.05,-1,1
2025-06-02,efe899b321b96d852776427476f14a06,LILO & STITCH,38,21.63,7,-1
2025-06-02,f3a9ac312f7bc4e2467a1bf02a6aa1e9,FINAL DESTINATION: BLOODLINES,13,12.48,-1,-1
2025-06-02,f3a9ac312f7bc4e2467a1bf02a6aa1e9,GUNDIK,12,11.55,-1,-1
2025-06-02,f3a9ac312f7bc4e2467a1bf02a6aa1e9,JUMBO,14,12.6,2,-1
2025-06-02,fbaf4d5f0c18dc603a21aef31da59ee6,KARATE KID: LEGENDS,19,13.65,-1,-1
2025-06-02,fbaf4d5f0c18dc603a21aef31da59ee6,WAKTU MAGHRIB 2,54,23.1,10,-1
2025-06-02,fcf80028ec9bbf8efaee3932e529a78f,WAKTU MAGHRIB 2,27,12.36,5,5
2025-06-03,015555fbcd8faef6b55a854605df0a87,DENDAM MALAM KELAM,28,19.57,8,1
2025-06-03,015555fbcd8faef6b55a854605df0a87,GUNDIK,29,16.64,-1,-1
2025-06-03,015555fbcd8faef6b55a854605df0a87,LILO & STITCH,27,10.3,4,3
2025-06-03,0191582d75f94a412c0fa12d36bcee3f,DENDAM MALAM KELAM,53,33.6,-1,-1
2025-06-03,0318cab65e5a4dbb61243ab4747fb621,WAKTU MAGHRIB 2,33,15.75,7,10
2025-06-03,0a8777c6c78e2d102bdf459f8550cf93,MISSION: IMPOSSIBLE - THE FINAL RECKONING,29,21.63,-1,-1
2025-06-03,1240789770bc04e7d26e5fa31c075ced,FINAL DESTINATION: BLOODLINES,23,18.9,1,-1
2025-06-03,14b63ff2b104903ead7d884f25382e57,COCOTE TONGGO,14,10.3,3,-1
2025-06-03,14b63ff2b104903ead7d884f25382e57,LILO & STITCH,18,14.42,-1,3
2025-06-03,15c7dc37db27dd76f38cc419107f7c48,MISSION: IMPOSSIBLE - THE FINAL RECKONING,63,48.41,-1,2
2025-06-03,19f506af810fe579721721d058f6b243,LILO & STITCH,10,10.4,3,-1
2025-06-03,202dbf4df0e433f092fca1aa8162c400,MISSION: IMPOSSIBLE - THE FINAL RECKONING,84,66.15,2,-1
2025-06-03,25e1c125bdd513aa2355a8e558a1a908,JUMBO,13,10.3,4,-1
2025-06-03,26a644178fbdb277dc3c50997f6df7fe,KARATE KID: LEGENDS,26,19.57,1,8
2025-06-03,26a644178fbdb277dc3c50997f6df7fe,WAKTU MAGHRIB 2,31,13.52,2,-1
2025-06-03,26d1d720bc7e60c1b1a56630e3ba2c5d,JUMBO,17,10.5,2,-1
2025-06-03,29fc89ab155e9f202326046c2e0023bb,FINAL DESTINATION: BLOODLINES,51,29.12,2,-1
2025-06-03,29fc89ab155e9f202326046c2e0023bb,THE RITUAL,42,24.15,8,-1
2025-06-03,2e0ec493a87e740511b7b565386c06fe,WAKTU MAGHRIB 2,24,14.42,6,9
2025-06-03,35de0354d956048d1c9c49ff069eaa55,GUNDIK,22,18.9,2,-1
2025-06-03,35de0354d956048d1c9c49ff069eaa55,LILO & STITCH,9,22.88,-1,-1
2025-06-03,3744d5b8753c9cc72700ce7927fa0df3,COCOTE TONGGO,19,14.42,-1,4
2025-06-03,3afae5dea7356f64f70605334bef46a7,WAKTU MAGHRIB 2,28,15.6,6,6
2025-06-03,3c41b96b56b0aab1ed5fc5e703499730,DENDAM MALAM KELAM,41,18.72,0,3
2025-06-03,3c41b96b56b0aab1ed5fc5e703499730,FINAL DESTINATION: BLOODLINES,35,18.72,0,-1
2025-06-03,3cc167017755a0197f18f93595c9ae85,WAKTU MAGHRIB 2,44,20.6,4,3
2025-06-03,3f6093566521149f8e37fa4e3fafe7cc,MISSION: IMPOSSIBLE - THE FINAL RECKONING,37,20.6,4,-1
2025-06-03,490346a8a068ba7d2e3764714c6d5323,GUNDIK,20,17.85,-1,-1
2025-06-03,494c8f1916a97efe3390ba9dbab6ce7d,JUMBO,19,10.5,0,-1
2025-06-03,4eb26b1058266dc50a63dc875e4d8846,FINAL DESTINATION: BLOODLINES,25,17.68,4,-1
2025-06-03,4fc3fc370b299876663c7d5c90595853,KARATE KID: LEGENDS,42,33.6,0,-1
2025-06-03,4fc3fc370b299876663c7d5c90595853,LILO & STITCH,21,14.56,2,6
2025-06-03,52eed153a88a6bdcb46cbb266a07cba2,GUNDIK,29,20.8,-1,3
2025-06-03,52eed153a88a6bdcb46cbb266a07cba2,MISSION: IMPOSSIBLE - THE FINAL RECKONING (IMAX 2D) ,36,10.5,0,-1
2025-06-03,52eed153a88a6bdcb46cbb266a07cba2,THE RITUAL,14,10.5,5,-1
2025-06-03,53b77c875c67b68561415f23065e6e8d,MISSION: IMPOSSIBLE - THE FINAL RECKONING,10,34.32,-1,-1
2025-06-03,541130ea8083a789df5d15bbfe13055a,KARATE KID: LEGENDS,25,21.63,-1,-1
2025-06-03,57d37d0d839b9dff6f87d6b5d5b679cc,COCOTE TONGGO,44,32.55,-1,-1
2025-06-03,57d37d0d839b9dff6f87d6b5d5b679cc,MISSION: IMPOSSIBLE - THE FINAL RECKONING,99,41.6,0,-1
2025-06-03,57d37d0d839b9dff6f87d6b5d5b679cc,WAKTU MAGHRIB 2,45,18.9,3,-1
2025-06-03,580919d632e55fd9736ae1a2ac6ed0c5,THE RITUAL,34,28.35,2,-1
2025-06-03,5a894958f375392ce7981be2eb9a26be,WAKTU MAGHRIB 2,41,23.1,-1,-1
2025-06-03,62447bb073160adcf6d6022240a3663c,COCOTE TONGGO,54,39.14,-1,-1
2025-06-03,66d433e397ff7f3d460500704fd40a5a,MISSION: IMPOSSIBLE - THE FINAL RECKONING,18,43.26,-1,-1
2025-06-03,6b88b1af662b72fbfa35004a8edfe2e9,DENDAM MALAM KELAM,15,10.5,4,-1
2025-06-03,6b88b1af662b72fbfa35004a8edfe2e9,MISSION: IMPOSSIBLE - THE FINAL RECKONING (IMAX 2D) ,43,11.55,1,2
2025-06-03,7114d91eccf418326f7a9a05943c04e1,DENDAM MALAM KELAM,39,26.78,10,-1
2025-06-03,7114d91eccf418326f7a9a05943c04e1,MISSION: IMPOSSIBLE - THE FINAL RECKONING,16,10.4,2,3
2025-06-03,716ede53fbca27fbe1c1a55d6667c2b5,MISSION: IMPOSSIBLE - THE FINAL RECKONING (IMAX 2D) ,137,36.05,0,-1
2025-06-03,7995e00051a2fe6aeed7cfdbe0378c01,MISSION: IMPOSSIBLE - THE FINAL RECKONING,32,16.64,-1,-1
2025-06-03,8188326fb0a403be03ea632997c8a959,FINAL DESTINATION: BLOODLINES,21,17.68,8,-1
2025-06-03,81c620b2538435926cbbf15745ef5901,COCOTE TONGGO,22,15.6,0,5
2025-06-03,862442166e956fe0e8355db8852d9440,DENDAM MALAM KELAM,16,12.48,-1,-1
2025-06-03,88d0ee0029bee810e1d0fe37f73e2d3b,COCOTE TONGGO,33,18.72,2,-1
2025-06-03,88d0ee0029bee810e1d0fe37f73e2d3b,GUNDIK,42,23.69,-1,-1
2025-06-03,9158e16be84a6db4d63d3289099f119b,THE RITUAL,20,16.64,-1,-1
2025-06-03,919c7b9859d8ce7cab47dab2463e7fab,JUMBO,33,18.72,2,-1
2025-06-03,919c7b9859d8ce7cab47dab2463e7fab,KARATE KID: LEGENDS,22,15.45,-1,3
2025-06-03,919c7b9859d8ce7cab47dab2463e7fab,WAKTU MAGHRIB 2,71,26.0,7,6
2025-06-03,92e94ed55b4de8feaff9462a66e2dbd7,DENDAM MALAM KELAM,21,14.42,9,6
2025-06-03,9715c9bc57db04a2506acfdab71ec1c6,DENDAM MALAM KELAM,28,21.84,10,9
2025-06-03,981569adf232c53afe751c8c660db8d9,DENDAM MALAM KELAM,43,30.16,-1,5
2025-06-03,9cc7970100d8e4c2202f08cb78c6eb20,LILO & STITCH,38,19.76,-1,5
2025-06-03,9cc7970100d8e4c2202f08cb78c6eb20,WAKTU MAGHRIB 2,40,12.6,6,7
2025-06-03,9f0564f5cabe643e4dbb08b80d3cc241,GUNDIK,25,14.56,5,2
2025-06-03,9f0564f5cabe643e4dbb08b80d3cc241,LILO & STITCH,86,46.8,9,-1
2025-06-03,9f0564f5cabe643e4dbb08b80d3cc241,MISSION: IMPOSSIBLE - THE FINAL RECKONING,70,39.14,-1,-1
2025-06-03,a09b9ee7f937939ee25c24ef8c2e91be,KARATE KID: LEGENDS,10,13.52,-1,-1
2025-06-03,a616a546264044ed616bc2bdf2d9f7fc,COCOTE TONGGO,23,18.72,-1,-1
2025-06-03,a616a546264044ed616bc2bdf2d9f7fc,GUNDIK,60,35.36,4,-1
2025-06-03,a691dd0d8274fa85ecdc7d5ad6df1628,MISSION: IMPOSSIBLE - THE FINAL RECKONING,48,23.69,-1,-1
2025-06-03,a691dd0d8274fa85ecdc7d5ad6df1628,WAKTU MAGHRIB 2,42,25.75,1,-1
2025-06-03,a9d508d218799f9dc69bb4aefc122cb3,GUNDIK,35,28.08,6,-1
2025-06-03,a9e141baa8b4ec825325397b16eeaae3,DENDAM MALAM KELAM,27,21.63,-1,-1
2025-06-03,afbb3b11f728a54ad1eb3ca34f602779,MISSION: IMPOSSIBLE - THE FINAL RECKONING,45,22.05,-1,2
2025-06-03,b704e8b10f13e14494b5a7a0ba39d9d9,DENDAM MALAM KELAM,22,15.6,0,5
2025-06-03,be8de71502987819afd4c2ceea71c539,COCOTE TONGGO,20,13.52,-1,-1
2025-06-03,be8de71502987819afd4c2ceea71c539,FINAL DESTINATION: BLOODLINES,16,13.39,1,1
2025-06-03,be8de71502987819afd4c2ceea71c539,JUMBO,29,24.15,-1,-1
2025-06-03,be8de71502987819afd4c2ceea71c539,LILO & STITCH,15,10.5,4,-1
2025-06-03,be8de71502987819afd4c2ceea71c539,WAKTU MAGHRIB 2,59,29.87,10,-1
2025-06-03,bf33cc26f29bf266a83e35901fa80c9c,DENDAM MALAM KELAM,22,14.56,1,7
2025-06-03,bf33cc26f29bf266a83e35901fa80c9c,GODAAN SETAN YANG TERKUTUK,48,32.24,1,-1
2025-06-03,c35e24eefa840ac2009279f1efc52288,FINAL DESTINATION: BLOODLINES,27,21.0,-1,6
2025-06-03,c35e24eefa840ac2009279f1efc52288,LILO & STITCH,21,15.75,2,1
2025-06-03,c48b7a4426e8cbee3f7dbfe8b87d1d89,DENDAM MALAM KELAM,16,10.3,1,-1
2025-06-03,c48b7a4426e8cbee3f7dbfe8b87d1d89,FINAL DESTINATION: BLOODLINES,19,15.45,0,2
2025-06-03,cb2a49a747f8989ee0356ec7ac354177,DENDAM MALAM KELAM,19,13.39,-1,2
2025-06-03,cb2a49a747f8989ee0356ec7ac354177,GUNDIK,28,20.6,-1,-1
2025-06-03,d33850e3698903061b4c18886ce00c9d,DENDAM MALAM KELAM,26,19.95,-1,-1
2025-06-03,d33850e3698903061b4c18886ce00c9d,JUMBO,18,11.33,5,1
2025-06-03,d33850e3698903061b4c18886ce00c9d,WAKTU MAGHRIB 2,18,11.33,5,1
2025-06-03,da96492ebd43c4a193238d6c3205cc40,LILO & STITCH,21,11.33,2,4
2025-06-03,dc6de349945f10a4a296bb50d34fc504,MISSION: IMPOSSIBLE - THE FINAL RECKONING,19,47.25,-1,-1
2025-06-03,dc77e7e26c0e5e3a5c44ec2de0cedbde,DENDAM MALAM KELAM,27,22.05,1,-1
2025-06-03,dc77e7e26c0e5e3a5c44ec2de0cedbde,MISSION: IMPOSSIBLE - THE FINAL RECKONING (IMAX 2D) ,59,21.84,5,2
2025-06-03,dc77e7e26c0e5e3a5c44ec2de0cedbde,WAKTU MAGHRIB 2,44,28.35,-1,8
2025-06-03,e3edf631650eb304cf386709b98005f6,FINAL DESTINATION: BLOODLINES,17,11.44,6,-1
2025-06-03,ea7df0c99b450ecdea38cf34ae1f158f,KARATE KID: LEGENDS,37,29.4,-1,-1
2025-06-03,ea7df0c99b450ecdea38cf34ae1f158f,WAKTU MAGHRIB 2,46,31.5,-1,6
2025-06-03,efe899b321b96d852776427476f14a06,COCOTE TONGGO,24,13.65,10,-1
2025-06-03,efe899b321b96d852776427476f14a06,FINAL DESTINATION: BLOODLINES,39,18.9,9,8
2025-06-03,f292a4101ca0420357a2d18b3a013e5f,FINAL DESTINATION: BLOODLINES,46,33.99,6,-1
2025-06-03,f292a4101ca0420357a2d18b3a013e5f,LILO & STITCH,29,20.8,-1,3
2025-06-03,f3a9ac312f7bc4e2467a1bf02a6aa1e9,GUNDIK,14,12.6,2,-1
2025-06-03,f3a9ac312f7bc4e2467a1bf02a6aa1e9,JUMBO,33,30.16,5,-1
2025-06-03,f3a9ac312f7bc4e2467a1bf02a6aa1e9,KARATE KID: LEGENDS,49,33.6,-1,7
2025-06-03,f54d37fc4c4d4b285aa3601041abc938,THE RITUAL,19,13.39,-1,2
2025-06-03,f7734bb329cacfe21ce854ae822b6115,JUMBO,14,10.4,4,1
2025-06-03,f7734bb329cacfe21ce854ae822b6115,KARATE KID: LEGENDS,22,12.6,9,6
2025-06-03,f7734bb329cacfe21ce854ae822b6115,WAKTU MAGHRIB 2,23,11.55,6,-1
2025-06-03,fbaf4d5f0c18dc603a21aef31da59ee6,GUNDIK,63,42.64,-1,8
2025-06-03,fbaf4d5f0c18dc603a21aef31da59ee6,JUMBO,18,12.36,4,7
2025-06-03,fbaf4d5f0c18dc603a21aef31da59ee6,WAKTU MAGHRIB 2,78,34.32,3,-1
2025-06-03,fcf80028ec9bbf8efaee3932e529a78f,GUNDIK,28,13.65,6,-1
2025-06-04,0191582d75f94a412c0fa12d36bcee3f,GUNDIK,50,31.2,-1,-1
2025-06-04,0318cab65e5a4dbb61243ab4747fb621,WAKTU MAGHRIB 2,40,19.76,9,7
2025-06-04,04a2de432a8901363a05137a8e8de1d2,WAKTU MAGHRIB 2,43,25.2,-1,-1
2025-06-04,073b764928864ed8fa0b6b115bfdd685,DENDAM MALAM KELAM,21,11.33,2,4
2025-06-04,09ff932202ae245655ae248642132086,MISSION: IMPOSSIBLE - THE FINAL RECKONING,35,84.46,-1,-1
2025-06-04,0a8777c6c78e2d102bdf459f8550cf93,KARATE KID: LEGENDS,23,16.8,-1,2
2025-06-04,108f9a4d181f12fd1b7e3c9adae38478,GUNDIK,19,14.42,-1,4
2025-06-04,1240789770bc04e7d26e5fa31c075ced,FINAL DESTINATION: BLOODLINES,17,13.52,-1,-1
2025-06-04,1240789770bc04e7d26e5fa31c075ced,MISSION: IMPOSSIBLE - THE FINAL RECKONING,16,12.48,-1,-1
2025-06-04,17e1e7da761f72bbb4e039ba08cc0ba0,COCOTE TONGGO,23,13.65,-1,-1
2025-06-04,17e1e7da761f72bbb4e039ba08cc0ba0,MISSION: IMPOSSIBLE - THE FINAL RECKONING,9,42.0,-1,-1
2025-06-04,19f506af810fe579721721d058f6b243,LILO & STITCH,28,27.81,-1,-1
2025-06-04,202dbf4df0e433f092fca1aa8162c400,KARATE KID: LEGENDS,47,38.11,-1,-1
2025-06-04,218c50fa4df90b3241e39ff8ffb41102,MISSION: IMPOSSIBLE - THE FINAL RECKONING,63,39.52,3,-1
2025-06-04,29fc89ab155e9f202326046c2e0023bb,KARATE KID: LEGENDS,62,45.32,1,-1
2025-06-04,312cd6ebdd3af9ac55f7b3d31ecab9c2,FINAL DESTINATION: BLOODLINES,31,24.96,-1,-1
2025-06-04,312cd6ebdd3af9ac55f7b3d31ecab9c2,GUNDIK,24,19.57,3,6
2025-06-04,312cd6ebdd3af9ac55f7b3d31ecab9c2,JUMBO,36,25.2,-1,4
2025-06-04,35de0354d956048d1c9c49ff069eaa55,DENDAM MALAM KELAM,19,14.42,-1,4
2025-06-04,3744d5b8753c9cc72700ce7927fa0df3,MISSION: IMPOSSIBLE - THE FINAL RECKONING,32,26.78,-1,-1
2025-06-04,3afae5dea7356f64f70605334bef46a7,MISSION: IMPOSSIBLE - THE FINAL RECKONING,28,12.6,3,-1
2025-06-04,3afae5dea7356f64f70605334bef46a7,WAKTU MAGHRIB 2,58,32.96,1,-1
2025-06-04,3cc167017755a0197f18f93595c9ae85,JUMBO,11,15.6,6,-1
2025-06-04,3cc167017755a0197f18f93595c9ae85,MISSION: IMPOSSIBLE - THE FINAL RECKONING,34,24.72,10,-1
2025-06-04,3f6093566521149f8e37fa4e3fafe7cc,LILO & STITCH,17,13.39,0,2
2025-06-04,494c8f1916a97efe3390ba9dbab6ce7d,FINAL DESTINATION: BLOODLINES,27,15.6,7,5
2025-06-04,4a4c71e99772e87c9e35a56acd8be21e,MISSION: IMPOSSIBLE - THE FINAL RECKONING,42,34.65,2,7
2025-06-04,4a61d7e09bbe3868d79af81be96ed6ee,BALLERINA,10,20.6,-1,-1
2025-06-04,4ba87a86e02dd8a810032db35bf13c51,WAKTU MAGHRIB 2,44,21.84,1,6
2025-06-04,4eb26b1058266dc50a63dc875e4d8846,BALLERINA,75,29.4,-1,-1
2025-06-04,4eb26b1058266dc50a63dc875e4d8846,FINAL DESTINATION: BLOODLINES,28,23.1,-1,-1
2025-06-04,4eb26b1058266dc50a63dc875e4d8846,KARATE KID: LEGENDS,13,10.5,6,-1
2025-06-04,4fc3fc370b299876663c7d5c90595853,GUNDIK,21,15.6,1,4
2025-06-04,4fc3fc370b299876663c7d5c90595853,KARATE KID: LEGENDS,17,12.48,-1,-1
2025-06-04,53b77c875c67b68561415f23065e6e8d,MISSION: IMPOSSIBLE - THE FINAL RECKONING,10,34.65,-1,-1
2025-06-04,57d37d0d839b9dff6f87d6b5d5b679cc,BALLERINA,33,80.08,-1,-1
2025-06-04,57d37d0d839b9dff6f87d6b5d5b679cc,MISSION: IMPOSSIBLE - THE FINAL RECKONING,34,82.4,-1,-1
2025-06-04,580919d632e55fd9736ae1a2ac6ed0c5,WAKTU MAGHRIB 2,36,30.45,-1,-1
2025-06-04,592095e0ddc2c230cf3002d72e9bac41,BALLERINA,32,17.85,-1,-1
2025-06-04,592095e0ddc2c230cf3002d72e9bac41,MISSION: IMPOSSIBLE - THE FINAL RECKONING,42,21.63,3,-1
2025-06-04,5a894958f375392ce7981be2eb9a26be,WAKTU MAGHRIB 2,19,10.3,5,2
2025-06-04,5b8eaa351fae8e6d1e759e814d74c1c5,DENDAM MALAM KELAM,20,22.88,7,-1
2025-06-04,5ff7565cdb056b4bdcb43d0ea2b5380d,BALLERINA,53,39.14,-1,-1
2025-06-04,5ff7565cdb056b4bdcb43d0ea2b5380d,KARATE KID: LEGENDS,10,10.5,9,-1
2025-06-04,5ff7565cdb056b4bdcb43d0ea2b5380d,LILO & STITCH,16,16.8,5,-1
2025-06-04,5ff7565cdb056b4bdcb43d0ea2b5380d,WAKTU MAGHRIB 2,34,24.15,-1,-1
2025-06-04,66d433e397ff7f3d460500704fd40a5a,KARATE KID: LEGENDS,21,51.5,-1,-1
2025-06-04,66d433e397ff7f3d460500704fd40a5a,MISSION: IMPOSSIBLE - THE FINAL RECKONING,23,57.75,-1,-1
2025-06-04,7114d91eccf418326f7a9a05943c04e1,LILO & STITCH,43,33.6,-1,1
2025-06-04,7995e00051a2fe6aeed7cfdbe0378c01,LILO & STITCH,54,36.75,7,-1
2025-06-04,7c271f1e1351e6433b202d77b88012c2,WAKTU MAGHRIB 2,62,20.8,6,5
2025-06-04,7cade3ea25dae25fdb8c56776676b0c7,DENDAM MALAM KELAM,37,28.84,-1,-1
2025-06-04,8188326fb0a403be03ea632997c8a959,FINAL DESTINATION: BLOODLINES,21,17.68,8,-1
2025-06-04,81c620b2538435926cbbf15745ef5901,WAKTU MAGHRIB 2,27,13.39,3,10
2025-06-04,862442166e956fe0e8355db8852d9440,DENDAM MALAM KELAM,17,11.44,6,-1
2025-06-04,862442166e956fe0e8355db8852d9440,JUMBO,19,13.52,-1,-1
2025-06-04,862442166e956fe0e8355db8852d9440,LILO & STITCH,69,29.4,-1,-1
2025-06-04,8750b9ee0b0c6c6afcfcb2a05e60efc0,DENDAM MALAM KELAM,14,11.44,9,-1
2025-06-04,88d0ee0029bee810e1d0fe37f73e2d3b,COCOTE TONGGO,28,15.45,6,9
2025-06-04,8d2e05da5624875993cb8580c88334a9,GUNDIK,8,11.55,-1,-1
2025-06-04,8d2e05da5624875993cb8580c88334a9,LILO & STITCH,19,12.48,-1,-1
2025-06-04,9158e16be84a6db4d63d3289099f119b,BALLERINA,58,22.05,0,2
2025-06-04,919c7b9859d8ce7cab47dab2463e7fab,FINAL DESTINATION: BLOODLINES,29,15.6,5,7
2025-06-04,919c7b9859d8ce7cab47dab2463e7fab,LILO & STITCH,58,42.64,-1,3
2025-06-04,92e94ed55b4de8feaff9462a66e2dbd7,DENDAM MALAM KELAM,15,10.5,4,-1
2025-06-04,92e94ed55b4de8feaff9462a66e2dbd7,GUNDIK,23,16.48,6,8
2025-06-04,981569adf232c53afe751c8c660db8d9,BALLERINA,45,15.45,6,7
2025-06-04,9cc7970100d8e4c2202f08cb78c6eb20,LILO & STITCH,29,15.45,5,10
2025-06-04,9cc7970100d8e4c2202f08cb78c6eb20,MISSION: IMPOSSIBLE - THE FINAL RECKONING,45,32.24,4,-1
2025-06-04,9f0564f5cabe643e4dbb08b80d3cc241,LILO & STITCH,90,53.56,-1,-1
2025-06-04,9f0564f5cabe643e4dbb08b80d3cc241,WAKTU MAGHRIB 2,60,33.28,-1,-1
2025-06-04,a55554e941cb93c23d1522f88fd0d004,FINAL DESTINATION: BLOODLINES,19,13.39,-1,2
2025-06-04,a55554e941cb93c23d1522f88fd0d004,GUNDIK,26,19.76,7,-1
2025-06-04,a616a546264044ed616bc2bdf2d9f7fc,COCOTE TONGGO,42,33.99,10,-1
2025-06-04,a616a546264044ed616bc2bdf2d9f7fc,JUMBO,28,22.88,7,1
2025-06-04,a691dd0d8274fa85ecdc7d5ad6df1628,DENDAM MALAM KELAM,34,20.8,-1,8
2025-06-04,a691dd0d8274fa85ecdc7d5ad6df1628,MISSION: IMPOSSIBLE - THE FINAL RECKONING,56,28.35,-1,1
2025-06-04,a6d19ebcb27f61cbf41a6552fbf68676,BALLERINA,18,10.4,0,5
2025-06-04,a6d19ebcb27f61cbf41a6552fbf68676,MISSION: IMPOSSIBLE - THE FINAL RECKONING,22,15.75,1,2
2025-06-04,afbb3b11f728a54ad1eb3ca34f602779,MISSION: IMPOSSIBLE - THE FINAL RECKONING,47,24.15,3,-1
2025-06-04,afbb3b11f728a54ad1eb3ca34f602779,WAKTU MAGHRIB 2,68,22.88,2,6
2025-06-04,b2539b1f80254243391774489b1328aa,WAKTU MAGHRIB 2,43,19.57,2,7
2025-06-04,b704e8b10f13e14494b5a7a0ba39d9d9,GUNDIK,19,15.75,1,-1
2025-06-04,be8de71502987819afd4c2ceea71c539,COCOTE TONGGO,16,10.5,3,-1
2025-06-04,be8de71502987819afd4c2ceea71c539,FINAL DESTINATION: BLOODLINES,16,12.36,6,5
2025-06-04,be8de71502987819afd4c2ceea71c539,WAKTU MAGHRIB 2,18,14.56,5,3
2025-06-04,bf33cc26f29bf266a83e35901fa80c9c,MISSION: IMPOSSIBLE - THE FINAL RECKONING,63,44.1,8,-1
2025-06-04,bf33cc26f29bf266a83e35901fa80c9c,WAKTU MAGHRIB 2,20,10.5,1,1
2025-06-04,c48b7a4426e8cbee3f7dbfe8b87d1d89,KARATE KID: LEGENDS,24,19.76,9,-1
2025-06-04,c48b7a4426e8cbee3f7dbfe8b87d1d89,LILO & STITCH,13,10.5,6,-1
2025-06-04,c4a19cbeb409639c836e4304976db0aa,DENDAM MALAM KELAM,16,13.52,-1,-1
2025-06-04,c4a19cbeb409639c836e4304976db0aa,GUNDIK,23,21.0,-1,2
2025-06-04,c71a18e33d4b7c73c8124c65fc3e6f1c,LILO & STITCH,32,25.75,-1,-1
2025-06-04,c877324e95024e707ae23f0aed947e15,JUMBO,16,10.3,1,-1
2025-06-04,cb2a49a747f8989ee0356ec7ac354177,WAKTU MAGHRIB 2,54,24.72,-1,10
2025-06-04,d1918db937d26e9e4ccd3e17e1ff0e2d,GUNDIK,23,14.7,-1,-1
2025-06-04,d1918db937d26e9e4ccd3e17e1ff0e2d,MISSION: IMPOSSIBLE - THE FINAL RECKONING,17,10.4,1,4
2025-06-04,d297f2f746c4fd2723f3202fafcbfa1a,KARATE KID: LEGENDS,31,17.51,0,-1
2025-06-04,d33850e3698903061b4c18886ce00c9d,FINAL DESTINATION: BLOODLINES,19,13.65,-1,-1
2025-06-04,da96492ebd43c4a193238d6c3205cc40,FINAL DESTINATION: BLOODLINES,46,32.96,-1,-1
2025-06-04,dc6de349945f10a4a296bb50d34fc504,BALLERINA,36,90.48,-1,-1
2025-06-04,dc77e7e26c0e5e3a5c44ec2de0cedbde,FINAL DESTINATION: BLOODLINES,31,18.9,0,7
2025-06-04,dc77e7e26c0e5e3a5c44ec2de0cedbde,GUNDIK,54,32.55,-1,-1
2025-06-04,dc77e7e26c0e5e3a5c44ec2de0cedbde,MISSION: IMPOSSIBLE - THE FINAL RECKONING (IMAX 2D) ,56,20.8,1,4
2025-06-04,dc77e7e26c0e5e3a5c44ec2de0cedbde,THE RITUAL,45,30.16,-1,7
2025-06-04,dc77e7e26c0e5e3a5c44ec2de0cedbde,WAKTU MAGHRIB 2,38,31.5,2,-1
2025-06-04,e3edf631650eb304cf386709b98005f6,GUNDIK,23,19.76,10,-1
2025-06-04,e3edf631650eb304cf386709b98005f6,KARATE KID: LEGENDS,52,45.32,-1,-1
2025-06-04,e8965581e1be78ac9a3145b6983ff6ec,COCOTE TONGGO,42,35.02,-1,-1
2025-06-04,e939d818a5192f48fc4b73102e3aa4b9,WAKTU MAGHRIB 2,35,14.56,3,5
2025-06-04,ecace029de4a6bd4ae872928509cd71d,FINAL DESTINATION: BLOODLINES,18,11.44,5,-1
2025-06-04,ecace029de4a6bd4ae872928509cd71d,GUNDIK,20,13.65,-1,-1
2025-06-04,ecace029de4a6bd4ae872928509cd71d,JUMBO,21,14.42,9,6
2025-06-04,ecace029de4a6bd4ae872928509cd71d,MISSION: IMPOSSIBLE - THE FINAL RECKONING,89,38.48,-1,-1
2025-06-04,ef2896a95abe2a2b4cfee245dc1e36ec,JUMBO,24,17.68,5,-1
2025-06-04,f292a4101ca0420357a2d18b3a013e5f,BALLERINA,35,84.46,-1,-1
2025-06-04,f292a4101ca0420357a2d18b3a013e5f,FINAL DESTINATION: BLOODLINES,44,32.55,-1,-1
2025-06-04,f292a4101ca0420357a2d18b3a013e5f,MISSION: IMPOSSIBLE - THE FINAL RECKONING,111,82.16,-1,-1
2025-06-04,f292a4101ca0420357a2d18b3a013e5f,WAKTU MAGHRIB 2,24,10.5,1,1
2025-06-04,f3a9ac312f7bc4e2467a1bf02a6aa1e9,BALLERINA,32,12.48,-1,-1
2025-06-04,f3a9ac312f7bc4e2467a1bf02a6aa1e9,JUMBO,56,52.5,7,-1
2025-06-04,f3a9ac312f7bc4e2467a1bf02a6aa1e9,WAKTU MAGHRIB 2,45,17.51,0,7
2025-06-04,f54d37fc4c4d4b285aa3601041abc938,LILO & STITCH,17,12.6,-1,1
2025-06-04,f7734bb329cacfe21ce854ae822b6115,KARATE KID: LEGENDS,18,13.65,-1,-1
2025-06-04,fbaf4d5f0c18dc603a21aef31da59ee6,GUNDIK,25,17.68,4,-1
2025-06-04,fbaf4d5f0c18dc603a21aef31da59ee6,KARATE KID: LEGENDS,60,42.23,-1,-1
2025-06-04,fbaf4d5f0c18dc603a21aef31da59ee6,LILO & STITCH,26,18.9,5,2
2025-06-04,fcf80028ec9bbf8efaee3932e529a78f,LILO & STITCH,22,13.65,-1,-1
2025-06-04,fcf80028ec9bbf8efaee3932e529a78f,MISSION: IMPOSSIBLE - THE FINAL RECKONING,28,16.48,1,-1
2025-06-05,015555fbcd8faef6b55a854605df0a87,GOWOK KAMASUTRA JAWA,81,42.0,3,-1
2025-06-05,015555fbcd8faef6b55a854605df0a87,TAK INGIN USAI DI SINI,28,13.39,2,-1
2025-06-05,0191582d75f94a412c0fa12d36bcee3f,GOWOK KAMASUTRA JAWA UNCUT,53,25.75,7,10
2025-06-05,0318cab65e5a4dbb61243ab4747fb621,KARATE KID: LEGENDS,18,13.52,-1,-1
2025-06-05,0318cab65e5a4dbb61243ab4747fb621,WAKTU MAGHRIB 2,32,24.15,-1,-1
2025-06-05,04a2de432a8901363a05137a8e8de1d2,TENUNG BY RISA SARASWATI & DIMASTA,103,40.56,-1,2
2025-06-05,073b764928864ed8fa0b6b115bfdd685,BALLERINA,21,42.23,-1,-1
2025-06-05,073b764928864ed8fa0b6b115bfdd685,MISSION: IMPOSSIBLE - THE FINAL RECKONING,12,26.0,1,-1
2025-06-05,09ff932202ae245655ae248642132086,MISSION: IMPOSSIBLE - THE FINAL RECKONING,15,36.4,-1,-1
2025-06-05,0a8777c6c78e2d102bdf459f8550cf93,MISSION: IMPOSSIBLE - THE FINAL RECKONING,18,13.39,-1,1
2025-06-05,0a8777c6c78e2d102bdf459f8550cf93,TENUNG BY RISA SARASWATI & DIMASTA,34,15.75,6,-1
2025-06-05,108f9a4d181f12fd1b7e3c9adae38478,FINAL DESTINATION: BLOODLINES,44,28.08,-1,3
2025-06-05,108f9a4d181f12fd1b7e3c9adae38478,GUNDIK,31,24.96,-1,-1
2025-06-05,108f9a4d181f12fd1b7e3c9adae38478,LILO & STITCH,70,47.38,-1,-1
2025-06-05,108f9a4d181f12fd1b7e3c9adae38478,MISSION: IMPOSSIBLE - THE FINAL RECKONING (IMAX 2D) ,44,14.42,1,-1
2025-06-05,1240789770bc04e7d26e5fa31c075ced,FINAL DESTINATION: BLOODLINES,29,16.48,0,-1
2025-06-05,1240789770bc04e7d26e5fa31c075ced,"SAMPAI JUMPA, SELAMAT TINGGAL",16,13.65,-1,-1
2025-06-05,14b63ff2b104903ead7d884f25382e57,TAK INGIN USAI DI SINI,40,30.9,-1,-1
2025-06-05,15c7dc37db27dd76f38cc419107f7c48,BALLERINA,23,10.5,0,2
2025-06-05,15c7dc37db27dd76f38cc419107f7c48,TAK INGIN USAI DI SINI,27,16.8,-1,6
2025-06-05,17e1e7da761f72bbb4e039ba08cc0ba0,FINAL DESTINATION: BLOODLINES,19,16.48,10,4
2025-06-05,17e1e7da761f72bbb4e039ba08cc0ba0,MISSION: IMPOSSIBLE - THE FINAL RECKONING,18,80.85,-1,-1
2025-06-05,19f506af810fe579721721d058f6b243,BALLERINA,23,16.64,-1,-1
2025-06-05,19f506af810fe579721721d058f6b243,LILO & STITCH,78,78.75,-1,-1
2025-06-05,19f506af810fe579721721d058f6b243,MISSION: IMPOSSIBLE - THE FINAL RECKONING,16,42.0,5,-1
2025-06-05,19f506af810fe579721721d058f6b243,TENUNG BY RISA SARASWATI & DIMASTA,68,39.14,-1,-1
2025-06-05,19f506af810fe579721721d058f6b243,WAKTU MAGHRIB 2,22,12.48,-1,-1
2025-06-05,202dbf4df0e433f092fca1aa8162c400,MISSION: IMPOSSIBLE - THE FINAL RECKONING,40,33.28,-1,-1
2025-06-05,202dbf4df0e433f092fca1aa8162c400,TENUNG BY RISA SARASWATI & DIMASTA,26,19.95,-1,-1
2025-06-05,218c50fa4df90b3241e39ff8ffb41102,KARATE KID: LEGENDS,51,32.55,-1,-1
2025-06-05,218c50fa4df90b3241e39ff8ffb41102,TENUNG BY RISA SARASWATI & DIMASTA,44,18.54,-1,6
2025-06-05,2318d3c719302ff137eb1b53fb32f0c8,TENUNG BY RISA SARASWATI & DIMASTA,42,31.2,-1,3
2025-06-05,2318d3c719302ff137eb1b53fb32f0c8,WAKTU MAGHRIB 2,12,10.5,7,-1
2025-06-05,26a644178fbdb277dc3c50997f6df7fe,WAKTU MAGHRIB 2,46,24.72,-1,2
2025-06-05,26d1d720bc7e60c1b1a56630e3ba2c5d,TENUNG BY RISA SARASWATI & DIMASTA,72,27.04,1,9
2025-06-05,29fc89ab155e9f202326046c2e0023bb,GOWOK KAMASUTRA JAWA,49,28.08,8,8
2025-06-05,29fc89ab155e9f202326046c2e0023bb,GOWOK KAMASUTRA JAWA UNCUT,28,15.45,6,9
2025-06-05,2e0ec493a87e740511b7b565386c06fe,MISSION: IMPOSSIBLE - THE FINAL RECKONING,28,22.66,1,-1
2025-06-05,2e0ec493a87e740511b7b565386c06fe,WAKTU MAGHRIB 2,16,13.39,1,1
2025-06-05,312cd6ebdd3af9ac55f7b3d31ecab9c2,MISSION: IMPOSSIBLE - THE FINAL RECKONING (IMAX 2D) ,45,13.39,0,-1
2025-06-05,35de0354d956048d1c9c49ff069eaa55,DENDAM MALAM KELAM,14,11.33,3,-1
2025-06-05,35de0354d956048d1c9c49ff069eaa55,KARATE KID: LEGENDS,34,85.28,-1,-1
2025-06-05,3744d5b8753c9cc72700ce7927fa0df3,GOWOK KAMASUTRA JAWA UNCUT,98,74.16,-1,-1
2025-06-05,3744d5b8753c9cc72700ce7927fa0df3,TAK INGIN USAI DI SINI,37,29.12,-1,-1
2025-06-05,3acdf298dab1b92bbaaad74d86c0c40a,FINAL DESTINATION: BLOODLINES,40,21.63,5,-1
2025-06-05,3acdf298dab1b92bbaaad74d86c0c40a,GOWOK KAMASUTRA JAWA,37,22.88,-1,2
2025-06-05,3acdf298dab1b92bbaaad74d86c0c40a,JUMBO,30,38.85,-1,-1
2025-06-05,3acdf298dab1b92bbaaad74d86c0c40a,"SAMPAI JUMPA, SELAMAT TINGGAL",20,10.4,1,2
2025-06-05,3afae5dea7356f64f70605334bef46a7,TENUNG BY RISA SARASWATI & DIMASTA,93,41.2,3,4
2025-06-05,3cc167017755a0197f18f93595c9ae85,GOWOK KAMASUTRA JAWA UNCUT,32,21.63,-1,-1
2025-06-05,3f6093566521149f8e37fa4e3fafe7cc,BALLERINA,21,16.64,-1,-1
2025-06-05,3f6093566521149f8e37fa4e3fafe7cc,TAK INGIN USAI DI SINI,39,32.55,-1,-1
2025-06-05,490346a8a068ba7d2e3764714c6d5323,BALLERINA,19,46.8,-1,-1
2025-06-05,490346a8a068ba7d2e3764714c6d5323,GOWOK KAMASUTRA JAWA,30,18.9,1,6
2025-06-05,490346a8a068ba7d2e3764714c6d5323,LILO & STITCH,11,10.3,6,-1
2025-06-05,490346a8a068ba7d2e3764714c6d5323,MISSION: IMPOSSIBLE - THE FINAL RECKONING,8,20.8,-1,-1
2025-06-05,494c8f1916a97efe3390ba9dbab6ce7d,JUMBO,32,18.72,3,-1
2025-06-05,494c8f1916a97efe3390ba9dbab6ce7d,MISSION: IMPOSSIBLE - THE FINAL RECKONING,35,88.4,-1,-1
2025-06-05,4a4c71e99772e87c9e35a56acd8be21e,BALLERINA,42,21.0,0,-1
2025-06-05,4e12b237c826209f7ddc5b29a96380b6,MISSION: IMPOSSIBLE - THE FINAL RECKONING,20,14.7,-1,-1
2025-06-05,4eb26b1058266dc50a63dc875e4d8846,BALLERINA,36,26.0,3,10
2025-06-05,4eb26b1058266dc50a63dc875e4d8846,TENUNG BY RISA SARASWATI & DIMASTA,36,21.0,6,-1
2025-06-05,4eb26b1058266dc50a63dc875e4d8846,WAKTU MAGHRIB 2,40,32.55,-1,-1
2025-06-05,4ed104ac0de10ba7eef50158603e0b32,DENDAM MALAM KELAM,35,18.72,0,-1
2025-06-05,4fc3fc370b299876663c7d5c90595853,TAK INGIN USAI DI SINI,68,40.56,5,10
2025-06-05,52eed153a88a6bdcb46cbb266a07cba2,WAKTU MAGHRIB 2,17,11.55,-1,-1
2025-06-05,541130ea8083a789df5d15bbfe13055a,LILO & STITCH,15,13.52,-1,-1
2025-06-05,541130ea8083a789df5d15bbfe13055a,TAK INGIN USAI DI SINI,32,21.0,10,-1
2025-06-05,57d37d0d839b9dff6f87d6b5d5b679cc,GOWOK KAMASUTRA JAWA UNCUT,149,93.6,-1,-1
2025-06-05,57d37d0d839b9dff6f87d6b5d5b679cc,MISSION: IMPOSSIBLE - THE FINAL RECKONING,81,35.02,2,5
2025-06-05,57d37d0d839b9dff6f87d6b5d5b679cc,TAK INGIN USAI DI SINI,59,36.05,3,6
2025-06-05,580919d632e55fd9736ae1a2ac6ed0c5,MISSION: IMPOSSIBLE - THE FINAL RECKONING,26,21.0,-1,5
2025-06-05,592095e0ddc2c230cf3002d72e9bac41,BALLERINA,37,20.8,10,-1
2025-06-05,592095e0ddc2c230cf3002d72e9bac41,TENUNG BY RISA SARASWATI & DIMASTA,46,22.88,8,-1
2025-06-05,5a894958f375392ce7981be2eb9a26be,TAK INGIN USAI DI SINI,29,21.63,-1,-1
2025-06-05,5b8eaa351fae8e6d1e759e814d74c1c5,LILO & STITCH,71,48.88,-1,-1
2025-06-05,5ff7565cdb056b4bdcb43d0ea2b5380d,GOWOK KAMASUTRA JAWA UNCUT,16,11.33,1,-1
2025-06-05,62447bb073160adcf6d6022240a3663c,TENUNG BY RISA SARASWATI & DIMASTA,48,28.35,7,-1
2025-06-05,6b88b1af662b72fbfa35004a8edfe2e9,"SAMPAI JUMPA, SELAMAT TINGGAL",64,50.4,-1,1
2025-06-05,716ede53fbca27fbe1c1a55d6667c2b5,FINAL DESTINATION: BLOODLINES,28,15.45,6,9
2025-06-05,7995e00051a2fe6aeed7cfdbe0378c01,TENUNG BY RISA SARASWATI & DIMASTA,48,26.0,4,9
2025-06-05,7995e00051a2fe6aeed7cfdbe0378c01,WAKTU MAGHRIB 2,29,16.64,-1,-1
2025-06-05,79d0a75ad3523955b8d0e01198d6e9c9,MISSION: IMPOSSIBLE - THE FINAL RECKONING,14,59.74,-1,-1
2025-06-05,7c271f1e1351e6433b202d77b88012c2,TENUNG BY RISA SARASWATI & DIMASTA,36,12.6,10,3
2025-06-05,7cade3ea25dae25fdb8c56776676b0c7,JUMBO,21,14.7,-1,-1
2025-06-05,8188326fb0a403be03ea632997c8a959,BALLERINA,90,56.7,-1,-1
2025-06-05,81c620b2538435926cbbf15745ef5901,GOWOK KAMASUTRA JAWA UNCUT,39,23.92,-1,-1
2025-06-05,862442166e956fe0e8355db8852d9440,FINAL DESTINATION: BLOODLINES,51,37.44,-1,-1
2025-06-05,862442166e956fe0e8355db8852d9440,GUNDIK,36,27.81,6,-1
2025-06-05,88d0ee0029bee810e1d0fe37f73e2d3b,MISSION: IMPOSSIBLE - THE FINAL RECKONING,7,14.56,8,-1
2025-06-05,8d2e05da5624875993cb8580c88334a9,GOWOK KAMASUTRA JAWA UNCUT,63,42.23,-1,-1
2025-06-05,8d2e05da5624875993cb8580c88334a9,TENUNG BY RISA SARASWATI & DIMASTA,59,30.45,8,-1
2025-06-05,919c7b9859d8ce7cab47dab2463e7fab,TAK INGIN USAI DI SINI,65,36.4,-1,-1
2025-06-05,92e94ed55b4de8feaff9462a66e2dbd7,MISSION: IMPOSSIBLE - THE FINAL RECKONING,26,15.45,8,7
2025-06-05,981569adf232c53afe751c8c660db8d9,DENDAM MALAM KELAM,36,24.96,-1,-1
2025-06-05,981569adf232c53afe751c8c660db8d9,GOWOK KAMASUTRA JAWA UNCUT,119,69.68,-1,-1
2025-06-05,981569adf232c53afe751c8c660db8d9,KARATE KID: LEGENDS,74,50.4,-1,-1
2025-06-05,9aab42397bbc1d1cdb49f7044dc990f0,FINAL DESTINATION: BLOODLINES,23,11.44,0,-1
2025-06-05,9aab42397bbc1d1cdb49f7044dc990f0,TAK INGIN USAI DI SINI,24,15.6,10,2
2025-06-05,9aab42397bbc1d1cdb49f7044dc990f0,WAKTU MAGHRIB 2,31,22.66,-1,2
2025-06-05,9cc7970100d8e4c2202f08cb78c6eb20,GOWOK KAMASUTRA JAWA UNCUT,74,40.17,-1,-1
2025-06-05,9cc7970100d8e4c2202f08cb78c6eb20,JUMBO,23,12.48,-1,-1
2025-06-05,9cc7970100d8e4c2202f08cb78c6eb20,MISSION: IMPOSSIBLE - THE FINAL RECKONING,34,18.72,1,-1
2025-06-05,9f0564f5cabe643e4dbb08b80d3cc241,GOWOK KAMASUTRA JAWA,40,22.66,6,-1
2025-06-05,9f0564f5cabe643e4dbb08b80d3cc241,KARATE KID: LEGENDS,167,92.4,-1,9
2025-06-05,9f0564f5cabe643e4dbb08b80d3cc241,MISSION: IMPOSSIBLE - THE FINAL RECKONING,156,87.36,3,4
2025-06-05,9f0564f5cabe643e4dbb08b80d3cc241,TENUNG BY RISA SARASWATI & DIMASTA,139,73.84,-1,-1
2025-06-05,a09b9ee7f937939ee25c24ef8c2e91be,TENUNG BY RISA SARASWATI & DIMASTA,11,13.39,4,-1
2025-06-05,a55554e941cb93c23d1522f88fd0d004,TENUNG BY RISA SARASWATI & DIMASTA,37,16.48,6,7
2025-06-05,a616a546264044ed616bc2bdf2d9f7fc,GOWOK KAMASUTRA JAWA,13,10.5,6,-1
2025-06-05,a616a546264044ed616bc2bdf2d9f7fc,MISSION: IMPOSSIBLE - THE FINAL RECKONING,23,32.24,-1,-1
2025-06-05,a616a546264044ed616bc2bdf2d9f7fc,WAKTU MAGHRIB 2,28,18.72,7,-1
2025-06-05,a691dd0d8274fa85ecdc7d5ad6df1628,MISSION: IMPOSSIBLE - THE FINAL RECKONING,24,19.76,9,-1
2025-06-05,a6d19ebcb27f61cbf41a6552fbf68676,BALLERINA,20,14.56,3,5
2025-06-05,a6d19ebcb27f61cbf41a6552fbf68676,GOWOK KAMASUTRA JAWA UNCUT,142,95.79,-1,-1
2025-06-05,a9d508d218799f9dc69bb4aefc122cb3,GOWOK KAMASUTRA JAWA UNCUT,38,22.05,5,10
2025-06-05,a9d508d218799f9dc69bb4aefc122cb3,KARATE KID: LEGENDS,22,53.56,-1,-1
2025-06-05,a9d508d218799f9dc69bb4aefc122cb3,TAK INGIN USAI DI SINI,89,48.3,-1,4
2025-06-05,a9e141baa8b4ec825325397b16eeaae3,MISSION: IMPOSSIBLE - THE FINAL RECKONING,39,29.4,-1,-1
2025-06-05,afbb3b11f728a54ad1eb3ca34f602779,MISSION: IMPOSSIBLE - THE FINAL RECKONING,46,22.88,8,-1
2025-06-05,b4972b48997defae8304bc9c41220c7c,JUMBO,52,38.48,-1,-1
2025-06-05,b4972b48997defae8304bc9c41220c7c,LILO & STITCH,40,29.12,-1,-1
2025-06-05,be8de71502987819afd4c2ceea71c539,BALLERINA,42,34.32,-1,-1
2025-06-05,be8de71502987819afd4c2ceea71c539,COCOTE TONGGO,18,14.42,-1,3
2025-06-05,be8de71502987819afd4c2ceea71c539,GOWOK KAMASUTRA JAWA,47,32.55,-1,-1
2025-06-05,be8de71502987819afd4c2ceea71c539,TENUNG BY RISA SARASWATI & DIMASTA,58,34.32,0,-1
2025-06-05,bf33cc26f29bf266a83e35901fa80c9c,BALLERINA,83,35.7,-1,-1
2025-06-05,bf33cc26f29bf266a83e35901fa80c9c,MISSION: IMPOSSIBLE - THE FINAL RECKONING,68,46.35,-1,-1
2025-06-05,c48b7a4426e8cbee3f7dbfe8b87d1d89,GOWOK KAMASUTRA JAWA,71,44.72,1,-1
2025-06-05,c48b7a4426e8cbee3f7dbfe8b87d1d89,"SAMPAI JUMPA, SELAMAT TINGGAL",17,10.5,2,-1
2025-06-05,c4a19cbeb409639c836e4304976db0aa,FINAL DESTINATION: BLOODLINES,41,27.04,2,-1
2025-06-05,c4a19cbeb409639c836e4304976db0aa,JUMBO,47,42.23,-1,-1
2025-06-05,c71a18e33d4b7c73c8124c65fc3e6f1c,MISSION: IMPOSSIBLE - THE FINAL RECKONING,72,44.29,-1,10
2025-06-05,c877324e95024e707ae23f0aed947e15,MISSION: IMPOSSIBLE - THE FINAL RECKONING,27,68.25,-1,-1
2025-06-05,d1918db937d26e9e4ccd3e17e1ff0e2d,TENUNG BY RISA SARASWATI & DIMASTA,59,34.32,-1,1
2025-06-05,d33850e3698903061b4c18886ce00c9d,TENUNG BY RISA SARASWATI & DIMASTA,25,15.6,9,3
2025-06-05,da6b584c30e784d15b54ad124a760b19,MISSION: IMPOSSIBLE - THE FINAL RECKONING,58,28.08,-1,1
2025-06-05,da96492ebd43c4a193238d6c3205cc40,GOWOK KAMASUTRA JAWA,42,14.56,3,4
2025-06-05,da96492ebd43c4a193238d6c3205cc40,GOWOK KAMASUTRA JAWA UNCUT,30,10.4,1,4
2025-06-05,da96492ebd43c4a193238d6c3205cc40,KARATE KID: LEGENDS,78,71.07,8,-1
2025-06-05,da96492ebd43c4a193238d6c3205cc40,MISSION: IMPOSSIBLE - THE FINAL RECKONING,32,25.75,-1,-1
2025-06-05,da96492ebd43c4a193238d6c3205cc40,TAK INGIN USAI DI SINI,35,26.0,4,9
2025-06-05,dc6de349945f10a4a296bb50d34fc504,MISSION: IMPOSSIBLE - THE FINAL RECKONING,6,15.6,-1,-1
2025-06-05,dc77e7e26c0e5e3a5c44ec2de0cedbde,GOWOK KAMASUTRA JAWA UNCUT,32,28.35,4,-1
2025-06-05,dc77e7e26c0e5e3a5c44ec2de0cedbde,GUNDIK,29,17.85,-1,-1
2025-06-05,e3edf631650eb304cf386709b98005f6,GOWOK KAMASUTRA JAWA UNCUT,36,25.75,7,-1
2025-06-05,e3edf631650eb304cf386709b98005f6,LILO & STITCH,25,16.48,4,10
2025-06-05,e3edf631650eb304cf386709b98005f6,TENUNG BY RISA SARASWATI & DIMASTA,20,13.39,10,3
2025-06-05,e7ec114c2ec166155149062023617e8b,GOWOK KAMASUTRA JAWA,55,40.17,-1,8
2025-06-05,e8965581e1be78ac9a3145b6983ff6ec,GOWOK KAMASUTRA JAWA,19,15.45,0,2
2025-06-05,e8965581e1be78ac9a3145b6983ff6ec,GOWOK KAMASUTRA JAWA UNCUT,22,15.6,0,5
2025-06-05,e939d818a5192f48fc4b73102e3aa4b9,GOWOK KAMASUTRA JAWA UNCUT,19,10.3,5,2
2025-06-05,e989d8fdc91de7e6ffbb72a2f5ac79f6,MISSION: IMPOSSIBLE - THE FINAL RECKONING,49,41.6,3,-1
2025-06-05,ea7df0c99b450ecdea38cf34ae1f158f,GOWOK KAMASUTRA JAWA UNCUT,22,16.8,-1,1
2025-06-05,ea7df0c99b450ecdea38cf34ae1f158f,"SAMPAI JUMPA, SELAMAT TINGGAL",16,11.55,-1,-1
2025-06-05,ecace029de4a6bd4ae872928509cd71d,GOWOK KAMASUTRA JAWA UNCUT,34,16.8,7,-1
2025-06-05,ef2896a95abe2a2b4cfee245dc1e36ec,GOWOK KAMASUTRA JAWA,18,13.52,-1,-1
2025-06-05,ef2896a95abe2a2b4cfee245dc1e36ec,GOWOK KAMASUTRA JAWA UNCUT,28,21.84,10,9
2025-06-05,ef2896a95abe2a2b4cfee245dc1e36ec,TENUNG BY RISA SARASWATI & DIMASTA,59,42.23,-1,-1
2025-06-05,efe899b321b96d852776427476f14a06,GOWOK KAMASUTRA JAWA UNCUT,166,97.76,-1,-1
2025-06-05,f292a4101ca0420357a2d18b3a013e5f,GOWOK KAMASUTRA JAWA UNCUT,19,12.6,-1,3
2025-06-05,f292a4101ca0420357a2d18b3a013e5f,MISSION: IMPOSSIBLE - THE FINAL RECKONING,4,10.4,9,-1
2025-06-05,f3a9ac312f7bc4e2467a1bf02a6aa1e9,WAKTU MAGHRIB 2,26,14.56,4,3
2025-06-05,f54d37fc4c4d4b285aa3601041abc938,DENDAM MALAM KELAM,16,10.3,1,-1
2025-06-05,f54d37fc4c4d4b285aa3601041abc938,JUMBO,27,23.69,-1,-1
2025-06-05,f54d37fc4c4d4b285aa3601041abc938,KARATE KID: LEGENDS,36,27.04,7,-1
2025-06-05,f54d37fc4c4d4b285aa3601041abc938,LILO & STITCH,60,44.72,-1,5
2025-06-05,f7734bb329cacfe21ce854ae822b6115,BALLERINA,27,13.52,6,-1
2025-06-05,f7734bb329cacfe21ce854ae822b6115,MISSION: IMPOSSIBLE - THE FINAL RECKONING,18,14.56,5,3
2025-06-05,f7734bb329cacfe21ce854ae822b6115,TAK INGIN USAI DI SINI,25,14.56,5,2
2025-06-05,f7734bb329cacfe21ce854ae822b6115,WAKTU MAGHRIB 2,32,27.3,-1,-1
2025-06-05,fbaf4d5f0c18dc603a21aef31da59ee6,BALLERINA,20,40.56,-1,-1
2025-06-05,fbaf4d5f0c18dc603a21aef31da59ee6,GOWOK KAMASUTRA JAWA UNCUT,42,29.87,4,-1
2025-06-06,015555fbcd8faef6b55a854605df0a87,GOWOK KAMASUTRA JAWA,36,17.51,2,5
2025-06-06,04a2de432a8901363a05137a8e8de1d2,MISSION: IMPOSSIBLE - THE FINAL RECKONING,41,24.15,9,-1
2025-06-06,073b764928864ed8fa0b6b115bfdd685,GUNDIK,77,47.25,9,-1
2025-06-06,073b764928864ed8fa0b6b115bfdd685,MISSION: IMPOSSIBLE - THE FINAL RECKONING,36,74.16,-1,-1
2025-06-06,108f9a4d181f12fd1b7e3c9adae38478,GOWOK KAMASUTRA JAWA UNCUT,25,16.8,-1,4
2025-06-06,108f9a4d181f12fd1b7e3c9adae38478,LILO & STITCH,33,31.2,6,-1
2025-06-06,108f9a4d181f12fd1b7e3c9adae38478,WAKTU MAGHRIB 2,30,23.69,-1,-1
2025-06-06,19f506af810fe579721721d058f6b243,GOWOK KAMASUTRA JAWA,33,19.57,3,6
2025-06-06,218c50fa4df90b3241e39ff8ffb41102,LILO & STITCH,229,94.5,-1,-1
2025-06-06,26a644178fbdb277dc3c50997f6df7fe,DENDAM MALAM KELAM,55,26.78,9,6
2025-06-06,29fc89ab155e9f202326046c2e0023bb,GOWOK KAMASUTRA JAWA,32,18.54,1,4
2025-06-06,3744d5b8753c9cc72700ce7927fa0df3,WAKTU MAGHRIB 2,45,37.44,-1,-1
2025-06-06,494c8f1916a97efe3390ba9dbab6ce7d,KARATE KID: LEGENDS,132,95.68,1,-1
2025-06-06,4fc3fc370b299876663c7d5c90595853,KARATE KID: LEGENDS,72,57.75,10,-1
2025-06-06,52eed153a88a6bdcb46cbb266a07cba2,JUMBO,98,60.77,-1,-1
2025-06-06,52eed153a88a6bdcb46cbb266a07cba2,LILO & STITCH,76,57.75,6,-1
2025-06-06,52eed153a88a6bdcb46cbb266a07cba2,TAK INGIN USAI DI SINI,22,10.5,1,1
2025-06-06,52eed153a88a6bdcb46cbb266a07cba2,TENUNG BY RISA SARASWATI & DIMASTA,41,29.87,5,-1
2025-06-06,7995e00051a2fe6aeed7cfdbe0378c01,KARATE KID: LEGENDS,61,41.2,-1,-1
2025-06-06,7995e00051a2fe6aeed7cfdbe0378c01,MISSION: IMPOSSIBLE - THE FINAL RECKONING,96,66.15,-1,10
2025-06-06,862442166e956fe0e8355db8852d9440,MISSION: IMPOSSIBLE - THE FINAL RECKONING,162,52.0,7,6
2025-06-06,9aab42397bbc1d1cdb49f7044dc990f0,KARATE KID: LEGENDS,15,36.05,-1,-1
2025-06-06,9f0564f5cabe643e4dbb08b80d3cc241,GOWOK KAMASUTRA JAWA,23,11.55,6,-1
2025-06-06,cb2a49a747f8989ee0356ec7ac354177,GOWOK KAMASUTRA JAWA,31,13.39,1,1
2025-06-06,da96492ebd43c4a193238d6c3205cc40,GOWOK KAMASUTRA JAWA,41,30.45,-1,-1
2025-06-06,dc6de349945f10a4a296bb50d34fc504,MISSION: IMPOSSIBLE - THE FINAL RECKONING,30,75.6,-1,-1
2025-06-06,e67d818ee0546f3b33d0ba2083ed4db5,JUMBO,34,24.96,-1,-1
2025-06-06,f7734bb329cacfe21ce854ae822b6115,GOWOK KAMASUTRA JAWA,28,16.8,-1,7
2025-06-07,c4a19cbeb409639c836e4304976db0aa,GJLS: IBUKU IBU IBU,142,99.91,-1,-1
2025-06-08,015555fbcd8faef6b55a854605df0a87,GOWOK KAMASUTRA JAWA,24,11.55,5,-1
2025-06-08,073b764928864ed8fa0b6b115bfdd685,MISSION: IMPOSSIBLE - THE FINAL RECKONING,38,80.08,-1,-1
2025-06-08,17e1e7da761f72bbb4e039ba08cc0ba0,JUMBO,44,33.28,-1,-1
2025-06-08,218c50fa4df90b3241e39ff8ffb41102,LILO & STITCH,108,43.26,-1,-1
2025-06-08,26a644178fbdb277dc3c50997f6df7fe,DENDAM MALAM KELAM,32,15.6,2,10
2025-06-08,29fc89ab155e9f202326046c2e0023bb,BRING HER BACK,40,23.1,-1,-1
2025-06-08,2e0ec493a87e740511b7b565386c06fe,WAKTU MAGHRIB 2,58,47.84,-1,-1
2025-06-08,35de0354d956048d1c9c49ff069eaa55,BRING HER BACK,57,46.2,-1,-1
2025-06-08,35de0354d956048d1c9c49ff069eaa55,GOWOK KAMASUTRA JAWA,29,10.4,2,3
2025-06-08,35de0354d956048d1c9c49ff069eaa55,KARATE KID: LEGENDS,26,64.48,-1,-1
2025-06-08,35de0354d956048d1c9c49ff069eaa55,LILO & STITCH,6,26.25,-1,-1
2025-06-08,3c41b96b56b0aab1ed5fc5e703499730,BRING HER BACK,70,38.48,-1,-1
2025-06-08,3cc167017755a0197f18f93595c9ae85,BRING HER BACK,44,62.83,-1,-1
2025-06-08,494c8f1916a97efe3390ba9dbab6ce7d,KARATE KID: LEGENDS,107,75.92,-1,-1
2025-06-08,4a4c71e99772e87c9e35a56acd8be21e,BRING HER BACK,15,12.6,1,-1
2025-06-08,4fc3fc370b299876663c7d5c90595853,BRING HER BACK,37,25.2,-1,5
2025-06-08,541130ea8083a789df5d15bbfe13055a,BRING HER BACK,64,58.24,-1,-1
2025-06-08,580919d632e55fd9736ae1a2ac6ed0c5,BRING HER BACK,67,56.7,-1,-1
2025-06-08,66d433e397ff7f3d460500704fd40a5a,KARATE KID: LEGENDS,20,48.41,-1,-1
2025-06-08,7995e00051a2fe6aeed7cfdbe0378c01,KARATE KID: LEGENDS,63,44.1,8,-1
2025-06-08,7995e00051a2fe6aeed7cfdbe0378c01,LILO & STITCH,69,46.35,-1,-1
2025-06-08,81c620b2538435926cbbf15745ef5901,GOWOK KAMASUTRA JAWA UNCUT,67,48.88,-1,-1
2025-06-08,88d0ee0029bee810e1d0fe37f73e2d3b,TAK INGIN USAI DI SINI,139,81.9,-1,-1
2025-06-08,9158e16be84a6db4d63d3289099f119b,BRING HER BACK,23,18.9,1,-1
2025-06-08,9aab42397bbc1d1cdb49f7044dc990f0,BRING HER BACK,83,42.0,1,-1
2025-06-08,9aab42397bbc1d1cdb49f7044dc990f0,KARATE KID: LEGENDS,18,43.26,-1,-1
2025-06-08,9f0564f5cabe643e4dbb08b80d3cc241,BRING HER BACK,62,35.7,-1,-1
2025-06-08,9f0564f5cabe643e4dbb08b80d3cc241,WAKTU MAGHRIB 2,100,58.71,-1,9
2025-06-08,cb2a49a747f8989ee0356ec7ac354177,BRING HER BACK,50,37.8,-1,2
2025-06-08,d1918db937d26e9e4ccd3e17e1ff0e2d,WAKTU MAGHRIB 2,28,22.66,1,-1
2025-06-08,da6b584c30e784d15b54ad124a760b19,BRING HER BACK,110,71.07,3,-1
2025-06-08,da96492ebd43c4a193238d6c3205cc40,DENDAM MALAM KELAM,60,47.84,-1,-1
2025-06-08,dc6de349945f10a4a296bb50d34fc504,MISSION: IMPOSSIBLE - THE FINAL RECKONING,16,38.85,-1,-1
2025-06-08,e7ec114c2ec166155149062023617e8b,BRING HER BACK,27,27.3,-1,-1
2025-06-08,e989d8fdc91de7e6ffbb72a2f5ac79f6,MISSION: IMPOSSIBLE - THE FINAL RECKONING,81,28.35,10,7
2025-06-08,f292a4101ca0420357a2d18b3a013e5f,BRING HER BACK,41,30.45,-1,-1
2025-06-09,57d37d0d839b9dff6f87d6b5d5b679cc,ANGEL POL,157,99.75,-1,-1
2025-06-10,015555fbcd8faef6b55a854605df0a87,BRING HER BACK,21,15.75,2,1
2025-06-10,015555fbcd8faef6b55a854605df0a87,GOWOK KAMASUTRA JAWA UNCUT,28,11.33,1,5
2025-06-10,015555fbcd8faef6b55a854605df0a87,TAK INGIN USAI DI SINI,22,10.5,1,1
2025-06-10,0191582d75f94a412c0fa12d36bcee3f,THE PHOENICIAN SCHEME,22,13.39,8,5
2025-06-10,1240789770bc04e7d26e5fa31c075ced,FINAL DESTINATION: BLOODLINES,21,16.64,-1,-1
2025-06-10,14b63ff2b104903ead7d884f25382e57,BRING HER BACK,24,19.57,3,6
2025-06-10,14b63ff2b104903ead7d884f25382e57,GOWOK KAMASUTRA JAWA UNCUT,23,12.36,9,1
2025-06-10,3cc167017755a0197f18f93595c9ae85,BRING HER BACK,13,17.51,-1,-1
2025-06-10,3cc167017755a0197f18f93595c9ae85,FINAL DESTINATION: BLOODLINES,53,82.95,-1,-1
2025-06-10,4fc3fc370b299876663c7d5c90595853,BRING HER BACK,38,27.04,5,-1
2025-06-10,52eed153a88a6bdcb46cbb266a07cba2,WAKTU MAGHRIB 2,30,18.72,5,-1
2025-06-10,81c620b2538435926cbbf15745ef5901,TAK INGIN USAI DI SINI,32,15.75,8,9
2025-06-10,862442166e956fe0e8355db8852d9440,TENUNG BY RISA SARASWATI & DIMASTA,17,11.33,0,-1
2025-06-10,9f0564f5cabe643e4dbb08b80d3cc241,BRING HER BACK,54,28.84,8,-1
2025-06-10,9f0564f5cabe643e4dbb08b80d3cc241,WAKTU MAGHRIB 2,48,29.12,5,-1
2025-06-10,a6d19ebcb27f61cbf41a6552fbf68676,BALLERINA,21,15.6,1,4
2025-06-10,a6d19ebcb27f61cbf41a6552fbf68676,GOWOK KAMASUTRA JAWA UNCUT,28,20.6,-1,-1
2025-06-10,a6d19ebcb27f61cbf41a6552fbf68676,MISSION: IMPOSSIBLE - THE FINAL RECKONING,36,26.78,-1,-1
2025-06-10,a9d508d218799f9dc69bb4aefc122cb3,BRING HER BACK,29,34.65,6,-1
2025-06-10,cb2a49a747f8989ee0356ec7ac354177,MISSION: IMPOSSIBLE - THE FINAL RECKONING,19,13.65,-1,-1
2025-06-10,cb2a49a747f8989ee0356ec7ac354177,TENUNG BY RISA SARASWATI & DIMASTA,25,17.51,6,-1
2025-06-10,cb2a49a747f8989ee0356ec7ac354177,WAKTU MAGHRIB 2,45,33.6,-1,3
2025-06-10,dc6de349945f10a4a296bb50d34fc504,MISSION: IMPOSSIBLE - THE FINAL RECKONING,5,12.48,-1,-1
2025-06-10,e8965581e1be78ac9a3145b6983ff6ec,GOWOK KAMASUTRA JAWA UNCUT,19,15.6,3,2
2025-06-10,e8965581e1be78ac9a3145b6983ff6ec,LILO & STITCH,51,21.0,8,5
2025-06-10,e8965581e1be78ac9a3145b6983ff6ec,WAKTU MAGHRIB 2,46,18.72,-1,2
2025-06-11,04a2de432a8901363a05137a8e8de1d2,BALLERINA,43,24.96,-1,-1
2025-06-11,29fc89ab155e9f202326046c2e0023bb,BALLERINA,26,64.48,-1,-1
2025-06-11,2e0ec493a87e740511b7b565386c06fe,HOW TO TRAIN YOUR DRAGON,36,21.63,9,-1
2025-06-11,2e0ec493a87e740511b7b565386c06fe,TAK INGIN USAI DI SINI,18,14.42,-1,3
2025-06-11,541130ea8083a789df5d15bbfe13055a,BRING HER BACK,31,28.08,10,-1
2025-06-11,541130ea8083a789df5d15bbfe13055a,MISSION: IMPOSSIBLE - THE FINAL RECKONING,51,46.2,-1,-1
2025-06-11,7995e00051a2fe6aeed7cfdbe0378c01,BALLERINA,50,33.99,2,-1
2025-06-11,9158e16be84a6db4d63d3289099f119b,MISSION: IMPOSSIBLE - THE FINAL RECKONING,54,44.29,8,-1
2025-06-11,919c7b9859d8ce7cab47dab2463e7fab,BALLERINA,42,29.87,4,-1
2025-06-11,919c7b9859d8ce7cab47dab2463e7fab,BRING HER BACK,36,19.76,-1,3
2025-06-11,919c7b9859d8ce7cab47dab2463e7fab,KARATE KID: LEGENDS,28,20.8,-1,2
2025-06-11,a9d508d218799f9dc69bb4aefc122cb3,FINAL DESTINATION: BLOODLINES,40,34.32,-1,-1
2025-06-11,a9d508d218799f9dc69bb4aefc122cb3,MISSION: IMPOSSIBLE - THE FINAL RECKONING,38,45.32,-1,-1
2025-06-11,afbb3b11f728a54ad1eb3ca34f602779,HOW TO TRAIN YOUR DRAGON,44,14.7,2,3
2025-06-11,afbb3b11f728a54ad1eb3ca34f602779,WAKTU MAGHRIB 2,68,33.99,1,-1
2025-06-12,0191582d75f94a412c0fa12d36bcee3f,KARATE KID: LEGENDS,56,37.44,-1,-1
2025-06-12,1240789770bc04e7d26e5fa31c075ced,BALLERINA,33,14.42,-1,2
2025-06-12,218c50fa4df90b3241e39ff8ffb41102,LILO & STITCH,94,37.44,-1,9
2025-06-12,3acdf298dab1b92bbaaad74d86c0c40a,MISSION: IMPOSSIBLE - THE FINAL RECKONING,51,37.8,-1,3
2025-06-12,3afae5dea7356f64f70605334bef46a7,TAK INGIN USAI DI SINI,30,17.68,2,1
2025-06-12,53b77c875c67b68561415f23065e6e8d,BALLERINA,6,20.8,-1,-1
2025-06-12,9aab42397bbc1d1cdb49f7044dc990f0,BRING HER BACK,27,13.52,6,-1
2025-06-12,9cc7970100d8e4c2202f08cb78c6eb20,GOWOK KAMASUTRA JAWA UNCUT,80,37.44,2,1
2025-06-12,a616a546264044ed616bc2bdf2d9f7fc,BRING HER BACK,70,32.24,9,1
2025-06-12,b2539b1f80254243391774489b1328aa,HOW TO TRAIN YOUR DRAGON,31,14.42,0,1
2025-06-12,da6b584c30e784d15b54ad124a760b19,BRING HER BACK,30,19.76,3,-1
2025-06-12,da96492ebd43c4a193238d6c3205cc40,MISSION: IMPOSSIBLE - THE FINAL RECKONING,15,36.75,-1,-1
2025-06-12,e67d818ee0546f3b33d0ba2083ed4db5,GOWOK KAMASUTRA JAWA UNCUT,22,16.8,-1,1
2025-06-12,e939d818a5192f48fc4b73102e3aa4b9,SAYAP SAYAP PATAH 2: OLIVIA,239,87.36,3,4
2025-06-12,fbaf4d5f0c18dc603a21aef31da59ee6,BALLERINA,48,97.85,-1,-1
2025-06-14,015555fbcd8faef6b55a854605df0a87,KARATE KID: LEGENDS,43,33.28,-1,-1
2025-06-14,015555fbcd8faef6b55a854605df0a87,LILO & STITCH,47,36.05,6,-1
2025-06-14,0191582d75f94a412c0fa12d36bcee3f,DAN DA DAN: EVIL EYE,46,28.35,9,10
2025-06-14,0191582d75f94a412c0fa12d36bcee3f,TENUNG BY RISA SARASWATI & DIMASTA,27,16.48,2,-1
2025-06-14,1240789770bc04e7d26e5fa31c075ced,MISSION: IMPOSSIBLE - THE FINAL RECKONING,96,79.31,-1,4
2025-06-14,14b63ff2b104903ead7d884f25382e57,GAZA,15,11.33,2,-1
2025-06-14,81c620b2538435926cbbf15745ef5901,KELUARGA SUPER IRIT,39,29.12,-1,-1
2025-06-14,be8de71502987819afd4c2ceea71c539,BALLERINA,20,15.75,0,-1
2025-06-14,be8de71502987819afd4c2ceea71c539,KELUARGA SUPER IRIT,44,36.05,9,-1
2025-06-14,e8965581e1be78ac9a3145b6983ff6ec,KARATE KID: LEGENDS,90,64.48,-1,-1
2025-06-14,e8965581e1be78ac9a3145b6983ff6ec,KELUARGA SUPER IRIT,43,38.85,-1,-1
2025-06-15,312cd6ebdd3af9ac55f7b3d31ecab9c2,WAKTU MAGHRIB 2,42,34.65,2,7
2025-06-15,a9e141baa8b4ec825325397b16eeaae3,TENUNG BY RISA SARASWATI & DIMASTA,25,18.54,3,-1
2025-06-15,da96492ebd43c4a193238d6c3205cc40,JODOH 3 BUJANG,71,55.62,-1,-1
2025-06-16,015555fbcd8faef6b55a854605df0a87,WAKTU MAGHRIB 2,33,17.68,2,1
2025-06-16,0191582d75f94a412c0fa12d36bcee3f,DAN DA DAN: EVIL EYE,35,21.63,10,-1
2025-06-16,1240789770bc04e7d26e5fa31c075ced,MISSION: IMPOSSIBLE - THE FINAL RECKONING,34,19.76,-1,1
2025-06-16,19f506af810fe579721721d058f6b243,GOWOK KAMASUTRA JAWA UNCUT,28,15.6,6,6
2025-06-16,19f506af810fe579721721d058f6b243,WAKTU MAGHRIB 2,67,40.17,-1,-1
2025-06-16,25e1c125bdd513aa2355a8e558a1a908,GJLS: IBUKU IBU IBU,14,10.4,4,1
2025-06-16,494c8f1916a97efe3390ba9dbab6ce7d,HI-FIVE,18,12.36,4,7
2025-06-16,580919d632e55fd9736ae1a2ac6ed0c5,LILO & STITCH,35,27.81,7,-1
2025-06-16,5a894958f375392ce7981be2eb9a26be,BALLERINA,17,12.6,-1,1
2025-06-16,5a894958f375392ce7981be2eb9a26be,GOWOK KAMASUTRA JAWA UNCUT,17,12.36,5,6
2025-06-16,5a894958f375392ce7981be2eb9a26be,KELUARGA SUPER IRIT,10,11.44,-1,-1
2025-06-16,5a894958f375392ce7981be2eb9a26be,TAK INGIN USAI DI SINI,46,26.0,6,7
2025-06-16,81c620b2538435926cbbf15745ef5901,KELUARGA SUPER IRIT,18,12.6,-1,2
2025-06-16,9aab42397bbc1d1cdb49f7044dc990f0,MISSION: IMPOSSIBLE - THE FINAL RECKONING,30,14.7,-1,-1
2025-06-16,a9d508d218799f9dc69bb4aefc122cb3,GAZA,24,27.81,-1,-1
2025-06-16,da6b584c30e784d15b54ad124a760b19,BRING HER BACK,50,32.24,9,1
2025-06-16,da96492ebd43c4a193238d6c3205cc40,HI-FIVE,26,22.88,1,-1
2025-06-16,fbaf4d5f0c18dc603a21aef31da59ee6,BALLERINA,48,99.75,-1,-1
2025-06-16,fbaf4d5f0c18dc603a21aef31da59ee6,MISSION: IMPOSSIBLE - THE FINAL RECKONING,41,85.49,-1,-1
2025-06-17,17e1e7da761f72bbb4e039ba08cc0ba0,HI-FIVE,16,11.33,1,-1
2025-06-17,494c8f1916a97efe3390ba9dbab6ce7d,HI-FIVE,19,12.6,-1,3
2025-06-17,4fc3fc370b299876663c7d5c90595853,HI-FIVE,14,10.4,4,1
2025-06-17,5ff7565cdb056b4bdcb43d0ea2b5380d,KELUARGA SUPER IRIT,25,20.8,1,-1
2025-06-17,62447bb073160adcf6d6022240a3663c,GOWOK KAMASUTRA JAWA UNCUT,19,13.65,-1,-1
2025-06-17,7114d91eccf418326f7a9a05943c04e1,BALLERINA,33,25.75,10,-1
2025-06-17,862442166e956fe0e8355db8852d9440,DAN DA DAN: EVIL EYE,38,20.6,3,-1
2025-06-17,88d0ee0029bee810e1d0fe37f73e2d3b,MISSION: IMPOSSIBLE - THE FINAL RECKONING,28,69.01,-1,-1
2025-06-17,8d2e05da5624875993cb8580c88334a9,HI-FIVE,14,21.0,7,-1
2025-06-17,919c7b9859d8ce7cab47dab2463e7fab,GAZA,60,33.28,-1,-1
2025-06-17,92e94ed55b4de8feaff9462a66e2dbd7,HOW TO TRAIN YOUR DRAGON,59,32.96,0,-1
2025-06-17,92e94ed55b4de8feaff9462a66e2dbd7,MISSION: IMPOSSIBLE - THE FINAL RECKONING,19,10.5,0,-1
2025-06-17,9715c9bc57db04a2506acfdab71ec1c6,TAK INGIN USAI DI SINI,18,13.65,-1,-1
2025-06-17,9aab42397bbc1d1cdb49f7044dc990f0,GOWOK KAMASUTRA JAWA UNCUT,36,26.78,-1,-1
2025-06-17,9cc7970100d8e4c2202f08cb78c6eb20,GOWOK KAMASUTRA JAWA UNCUT,33,17.51,5,2
2025-06-17,9cc7970100d8e4c2202f08cb78c6eb20,MISSION: IMPOSSIBLE - THE FINAL RECKONING,19,13.52,-1,-1
2025-06-17,9f0564f5cabe643e4dbb08b80d3cc241,KARATE KID: LEGENDS,32,18.72,3,-1
2025-06-17,c48b7a4426e8cbee3f7dbfe8b87d1d89,BALLERINA,18,14.7,-1,-1
2025-06-17,e989d8fdc91de7e6ffbb72a2f5ac79f6,KARATE KID: LEGENDS,18,14.42,-1,3
2025-06-17,f54d37fc4c4d4b285aa3601041abc938,HI-FIVE,21,11.55,8,-1
2025-06-17,f7734bb329cacfe21ce854ae822b6115,MISSION: IMPOSSIBLE - THE FINAL RECKONING,36,28.08,5,-1
2025-06-17,fbaf4d5f0c18dc603a21aef31da59ee6,BALLERINA,42,87.15,-1,-1
2025-06-17,fbaf4d5f0c18dc603a21aef31da59ee6,MISSION: IMPOSSIBLE - THE FINAL RECKONING,24,48.41,-1,-1
2025-06-17,fcf80028ec9bbf8efaee3932e529a78f,GOWOK KAMASUTRA JAWA UNCUT,54,31.93,-1,1
2025-06-17,fcf80028ec9bbf8efaee3932e529a78f,TAK INGIN USAI DI SINI,60,36.05,2,7
2025-06-18,015555fbcd8faef6b55a854605df0a87,HI-FIVE,47,33.28,-1,-1
2025-06-18,0191582d75f94a412c0fa12d36bcee3f,HI-FIVE,37,20.6,4,-1
2025-06-18,3acdf298dab1b92bbaaad74d86c0c40a,KARATE KID: LEGENDS,50,37.08,-1,-1
2025-06-18,3acdf298dab1b92bbaaad74d86c0c40a,WAKTU MAGHRIB 2,46,34.65,-1,2
2025-06-18,592095e0ddc2c230cf3002d72e9bac41,HI-FIVE,31,15.6,3,9
2025-06-18,62447bb073160adcf6d6022240a3663c,GOWOK KAMASUTRA JAWA UNCUT,15,10.3,2,-1
2025-06-18,7114d91eccf418326f7a9a05943c04e1,BALLERINA,29,21.63,-1,-1
2025-06-18,88d0ee0029bee810e1d0fe37f73e2d3b,MISSION: IMPOSSIBLE - THE FINAL RECKONING,9,23.1,-1,-1
2025-06-18,92e94ed55b4de8feaff9462a66e2dbd7,MISSION: IMPOSSIBLE - THE FINAL RECKONING,43,23.92,7,-1
2025-06-18,b2539b1f80254243391774489b1328aa,HOW TO TRAIN YOUR DRAGON,30,13.39,0,-1
2025-06-18,fbaf4d5f0c18dc603a21aef31da59ee6,BALLERINA,32,65.1,-1,-1
2025-06-18,fbaf4d5f0c18dc603a21aef31da59ee6,MISSION: IMPOSSIBLE - THE FINAL RECKONING,21,42.23,-1,-1
2025-06-18,fcf80028ec9bbf8efaee3932e529a78f,GOWOK KAMASUTRA JAWA UNCUT,25,15.75,-1,2
2025-06-18,fcf80028ec9bbf8efaee3932e529a78f,TAK INGIN USAI DI SINI,67,41.2,-1,-1
2025-06-19,015555fbcd8faef6b55a854605df0a87,HI-FIVE,45,31.93,8,7
2025-06-19,62447bb073160adcf6d6022240a3663c,TAK INGIN USAI DI SINI,58,42.64,-1,3
2025-06-19,88d0ee0029bee810e1d0fe37f73e2d3b,MISSION: IMPOSSIBLE - THE FINAL RECKONING,20,48.88,-1,-1
2025-06-19,a616a546264044ed616bc2bdf2d9f7fc,BALLERINA,42,24.72,2,-1
2025-06-19,c48b7a4426e8cbee3f7dbfe8b87d1d89,KELUARGA SUPER IRIT,41,27.3,-1,-1
2025-06-19,e7ec114c2ec166155149062023617e8b,KELUARGA SUPER IRIT,60,35.02,-1,-1
2025-06-19,fbaf4d5f0c18dc603a21aef31da59ee6,MISSION: IMPOSSIBLE - THE FINAL RECKONING,46,97.65,-1,-1
2025-06-20,015555fbcd8faef6b55a854605df0a87,HI-FIVE,42,32.24,7,-1
2025-06-20,580919d632e55fd9736ae1a2ac6ed0c5,ELIO,34,27.81,8,-1
2025-06-20,88d0ee0029bee810e1d0fe37f73e2d3b,MISSION: IMPOSSIBLE - THE FINAL RECKONING,12,31.5,-1,-1
2025-06-20,9cc7970100d8e4c2202f08cb78c6eb20,BALLERINA,47,26.0,5,8
2025-06-20,9cc7970100d8e4c2202f08cb78c6eb20,WAKTU MAGHRIB 2,32,16.8,9,-1
2025-06-20,a616a546264044ed616bc2bdf2d9f7fc,BALLERINA,62,37.44,-1,-1
2025-06-20,c48b7a4426e8cbee3f7dbfe8b87d1d89,KELUARGA SUPER IRIT,20,12.36,2,9
2025-06-20,e7ec114c2ec166155149062023617e8b,KELUARGA SUPER IRIT,52,38.48,-1,-1
2025-06-20,fbaf4d5f0c18dc603a21aef31da59ee6,BALLERINA,43,90.48,-1,-1
2025-06-20,fbaf4d5f0c18dc603a21aef31da59ee6,MISSION: IMPOSSIBLE - THE FINAL RECKONING,31,63.86,-1,-1
2025-06-21,202dbf4df0e433f092fca1aa8162c400,ELIO,21,16.64,-1,-1
2025-06-21,3c41b96b56b0aab1ed5fc5e703499730,LOCKED,49,27.04,4,6
2025-06-21,4a61d7e09bbe3868d79af81be96ed6ee,28 YEARS LATER,11,23.1,-1,-1
2025-06-21,716ede53fbca27fbe1c1a55d6667c2b5,BALLERINA,27,21.84,-1,8
2025-06-21,88d0ee0029bee810e1d0fe37f73e2d3b,MISSION: IMPOSSIBLE - THE FINAL RECKONING,16,38.48,-1,-1
2025-06-21,9cc7970100d8e4c2202f08cb78c6eb20,BALLERINA,76,40.56,-1,3
2025-06-21,a616a546264044ed616bc2bdf2d9f7fc,ASSALAMUALAIKUM BEIJING 2: LOST IN NINGXIA,63,47.25,-1,-1
2025-06-21,a616a546264044ed616bc2bdf2d9f7fc,BALLERINA,76,46.35,-1,-1
2025-06-21,c48b7a4426e8cbee3f7dbfe8b87d1d89,KELUARGA SUPER IRIT,21,13.65,-1,-1
2025-06-22,2e0ec493a87e740511b7b565386c06fe,LOCKED,28,22.88,7,1
2025-06-22,490346a8a068ba7d2e3764714c6d5323,GAZA,14,12.48,-1,-1
2025-06-22,4a4c71e99772e87c9e35a56acd8be21e,ASSALAMUALAIKUM BEIJING 2: LOST IN NINGXIA,18,14.7,-1,-1
2025-06-22,4a61d7e09bbe3868d79af81be96ed6ee,28 YEARS LATER,8,16.48,7,-1
2025-06-22,580919d632e55fd9736ae1a2ac6ed0c5,LOCKED,48,39.9,-1,-1
2025-06-22,716ede53fbca27fbe1c1a55d6667c2b5,BALLERINA,34,28.35,2,-1
2025-06-22,88d0ee0029bee810e1d0fe37f73e2d3b,28 YEARS LATER,26,65.1,-1,-1
2025-06-22,88d0ee0029bee810e1d0fe37f73e2d3b,MISSION: IMPOSSIBLE - THE FINAL RECKONING,14,32.96,-1,-1
2025-06-22,a616a546264044ed616bc2bdf2d9f7fc,28 YEARS LATER,20,14.56,3,5
2025-06-22,a616a546264044ed616bc2bdf2d9f7fc,BALLERINA,32,18.72,3,-1
2025-06-22,c48b7a4426e8cbee3f7dbfe8b87d1d89,KELUARGA SUPER IRIT,18,11.55,-1,-1
2025-06-22,e3edf631650eb304cf386709b98005f6,GJLS: IBUKU IBU IBU,33,29.4,-1,-1
2025-06-22,e3edf631650eb304cf386709b98005f6,TAK INGIN USAI DI SINI,32,26.78,-1,-1
2025-06-22,ef2896a95abe2a2b4cfee245dc1e36ec,ELIO,19,14.56,4,4
2025-06-22,fbaf4d5f0c18dc603a21aef31da59ee6,MISSION: IMPOSSIBLE - THE FINAL RECKONING,32,65.1,-1,-1
2025-06-23,0191582d75f94a412c0fa12d36bcee3f,SYIRIK (DANYANG LAUT SELATAN),23,13.52,10,-1
2025-06-23,17e1e7da761f72bbb4e039ba08cc0ba0,GOWOK KAMASUTRA JAWA UNCUT,16,12.36,6,5
2025-06-23,26a644178fbdb277dc3c50997f6df7fe,SYIRIK (DANYANG LAUT SELATAN),62,60.32,-1,-1
2025-06-23,4ed104ac0de10ba7eef50158603e0b32,NOISE,93,76.22,-1,-1
2025-06-23,580919d632e55fd9736ae1a2ac6ed0c5,KAIJU NO. 8: MISSION RECON,16,12.6,0,-1
2025-06-23,580919d632e55fd9736ae1a2ac6ed0c5,LOCKED,21,16.64,-1,-1
2025-06-23,7995e00051a2fe6aeed7cfdbe0378c01,GJLS: IBUKU IBU IBU,22,12.6,9,6
2025-06-23,862442166e956fe0e8355db8852d9440,KAIJU NO. 8: MISSION RECON,27,22.66,2,-1
2025-06-23,862442166e956fe0e8355db8852d9440,WAKTU MAGHRIB 2,36,19.95,-1,-1
2025-06-23,b4972b48997defae8304bc9c41220c7c,SYIRIK (DANYANG LAUT SELATAN),18,12.36,4,7
2025-06-23,e3edf631650eb304cf386709b98005f6,GJLS: IBUKU IBU IBU,74,65.52,2,-1
2025-06-23,e3edf631650eb304cf386709b98005f6,TAK INGIN USAI DI SINI,28,24.72,-1,6
2025-06-23,ef2896a95abe2a2b4cfee245dc1e36ec,ELIO,15,11.33,2,-1
2025-06-23,fbaf4d5f0c18dc603a21aef31da59ee6,MISSION: IMPOSSIBLE - THE FINAL RECKONING,48,97.85,-1,-1
2025-06-24,108f9a4d181f12fd1b7e3c9adae38478,ASSALAMUALAIKUM BEIJING 2: LOST IN NINGXIA,30,15.45,4,-1
2025-06-24,17e1e7da761f72bbb4e039ba08cc0ba0,GOWOK KAMASUTRA JAWA UNCUT,28,20.6,-1,-1
2025-06-24,26a644178fbdb277dc3c50997f6df7fe,SYIRIK (DANYANG LAUT SELATAN),40,37.8,8,9
2025-06-24,2e0ec493a87e740511b7b565386c06fe,ELIO,66,54.08,-1,-1
2025-06-24,494c8f1916a97efe3390ba9dbab6ce7d,ELIO,46,33.28,-1,-1
2025-06-24,4ed104ac0de10ba7eef50158603e0b32,ASSALAMUALAIKUM BEIJING 2: LOST IN NINGXIA,54,32.24,5,5
2025-06-24,592095e0ddc2c230cf3002d72e9bac41,ELIO,42,24.96,-1,-1
2025-06-24,7995e00051a2fe6aeed7cfdbe0378c01,GJLS: IBUKU IBU IBU,27,14.7,-1,-1
2025-06-24,81c620b2538435926cbbf15745ef5901,HOW TO TRAIN YOUR DRAGON,64,47.38,-1,-1
2025-06-24,81c620b2538435926cbbf15745ef5901,TAK INGIN USAI DI SINI,38,26.78,-1,-1
2025-06-24,a6d19ebcb27f61cbf41a6552fbf68676,28 YEARS LATER,14,10.3,3,-1
2025-06-24,a9d508d218799f9dc69bb4aefc122cb3,JUMBO,245,86.52,-1,1
2025-06-24,e3edf631650eb304cf386709b98005f6,GJLS: IBUKU IBU IBU,35,31.2,4,-1
2025-06-24,e3edf631650eb304cf386709b98005f6,TAK INGIN USAI DI SINI,42,36.05,-1,-1
2025-06-24,f54d37fc4c4d4b285aa3601041abc938,JUMBO,82,74.55,0,-1
2025-06-24,fbaf4d5f0c18dc603a21aef31da59ee6,MISSION: IMPOSSIBLE - THE FINAL RECKONING,23,47.25,-1,-1
2025-06-25,108f9a4d181f12fd1b7e3c9adae38478,ASSALAMUALAIKUM BEIJING 2: LOST IN NINGXIA,26,13.65,8,-1
2025-06-25,108f9a4d181f12fd1b7e3c9adae38478,LOCKED,23,19.57,4,5
2025-06-25,218c50fa4df90b3241e39ff8ffb41102,ARWAH,158,98.7,-1,6
2025-06-25,26a644178fbdb277dc3c50997f6df7fe,SYIRIK (DANYANG LAUT SELATAN),56,52.53,-1,4
2025-06-25,29fc89ab155e9f202326046c2e0023bb,TAK INGIN USAI DI SINI,29,21.0,-1,8
2025-06-25,494c8f1916a97efe3390ba9dbab6ce7d,GAZA,49,40.95,-1,6
2025-06-25,494c8f1916a97efe3390ba9dbab6ce7d,GJLS: IBUKU IBU IBU,47,38.48,-1,-1
2025-06-25,4ed104ac0de10ba7eef50158603e0b32,ASSALAMUALAIKUM BEIJING 2: LOST IN NINGXIA,43,26.0,9,4
2025-06-25,52eed153a88a6bdcb46cbb266a07cba2,LILO & STITCH,35,21.0,7,-1
2025-06-25,5a894958f375392ce7981be2eb9a26be,TAK INGIN USAI DI SINI,27,29.12,-1,-1
2025-06-26,0191582d75f94a412c0fa12d36bcee3f,GJLS: IBUKU IBU IBU,63,38.11,-1,-1
2025-06-26,108f9a4d181f12fd1b7e3c9adae38478,TAK INGIN USAI DI SINI,16,11.44,7,-1
2025-06-26,25e1c125bdd513aa2355a8e558a1a908,F1 THE MOVIE,14,10.5,5,-1
2025-06-26,3744d5b8753c9cc72700ce7927fa0df3,HOW TO TRAIN YOUR DRAGON,18,14.56,5,3
2025-06-26,494c8f1916a97efe3390ba9dbab6ce7d,GJLS: IBUKU IBU IBU,38,32.55,-1,-1
2025-06-26,4ed104ac0de10ba7eef50158603e0b32,ASSALAMUALAIKUM BEIJING 2: LOST IN NINGXIA,64,38.48,-1,-1
2025-06-26,52eed153a88a6bdcb46cbb266a07cba2,LILO & STITCH,49,30.16,8,-1
2025-06-26,541130ea8083a789df5d15bbfe13055a,TAK INGIN USAI DI SINI,33,22.05,10,5
2025-06-26,7995e00051a2fe6aeed7cfdbe0378c01,F1 THE MOVIE,34,22.88,1,7
2025-06-26,88d0ee0029bee810e1d0fe37f73e2d3b,BALLERINA,6,12.6,10,-1
2025-06-26,f54d37fc4c4d4b285aa3601041abc938,28 YEARS LATER,22,12.36,0,-1
2025-06-27,202dbf4df0e433f092fca1aa8162c400,ELIO,72,58.71,-1,-1
2025-06-27,490346a8a068ba7d2e3764714c6d5323,M3GAN 2.0,11,10.5,8,-1
2025-06-27,4ed104ac0de10ba7eef50158603e0b32,ASSALAMUALAIKUM BEIJING 2: LOST IN NINGXIA,50,30.16,7,-1
2025-06-27,52eed153a88a6bdcb46cbb266a07cba2,LILO & STITCH,80,50.4,-1,-1
2025-06-27,7995e00051a2fe6aeed7cfdbe0378c01,F1 THE MOVIE,32,20.8,-1,6
2025-06-27,7995e00051a2fe6aeed7cfdbe0378c01,M3GAN 2.0,31,20.6,10,-1
2025-06-27,7cade3ea25dae25fdb8c56776676b0c7,WARKOP DKI KARTUN,21,15.75,2,1
2025-06-27,8750b9ee0b0c6c6afcfcb2a05e60efc0,WARKOP DKI KARTUN,39,18.54,-1,1
2025-06-27,9cc7970100d8e4c2202f08cb78c6eb20,M3GAN 2.0,37,19.76,-1,4
2025-06-27,b704e8b10f13e14494b5a7a0ba39d9d9,ELIO,84,66.56,-1,-1
2025-06-27,e7ec114c2ec166155149062023617e8b,M3GAN 2.0,45,45.15,-1,-1
2025-06-28,0191582d75f94a412c0fa12d36bcee3f,WARKOP DKI KARTUN,20,16.8,1,-1
2025-06-28,35de0354d956048d1c9c49ff069eaa55,NOISE,34,30.45,-1,-1
2025-06-28,4ba87a86e02dd8a810032db35bf13c51,WARKOP DKI KARTUN,7,10.3,10,-1
2025-06-28,52eed153a88a6bdcb46cbb266a07cba2,GAZA,53,31.2,-1,-1
2025-06-28,5a894958f375392ce7981be2eb9a26be,TAK INGIN USAI DI SINI,27,20.8,-1,1
2025-06-28,7995e00051a2fe6aeed7cfdbe0378c01,F1 THE MOVIE,48,32.96,-1,-1
2025-06-28,7995e00051a2fe6aeed7cfdbe0378c01,M3GAN 2.0,51,35.36,-1,-1
2025-06-28,7c271f1e1351e6433b202d77b88012c2,JODOH 3 BUJANG,36,19.57,0,9
2025-06-28,981569adf232c53afe751c8c660db8d9,M3GAN 2.0,72,49.35,4,-1
2025-06-28,9aab42397bbc1d1cdb49f7044dc990f0,NOISE,34,16.64,-1,-1
2025-06-28,9cc7970100d8e4c2202f08cb78c6eb20,M3GAN 2.0,41,21.84,4,3
2025-06-28,afbb3b11f728a54ad1eb3ca34f602779,F1 THE MOVIE,52,26.25,-1,10
2025-06-28,afbb3b11f728a54ad1eb3ca34f602779,M3GAN 2.0,32,15.6,2,10
2025-06-28,b704e8b10f13e14494b5a7a0ba39d9d9,ELIO,23,13.52,10,-1
2025-06-28,d33850e3698903061b4c18886ce00c9d,F1 THE MOVIE,21,15.75,2,1
2025-06-28,ef2896a95abe2a2b4cfee245dc1e36ec,RABI JIWO,15,10.4,3,2
2025-06-29,52eed153a88a6bdcb46cbb266a07cba2,GAZA,93,54.59,8,-1
2025-06-29,580919d632e55fd9736ae1a2ac6ed0c5,JODOH 3 BUJANG,69,57.75,-1,-1
2025-06-29,7995e00051a2fe6aeed7cfdbe0378c01,F1 THE MOVIE,54,36.4,-1,-1
2025-06-29,7995e00051a2fe6aeed7cfdbe0378c01,M3GAN 2.0,42,28.35,-1,6
2025-06-29,7c271f1e1351e6433b202d77b88012c2,JODOH 3 BUJANG,37,21.84,1,-1
2025-06-29,7cade3ea25dae25fdb8c56776676b0c7,M3GAN 2.0,20,14.7,-1,-1
2025-06-29,981569adf232c53afe751c8c660db8d9,M3GAN 2.0,71,48.41,5,10
2025-06-29,9cc7970100d8e4c2202f08cb78c6eb20,M3GAN 2.0,60,31.93,-1,7
2025-06-29,a9e141baa8b4ec825325397b16eeaae3,NOISE,28,18.72,7,-1
2025-06-29,afbb3b11f728a54ad1eb3ca34f602779,F1 THE MOVIE,41,19.95,-1,-1
2025-06-29,afbb3b11f728a54ad1eb3ca34f602779,M3GAN 2.0,29,14.7,-1,-1
2025-06-29,b4972b48997defae8304bc9c41220c7c,RABI JIWO,15,10.4,3,2
2025-06-29,b704e8b10f13e14494b5a7a0ba39d9d9,ELIO,47,29.4,-1,-1
2025-06-29,c48b7a4426e8cbee3f7dbfe8b87d1d89,WARKOP DKI KARTUN,19,15.75,1,-1
2025-06-29,dc77e7e26c0e5e3a5c44ec2de0cedbde,M3GAN 2.0,32,27.81,10,-1
2025-06-29,ef2896a95abe2a2b4cfee245dc1e36ec,RABI JIWO,14,10.4,4,1
2025-06-30,14b63ff2b104903ead7d884f25382e57,JODOH 3 BUJANG,21,16.64,-1,-1
2025-06-30,202dbf4df0e433f092fca1aa8162c400,ELIO,39,32.55,-1,-1
2025-06-30,52eed153a88a6bdcb46cbb266a07cba2,GAZA,60,34.32,-1,2
2025-06-30,57d37d0d839b9dff6f87d6b5d5b679cc,M3GAN 2.0,31,18.72,4,-1
2025-06-30,5b8eaa351fae8e6d1e759e814d74c1c5,LILO & STITCH,51,35.7,-1,-1
2025-06-30,7995e00051a2fe6aeed7cfdbe0378c01,F1 THE MOVIE,35,22.66,-1,6
2025-06-30,7995e00051a2fe6aeed7cfdbe0378c01,M3GAN 2.0,44,29.87,2,-1
2025-06-30,7c271f1e1351e6433b202d77b88012c2,JODOH 3 BUJANG,29,16.8,-1,8
2025-06-30,7cade3ea25dae25fdb8c56776676b0c7,M3GAN 2.0,18,12.48,-1,-1
2025-06-30,8188326fb0a403be03ea632997c8a959,M3GAN 2.0,20,16.64,-1,-1
2025-06-30,92e94ed55b4de8feaff9462a66e2dbd7,NOISE,23,12.36,9,1
2025-06-30,981569adf232c53afe751c8c660db8d9,M3GAN 2.0,32,21.0,10,-1
2025-06-30,9cc7970100d8e4c2202f08cb78c6eb20,NOISE,23,16.64,-1,-1
2025-06-30,afbb3b11f728a54ad1eb3ca34f602779,F1 THE MOVIE,32,15.6,2,10
2025-06-30,b704e8b10f13e14494b5a7a0ba39d9d9,ELIO,36,20.8,-1,10
2025-06-30,dc77e7e26c0e5e3a5c44ec2de0cedbde,JODOH 3 BUJANG,37,33.28,-1,-1
2025-06-30,df7f047e9886cfa1c0892c97f15d4146,HOW TO TRAIN YOUR DRAGON,15,32.55,-1,-1
2025-06-30,e3edf631650eb304cf386709b98005f6,ELIO,22,18.9,2,-1
2025-06-30,e67d818ee0546f3b33d0ba2083ed4db5,M3GAN 2.0,20,11.55,9,-1
2025-07-01,202dbf4df0e433f092fca1aa8162c400,ELIO,30,24.72,-1,8
2025-07-01,25e1c125bdd513aa2355a8e558a1a908,HOW TO TRAIN YOUR DRAGON,13,10.4,0,-1
2025-07-01,4e12b237c826209f7ddc5b29a96380b6,GAZA,55,30.16,2,-1
2025-07-01,52eed153a88a6bdcb46cbb266a07cba2,GAZA,45,26.0,7,6
2025-07-01,5b8eaa351fae8e6d1e759e814d74c1c5,LILO & STITCH,95,64.89,-1,10
2025-07-01,62447bb073160adcf6d6022240a3663c,JODOH 3 BUJANG,26,18.72,9,-1
2025-07-01,92e94ed55b4de8feaff9462a66e2dbd7,NOISE,24,13.52,9,-1
2025-07-01,981569adf232c53afe751c8c660db8d9,M3GAN 2.0,44,30.16,-1,6
2025-07-01,b704e8b10f13e14494b5a7a0ba39d9d9,ELIO,28,16.48,1,-1
2025-07-01,dc77e7e26c0e5e3a5c44ec2de0cedbde,JODOH 3 BUJANG,34,31.2,5,-1
2025-07-01,df7f047e9886cfa1c0892c97f15d4146,HOW TO TRAIN YOUR DRAGON,17,34.65,-1,-1
2025-07-01,e3edf631650eb304cf386709b98005f6,MISSION: IMPOSSIBLE - THE FINAL RECKONING,6,15.45,-1,-1
2025-07-01,e67d818ee0546f3b33d0ba2083ed4db5,BALLERINA,4,10.3,-1,-1
2025-07-01,f54d37fc4c4d4b285aa3601041abc938,NOISE,22,12.36,0,-1
2025-07-02,3acdf298dab1b92bbaaad74d86c0c40a,BALLERINA,18,13.39,-1,1
2025-07-02,52eed153a88a6bdcb46cbb266a07cba2,GAZA,18,10.3,6,1
2025-07-02,b704e8b10f13e14494b5a7a0ba39d9d9,BALLERINA,14,10.4,4,1
2025-07-03,0a8777c6c78e2d102bdf459f8550cf93,HOW TO TRAIN YOUR DRAGON,38,29.12,-1,-1
2025-07-03,4ed104ac0de10ba7eef50158603e0b32,BAD GENIUS,93,77.7,-1,-1
2025-07-03,52eed153a88a6bdcb46cbb266a07cba2,"BELIEVE - TAKDIR, MIMPI, KEBERANIAN",166,84.24,5,-1
2025-07-03,52eed153a88a6bdcb46cbb266a07cba2,JODOH 3 BUJANG,40,28.35,-1,4
2025-07-03,6b88b1af662b72fbfa35004a8edfe2e9,GAZA,18,12.6,-1,2
2025-07-03,d297f2f746c4fd2723f3202fafcbfa1a,JODOH 3 BUJANG,45,27.04,8,2
2025-07-03,da6b584c30e784d15b54ad124a760b19,JODOH 3 BUJANG,47,30.9,8,-1
2025-07-04,17e1e7da761f72bbb4e039ba08cc0ba0,HOW TO TRAIN YOUR DRAGON,19,16.48,10,4
2025-07-04,2318d3c719302ff137eb1b53fb32f0c8,JODOH 3 BUJANG,13,10.4,0,-1
2025-07-04,3f6093566521149f8e37fa4e3fafe7cc,SERIBU BAYANG PURNAMA,12,10.3,5,-1
2025-07-04,62447bb073160adcf6d6022240a3663c,JODOH 3 BUJANG,30,21.63,-1,-1
2025-07-04,b4972b48997defae8304bc9c41220c7c,ELIO,23,12.48,-1,-1
2025-07-04,d1918db937d26e9e4ccd3e17e1ff0e2d,SERIBU BAYANG PURNAMA,97,63.44,-1,-1
2025-07-04,dc77e7e26c0e5e3a5c44ec2de0cedbde,ELIO,35,31.2,4,-1
2025-07-04,e989d8fdc91de7e6ffbb72a2f5ac79f6,KELUARGA SUPER IRIT,23,14.7,-1,-1
2025-07-05,0a8777c6c78e2d102bdf459f8550cf93,SERIBU BAYANG PURNAMA,15,10.4,3,2
2025-07-05,108f9a4d181f12fd1b7e3c9adae38478,GAZA,155,78.0,1,-1
2025-07-05,26a644178fbdb277dc3c50997f6df7fe,BAD GENIUS,30,29.4,-1,-1
2025-07-05,29fc89ab155e9f202326046c2e0023bb,EJEN ALI: THE MOVIE 2,164,93.73,-1,-1
2025-07-05,4a4c71e99772e87c9e35a56acd8be21e,SERIBU BAYANG PURNAMA,19,15.45,0,2
2025-07-05,4fc3fc370b299876663c7d5c90595853,CRAYON SHIN-CHAN THE MOVIE: OUR DINOSAUR STORY,46,36.05,7,-1
2025-07-05,62447bb073160adcf6d6022240a3663c,JODOH 3 BUJANG,35,26.0,4,9
2025-07-05,6b88b1af662b72fbfa35004a8edfe2e9,WARKOP DKI KARTUN,22,15.45,-1,3
2025-07-05,7995e00051a2fe6aeed7cfdbe0378c01,ARWAH,22,12.36,0,-1
2025-07-05,b4972b48997defae8304bc9c41220c7c,ELIO,77,42.64,7,-1
2025-07-05,bf33cc26f29bf266a83e35901fa80c9c,SERIBU BAYANG PURNAMA,16,11.55,-1,-1
2025-07-05,c35e24eefa840ac2009279f1efc52288,SERIBU BAYANG PURNAMA,16,11.33,1,-1
2025-07-05,dc77e7e26c0e5e3a5c44ec2de0cedbde,ELIO,77,70.72,-1,-1
2025-07-05,e7ec114c2ec166155149062023617e8b,SERIBU BAYANG PURNAMA,21,20.6,-1,-1
2025-07-05,e989d8fdc91de7e6ffbb72a2f5ac79f6,KELUARGA SUPER IRIT,45,30.45,-1,-1
2025-07-06,015555fbcd8faef6b55a854605df0a87,AGEN +62,33,23.1,-1,-1
2025-07-06,0a8777c6c78e2d102bdf459f8550cf93,JODOH 3 BUJANG,59,44.72,-1,4
2025-07-06,19f506af810fe579721721d058f6b243,BAD GENIUS,49,49.35,-1,-1
2025-07-06,218c50fa4df90b3241e39ff8ffb41102,HOW TO TRAIN YOUR DRAGON,23,13.65,-1,-1
2025-07-06,26a644178fbdb277dc3c50997f6df7fe,BAD GENIUS,11,10.5,8,-1
2025-07-06,29fc89ab155e9f202326046c2e0023bb,EJEN ALI: THE MOVIE 2,157,92.4,1,-1
2025-07-06,312cd6ebdd3af9ac55f7b3d31ecab9c2,BAD GENIUS,23,18.54,5,-1
2025-07-06,312cd6ebdd3af9ac55f7b3d31ecab9c2,JODOH 3 BUJANG,41,33.6,1,-1
2025-07-06,3afae5dea7356f64f70605334bef46a7,JODOH 3 BUJANG,19,11.44,4,-1
2025-07-06,4fc3fc370b299876663c7d5c90595853,CRAYON SHIN-CHAN THE MOVIE: OUR DINOSAUR STORY,47,37.44,-1,-1
2025-07-06,541130ea8083a789df5d15bbfe13055a,AGEN +62,27,23.69,-1,-1
2025-07-06,5b8eaa351fae8e6d1e759e814d74c1c5,BAD GENIUS,36,39.52,-1,-1
2025-07-06,5b8eaa351fae8e6d1e759e814d74c1c5,CRAYON SHIN-CHAN THE MOVIE: OUR DINOSAUR STORY,54,58.71,-1,-1
2025-07-06,62447bb073160adcf6d6022240a3663c,JODOH 3 BUJANG,44,32.24,5,-1
2025-07-06,6b88b1af662b72fbfa35004a8edfe2e9,WARKOP DKI KARTUN,67,49.35,9,-1
2025-07-06,7c271f1e1351e6433b202d77b88012c2,JODOH 3 BUJANG,37,20.6,4,-1
2025-07-06,88d0ee0029bee810e1d0fe37f73e2d3b,HOW TO TRAIN YOUR DRAGON,56,32.55,-1,-1
2025-07-06,919c7b9859d8ce7cab47dab2463e7fab,SERIBU BAYANG PURNAMA,14,10.3,3,-1
2025-07-06,a9d508d218799f9dc69bb4aefc122cb3,F1 THE MOVIE,28,33.28,-1,-1
2025-07-06,b4972b48997defae8304bc9c41220c7c,EJEN ALI: THE MOVIE 2,69,39.14,-1,-1
2025-07-06,b4972b48997defae8304bc9c41220c7c,ELIO,66,36.4,-1,-1
2025-07-06,c4a19cbeb409639c836e4304976db0aa,BAD GENIUS,25,16.64,-1,-1
2025-07-06,cb2a49a747f8989ee0356ec7ac354177,SERIBU BAYANG PURNAMA,15,10.3,2,-1
2025-07-06,dc77e7e26c0e5e3a5c44ec2de0cedbde,ELIO,75,66.95,4,-1
2025-07-06,e989d8fdc91de7e6ffbb72a2f5ac79f6,KELUARGA SUPER IRIT,46,30.45,-1,-1
2025-07-06,efe899b321b96d852776427476f14a06,F1 THE MOVIE,92,53.56,-1,-1
2025-07-06,fbaf4d5f0c18dc603a21aef31da59ee6,AGEN +62,84,59.74,8,-1
2025-07-07,0191582d75f94a412c0fa12d36bcee3f,AGEN +62,91,53.04,5,-1
2025-07-07,0191582d75f94a412c0fa12d36bcee3f,ELIO,55,50.96,-1,2
2025-07-07,1240789770bc04e7d26e5fa31c075ced,AGEN +62,38,30.9,-1,-1
2025-07-07,19f506af810fe579721721d058f6b243,BAD GENIUS,25,24.72,-1,3
2025-07-07,2318d3c719302ff137eb1b53fb32f0c8,JODOH 3 BUJANG,39,31.93,-1,1
2025-07-07,29fc89ab155e9f202326046c2e0023bb,EJEN ALI: THE MOVIE 2,102,59.28,-1,3
2025-07-07,312cd6ebdd3af9ac55f7b3d31ecab9c2,BAD GENIUS,15,11.33,2,-1
2025-07-07,3acdf298dab1b92bbaaad74d86c0c40a,JODOH 3 BUJANG,52,27.81,0,5
2025-07-07,4fc3fc370b299876663c7d5c90595853,CRAYON SHIN-CHAN THE MOVIE: OUR DINOSAUR STORY,17,12.6,-1,1
2025-07-07,5b8eaa351fae8e6d1e759e814d74c1c5,BAD GENIUS,23,24.72,-1,1
2025-07-07,5b8eaa351fae8e6d1e759e814d74c1c5,CRAYON SHIN-CHAN THE MOVIE: OUR DINOSAUR STORY,36,38.85,-1,-1
2025-07-07,62447bb073160adcf6d6022240a3663c,JODOH 3 BUJANG,38,28.35,-1,2
2025-07-07,6b88b1af662b72fbfa35004a8edfe2e9,WARKOP DKI KARTUN,45,32.96,-1,-1
2025-07-07,88d0ee0029bee810e1d0fe37f73e2d3b,HOW TO TRAIN YOUR DRAGON,55,31.93,-1,2
2025-07-07,981569adf232c53afe751c8c660db8d9,AGEN +62,50,29.4,-1,-1
2025-07-07,a6d19ebcb27f61cbf41a6552fbf68676,HOW TO TRAIN YOUR DRAGON,32,23.69,-1,-1
2025-07-07,a9e141baa8b4ec825325397b16eeaae3,SERIBU BAYANG PURNAMA,15,10.3,2,-1
2025-07-07,d33850e3698903061b4c18886ce00c9d,AGEN +62,13,10.5,6,-1
2025-07-07,dc77e7e26c0e5e3a5c44ec2de0cedbde,ELIO,26,22.66,3,-1
2025-07-07,e8965581e1be78ac9a3145b6983ff6ec,HOW TO TRAIN YOUR DRAGON,69,49.92,-1,-1
2025-07-07,f54d37fc4c4d4b285aa3601041abc938,JODOH 3 BUJANG,31,17.68,1,2
2025-07-08,0191582d75f94a412c0fa12d36bcee3f,ELIO,30,27.81,-1,-1
2025-07-08,0191582d75f94a412c0fa12d36bcee3f,SUPERMAN (IMAX 2D),338,87.15,1,-1
2025-07-08,073b764928864ed8fa0b6b115bfdd685,JODOH 3 BUJANG,37,28.08,4,-1
2025-07-08,108f9a4d181f12fd1b7e3c9adae38478,SUPERMAN (IMAX 2D),282,94.64,-1,-1
2025-07-08,1240789770bc04e7d26e5fa31c075ced,AGEN +62,32,26.78,-1,-1
2025-07-08,19f506af810fe579721721d058f6b243,BAD GENIUS,19,18.72,-1,-1
2025-07-08,312cd6ebdd3af9ac55f7b3d31ecab9c2,SUPERMAN (IMAX 2D),256,77.25,2,-1
2025-07-08,3acdf298dab1b92bbaaad74d86c0c40a,JODOH 3 BUJANG,32,17.85,-1,-1
2025-07-08,52eed153a88a6bdcb46cbb266a07cba2,SUPERMAN (IMAX 2D),283,85.28,-1,5
2025-07-08,6b88b1af662b72fbfa35004a8edfe2e9,F1 THE MOVIE (IMAX 2D),70,18.9,2,1
2025-07-08,716ede53fbca27fbe1c1a55d6667c2b5,SUPERMAN (IMAX 2D),120,30.9,3,10
2025-07-08,88d0ee0029bee810e1d0fe37f73e2d3b,HOW TO TRAIN YOUR DRAGON,55,32.24,4,6
2025-07-08,a616a546264044ed616bc2bdf2d9f7fc,BAD GENIUS,18,10.4,0,5
2025-07-08,a6d19ebcb27f61cbf41a6552fbf68676,HOW TO TRAIN YOUR DRAGON,26,18.9,5,2
2025-07-08,a9e141baa8b4ec825325397b16eeaae3,SUPERMAN (IMAX 2D),272,86.32,-1,7
2025-07-08,b4972b48997defae8304bc9c41220c7c,SUPERMAN (IMAX 2D),353,90.48,8,-1
2025-07-08,b704e8b10f13e14494b5a7a0ba39d9d9,LILO & STITCH,28,22.05,0,-1
2025-07-08,b704e8b10f13e14494b5a7a0ba39d9d9,SUPERMAN (IMAX 2D),267,95.55,-1,-1
2025-07-08,be8de71502987819afd4c2ceea71c539,AGEN +62,34,28.35,2,-1
2025-07-08,be8de71502987819afd4c2ceea71c539,HOW TO TRAIN YOUR DRAGON,16,12.6,0,-1
2025-07-08,bf33cc26f29bf266a83e35901fa80c9c,SERIBU BAYANG PURNAMA,18,11.55,-1,-1
2025-07-08,c4a19cbeb409639c836e4304976db0aa,SUPERMAN (IMAX 2D),365,87.15,-1,-1
2025-07-08,c877324e95024e707ae23f0aed947e15,BAD GENIUS,16,11.44,7,-1
2025-07-08,dc77e7e26c0e5e3a5c44ec2de0cedbde,SUPERMAN (IMAX 2D),266,99.75,-1,-1
2025-07-08,e8965581e1be78ac9a3145b6983ff6ec,ARWAH,24,20.8,2,-1
2025-07-08,e8965581e1be78ac9a3145b6983ff6ec,SUPERMAN (IMAX 2D),399,90.48,-1,-1
2025-07-08,e989d8fdc91de7e6ffbb72a2f5ac79f6,KELUARGA SUPER IRIT,35,22.88,0,8
2025-07-09,0191582d75f94a412c0fa12d36bcee3f,ELIO,69,64.48,-1,-1
2025-07-09,3acdf298dab1b92bbaaad74d86c0c40a,JODOH 3 BUJANG,34,18.72,1,-1
2025-07-09,e8965581e1be78ac9a3145b6983ff6ec,HOW TO TRAIN YOUR DRAGON,54,37.44,-1,-1
2025-07-10,3acdf298dab1b92bbaaad74d86c0c40a,JODOH 3 BUJANG,17,20.6,-1,-1
2025-07-10,4ed104ac0de10ba7eef50158603e0b32,JODOH 3 BUJANG,36,24.96,-1,-1
2025-07-10,57d37d0d839b9dff6f87d6b5d5b679cc,AGEN +62,25,17.68,4,-1
2025-07-10,7995e00051a2fe6aeed7cfdbe0378c01,ARWAH,46,31.2,-1,7
2025-07-10,7995e00051a2fe6aeed7cfdbe0378c01,JALAN PULANG,61,42.0,2,-1
2025-07-10,862442166e956fe0e8355db8852d9440,ARWAH,17,12.6,-1,1
2025-07-10,9715c9bc57db04a2506acfdab71ec1c6,JURASSIC WORLD: REBIRTH,62,48.3,9,-1
2025-07-10,9715c9bc57db04a2506acfdab71ec1c6,NARIK SUKMO,102,80.08,-1,-1
2025-07-10,9cc7970100d8e4c2202f08cb78c6eb20,F1 THE MOVIE,49,35.02,-1,-1
2025-07-10,b704e8b10f13e14494b5a7a0ba39d9d9,AGEN +62,21,14.42,9,6
2025-07-10,b704e8b10f13e14494b5a7a0ba39d9d9,MISSION: IMPOSSIBLE - THE FINAL RECKONING,135,45.76,0,-1
2025-07-10,e989d8fdc91de7e6ffbb72a2f5ac79f6,HOW TO TRAIN YOUR DRAGON,37,24.15,-1,-1
2025-07-11,0191582d75f94a412c0fa12d36bcee3f,AGEN +62,22,12.48,-1,-1
2025-07-11,4ed104ac0de10ba7eef50158603e0b32,BRIDE HARD,98,77.7,10,-1
2025-07-11,4ed104ac0de10ba7eef50158603e0b32,JODOH 3 BUJANG,29,21.0,-1,8
2025-07-11,57d37d0d839b9dff6f87d6b5d5b679cc,AGEN +62,16,11.44,7,-1
2025-07-11,62447bb073160adcf6d6022240a3663c,JALAN PULANG,45,33.6,-1,3
2025-07-11,7995e00051a2fe6aeed7cfdbe0378c01,ARWAH,20,13.65,-1,-1
2025-07-11,7995e00051a2fe6aeed7cfdbe0378c01,JALAN PULANG,63,44.1,8,-1
2025-07-11,7cade3ea25dae25fdb8c56776676b0c7,AGEN +62,49,37.8,-1,1
2025-07-11,9715c9bc57db04a2506acfdab71ec1c6,JURASSIC WORLD: REBIRTH,44,34.32,-1,-1
2025-07-11,9715c9bc57db04a2506acfdab71ec1c6,NARIK SUKMO,36,28.08,5,-1
2025-07-11,b704e8b10f13e14494b5a7a0ba39d9d9,AGEN +62,19,13.65,-1,-1
2025-07-12,4ed104ac0de10ba7eef50158603e0b32,AGEN +62,40,27.81,2,-1
2025-07-12,4ed104ac0de10ba7eef50158603e0b32,JODOH 3 BUJANG,51,36.05,2,-1
2025-07-12,62447bb073160adcf6d6022240a3663c,JALAN PULANG,41,29.87,5,-1
2025-07-12,cb2a49a747f8989ee0356ec7ac354177,HOTEL SAKURA,20,14.56,3,5
2025-07-13,218c50fa4df90b3241e39ff8ffb41102,EJEN ALI: THE MOVIE 2,25,15.45,9,6
2025-07-13,3acdf298dab1b92bbaaad74d86c0c40a,AGEN +62,10,12.48,-1,-1
2025-07-13,3f6093566521149f8e37fa4e3fafe7cc,NARIK SUKMO,35,30.16,3,-1
2025-07-13,4ed104ac0de10ba7eef50158603e0b32,AGEN +62,53,37.8,9,5
2025-07-13,4ed104ac0de10ba7eef50158603e0b32,JODOH 3 BUJANG,49,35.36,-1,-1
2025-07-13,92e94ed55b4de8feaff9462a66e2dbd7,SORE ISTRI DARI MASA DEPAN,54,38.11,-1,-1
2025-07-13,9cc7970100d8e4c2202f08cb78c6eb20,JODOH 3 BUJANG,58,41.2,-1,-1
2025-07-13,e3edf631650eb304cf386709b98005f6,HOTEL SAKURA,17,14.42,-1,2
2025-07-14,19f506af810fe579721721d058f6b243,JODOH 3 BUJANG,21,12.36,1,10
2025-07-14,218c50fa4df90b3241e39ff8ffb41102,EJEN ALI: THE MOVIE 2,30,18.72,5,-1
2025-07-14,2318d3c719302ff137eb1b53fb32f0c8,SUPERMAN,15,11.55,-1,-1
2025-07-14,3f6093566521149f8e37fa4e3fafe7cc,NARIK SUKMO,31,26.0,8,5
2025-07-14,4ed104ac0de10ba7eef50158603e0b32,AGEN +62,17,11.44,6,-1
2025-07-14,4ed104ac0de10ba7eef50158603e0b32,JODOH 3 BUJANG,16,10.3,1,-1
2025-07-14,9cc7970100d8e4c2202f08cb78c6eb20,JODOH 3 BUJANG,33,23.92,-1,-1
2025-07-14,a9e141baa8b4ec825325397b16eeaae3,JODOH 3 BUJANG,27,20.6,-1,-1
2025-07-14,ef2896a95abe2a2b4cfee245dc1e36ec,HOTEL SAKURA,30,22.88,5,3
2025-07-15,108f9a4d181f12fd1b7e3c9adae38478,JUMBO,153,87.36,6,1
2025-07-15,19f506af810fe579721721d058f6b243,JODOH 3 BUJANG,27,16.48,2,-1
2025-07-15,88d0ee0029bee810e1d0fe37f73e2d3b,JALAN PULANG,38,21.63,7,-1
2025-07-15,9cc7970100d8e4c2202f08cb78c6eb20,JODOH 3 BUJANG,18,12.6,-1,2
2025-07-16,3afae5dea7356f64f70605334bef46a7,JURASSIC WORLD: REBIRTH,25,14.42,5,10
2025-07-16,3cc167017755a0197f18f93595c9ae85,JURASSIC WORLD: REBIRTH,15,22.05,-1,-1
2025-07-16,4ba87a86e02dd8a810032db35bf13c51,JALAN PULANG,16,21.84,3,-1
2025-07-16,4ed104ac0de10ba7eef50158603e0b32,BALLERINA,28,20.6,-1,-1
2025-07-16,5b8eaa351fae8e6d1e759e814d74c1c5,"BELIEVE - TAKDIR, MIMPI, KEBERANIAN",146,99.91,-1,-1
2025-07-16,9715c9bc57db04a2506acfdab71ec1c6,SUPERMAN,34,25.75,9,-1
2025-07-16,a9d508d218799f9dc69bb4aefc122cb3,JODOH 3 BUJANG,18,13.65,-1,-1
2025-07-16,a9d508d218799f9dc69bb4aefc122cb3,SELEPAS TAHLIL,26,21.0,-1,5
2025-07-16,c35e24eefa840ac2009279f1efc52288,SELEPAS TAHLIL,53,40.95,-1,10
2025-07-16,d33850e3698903061b4c18886ce00c9d,SELEPAS TAHLIL,16,11.55,-1,-1
2025-07-17,2e0ec493a87e740511b7b565386c06fe,SUPERMAN,68,40.95,-1,-1
2025-07-17,52eed153a88a6bdcb46cbb266a07cba2,JALAN PULANG,18,12.6,-1,2
2025-07-17,9cc7970100d8e4c2202f08cb78c6eb20,I KNOW WHAT YOU DID LAST SUMMER,24,16.8,-1,3
2025-07-18,218c50fa4df90b3241e39ff8ffb41102,JURASSIC WORLD: REBIRTH,65,45.15,-1,-1
2025-07-18,57d37d0d839b9dff6f87d6b5d5b679cc,I KNOW WHAT YOU DID LAST SUMMER,43,31.5,-1,3
2025-07-18,a55554e941cb93c23d1522f88fd0d004,SELEPAS TAHLIL,27,20.8,-1,1
2025-07-18,c35e24eefa840ac2009279f1efc52288,SUPERMAN,80,37.44,2,1
2025-07-18,e3edf631650eb304cf386709b98005f6,DORAEMON THE MOVIE: NOBITAS ART WORLD TALES,13,13.65,-1,-1
2025-07-19,218c50fa4df90b3241e39ff8ffb41102,JURASSIC WORLD: REBIRTH,111,75.19,-1,-1
2025-07-19,312cd6ebdd3af9ac55f7b3d31ecab9c2,JALAN PULANG,35,29.12,-1,-1
2025-07-19,312cd6ebdd3af9ac55f7b3d31ecab9c2,NARIK SUKMO,18,14.42,-1,3
2025-07-19,4ed104ac0de10ba7eef50158603e0b32,JUMBO,61,46.2,-1,-1
2025-07-19,57d37d0d839b9dff6f87d6b5d5b679cc,I KNOW WHAT YOU DID LAST SUMMER,32,23.69,-1,-1
2025-07-19,a6d19ebcb27f61cbf41a6552fbf68676,GERBANG SETAN,50,37.8,-1,2
2025-07-19,c71a18e33d4b7c73c8124c65fc3e6f1c,JURASSIC WORLD: REBIRTH,43,35.36,-1,-1
2025-07-19,e3edf631650eb304cf386709b98005f6,DORAEMON THE MOVIE: NOBITAS ART WORLD TALES,21,21.0,0,-1
2025-07-19,e67d818ee0546f3b33d0ba2083ed4db5,I KNOW WHAT YOU DID LAST SUMMER,37,21.63,8,-1
2025-07-20,14b63ff2b104903ead7d884f25382e57,BRIDE HARD,24,19.95,-1,-1
2025-07-20,29fc89ab155e9f202326046c2e0023bb,BRIDE HARD,29,21.84,9,10
2025-07-20,2e0ec493a87e740511b7b565386c06fe,BRIDE HARD,17,13.39,0,2
2025-07-20,3cc167017755a0197f18f93595c9ae85,BRIDE HARD,11,14.56,4,-1
2025-07-20,4e12b237c826209f7ddc5b29a96380b6,BRIDE HARD,16,11.33,1,-1
2025-07-20,4ed104ac0de10ba7eef50158603e0b32,JUMBO,61,45.15,-1,-1
2025-07-20,541130ea8083a789df5d15bbfe13055a,BRIDE HARD,23,14.56,0,8
2025-07-20,62447bb073160adcf6d6022240a3663c,ASSALAMUALAIKUM BAITULLAH,15,10.3,2,-1
2025-07-20,9cc7970100d8e4c2202f08cb78c6eb20,ASSALAMUALAIKUM BAITULLAH,36,26.0,3,10
2025-07-20,a6d19ebcb27f61cbf41a6552fbf68676,GERBANG SETAN,14,10.5,5,-1
2025-07-20,a9e141baa8b4ec825325397b16eeaae3,BRIDE HARD,18,10.3,6,1
2025-07-20,bf33cc26f29bf266a83e35901fa80c9c,BRIDE HARD,28,18.54,0,-1
2025-07-20,c71a18e33d4b7c73c8124c65fc3e6f1c,BRIDE HARD,16,12.48,-1,-1
2025-07-20,c71a18e33d4b7c73c8124c65fc3e6f1c,DORAEMON THE MOVIE: NOBITAS ART WORLD TALES,36,29.12,-1,-1
2025-07-20,e3edf631650eb304cf386709b98005f6,BRIDE HARD,14,10.4,4,1
2025-07-20,f3a9ac312f7bc4e2467a1bf02a6aa1e9,BRIDE HARD,14,12.6,2,-1
2025-07-21,015555fbcd8faef6b55a854605df0a87,BRIDE HARD,21,15.45,-1,2
2025-07-21,0318cab65e5a4dbb61243ab4747fb621,SMURFS,25,18.72,10,-1
2025-07-21,29fc89ab155e9f202326046c2e0023bb,BRIDE HARD,15,10.5,4,-1
2025-07-21,3cc167017755a0197f18f93595c9ae85,BRIDE HARD,10,14.56,5,-1
2025-07-21,4ed104ac0de10ba7eef50158603e0b32,GHOST TRAIN,93,76.96,-1,-1
2025-07-21,4ed104ac0de10ba7eef50158603e0b32,JUMBO,20,14.42,10,5
2025-07-21,c71a18e33d4b7c73c8124c65fc3e6f1c,DORAEMON THE MOVIE: NOBITAS ART WORLD TALES,14,10.5,5,-1
2025-07-21,e3edf631650eb304cf386709b98005f6,BRIDE HARD,18,14.56,5,3
2025-07-21,e8965581e1be78ac9a3145b6983ff6ec,ASSALAMUALAIKUM BAITULLAH,23,20.8,3,-1
2025-07-22,015555fbcd8faef6b55a854605df0a87,BRIDE HARD,19,14.7,-1,-1
2025-07-22,0a8777c6c78e2d102bdf459f8550cf93,SUPERMAN,24,17.68,5,-1
2025-07-22,202dbf4df0e433f092fca1aa8162c400,JURASSIC WORLD: REBIRTH,40,33.28,-1,-1
2025-07-22,29fc89ab155e9f202326046c2e0023bb,BRIDE HARD,21,15.75,2,1
2025-07-22,4ba87a86e02dd8a810032db35bf13c51,SUPERMAN,33,46.2,-1,-1
2025-07-22,4fc3fc370b299876663c7d5c90595853,SMURFS,22,16.64,-1,-1
2025-07-22,9715c9bc57db04a2506acfdab71ec1c6,JALAN PULANG,20,14.7,-1,-1
2025-07-22,e3edf631650eb304cf386709b98005f6,BRIDE HARD,18,14.7,-1,-1
2025-07-22,fcf80028ec9bbf8efaee3932e529a78f,SUPERMAN,32,19.76,1,-1
2025-07-23,3acdf298dab1b92bbaaad74d86c0c40a,GERBANG SETAN,33,17.85,-1,-1
2025-07-23,919c7b9859d8ce7cab47dab2463e7fab,JURASSIC WORLD: REBIRTH,72,53.04,-1,-1
2025-07-23,919c7b9859d8ce7cab47dab2463e7fab,SUPERMAN,108,79.8,-1,-1
2025-07-23,e67d818ee0546f3b33d0ba2083ed4db5,JURASSIC WORLD: REBIRTH,35,20.8,-1,9
2025-07-23,e67d818ee0546f3b33d0ba2083ed4db5,SUPERMAN,38,23.1,-1,-1
2025-07-24,4e12b237c826209f7ddc5b29a96380b6,F1 THE MOVIE,159,65.1,7,-1
2025-07-24,592095e0ddc2c230cf3002d72e9bac41,SORE ISTRI DARI MASA DEPAN,18,10.5,1,-1
2025-07-24,a616a546264044ed616bc2bdf2d9f7fc,KITAB SIJJIN & ILLIYYIN,19,10.4,2,1
2025-07-24,e67d818ee0546f3b33d0ba2083ed4db5,JURASSIC WORLD: REBIRTH,34,19.57,2,7
2025-07-24,e67d818ee0546f3b33d0ba2083ed4db5,SUPERMAN,33,19.76,0,-1
2025-07-25,2318d3c719302ff137eb1b53fb32f0c8,KITAB SIJJIN & ILLIYYIN,33,27.3,-1,-1
2025-07-25,494c8f1916a97efe3390ba9dbab6ce7d,DOTI - TUMBAL ILMU HITAM,17,13.65,-1,-1
2025-07-25,592095e0ddc2c230cf3002d72e9bac41,ASSALAMUALAIKUM BAITULLAH,42,24.96,-1,-1
2025-07-25,c48b7a4426e8cbee3f7dbfe8b87d1d89,ASSALAMUALAIKUM BAITULLAH,64,54.6,-1,-1
2025-07-25,e67d818ee0546f3b33d0ba2083ed4db5,JURASSIC WORLD: REBIRTH,74,44.72,-1,2
2025-07-26,015555fbcd8faef6b55a854605df0a87,GAK NYANGKA..!!,21,11.33,2,4
2025-07-26,015555fbcd8faef6b55a854605df0a87,OMNISCIENT READER: THE PROPHECY,94,67.6,-1,-1
2025-07-26,0318cab65e5a4dbb61243ab4747fb621,OMNISCIENT READER: THE PROPHECY,120,82.16,-1,-1
2025-07-26,108f9a4d181f12fd1b7e3c9adae38478,SMURFS,27,19.57,0,9
2025-07-26,15c7dc37db27dd76f38cc419107f7c48,OMNISCIENT READER: THE PROPHECY,67,52.0,-1,2
2025-07-26,17e1e7da761f72bbb4e039ba08cc0ba0,OMNISCIENT READER: THE PROPHECY,93,58.24,6,-1
2025-07-26,26a644178fbdb277dc3c50997f6df7fe,OMNISCIENT READER: THE PROPHECY,69,52.5,-1,6
2025-07-26,35de0354d956048d1c9c49ff069eaa55,OMNISCIENT READER: THE PROPHECY,93,60.32,-1,-1
2025-07-26,3acdf298dab1b92bbaaad74d86c0c40a,OMNISCIENT READER: THE PROPHECY,119,77.7,-1,4
2025-07-26,3c41b96b56b0aab1ed5fc5e703499730,GHOST TRAIN,83,39.14,-1,-1
2025-07-26,3c41b96b56b0aab1ed5fc5e703499730,OMNISCIENT READER: THE PROPHECY,172,83.2,-1,-1
2025-07-26,3cc167017755a0197f18f93595c9ae85,OMNISCIENT READER: THE PROPHECY,78,58.71,-1,-1
2025-07-26,3f6093566521149f8e37fa4e3fafe7cc,OMNISCIENT READER: THE PROPHECY,58,48.41,3,-1
2025-07-26,494c8f1916a97efe3390ba9dbab6ce7d,DOTI - TUMBAL ILMU HITAM,20,15.75,0,-1
2025-07-26,494c8f1916a97efe3390ba9dbab6ce7d,OMNISCIENT READER: THE PROPHECY,123,87.55,-1,-1
2025-07-26,4a4c71e99772e87c9e35a56acd8be21e,OMNISCIENT READER: THE PROPHECY,119,92.7,8,-1
2025-07-26,4e12b237c826209f7ddc5b29a96380b6,GAK NYANGKA..!!,35,18.72,0,-1
2025-07-26,4eb26b1058266dc50a63dc875e4d8846,OMNISCIENT READER: THE PROPHECY,52,38.85,2,-1
2025-07-26,4fc3fc370b299876663c7d5c90595853,OMNISCIENT READER: THE PROPHECY,143,98.8,-1,-1
2025-07-26,541130ea8083a789df5d15bbfe13055a,GAK NYANGKA..!!,17,14.56,6,2
2025-07-26,541130ea8083a789df5d15bbfe13055a,OMNISCIENT READER: THE PROPHECY,71,47.84,-1,-1
2025-07-26,57d37d0d839b9dff6f87d6b5d5b679cc,OMNISCIENT READER: THE PROPHECY,103,62.83,-1,-1
2025-07-26,580919d632e55fd9736ae1a2ac6ed0c5,OMNISCIENT READER: THE PROPHECY,131,89.61,7,-1
2025-07-26,592095e0ddc2c230cf3002d72e9bac41,DOTI - TUMBAL ILMU HITAM,22,12.6,9,6
2025-07-26,5b8eaa351fae8e6d1e759e814d74c1c5,OMNISCIENT READER: THE PROPHECY,33,24.15,-1,-1
2025-07-26,6b88b1af662b72fbfa35004a8edfe2e9,OMNISCIENT READER: THE PROPHECY,82,63.0,-1,-1
2025-07-26,716ede53fbca27fbe1c1a55d6667c2b5,ASSALAMUALAIKUM BAITULLAH,21,12.6,10,5
2025-07-26,716ede53fbca27fbe1c1a55d6667c2b5,OMNISCIENT READER: THE PROPHECY,51,28.35,4,-1
2025-07-26,7cade3ea25dae25fdb8c56776676b0c7,OMNISCIENT READER: THE PROPHECY,88,66.15,-1,2
2025-07-26,8188326fb0a403be03ea632997c8a959,OMNISCIENT READER: THE PROPHECY,54,47.25,-1,-1
2025-07-26,8d2e05da5624875993cb8580c88334a9,OMNISCIENT READER: THE PROPHECY,36,25.2,-1,4
2025-07-26,9158e16be84a6db4d63d3289099f119b,OMNISCIENT READER: THE PROPHECY,122,90.64,-1,-1
2025-07-26,919c7b9859d8ce7cab47dab2463e7fab,OMNISCIENT READER: THE PROPHECY,166,89.25,0,-1
2025-07-26,9715c9bc57db04a2506acfdab71ec1c6,KITAB SIJJIN & ILLIYYIN,23,17.51,8,-1
2025-07-26,a616a546264044ed616bc2bdf2d9f7fc,OMNISCIENT READER: THE PROPHECY,69,57.2,-1,-1
2025-07-26,a6d19ebcb27f61cbf41a6552fbf68676,OMNISCIENT READER: THE PROPHECY,41,31.5,-1,1
2025-07-26,a9e141baa8b4ec825325397b16eeaae3,OMNISCIENT READER: THE PROPHECY,68,35.7,-1,-1
2025-07-26,afbb3b11f728a54ad1eb3ca34f602779,OMNISCIENT READER: THE PROPHECY,184,91.67,3,8
2025-07-26,b4972b48997defae8304bc9c41220c7c,OMNISCIENT READER: THE PROPHECY,123,46.2,-1,-1
2025-07-26,be8de71502987819afd4c2ceea71c539,OMNISCIENT READER: THE PROPHECY,43,28.84,-1,-1
2025-07-26,c4a19cbeb409639c836e4304976db0aa,GAK NYANGKA..!!,76,64.48,-1,-1
2025-07-26,c71a18e33d4b7c73c8124c65fc3e6f1c,OMNISCIENT READER: THE PROPHECY,104,83.43,-1,-1
2025-07-26,d33850e3698903061b4c18886ce00c9d,OMNISCIENT READER: THE PROPHECY,69,53.55,-1,-1
2025-07-26,da96492ebd43c4a193238d6c3205cc40,OMNISCIENT READER: THE PROPHECY,100,59.28,-1,1
2025-07-26,e3edf631650eb304cf386709b98005f6,OMNISCIENT READER: THE PROPHECY,139,97.76,-1,8
2025-07-26,e7ec114c2ec166155149062023617e8b,OMNISCIENT READER: THE PROPHECY,127,93.73,-1,-1
2025-07-26,e989d8fdc91de7e6ffbb72a2f5ac79f6,OMNISCIENT READER: THE PROPHECY,60,36.4,-1,-1
2025-07-26,f292a4101ca0420357a2d18b3a013e5f,DOTI - TUMBAL ILMU HITAM,17,11.33,0,-1
2025-07-26,f292a4101ca0420357a2d18b3a013e5f,KITAB SIJJIN & ILLIYYIN,77,56.16,5,-1
2025-07-26,f292a4101ca0420357a2d18b3a013e5f,OMNISCIENT READER: THE PROPHECY,121,89.61,-1,-1
2025-07-26,f54d37fc4c4d4b285aa3601041abc938,SMURFS,38,21.63,7,-1
2025-07-26,f7734bb329cacfe21ce854ae822b6115,OMNISCIENT READER: THE PROPHECY,94,73.84,-1,-1
2025-07-26,fbaf4d5f0c18dc603a21aef31da59ee6,ASSALAMUALAIKUM BAITULLAH,34,24.96,-1,-1
2025-07-27,015555fbcd8faef6b55a854605df0a87,GAK NYANGKA..!!,30,16.64,-1,-1
2025-07-27,015555fbcd8faef6b55a854605df0a87,OMNISCIENT READER: THE PROPHECY,43,30.45,-1,-1
2025-07-27,0191582d75f94a412c0fa12d36bcee3f,GAK NYANGKA..!!,53,46.2,-1,-1
2025-07-27,0318cab65e5a4dbb61243ab4747fb621,OMNISCIENT READER: THE PROPHECY,36,24.72,8,-1
2025-07-27,073b764928864ed8fa0b6b115bfdd685,ASSALAMUALAIKUM BAITULLAH,100,76.22,9,-1
2025-07-27,15c7dc37db27dd76f38cc419107f7c48,OMNISCIENT READER: THE PROPHECY,73,57.2,-1,-1
2025-07-27,17e1e7da761f72bbb4e039ba08cc0ba0,OMNISCIENT READER: THE PROPHECY,59,37.44,-1,-1
2025-07-27,218c50fa4df90b3241e39ff8ffb41102,GAK NYANGKA..!!,36,24.15,-1,-1
2025-07-27,25e1c125bdd513aa2355a8e558a1a908,SUPERMAN,15,11.33,2,-1
2025-07-27,26a644178fbdb277dc3c50997f6df7fe,OMNISCIENT READER: THE PROPHECY,51,38.11,-1,-1
2025-07-27,35de0354d956048d1c9c49ff069eaa55,OMNISCIENT READER: THE PROPHECY,49,32.24,0,-1
2025-07-27,3acdf298dab1b92bbaaad74d86c0c40a,OMNISCIENT READER: THE PROPHECY,43,28.35,-1,7
2025-07-27,3c41b96b56b0aab1ed5fc5e703499730,DOTI - TUMBAL ILMU HITAM,33,14.56,5,3
2025-07-27,3c41b96b56b0aab1ed5fc5e703499730,OMNISCIENT READER: THE PROPHECY,61,29.12,-1,8
2025-07-27,3cc167017755a0197f18f93595c9ae85,OMNISCIENT READER: THE PROPHECY,79,60.9,2,-1
2025-07-27,3f6093566521149f8e37fa4e3fafe7cc,OMNISCIENT READER: THE PROPHECY,66,55.65,3,2
2025-07-27,494c8f1916a97efe3390ba9dbab6ce7d,OMNISCIENT READER: THE PROPHECY,44,31.5,-1,4
2025-07-27,4a4c71e99772e87c9e35a56acd8be21e,OMNISCIENT READER: THE PROPHECY,111,86.32,-1,10
2025-07-27,4eb26b1058266dc50a63dc875e4d8846,OMNISCIENT READER: THE PROPHECY,45,33.6,-1,3
2025-07-27,4fc3fc370b299876663c7d5c90595853,OMNISCIENT READER: THE PROPHECY,109,76.96,-1,-1
2025-07-27,541130ea8083a789df5d15bbfe13055a,GAK NYANGKA..!!,26,23.1,-1,-1
2025-07-27,541130ea8083a789df5d15bbfe13055a,OMNISCIENT READER: THE PROPHECY,78,53.04,-1,-1
2025-07-27,57d37d0d839b9dff6f87d6b5d5b679cc,OMNISCIENT READER: THE PROPHECY,42,26.0,10,3
2025-07-27,580919d632e55fd9736ae1a2ac6ed0c5,OMNISCIENT READER: THE PROPHECY,65,44.72,7,10
2025-07-27,592095e0ddc2c230cf3002d72e9bac41,DOTI - TUMBAL ILMU HITAM,69,42.0,-1,6
2025-07-27,5b8eaa351fae8e6d1e759e814d74c1c5,OMNISCIENT READER: THE PROPHECY,41,30.45,-1,-1
2025-07-27,5ff7565cdb056b4bdcb43d0ea2b5380d,SUPERMAN,21,21.0,0,-1
2025-07-27,6b88b1af662b72fbfa35004a8edfe2e9,OMNISCIENT READER: THE PROPHECY,66,50.96,-1,-1
2025-07-27,716ede53fbca27fbe1c1a55d6667c2b5,ASSALAMUALAIKUM BAITULLAH,25,14.7,-1,-1
2025-07-27,716ede53fbca27fbe1c1a55d6667c2b5,GAK NYANGKA..!!,21,16.48,8,6
2025-07-27,716ede53fbca27fbe1c1a55d6667c2b5,OMNISCIENT READER: THE PROPHECY,35,18.72,0,-1
2025-07-27,7cade3ea25dae25fdb8c56776676b0c7,GERBANG SETAN,39,24.96,-1,-1
2025-07-27,7cade3ea25dae25fdb8c56776676b0c7,OMNISCIENT READER: THE PROPHECY,78,58.24,-1,-1
2025-07-27,8188326fb0a403be03ea632997c8a959,OMNISCIENT READER: THE PROPHECY,64,56.65,-1,-1
2025-07-27,9158e16be84a6db4d63d3289099f119b,OMNISCIENT READER: THE PROPHECY,49,36.05,4,-1
2025-07-27,919c7b9859d8ce7cab47dab2463e7fab,OMNISCIENT READER: THE PROPHECY,69,37.8,10,7
2025-07-27,92e94ed55b4de8feaff9462a66e2dbd7,KITAB SIJJIN & ILLIYYIN,35,19.95,-1,-1
2025-07-27,a09b9ee7f937939ee25c24ef8c2e91be,KAMPUNG JABANG MAYIT: RITUAL MAUT,29,46.2,-1,-1
2025-07-27,a616a546264044ed616bc2bdf2d9f7fc,OMNISCIENT READER: THE PROPHECY,79,64.89,6,-1
2025-07-27,a6d19ebcb27f61cbf41a6552fbf68676,OMNISCIENT READER: THE PROPHECY,16,11.33,1,-1
2025-07-27,afbb3b11f728a54ad1eb3ca34f602779,OMNISCIENT READER: THE PROPHECY,69,33.99,0,-1
2025-07-27,b4972b48997defae8304bc9c41220c7c,OMNISCIENT READER: THE PROPHECY,38,14.56,0,8
2025-07-27,be8de71502987819afd4c2ceea71c539,OMNISCIENT READER: THE PROPHECY,48,32.55,-1,-1
2025-07-27,c35e24eefa840ac2009279f1efc52288,DOTI - TUMBAL ILMU HITAM,41,31.2,-1,2
2025-07-27,c71a18e33d4b7c73c8124c65fc3e6f1c,OMNISCIENT READER: THE PROPHECY,81,64.89,4,-1
2025-07-27,d33850e3698903061b4c18886ce00c9d,OMNISCIENT READER: THE PROPHECY,87,66.56,-1,-1
2025-07-27,da96492ebd43c4a193238d6c3205cc40,OMNISCIENT READER: THE PROPHECY,30,17.85,-1,-1
2025-07-27,e3edf631650eb304cf386709b98005f6,OMNISCIENT READER: THE PROPHECY,86,60.9,9,5
2025-07-27,e7ec114c2ec166155149062023617e8b,OMNISCIENT READER: THE PROPHECY,65,47.38,-1,-1
2025-07-27,e989d8fdc91de7e6ffbb72a2f5ac79f6,OMNISCIENT READER: THE PROPHECY,71,43.05,-1,6
2025-07-27,efe899b321b96d852776427476f14a06,GAK NYANGKA..!!,23,13.65,-1,-1
2025-07-27,f292a4101ca0420357a2d18b3a013e5f,OMNISCIENT READER: THE PROPHECY,111,82.4,-1,8
2025-07-27,f54d37fc4c4d4b285aa3601041abc938,SMURFS,64,37.08,2,-1
2025-07-27,f7734bb329cacfe21ce854ae822b6115,OMNISCIENT READER: THE PROPHECY,85,66.15,1,-1
2025-07-28,a9d508d218799f9dc69bb4aefc122cb3,KITAB SIJJIN & ILLIYYIN,37,30.45,-1,-1
2025-07-28,c48b7a4426e8cbee3f7dbfe8b87d1d89,ASSALAMUALAIKUM BAITULLAH,37,31.2,2,-1
2025-07-28,d297f2f746c4fd2723f3202fafcbfa1a,KAMPUNG JABANG MAYIT: RITUAL MAUT,20,11.44,3,-1
2025-07-28,efe899b321b96d852776427476f14a06,GAK NYANGKA..!!,37,20.6,4,-1
2025-07-29,19f506af810fe579721721d058f6b243,SUPERMAN,36,36.4,-1,-1
2025-07-29,3cc167017755a0197f18f93595c9ae85,GAK NYANGKA..!!,7,10.4,6,-1
2025-07-29,53b77c875c67b68561415f23065e6e8d,SUPERMAN,7,24.15,-1,-1
2025-07-29,7cade3ea25dae25fdb8c56776676b0c7,GERBANG SETAN,21,13.65,-1,-1
2025-07-29,981569adf232c53afe751c8c660db8d9,DOTI - TUMBAL ILMU HITAM,27,18.9,4,3
2025-07-29,981569adf232c53afe751c8c660db8d9,SUPERMAN,24,15.75,-1,1
2025-07-29,c48b7a4426e8cbee3f7dbfe8b87d1d89,ASSALAMUALAIKUM BAITULLAH,16,12.36,6,5
2025-07-29,e7ec114c2ec166155149062023617e8b,DOTI - TUMBAL ILMU HITAM,22,21.63,-1,-1
2025-07-29,efe899b321b96d852776427476f14a06,GAK NYANGKA..!!,28,15.6,6,6
2025-07-30,25e1c125bdd513aa2355a8e558a1a908,KITAB SIJJIN & ILLIYYIN,19,15.45,0,2
2025-07-30,3f6093566521149f8e37fa4e3fafe7cc,GHOST TRAIN,12,10.4,1,-1
2025-07-30,5ff7565cdb056b4bdcb43d0ea2b5380d,KITAB SIJJIN & ILLIYYIN,14,13.52,-1,-1
2025-07-30,7cade3ea25dae25fdb8c56776676b0c7,GERBANG SETAN,31,19.57,5,4
2025-07-30,981569adf232c53afe751c8c660db8d9,SUPERMAN,52,35.7,-1,-1
2025-07-30,9cc7970100d8e4c2202f08cb78c6eb20,GHOST TRAIN,42,22.88,-1,7
2025-07-30,afbb3b11f728a54ad1eb3ca34f602779,KITAB SIJJIN & ILLIYYIN,30,16.64,-1,-1
2025-07-30,b704e8b10f13e14494b5a7a0ba39d9d9,SMURFS,18,13.52,-1,-1
2025-07-30,c48b7a4426e8cbee3f7dbfe8b87d1d89,ASSALAMUALAIKUM BAITULLAH,23,18.72,-1,-1
2025-07-30,da96492ebd43c4a193238d6c3205cc40,KAMPUNG JABANG MAYIT: RITUAL MAUT,18,13.39,-1,1
2025-07-30,ea7df0c99b450ecdea38cf34ae1f158f,THE FANTASTIC FOUR: FIRST STEPS,31,24.15,-1,-1
2025-07-30,efe899b321b96d852776427476f14a06,GAK NYANGKA..!!,29,16.64,-1,-1
2025-07-31,04a2de432a8901363a05137a8e8de1d2,SORE ISTRI DARI MASA DEPAN,24,13.65,10,-1
2025-07-31,2e0ec493a87e740511b7b565386c06fe,THE NAKED GUN,17,13.65,-1,-1
2025-07-31,3c41b96b56b0aab1ed5fc5e703499730,GHOST TRAIN,26,12.36,6,4
2025-07-31,490346a8a068ba7d2e3764714c6d5323,ASSALAMUALAIKUM BAITULLAH,26,14.56,4,3
2025-07-31,7995e00051a2fe6aeed7cfdbe0378c01,KAMPUNG JABANG MAYIT: RITUAL MAUT,31,20.6,10,-1
2025-07-31,7cade3ea25dae25fdb8c56776676b0c7,GERBANG SETAN,17,10.5,2,-1
2025-07-31,efe899b321b96d852776427476f14a06,GAK NYANGKA..!!,52,30.45,-1,-1
2025-08-01,2e0ec493a87e740511b7b565386c06fe,THE FANTASTIC FOUR: FIRST STEPS,41,32.96,-1,-1
2025-08-01,2e0ec493a87e740511b7b565386c06fe,THE NAKED GUN,17,13.39,0,2
2025-08-01,3c41b96b56b0aab1ed5fc5e703499730,GHOST TRAIN,50,23.69,9,-1
2025-08-01,4a4c71e99772e87c9e35a56acd8be21e,GHOST TRAIN,18,14.56,5,3
2025-08-01,4ba87a86e02dd8a810032db35bf13c51,BERTAUT RINDU: SEMUA IMPIAN BERHAK DIRAYAKAN,7,10.4,6,-1
2025-08-01,52eed153a88a6bdcb46cbb266a07cba2,KITAB SIJJIN & ILLIYYIN,27,16.8,-1,6
2025-08-01,580919d632e55fd9736ae1a2ac6ed0c5,THE NAKED GUN,41,33.6,1,-1
2025-08-01,7114d91eccf418326f7a9a05943c04e1,GHOST TRAIN,37,29.12,-1,-1
2025-08-01,7995e00051a2fe6aeed7cfdbe0378c01,SORE ISTRI DARI MASA DEPAN,35,19.95,-1,-1
2025-08-01,8d2e05da5624875993cb8580c88334a9,OMNISCIENT READER: THE PROPHECY,21,13.65,-1,-1
2025-08-01,92e94ed55b4de8feaff9462a66e2dbd7,THE FANTASTIC FOUR: FIRST STEPS,22,13.39,8,5
2025-08-01,981569adf232c53afe751c8c660db8d9,THE NAKED GUN,32,20.8,-1,6
2025-08-01,a691dd0d8274fa85ecdc7d5ad6df1628,THE FANTASTIC FOUR: FIRST STEPS,41,33.6,1,-1
2025-08-01,c35e24eefa840ac2009279f1efc52288,THE NAKED GUN,39,30.45,-1,-1
2025-08-01,da6b584c30e784d15b54ad124a760b19,THE NAKED GUN,22,13.39,8,5
2025-08-01,da96492ebd43c4a193238d6c3205cc40,OMNISCIENT READER: THE PROPHECY,36,31.2,3,-1
2025-08-01,e8965581e1be78ac9a3145b6983ff6ec,THE NAKED GUN,16,12.6,0,-1
2025-08-01,efe899b321b96d852776427476f14a06,GAK NYANGKA..!!,24,13.65,10,-1
2025-08-01,f3a9ac312f7bc4e2467a1bf02a6aa1e9,THE NAKED GUN,20,17.85,-1,-1
2025-08-02,2e0ec493a87e740511b7b565386c06fe,THE FANTASTIC FOUR: FIRST STEPS,50,30.45,-1,-1
2025-08-02,2e0ec493a87e740511b7b565386c06fe,THE NAKED GUN,52,31.2,-1,-1
2025-08-02,35de0354d956048d1c9c49ff069eaa55,THE BAD GUYS 2,16,12.48,-1,-1
2025-08-02,3cc167017755a0197f18f93595c9ae85,THE NAKED GUN,19,29.4,-1,-1
2025-08-02,3f6093566521149f8e37fa4e3fafe7cc,THE BAD GUYS 2,27,21.63,-1,-1
2025-08-02,3f6093566521149f8e37fa4e3fafe7cc,THE NAKED GUN,20,15.6,2,3
2025-08-02,494c8f1916a97efe3390ba9dbab6ce7d,THE NAKED GUN,25,17.51,6,-1
2025-08-02,4a4c71e99772e87c9e35a56acd8be21e,THE FANTASTIC FOUR: FIRST STEPS,61,51.45,10,-1
2025-08-02,4eb26b1058266dc50a63dc875e4d8846,THE BAD GUYS 2,25,17.68,4,-1
2025-08-02,4fc3fc370b299876663c7d5c90595853,THE NAKED GUN,45,30.9,10,-1
2025-08-02,52eed153a88a6bdcb46cbb266a07cba2,KITAB SIJJIN & ILLIYYIN,33,19.57,3,6
2025-08-02,541130ea8083a789df5d15bbfe13055a,THE BAD GUYS 2,15,12.36,7,4
2025-08-02,580919d632e55fd9736ae1a2ac6ed0c5,THE NAKED GUN,58,47.38,-1,-1
2025-08-02,592095e0ddc2c230cf3002d72e9bac41,SORE ISTRI DARI MASA DEPAN,54,32.55,-1,-1
2025-08-02,716ede53fbca27fbe1c1a55d6667c2b5,"BELIEVE - TAKDIR, MIMPI, KEBERANIAN",22,17.68,7,-1
2025-08-02,716ede53fbca27fbe1c1a55d6667c2b5,KITAB SIJJIN & ILLIYYIN,83,67.98,-1,-1
2025-08-02,7995e00051a2fe6aeed7cfdbe0378c01,SORE ISTRI DARI MASA DEPAN,19,10.3,5,2
2025-08-02,981569adf232c53afe751c8c660db8d9,THE NAKED GUN,59,39.52,7,10
2025-08-02,9f0564f5cabe643e4dbb08b80d3cc241,THE BAD GUYS 2,81,46.2,4,2
2025-08-02,a09b9ee7f937939ee25c24ef8c2e91be,THE BAD GUYS 2,32,50.47,-1,-1
2025-08-02,a55554e941cb93c23d1522f88fd0d004,THE NAKED GUN,21,15.75,2,1
2025-08-02,a691dd0d8274fa85ecdc7d5ad6df1628,THE BAD GUYS 2,46,28.08,-1,5
2025-08-02,a691dd0d8274fa85ecdc7d5ad6df1628,THE FANTASTIC FOUR: FIRST STEPS,91,76.65,-1,-1
2025-08-02,a6d19ebcb27f61cbf41a6552fbf68676,THE BAD GUYS 2,17,12.36,5,6
2025-08-02,b704e8b10f13e14494b5a7a0ba39d9d9,TINGGAL MENINGGAL,70,97.76,-1,-1
2025-08-02,be8de71502987819afd4c2ceea71c539,THE BAD GUYS 2,19,15.6,3,2
2025-08-02,bf33cc26f29bf266a83e35901fa80c9c,THE BAD GUYS 2,42,28.08,-1,1
2025-08-02,c35e24eefa840ac2009279f1efc52288,THE NAKED GUN,46,33.99,6,-1
2025-08-02,cb2a49a747f8989ee0356ec7ac354177,THE NAKED GUN,22,15.75,1,2
2025-08-02,d33850e3698903061b4c18886ce00c9d,THE BAD GUYS 2,26,19.57,1,8
2025-08-02,da6b584c30e784d15b54ad124a760b19,THE BAD GUYS 2,58,36.05,4,5
2025-08-02,da6b584c30e784d15b54ad124a760b19,THE NAKED GUN,72,45.76,9,-1
2025-08-02,e7ec114c2ec166155149062023617e8b,THE NAKED GUN,42,41.6,10,-1
2025-08-02,e8965581e1be78ac9a3145b6983ff6ec,THE NAKED GUN,14,12.48,-1,-1
2025-08-02,efe899b321b96d852776427476f14a06,GAK NYANGKA..!!,47,27.3,-1,-1
2025-08-02,f292a4101ca0420357a2d18b3a013e5f,THE BAD GUYS 2,20,14.7,-1,-1
2025-08-02,f3a9ac312f7bc4e2467a1bf02a6aa1e9,KITAB SIJJIN & ILLIYYIN,44,17.68,-1,9
2025-08-02,f3a9ac312f7bc4e2467a1bf02a6aa1e9,THE NAKED GUN,30,28.35,6,-1
2025-08-02,f54d37fc4c4d4b285aa3601041abc938,KAMPUNG JABANG MAYIT: RITUAL MAUT,47,35.36,-1,-1
2025-08-02,f54d37fc4c4d4b285aa3601041abc938,KITAB SIJJIN & ILLIYYIN,46,19.76,3,-1
2025-08-03,0318cab65e5a4dbb61243ab4747fb621,THE NAKED GUN,28,20.8,-1,2
2025-08-03,073b764928864ed8fa0b6b115bfdd685,THE NAKED GUN,42,22.66,4,-1
2025-08-03,2e0ec493a87e740511b7b565386c06fe,THE NAKED GUN,20,15.6,2,3
2025-08-03,35de0354d956048d1c9c49ff069eaa55,THE BAD GUYS 2,32,25.75,-1,-1
2025-08-03,35de0354d956048d1c9c49ff069eaa55,THE NAKED GUN,56,45.76,-1,2
2025-08-03,3cc167017755a0197f18f93595c9ae85,THE NAKED GUN,37,58.8,-1,-1
2025-08-03,3f6093566521149f8e37fa4e3fafe7cc,THE BAD GUYS 2,31,26.25,-1,10
2025-08-03,3f6093566521149f8e37fa4e3fafe7cc,THE NAKED GUN,23,18.9,1,-1
2025-08-03,4a4c71e99772e87c9e35a56acd8be21e,THE BAD GUYS 2,28,22.66,1,-1
2025-08-03,4eb26b1058266dc50a63dc875e4d8846,THE BAD GUYS 2,35,24.72,9,-1
2025-08-03,4fc3fc370b299876663c7d5c90595853,"BELIEVE - TAKDIR, MIMPI, KEBERANIAN",79,63.86,-1,-1
2025-08-03,4fc3fc370b299876663c7d5c90595853,THE BAD GUYS 2,50,38.11,-1,-1
2025-08-03,53b77c875c67b68561415f23065e6e8d,THE BAD GUYS 2,12,37.44,-1,-1
2025-08-03,541130ea8083a789df5d15bbfe13055a,THE BAD GUYS 2,13,11.55,-1,-1
2025-08-03,580919d632e55fd9736ae1a2ac6ed0c5,THE NAKED GUN,43,36.75,0,-1
2025-08-03,592095e0ddc2c230cf3002d72e9bac41,SORE ISTRI DARI MASA DEPAN,29,17.68,0,-1
2025-08-03,592095e0ddc2c230cf3002d72e9bac41,THE BAD GUYS 2,61,31.2,-1,-1
2025-08-03,5b8eaa351fae8e6d1e759e814d74c1c5,THE BAD GUYS 2,30,18.9,1,6
2025-08-03,7114d91eccf418326f7a9a05943c04e1,THE BAD GUYS 2,38,25.75,5,-1
2025-08-03,7114d91eccf418326f7a9a05943c04e1,THE NAKED GUN,29,19.76,4,-1
2025-08-03,716ede53fbca27fbe1c1a55d6667c2b5,"BELIEVE - TAKDIR, MIMPI, KEBERANIAN",26,21.63,-1,-1
2025-08-03,8188326fb0a403be03ea632997c8a959,THE BAD GUYS 2,44,38.48,-1,-1
2025-08-03,81c620b2538435926cbbf15745ef5901,THE NAKED GUN,22,15.45,-1,3
2025-08-03,88d0ee0029bee810e1d0fe37f73e2d3b,REGO NYOWO,48,28.08,9,7
2025-08-03,981569adf232c53afe751c8c660db8d9,THE NAKED GUN,50,33.99,2,-1
2025-08-03,9d67ea34034038d9a33cf7ac63b7ac65,THE NAKED GUN,20,14.7,-1,-1
2025-08-03,9f0564f5cabe643e4dbb08b80d3cc241,THE BAD GUYS 2,85,48.88,2,-1
2025-08-03,a09b9ee7f937939ee25c24ef8c2e91be,THE BAD GUYS 2,8,10.3,9,-1
2025-08-03,a691dd0d8274fa85ecdc7d5ad6df1628,GHOST TRAIN,25,21.0,-1,4
2025-08-03,a691dd0d8274fa85ecdc7d5ad6df1628,THE FANTASTIC FOUR: FIRST STEPS,86,70.04,-1,-1
2025-08-03,a6d19ebcb27f61cbf41a6552fbf68676,THE BAD GUYS 2,26,18.72,9,-1
2025-08-03,a9d508d218799f9dc69bb4aefc122cb3,THE BAD GUYS 2,20,15.45,-1,1
2025-08-03,afbb3b11f728a54ad1eb3ca34f602779,THE BAD GUYS 2,27,13.39,3,10
2025-08-03,be8de71502987819afd4c2ceea71c539,THE BAD GUYS 2,16,13.65,-1,-1
2025-08-03,bf33cc26f29bf266a83e35901fa80c9c,THE BAD GUYS 2,53,36.75,8,10
2025-08-03,c35e24eefa840ac2009279f1efc52288,THE NAKED GUN,40,30.9,-1,-1
2025-08-03,cb2a49a747f8989ee0356ec7ac354177,THE NAKED GUN,35,25.75,8,-1
2025-08-03,d33850e3698903061b4c18886ce00c9d,BERTAUT RINDU: SEMUA IMPIAN BERHAK DIRAYAKAN,26,19.57,1,8
2025-08-03,d33850e3698903061b4c18886ce00c9d,THE BAD GUYS 2,19,13.52,-1,-1
2025-08-03,da6b584c30e784d15b54ad124a760b19,THE BAD GUYS 2,98,62.4,-1,-1
2025-08-03,da6b584c30e784d15b54ad124a760b19,THE NAKED GUN,60,38.11,-1,-1
2025-08-03,e3edf631650eb304cf386709b98005f6,THE BAD GUYS 2,85,70.35,-1,-1
2025-08-03,e67d818ee0546f3b33d0ba2083ed4db5,BERTAUT RINDU: SEMUA IMPIAN BERHAK DIRAYAKAN,27,20.6,-1,-1
2025-08-03,e7ec114c2ec166155149062023617e8b,THE NAKED GUN,29,29.12,-1,-1
2025-08-03,ea7df0c99b450ecdea38cf34ae1f158f,THE NAKED GUN,21,15.75,2,1
2025-08-03,ecace029de4a6bd4ae872928509cd71d,BERTAUT RINDU: SEMUA IMPIAN BERHAK DIRAYAKAN,37,24.15,-1,-1
2025-08-03,efe899b321b96d852776427476f14a06,GAK NYANGKA..!!,32,18.54,1,4
2025-08-03,f292a4101ca0420357a2d18b3a013e5f,THE BAD GUYS 2,38,27.81,4,-1
2025-08-03,f3a9ac312f7bc4e2467a1bf02a6aa1e9,KITAB SIJJIN & ILLIYYIN,19,12.6,-1,3
2025-08-03,f3a9ac312f7bc4e2467a1bf02a6aa1e9,THE NAKED GUN,40,36.4,-1,-1
2025-08-03,f54d37fc4c4d4b285aa3601041abc938,KAMPUNG JABANG MAYIT: RITUAL MAUT,19,10.5,0,-1
2025-08-03,fcf80028ec9bbf8efaee3932e529a78f,THE NAKED GUN,18,10.5,1,-1
2025-08-04,15c7dc37db27dd76f38cc419107f7c48,DHADAK 2,11,11.44,-1,-1
2025-08-04,218c50fa4df90b3241e39ff8ffb41102,"BELIEVE - TAKDIR, MIMPI, KEBERANIAN",16,12.48,-1,-1
2025-08-04,218c50fa4df90b3241e39ff8ffb41102,THE NAKED GUN,24,14.56,6,1
2025-08-04,29fc89ab155e9f202326046c2e0023bb,BERTAUT RINDU: SEMUA IMPIAN BERHAK DIRAYAKAN,88,50.96,-1,8
2025-08-04,3cc167017755a0197f18f93595c9ae85,THE NAKED GUN,10,15.6,7,-1
2025-08-04,4ed104ac0de10ba7eef50158603e0b32,MY DAUGHTER IS A ZOMBIE,228,76.96,-1,-1
2025-08-04,592095e0ddc2c230cf3002d72e9bac41,SORE ISTRI DARI MASA DEPAN,21,12.6,10,5
2025-08-04,5b8eaa351fae8e6d1e759e814d74c1c5,I KNOW WHAT YOU DID LAST SUMMER,17,13.39,0,2
2025-08-04,7995e00051a2fe6aeed7cfdbe0378c01,DOTI - TUMBAL ILMU HITAM,49,32.96,10,-1
2025-08-04,8d2e05da5624875993cb8580c88334a9,THE NAKED GUN,14,19.57,4,-1
2025-08-04,92e94ed55b4de8feaff9462a66e2dbd7,GHOST TRAIN,21,12.6,10,5
2025-08-04,981569adf232c53afe751c8c660db8d9,THE NAKED GUN,33,22.88,2,6
2025-08-04,a691dd0d8274fa85ecdc7d5ad6df1628,THE BAD GUYS 2,28,16.8,-1,7
2025-08-04,a691dd0d8274fa85ecdc7d5ad6df1628,THE FANTASTIC FOUR: FIRST STEPS,21,16.48,8,6
2025-08-04,e3edf631650eb304cf386709b98005f6,THE BAD GUYS 2,14,10.3,3,-1
2025-08-04,e7ec114c2ec166155149062023617e8b,THE NAKED GUN,22,21.84,-1,3
2025-08-04,f3a9ac312f7bc4e2467a1bf02a6aa1e9,KITAB SIJJIN & ILLIYYIN,19,12.6,-1,3
2025-08-04,f3a9ac312f7bc4e2467a1bf02a6aa1e9,THE NAKED GUN,22,19.95,-1,-1
2025-08-05,04a2de432a8901363a05137a8e8de1d2,SORE ISTRI DARI MASA DEPAN,47,28.35,8,-1
2025-08-05,218c50fa4df90b3241e39ff8ffb41102,"BELIEVE - TAKDIR, MIMPI, KEBERANIAN",13,10.5,6,-1
2025-08-05,35de0354d956048d1c9c49ff069eaa55,DHADAK 2,30,26.0,9,4
2025-08-05,3c41b96b56b0aab1ed5fc5e703499730,THE NAKED GUN,46,21.84,-1,1
2025-08-05,3cc167017755a0197f18f93595c9ae85,GHOST TRAIN,15,20.6,-1,-1
2025-08-05,3cc167017755a0197f18f93595c9ae85,THE NAKED GUN,8,12.36,3,-1
2025-08-05,494c8f1916a97efe3390ba9dbab6ce7d,KITAB SIJJIN & ILLIYYIN,14,10.4,4,1
2025-08-05,541130ea8083a789df5d15bbfe13055a,THE NAKED GUN,24,20.8,2,-1
2025-08-05,5b8eaa351fae8e6d1e759e814d74c1c5,I KNOW WHAT YOU DID LAST SUMMER,25,19.95,-1,-1
2025-08-05,62447bb073160adcf6d6022240a3663c,"BELIEVE - TAKDIR, MIMPI, KEBERANIAN",19,13.39,-1,2
2025-08-05,7995e00051a2fe6aeed7cfdbe0378c01,DOTI - TUMBAL ILMU HITAM,31,17.51,0,-1
2025-08-05,8188326fb0a403be03ea632997c8a959,THE NAKED GUN,28,25.2,3,-1
2025-08-05,9158e16be84a6db4d63d3289099f119b,THE NAKED GUN,17,12.48,-1,-1
2025-08-05,92e94ed55b4de8feaff9462a66e2dbd7,GHOST TRAIN,19,11.55,10,-1
2025-08-05,9eb47624e1e418bfac8b4fcc3a44a36b,GHOST TRAIN,18,11.55,-1,-1
2025-08-05,a55554e941cb93c23d1522f88fd0d004,KITAB SIJJIN & ILLIYYIN,41,21.84,4,3
2025-08-05,a691dd0d8274fa85ecdc7d5ad6df1628,THE FANTASTIC FOUR: FIRST STEPS,24,19.76,9,-1
2025-08-05,bf33cc26f29bf266a83e35901fa80c9c,THE NAKED GUN,16,11.55,-1,-1
2025-08-05,cb2a49a747f8989ee0356ec7ac354177,THE NAKED GUN,15,10.3,2,-1
2025-08-05,da6b584c30e784d15b54ad124a760b19,THE NAKED GUN,22,13.52,-1,-1
2025-08-05,dc77e7e26c0e5e3a5c44ec2de0cedbde,THE NAKED GUN,21,16.48,8,6
2025-08-05,e7ec114c2ec166155149062023617e8b,THE NAKED GUN,18,17.68,-1,-1
2025-08-05,f292a4101ca0420357a2d18b3a013e5f,GHOST TRAIN,24,17.51,7,-1
2025-08-05,f3a9ac312f7bc4e2467a1bf02a6aa1e9,KITAB SIJJIN & ILLIYYIN,44,29.87,2,-1
2025-08-05,f3a9ac312f7bc4e2467a1bf02a6aa1e9,THE NAKED GUN,22,19.57,5,4
2025-08-05,f54d37fc4c4d4b285aa3601041abc938,THE NAKED GUN,19,38.11,-1,-1
2025-08-06,04a2de432a8901363a05137a8e8de1d2,"BELIEVE - TAKDIR, MIMPI, KEBERANIAN",62,36.05,0,9
2025-08-06,45f553cca86b28fedd6115abdd0ae734,"BELIEVE - TAKDIR, MIMPI, KEBERANIAN",109,56.65,6,-1
2025-08-06,4eb26b1058266dc50a63dc875e4d8846,REGO NYOWO,16,13.65,-1,-1
2025-08-06,5b8eaa351fae8e6d1e759e814d74c1c5,THE NAKED GUN,23,18.72,-1,-1
2025-08-06,716ede53fbca27fbe1c1a55d6667c2b5,"BELIEVE - TAKDIR, MIMPI, KEBERANIAN",23,18.54,5,-1
2025-08-06,8188326fb0a403be03ea632997c8a959,GHOST TRAIN,16,13.39,1,1
2025-08-06,9158e16be84a6db4d63d3289099f119b,OMNISCIENT READER: THE PROPHECY,65,50.47,-1,-1
2025-08-06,9158e16be84a6db4d63d3289099f119b,THE BAD GUYS 2,72,59.74,-1,-1
2025-08-06,9158e16be84a6db4d63d3289099f119b,THE NAKED GUN,48,38.11,-1,-1
2025-08-06,919c7b9859d8ce7cab47dab2463e7fab,GHOST TRAIN,18,12.48,-1,-1
2025-08-06,919c7b9859d8ce7cab47dab2463e7fab,TEGAR,226,88.4,-1,5
2025-08-06,a691dd0d8274fa85ecdc7d5ad6df1628,GHOST TRAIN,17,13.39,0,2
2025-08-06,c71a18e33d4b7c73c8124c65fc3e6f1c,THE NAKED GUN,20,15.45,-1,1
2025-08-06,e7ec114c2ec166155149062023617e8b,THE NAKED GUN,14,13.39,1,-1
2025-08-06,fbaf4d5f0c18dc603a21aef31da59ee6,GHOST TRAIN,23,16.64,-1,-1
2025-08-07,015555fbcd8faef6b55a854605df0a87,THE NAKED GUN,40,14.7,1,-1
2025-08-07,0191582d75f94a412c0fa12d36bcee3f,SUPERMAN,48,39.9,-1,-1
2025-08-07,26a644178fbdb277dc3c50997f6df7fe,GHOST TRAIN,33,32.55,-1,-1
2025-08-07,2e0ec493a87e740511b7b565386c06fe,GHOST TRAIN,19,14.56,4,4
2025-08-07,3744d5b8753c9cc72700ce7927fa0df3,WEAPONS,64,50.4,-1,1
2025-08-07,3c41b96b56b0aab1ed5fc5e703499730,OMNISCIENT READER: THE PROPHECY,22,10.3,2,5
2025-08-07,3c41b96b56b0aab1ed5fc5e703499730,THE FANTASTIC FOUR: FIRST STEPS,27,12.6,4,-1
2025-08-07,4ed104ac0de10ba7eef50158603e0b32,DHADAK 2,14,10.3,3,-1
2025-08-07,5ff7565cdb056b4bdcb43d0ea2b5380d,WEAPONS,40,29.12,-1,-1
2025-08-07,8d2e05da5624875993cb8580c88334a9,GHOST TRAIN,10,14.7,-1,-1
2025-08-07,9f0564f5cabe643e4dbb08b80d3cc241,BERTAUT RINDU: SEMUA IMPIAN BERHAK DIRAYAKAN,89,49.92,-1,-1
2025-08-07,a09b9ee7f937939ee25c24ef8c2e91be,SIHIR PELAKOR,15,22.66,-1,-1
2025-08-07,cb2a49a747f8989ee0356ec7ac354177,THE FANTASTIC FOUR: FIRST STEPS,18,12.36,4,7
2025-08-07,e3edf631650eb304cf386709b98005f6,GHOST TRAIN,14,10.5,5,-1
2025-08-08,015555fbcd8faef6b55a854605df0a87,FREAKIER FRIDAY,19,14.7,-1,-1
2025-08-08,015555fbcd8faef6b55a854605df0a87,THE NAKED GUN,42,14.56,3,4
2025-08-08,0191582d75f94a412c0fa12d36bcee3f,SUPERMAN,55,45.76,-1,1
2025-08-08,108f9a4d181f12fd1b7e3c9adae38478,"BELIEVE - TAKDIR, MIMPI, KEBERANIAN",76,46.8,-1,-1
2025-08-08,17e1e7da761f72bbb4e039ba08cc0ba0,"BELIEVE - TAKDIR, MIMPI, KEBERANIAN",22,16.64,-1,-1
2025-08-08,218c50fa4df90b3241e39ff8ffb41102,REGO NYOWO,67,36.75,-1,6
2025-08-08,52eed153a88a6bdcb46cbb266a07cba2,GHOST TRAIN,22,15.45,-1,3
2025-08-08,57d37d0d839b9dff6f87d6b5d5b679cc,FREAKIER FRIDAY,24,17.51,7,-1
2025-08-08,5a894958f375392ce7981be2eb9a26be,SIHIR PELAKOR,28,22.05,0,-1
2025-08-08,9f0564f5cabe643e4dbb08b80d3cc241,WEAPONS,163,97.76,-1,-1
2025-08-08,a6d19ebcb27f61cbf41a6552fbf68676,SORE ISTRI DARI MASA DEPAN,39,29.12,-1,-1
2025-08-08,afbb3b11f728a54ad1eb3ca34f602779,WEAPONS,52,28.08,5,-1
2025-08-08,b2539b1f80254243391774489b1328aa,REGO NYOWO,41,19.95,-1,-1
2025-08-08,e3edf631650eb304cf386709b98005f6,REGO NYOWO,36,26.25,6,-1
2025-08-08,e67d818ee0546f3b33d0ba2083ed4db5,THE FANTASTIC FOUR: FIRST STEPS,8,20.8,-1,-1
2025-08-08,e8965581e1be78ac9a3145b6983ff6ec,"BELIEVE - TAKDIR, MIMPI, KEBERANIAN",28,23.1,-1,-1
2025-08-09,0191582d75f94a412c0fa12d36bcee3f,F1 THE MOVIE (IMAX 2D),85,21.0,-1,1
2025-08-09,0191582d75f94a412c0fa12d36bcee3f,FREAKIER FRIDAY,72,58.71,-1,-1
2025-08-09,0191582d75f94a412c0fa12d36bcee3f,KITAB SIJJIN & ILLIYYIN,47,29.4,-1,-1
2025-08-09,108f9a4d181f12fd1b7e3c9adae38478,F1 THE MOVIE (IMAX 2D),67,21.63,2,6
2025-08-09,17e1e7da761f72bbb4e039ba08cc0ba0,"BELIEVE - TAKDIR, MIMPI, KEBERANIAN",114,88.58,-1,-1
2025-08-09,19f506af810fe579721721d058f6b243,F1 THE MOVIE (IMAX 2D),40,12.48,-1,-1
2025-08-09,218c50fa4df90b3241e39ff8ffb41102,REGO NYOWO,25,16.8,-1,4
2025-08-09,2318d3c719302ff137eb1b53fb32f0c8,REGO NYOWO,28,23.1,-1,-1
2025-08-09,26d1d720bc7e60c1b1a56630e3ba2c5d,SORE ISTRI DARI MASA DEPAN,25,15.45,9,6
2025-08-09,312cd6ebdd3af9ac55f7b3d31ecab9c2,"BELIEVE - TAKDIR, MIMPI, KEBERANIAN",41,34.32,-1,-1
2025-08-09,4eb26b1058266dc50a63dc875e4d8846,SORE ISTRI DARI MASA DEPAN,72,41.6,-1,-1
2025-08-09,52eed153a88a6bdcb46cbb266a07cba2,GHOST TRAIN,35,25.75,8,-1
2025-08-09,57d37d0d839b9dff6f87d6b5d5b679cc,FREAKIER FRIDAY,15,10.4,3,2
2025-08-09,592095e0ddc2c230cf3002d72e9bac41,GHOST TRAIN,53,31.93,0,-1
2025-08-09,5a894958f375392ce7981be2eb9a26be,SIHIR PELAKOR,27,20.6,-1,-1
2025-08-09,79d0a75ad3523955b8d0e01198d6e9c9,WEAPONS,4,16.48,-1,-1
2025-08-09,8d2e05da5624875993cb8580c88334a9,REGO NYOWO,15,12.36,7,4
2025-08-09,8dbfb7aeb4ed822b358347332ba630af,F1 THE MOVIE (IMAX 2D),77,13.65,-1,-1
2025-08-09,b2539b1f80254243391774489b1328aa,REGO NYOWO,35,16.48,8,5
2025-08-09,b704e8b10f13e14494b5a7a0ba39d9d9,DHADAK 2,27,19.95,-1,-1
2025-08-09,dc77e7e26c0e5e3a5c44ec2de0cedbde,F1 THE MOVIE (IMAX 2D),101,37.08,-1,2
2025-08-09,e67d818ee0546f3b33d0ba2083ed4db5,THE FANTASTIC FOUR: FIRST STEPS,36,91.35,-1,-1
2025-08-09,e8965581e1be78ac9a3145b6983ff6ec,"BELIEVE - TAKDIR, MIMPI, KEBERANIAN",20,15.6,2,3
2025-08-09,e8965581e1be78ac9a3145b6983ff6ec,F1 THE MOVIE (IMAX 2D),48,10.5,-1,6
2025-08-09,ef2896a95abe2a2b4cfee245dc1e36ec,"BELIEVE - TAKDIR, MIMPI, KEBERANIAN",18,13.65,-1,-1
2025-08-10,0191582d75f94a412c0fa12d36bcee3f,KITAB SIJJIN & ILLIYYIN,46,16.8,-1,3
2025-08-10,0318cab65e5a4dbb61243ab4747fb621,"LA TAHZAN: CINTA, DOSA, LUKA...",45,21.84,0,7
2025-08-10,04a2de432a8901363a05137a8e8de1d2,"LA TAHZAN: CINTA, DOSA, LUKA...",134,53.55,-1,-1
2025-08-10,0a8777c6c78e2d102bdf459f8550cf93,"LA TAHZAN: CINTA, DOSA, LUKA...",112,54.08,-1,6
2025-08-10,108f9a4d181f12fd1b7e3c9adae38478,F1 THE MOVIE (IMAX 2D),79,26.25,0,-1
2025-08-10,14b63ff2b104903ead7d884f25382e57,"LA TAHZAN: CINTA, DOSA, LUKA...",57,31.2,-1,-1
2025-08-10,15c7dc37db27dd76f38cc419107f7c48,"LA TAHZAN: CINTA, DOSA, LUKA...",70,32.55,-1,1
2025-08-10,19f506af810fe579721721d058f6b243,F1 THE MOVIE (IMAX 2D),70,21.63,7,1
2025-08-10,19f506af810fe579721721d058f6b243,"LA TAHZAN: CINTA, DOSA, LUKA...",74,43.05,-1,9
2025-08-10,202dbf4df0e433f092fca1aa8162c400,"LA TAHZAN: CINTA, DOSA, LUKA...",97,75.19,0,-1
2025-08-10,2318d3c719302ff137eb1b53fb32f0c8,"LA TAHZAN: CINTA, DOSA, LUKA...",40,21.84,5,2
2025-08-10,2318d3c719302ff137eb1b53fb32f0c8,REGO NYOWO,23,18.9,1,-1
2025-08-10,25e1c125bdd513aa2355a8e558a1a908,"LA TAHZAN: CINTA, DOSA, LUKA...",23,17.68,6,-1
2025-08-10,26d1d720bc7e60c1b1a56630e3ba2c5d,"LA TAHZAN: CINTA, DOSA, LUKA...",77,27.81,7,-1
2025-08-10,2e0ec493a87e740511b7b565386c06fe,"LA TAHZAN: CINTA, DOSA, LUKA...",94,56.65,4,-1
2025-08-10,2e0ec493a87e740511b7b565386c06fe,PAMALI: TUMBAL,58,47.38,-1,-1
2025-08-10,312cd6ebdd3af9ac55f7b3d31ecab9c2,"BELIEVE - TAKDIR, MIMPI, KEBERANIAN",54,43.26,7,-1
2025-08-10,312cd6ebdd3af9ac55f7b3d31ecab9c2,"LA TAHZAN: CINTA, DOSA, LUKA...",81,34.32,0,-1
2025-08-10,3744d5b8753c9cc72700ce7927fa0df3,"LA TAHZAN: CINTA, DOSA, LUKA...",47,36.05,6,-1
2025-08-10,3afae5dea7356f64f70605334bef46a7,"LA TAHZAN: CINTA, DOSA, LUKA...",89,39.52,9,6
2025-08-10,3c41b96b56b0aab1ed5fc5e703499730,LYORA: PENANTIAN BUAH HATI,27,14.42,3,-1
2025-08-10,3cc167017755a0197f18f93595c9ae85,"LA TAHZAN: CINTA, DOSA, LUKA...",48,22.05,8,5
2025-08-10,45f553cca86b28fedd6115abdd0ae734,"LA TAHZAN: CINTA, DOSA, LUKA...",87,42.64,-1,3
2025-08-10,4a4c71e99772e87c9e35a56acd8be21e,"LA TAHZAN: CINTA, DOSA, LUKA...",88,43.68,-1,5
2025-08-10,4a4c71e99772e87c9e35a56acd8be21e,LYORA: PENANTIAN BUAH HATI,20,15.75,0,-1
2025-08-10,4ba87a86e02dd8a810032db35bf13c51,"LA TAHZAN: CINTA, DOSA, LUKA...",33,16.8,8,-1
2025-08-10,4eb26b1058266dc50a63dc875e4d8846,"LA TAHZAN: CINTA, DOSA, LUKA...",27,10.4,4,1
2025-08-10,4fc3fc370b299876663c7d5c90595853,"LA TAHZAN: CINTA, DOSA, LUKA...",194,90.48,-1,4
2025-08-10,52eed153a88a6bdcb46cbb266a07cba2,GHOST TRAIN,18,12.48,-1,-1
2025-08-10,53b77c875c67b68561415f23065e6e8d,"LA TAHZAN: CINTA, DOSA, LUKA...",56,21.84,1,-1
2025-08-10,57d37d0d839b9dff6f87d6b5d5b679cc,"LA TAHZAN: CINTA, DOSA, LUKA...",63,39.14,-1,-1
2025-08-10,592095e0ddc2c230cf3002d72e9bac41,GHOST TRAIN,42,24.96,-1,-1
2025-08-10,592095e0ddc2c230cf3002d72e9bac41,"LA TAHZAN: CINTA, DOSA, LUKA...",99,49.35,-1,-1
2025-08-10,5ff7565cdb056b4bdcb43d0ea2b5380d,"LA TAHZAN: CINTA, DOSA, LUKA...",20,14.7,-1,-1
2025-08-10,62447bb073160adcf6d6022240a3663c,"LA TAHZAN: CINTA, DOSA, LUKA...",38,22.05,5,10
2025-08-10,7995e00051a2fe6aeed7cfdbe0378c01,"LA TAHZAN: CINTA, DOSA, LUKA...",96,52.5,9,-1
2025-08-10,7c271f1e1351e6433b202d77b88012c2,"LA TAHZAN: CINTA, DOSA, LUKA...",96,31.93,10,5
2025-08-10,8188326fb0a403be03ea632997c8a959,"LA TAHZAN: CINTA, DOSA, LUKA...",87,54.6,2,-1
2025-08-10,81c620b2538435926cbbf15745ef5901,"LA TAHZAN: CINTA, DOSA, LUKA...",80,39.9,1,1
2025-08-10,88d0ee0029bee810e1d0fe37f73e2d3b,"LA TAHZAN: CINTA, DOSA, LUKA...",58,22.05,0,2
2025-08-10,9158e16be84a6db4d63d3289099f119b,"LA TAHZAN: CINTA, DOSA, LUKA...",123,46.35,4,-1
2025-08-10,9715c9bc57db04a2506acfdab71ec1c6,"LA TAHZAN: CINTA, DOSA, LUKA...",63,34.65,7,-1
2025-08-10,981569adf232c53afe751c8c660db8d9,REGO NYOWO,60,21.0,3,1
2025-08-10,9cc7970100d8e4c2202f08cb78c6eb20,"LA TAHZAN: CINTA, DOSA, LUKA...",51,16.8,10,8
2025-08-10,9eb47624e1e418bfac8b4fcc3a44a36b,"LA TAHZAN: CINTA, DOSA, LUKA...",18,11.55,-1,-1
2025-08-10,9f0564f5cabe643e4dbb08b80d3cc241,"LA TAHZAN: CINTA, DOSA, LUKA...",203,69.3,-1,-1
2025-08-10,a09b9ee7f937939ee25c24ef8c2e91be,"LA TAHZAN: CINTA, DOSA, LUKA...",43,31.2,-1,4
2025-08-10,a55554e941cb93c23d1522f88fd0d004,"LA TAHZAN: CINTA, DOSA, LUKA...",53,22.66,5,7
2025-08-10,a691dd0d8274fa85ecdc7d5ad6df1628,"LA TAHZAN: CINTA, DOSA, LUKA...",150,63.86,9,-1
2025-08-10,afbb3b11f728a54ad1eb3ca34f602779,"LA TAHZAN: CINTA, DOSA, LUKA...",72,23.92,0,-1
2025-08-10,b2539b1f80254243391774489b1328aa,"LA TAHZAN: CINTA, DOSA, LUKA...",97,46.2,-1,-1
2025-08-10,b4972b48997defae8304bc9c41220c7c,F1 THE MOVIE (IMAX 2D),45,10.4,-1,6
2025-08-10,b704e8b10f13e14494b5a7a0ba39d9d9,DHADAK 2,22,15.6,0,5
2025-08-10,be8de71502987819afd4c2ceea71c539,"LA TAHZAN: CINTA, DOSA, LUKA...",80,41.2,9,-1
2025-08-10,bf33cc26f29bf266a83e35901fa80c9c,"LA TAHZAN: CINTA, DOSA, LUKA...",102,42.23,4,-1
2025-08-10,c35e24eefa840ac2009279f1efc52288,"LA TAHZAN: CINTA, DOSA, LUKA...",111,38.11,6,2
2025-08-10,cb2a49a747f8989ee0356ec7ac354177,"LA TAHZAN: CINTA, DOSA, LUKA...",89,38.11,4,-1
2025-08-10,d1918db937d26e9e4ccd3e17e1ff0e2d,"LA TAHZAN: CINTA, DOSA, LUKA...",38,22.05,5,10
2025-08-10,d297f2f746c4fd2723f3202fafcbfa1a,"LA TAHZAN: CINTA, DOSA, LUKA...",88,35.7,-1,-1
2025-08-10,d33850e3698903061b4c18886ce00c9d,"LA TAHZAN: CINTA, DOSA, LUKA...",51,32.24,8,2
2025-08-10,da6b584c30e784d15b54ad124a760b19,"LA TAHZAN: CINTA, DOSA, LUKA...",77,49.44,-1,-1
2025-08-10,dc77e7e26c0e5e3a5c44ec2de0cedbde,F1 THE MOVIE (IMAX 2D),81,30.16,-1,5
2025-08-10,e3edf631650eb304cf386709b98005f6,REGO NYOWO,26,18.54,2,-1
2025-08-10,e67d818ee0546f3b33d0ba2083ed4db5,THE FANTASTIC FOUR: FIRST STEPS,4,10.3,-1,-1
2025-08-10,e7ec114c2ec166155149062023617e8b,"LA TAHZAN: CINTA, DOSA, LUKA...",66,38.85,-1,5
2025-08-10,e8965581e1be78ac9a3145b6983ff6ec,F1 THE MOVIE (IMAX 2D),77,16.64,-1,-1
2025-08-10,e939d818a5192f48fc4b73102e3aa4b9,"LA TAHZAN: CINTA, DOSA, LUKA...",63,22.66,0,5
2025-08-10,ea7df0c99b450ecdea38cf34ae1f158f,"LA TAHZAN: CINTA, DOSA, LUKA...",55,37.8,7,7
2025-08-10,ef2896a95abe2a2b4cfee245dc1e36ec,"BELIEVE - TAKDIR, MIMPI, KEBERANIAN",24,17.51,7,-1
2025-08-10,ef2896a95abe2a2b4cfee245dc1e36ec,"LA TAHZAN: CINTA, DOSA, LUKA...",33,23.69,-1,-1
2025-08-10,efe899b321b96d852776427476f14a06,"LA TAHZAN: CINTA, DOSA, LUKA...",66,38.11,-1,-1
2025-08-10,f292a4101ca0420357a2d18b3a013e5f,"LA TAHZAN: CINTA, DOSA, LUKA...",88,40.17,4,-1
2025-08-10,f3a9ac312f7bc4e2467a1bf02a6aa1e9,"LA TAHZAN: CINTA, DOSA, LUKA...",41,15.75,2,1
2025-08-10,f7734bb329cacfe21ce854ae822b6115,"LA TAHZAN: CINTA, DOSA, LUKA...",71,38.48,-1,-1
2025-08-10,fbaf4d5f0c18dc603a21aef31da59ee6,"LA TAHZAN: CINTA, DOSA, LUKA...",59,26.0,6,7
2025-08-10,fbaf4d5f0c18dc603a21aef31da59ee6,LYORA: PENANTIAN BUAH HATI,37,25.2,-1,5
2025-08-10,fcf80028ec9bbf8efaee3932e529a78f,"LA TAHZAN: CINTA, DOSA, LUKA...",139,65.1,-1,-1
2025-08-11,0191582d75f94a412c0fa12d36bcee3f,F1 THE MOVIE (IMAX 2D),48,11.33,-1,7
2025-08-11,66d433e397ff7f3d460500704fd40a5a,MY DAUGHTER IS A ZOMBIE,4,10.4,9,-1
2025-08-11,a09b9ee7f937939ee25c24ef8c2e91be,LYORA: PENANTIAN BUAH HATI,12,19.76,-1,-1
2025-08-11,b2539b1f80254243391774489b1328aa,PAMALI: TUMBAL,32,14.42,-1,1
2025-08-11,b704e8b10f13e14494b5a7a0ba39d9d9,TINGGAL MENINGGAL,70,98.7,6,-1
2025-08-11,dc77e7e26c0e5e3a5c44ec2de0cedbde,F1 THE MOVIE (IMAX 2D),53,19.95,-1,-1
2025-08-11,e67d818ee0546f3b33d0ba2083ed4db5,THE FANTASTIC FOUR: FIRST STEPS,7,17.85,-1,-1
2025-08-11,fbaf4d5f0c18dc603a21aef31da59ee6,LYORA: PENANTIAN BUAH HATI,37,23.69,-1,-1
2025-08-12,015555fbcd8faef6b55a854605df0a87,LYORA: PENANTIAN BUAH HATI,61,43.26,0,-1
2025-08-12,0191582d75f94a412c0fa12d36bcee3f,REGO NYOWO,20,16.64,-1,-1
2025-08-12,1240789770bc04e7d26e5fa31c075ced,REGO NYOWO,26,11.55,3,-1
2025-08-12,7995e00051a2fe6aeed7cfdbe0378c01,PAMALI: TUMBAL,75,51.5,-1,-1
2025-08-12,9715c9bc57db04a2506acfdab71ec1c6,MY DAUGHTER IS A ZOMBIE,25,18.9,6,1
2025-08-12,afbb3b11f728a54ad1eb3ca34f602779,PAMALI: TUMBAL,33,16.8,8,-1
2025-08-12,da96492ebd43c4a193238d6c3205cc40,THE FANTASTIC FOUR: FIRST STEPS,4,10.4,9,-1
2025-08-12,dc6de349945f10a4a296bb50d34fc504,MY DAUGHTER IS A ZOMBIE,8,21.0,-1,-1
2025-08-12,dc77e7e26c0e5e3a5c44ec2de0cedbde,F1 THE MOVIE (IMAX 2D),42,15.6,2,3
2025-08-12,ef2896a95abe2a2b4cfee245dc1e36ec,"BELIEVE - TAKDIR, MIMPI, KEBERANIAN",22,16.48,7,7
2025-08-13,14b63ff2b104903ead7d884f25382e57,MY DAUGHTER IS A ZOMBIE,38,30.9,-1,-1
2025-08-13,2318d3c719302ff137eb1b53fb32f0c8,REGO NYOWO,14,11.33,3,-1
2025-08-13,26d1d720bc7e60c1b1a56630e3ba2c5d,"BELIEVE - TAKDIR, MIMPI, KEBERANIAN",54,34.65,-1,10
2025-08-13,2e0ec493a87e740511b7b565386c06fe,"BELIEVE - TAKDIR, MIMPI, KEBERANIAN",60,49.35,-1,-1
2025-08-13,490346a8a068ba7d2e3764714c6d5323,LYORA: PENANTIAN BUAH HATI,120,77.7,-1,5
2025-08-13,4ed104ac0de10ba7eef50158603e0b32,TINGGAL MENINGGAL,133,98.88,-1,-1
2025-08-13,5ff7565cdb056b4bdcb43d0ea2b5380d,SIHIR PELAKOR,19,18.72,-1,-1
2025-08-13,7995e00051a2fe6aeed7cfdbe0378c01,PAMALI: TUMBAL,49,33.28,-1,-1
2025-08-13,7995e00051a2fe6aeed7cfdbe0378c01,SIHIR PELAKOR,48,32.24,1,-1
2025-08-13,9715c9bc57db04a2506acfdab71ec1c6,LYORA: PENANTIAN BUAH HATI,107,85.05,-1,-1
2025-08-13,9715c9bc57db04a2506acfdab71ec1c6,MY DAUGHTER IS A ZOMBIE,26,19.76,7,-1
2025-08-13,9aab42397bbc1d1cdb49f7044dc990f0,SORE ISTRI DARI MASA DEPAN,17,12.48,-1,-1
2025-08-13,a09b9ee7f937939ee25c24ef8c2e91be,LYORA: PENANTIAN BUAH HATI,12,19.76,-1,-1
2025-08-13,afbb3b11f728a54ad1eb3ca34f602779,"BELIEVE - TAKDIR, MIMPI, KEBERANIAN",22,10.5,1,1
2025-08-13,b704e8b10f13e14494b5a7a0ba39d9d9,FREAKIER FRIDAY,17,14.56,6,2
2025-08-13,d297f2f746c4fd2723f3202fafcbfa1a,MY DAUGHTER IS A ZOMBIE,19,10.4,2,1
2025-08-13,d33850e3698903061b4c18886ce00c9d,LYORA: PENANTIAN BUAH HATI,29,21.84,9,10
2025-08-13,da96492ebd43c4a193238d6c3205cc40,THE FANTASTIC FOUR: FIRST STEPS,4,10.5,-1,-1
2025-08-13,dc77e7e26c0e5e3a5c44ec2de0cedbde,"BELIEVE - TAKDIR, MIMPI, KEBERANIAN",114,91.52,-1,-1
2025-08-13,dc77e7e26c0e5e3a5c44ec2de0cedbde,F1 THE MOVIE (IMAX 2D),29,10.5,7,4
2025-08-13,e3edf631650eb304cf386709b98005f6,SIHIR PELAKOR,32,25.2,0,1
2025-08-14,0191582d75f94a412c0fa12d36bcee3f,F1 THE MOVIE (IMAX 2D),49,12.48,-1,-1
2025-08-14,04a2de432a8901363a05137a8e8de1d2,WEAPONS,23,13.65,-1,-1
2025-08-14,0a8777c6c78e2d102bdf459f8550cf93,"BELIEVE - TAKDIR, MIMPI, KEBERANIAN",40,31.5,0,-1
2025-08-14,0a8777c6c78e2d102bdf459f8550cf93,SIHIR PELAKOR,22,16.48,7,7
2025-08-14,14b63ff2b104903ead7d884f25382e57,MY DAUGHTER IS A ZOMBIE,38,30.16,0,-1
2025-08-14,26a644178fbdb277dc3c50997f6df7fe,LYORA: PENANTIAN BUAH HATI,40,29.87,6,-1
2025-08-14,26d1d720bc7e60c1b1a56630e3ba2c5d,"BELIEVE - TAKDIR, MIMPI, KEBERANIAN",49,30.9,6,-1
2025-08-14,2e0ec493a87e740511b7b565386c06fe,"BELIEVE - TAKDIR, MIMPI, KEBERANIAN",80,67.2,4,-1
2025-08-14,3744d5b8753c9cc72700ce7927fa0df3,NOBODY 2,17,12.48,-1,-1
2025-08-14,3f6093566521149f8e37fa4e3fafe7cc,SORE ISTRI DARI MASA DEPAN,23,32.55,-1,-1
2025-08-14,490346a8a068ba7d2e3764714c6d5323,LYORA: PENANTIAN BUAH HATI,93,60.32,-1,-1
2025-08-14,4eb26b1058266dc50a63dc875e4d8846,MY DAUGHTER IS A ZOMBIE,30,23.92,-1,-1
2025-08-14,4ed104ac0de10ba7eef50158603e0b32,SAIYAARA,21,15.75,2,1
2025-08-14,592095e0ddc2c230cf3002d72e9bac41,"BELIEVE - TAKDIR, MIMPI, KEBERANIAN",189,97.76,-1,-1
2025-08-14,5a894958f375392ce7981be2eb9a26be,PAMALI: TUMBAL,24,26.0,2,-1
2025-08-14,5a894958f375392ce7981be2eb9a26be,WEAPONS,20,22.05,8,-1
2025-08-14,5ff7565cdb056b4bdcb43d0ea2b5380d,NOBODY 2,19,13.52,-1,-1
2025-08-14,62447bb073160adcf6d6022240a3663c,MY DAUGHTER IS A ZOMBIE,16,11.44,7,-1
2025-08-14,7995e00051a2fe6aeed7cfdbe0378c01,"BELIEVE - TAKDIR, MIMPI, KEBERANIAN",132,76.65,-1,4
2025-08-14,7995e00051a2fe6aeed7cfdbe0378c01,PAMALI: TUMBAL,41,28.08,0,-1
2025-08-14,7995e00051a2fe6aeed7cfdbe0378c01,SIHIR PELAKOR,41,27.81,1,-1
2025-08-14,8750b9ee0b0c6c6afcfcb2a05e60efc0,PAMALI: TUMBAL,20,15.45,-1,1
2025-08-14,8d2e05da5624875993cb8580c88334a9,NOBODY 2,20,28.35,-1,-1
2025-08-14,8dbfb7aeb4ed822b358347332ba630af,GHOST TRAIN,24,14.7,-1,-1
2025-08-14,92e94ed55b4de8feaff9462a66e2dbd7,WEAPONS,64,39.14,-1,-1
2025-08-14,9715c9bc57db04a2506acfdab71ec1c6,MY DAUGHTER IS A ZOMBIE,22,11.44,1,-1
2025-08-14,9d67ea34034038d9a33cf7ac63b7ac65,PAMALI: TUMBAL,42,29.87,4,-1
2025-08-14,a616a546264044ed616bc2bdf2d9f7fc,MY DAUGHTER IS A ZOMBIE,22,15.6,0,5
2025-08-14,afbb3b11f728a54ad1eb3ca34f602779,"BELIEVE - TAKDIR, MIMPI, KEBERANIAN",27,13.52,6,-1
2025-08-14,b2539b1f80254243391774489b1328aa,SIHIR PELAKOR,35,15.45,1,1
2025-08-14,be8de71502987819afd4c2ceea71c539,"BELIEVE - TAKDIR, MIMPI, KEBERANIAN",112,92.56,0,-1
2025-08-14,be8de71502987819afd4c2ceea71c539,SIHIR PELAKOR,39,26.78,10,-1
2025-08-14,bf33cc26f29bf266a83e35901fa80c9c,LYORA: PENANTIAN BUAH HATI,38,25.75,5,-1
2025-08-14,c48b7a4426e8cbee3f7dbfe8b87d1d89,SIHIR PELAKOR,62,42.0,1,-1
2025-08-14,d297f2f746c4fd2723f3202fafcbfa1a,WEAPONS,38,22.05,5,10
2025-08-14,d33850e3698903061b4c18886ce00c9d,"BELIEVE - TAKDIR, MIMPI, KEBERANIAN",25,18.9,6,1
2025-08-14,dc77e7e26c0e5e3a5c44ec2de0cedbde,"BELIEVE - TAKDIR, MIMPI, KEBERANIAN",140,77.25,6,-1
2025-08-14,dc77e7e26c0e5e3a5c44ec2de0cedbde,F1 THE MOVIE (IMAX 2D),45,16.48,0,1
2025-08-14,e3edf631650eb304cf386709b98005f6,THE NAKED GUN,30,24.15,-1,-1
2025-08-14,ea7df0c99b450ecdea38cf34ae1f158f,MY DAUGHTER IS A ZOMBIE,20,14.7,-1,-1
2025-08-14,f292a4101ca0420357a2d18b3a013e5f,MY DAUGHTER IS A ZOMBIE,15,11.33,2,-1
2025-08-14,f3a9ac312f7bc4e2467a1bf02a6aa1e9,"BELIEVE - TAKDIR, MIMPI, KEBERANIAN",79,54.6,10,-1
2025-08-14,f7734bb329cacfe21ce854ae822b6115,NOBODY 2,13,10.3,4,-1
2025-08-14,fcf80028ec9bbf8efaee3932e529a78f,NOBODY 2,20,11.33,3,3
2025-08-15,0191582d75f94a412c0fa12d36bcee3f,THE CONJURING (REISSUE),126,78.75,0,-1
2025-08-15,19f506af810fe579721721d058f6b243,NOBODY 2,39,39.9,-1,-1
2025-08-15,218c50fa4df90b3241e39ff8ffb41102,THE CONJURING (REISSUE),118,90.64,-1,-1
2025-08-15,26a644178fbdb277dc3c50997f6df7fe,LYORA: PENANTIAN BUAH HATI,49,37.08,-1,-1
2025-08-15,26d1d720bc7e60c1b1a56630e3ba2c5d,"BELIEVE - TAKDIR, MIMPI, KEBERANIAN",42,25.75,1,-1
2025-08-15,29fc89ab155e9f202326046c2e0023bb,THE CONJURING (REISSUE),109,85.05,-1,-1
2025-08-15,29fc89ab155e9f202326046c2e0023bb,WEAPONS,141,89.44,3,-1
2025-08-15,2e0ec493a87e740511b7b565386c06fe,"BELIEVE - TAKDIR, MIMPI, KEBERANIAN",47,38.48,-1,-1
2025-08-15,2e0ec493a87e740511b7b565386c06fe,WEAPONS,36,29.4,-1,-1
2025-08-15,3acdf298dab1b92bbaaad74d86c0c40a,THE CONJURING (REISSUE),109,79.31,6,-1
2025-08-15,3c41b96b56b0aab1ed5fc5e703499730,MY DAUGHTER IS A ZOMBIE,72,39.14,-1,-1
2025-08-15,3cc167017755a0197f18f93595c9ae85,MY DAUGHTER IS A ZOMBIE,52,80.34,-1,-1
2025-08-15,3f6093566521149f8e37fa4e3fafe7cc,THE CONJURING (REISSUE),81,67.98,-1,-1
2025-08-15,4a4c71e99772e87c9e35a56acd8be21e,"BELIEVE - TAKDIR, MIMPI, KEBERANIAN",115,98.7,-1,-1
2025-08-15,4ba87a86e02dd8a810032db35bf13c51,"BELIEVE - TAKDIR, MIMPI, KEBERANIAN",142,70.72,-1,-1
2025-08-15,4ed104ac0de10ba7eef50158603e0b32,THE SHADOWS EDGE,99,78.0,-1,-1
2025-08-15,541130ea8083a789df5d15bbfe13055a,"BELIEVE - TAKDIR, MIMPI, KEBERANIAN",80,72.45,-1,9
2025-08-15,541130ea8083a789df5d15bbfe13055a,LABINAK,97,66.15,-1,-1
2025-08-15,541130ea8083a789df5d15bbfe13055a,LYORA: PENANTIAN BUAH HATI,34,30.9,-1,-1
2025-08-15,541130ea8083a789df5d15bbfe13055a,MY DAUGHTER IS A ZOMBIE,65,58.24,-1,-1
2025-08-15,541130ea8083a789df5d15bbfe13055a,THE CONJURING (REISSUE),97,86.52,-1,-1
2025-08-15,57d37d0d839b9dff6f87d6b5d5b679cc,NOBODY 2,83,63.0,-1,-1
2025-08-15,5b8eaa351fae8e6d1e759e814d74c1c5,THE CONJURING (REISSUE),90,98.88,-1,2
2025-08-15,6b88b1af662b72fbfa35004a8edfe2e9,"BELIEVE - TAKDIR, MIMPI, KEBERANIAN",29,16.48,0,-1
2025-08-15,6b88b1af662b72fbfa35004a8edfe2e9,THE CONJURING (REISSUE),92,58.71,-1,1
2025-08-15,7995e00051a2fe6aeed7cfdbe0378c01,"BELIEVE - TAKDIR, MIMPI, KEBERANIAN",106,73.5,-1,-1
2025-08-15,7c271f1e1351e6433b202d77b88012c2,"BELIEVE - TAKDIR, MIMPI, KEBERANIAN",107,61.95,-1,-1
2025-08-15,7c271f1e1351e6433b202d77b88012c2,PANGGIL AKU AYAH,30,16.8,-1,9
2025-08-15,7cade3ea25dae25fdb8c56776676b0c7,LYORA: PENANTIAN BUAH HATI,49,37.8,-1,1
2025-08-15,8188326fb0a403be03ea632997c8a959,THE CONJURING (REISSUE),23,19.57,4,5
2025-08-15,9158e16be84a6db4d63d3289099f119b,THE CONJURING (REISSUE),118,94.64,-1,-1
2025-08-15,981569adf232c53afe751c8c660db8d9,THE CONJURING (REISSUE),120,82.95,-1,-1
2025-08-15,9aab42397bbc1d1cdb49f7044dc990f0,THE CONJURING (REISSUE),88,44.29,5,-1
2025-08-15,9d67ea34034038d9a33cf7ac63b7ac65,"BELIEVE - TAKDIR, MIMPI, KEBERANIAN",46,33.99,6,-1
2025-08-15,a616a546264044ed616bc2bdf2d9f7fc,NOBODY 2,47,34.32,-1,-1
2025-08-15,a616a546264044ed616bc2bdf2d9f7fc,THE CONJURING (REISSUE),86,52.0,5,8
2025-08-15,b4972b48997defae8304bc9c41220c7c,THE CONJURING (REISSUE),76,27.81,8,-1
2025-08-15,bf33cc26f29bf266a83e35901fa80c9c,SIHIR PELAKOR,33,22.05,10,5
2025-08-15,bf33cc26f29bf266a83e35901fa80c9c,THE CONJURING (REISSUE),113,78.0,4,-1
2025-08-15,c48b7a4426e8cbee3f7dbfe8b87d1d89,SIHIR PELAKOR,101,66.95,-1,-1
2025-08-15,c48b7a4426e8cbee3f7dbfe8b87d1d89,TINGGAL MENINGGAL,44,36.75,-1,1
2025-08-15,c4a19cbeb409639c836e4304976db0aa,PAMALI: TUMBAL,55,44.1,-1,-1
2025-08-15,c4a19cbeb409639c836e4304976db0aa,THE CONJURING (REISSUE),95,79.31,-1,3
2025-08-15,c71a18e33d4b7c73c8124c65fc3e6f1c,THE CONJURING (REISSUE),68,54.59,-1,-1
2025-08-15,c877324e95024e707ae23f0aed947e15,"BELIEVE - TAKDIR, MIMPI, KEBERANIAN",108,82.95,-1,1
2025-08-15,d1918db937d26e9e4ccd3e17e1ff0e2d,"BELIEVE - TAKDIR, MIMPI, KEBERANIAN",147,94.76,-1,-1
2025-08-15,d33850e3698903061b4c18886ce00c9d,"BELIEVE - TAKDIR, MIMPI, KEBERANIAN",52,39.14,-1,-1
2025-08-15,d33850e3698903061b4c18886ce00c9d,PANGGIL AKU AYAH,125,94.64,-1,-1
2025-08-15,d33850e3698903061b4c18886ce00c9d,TINGGAL MENINGGAL,32,24.15,-1,-1
2025-08-15,da96492ebd43c4a193238d6c3205cc40,THE CONJURING (REISSUE),106,42.23,0,-1
2025-08-15,dc77e7e26c0e5e3a5c44ec2de0cedbde,"BELIEVE - TAKDIR, MIMPI, KEBERANIAN",115,92.4,-1,-1
2025-08-15,dc77e7e26c0e5e3a5c44ec2de0cedbde,THE CONJURING (REISSUE),124,73.13,-1,-1
2025-08-15,e67d818ee0546f3b33d0ba2083ed4db5,PAMALI: TUMBAL,17,12.36,5,6
2025-08-15,e8965581e1be78ac9a3145b6983ff6ec,PAMALI: TUMBAL,28,22.88,7,1
2025-08-15,ecace029de4a6bd4ae872928509cd71d,"BELIEVE - TAKDIR, MIMPI, KEBERANIAN",102,72.45,-1,-1
2025-08-15,f292a4101ca0420357a2d18b3a013e5f,THE CONJURING (REISSUE),126,92.56,-1,-1
2025-08-15,f3a9ac312f7bc4e2467a1bf02a6aa1e9,"BELIEVE - TAKDIR, MIMPI, KEBERANIAN",79,31.5,1,-1
2025-08-15,f3a9ac312f7bc4e2467a1bf02a6aa1e9,THE CONJURING (REISSUE),69,28.08,4,-1
2025-08-15,f54d37fc4c4d4b285aa3601041abc938,SORE ISTRI DARI MASA DEPAN,64,47.38,-1,-1
2025-08-15,f54d37fc4c4d4b285aa3601041abc938,THE CONJURING (REISSUE),83,48.41,-1,7
2025-08-16,15c7dc37db27dd76f38cc419107f7c48,TINGGAL MENINGGAL,37,37.44,-1,-1
2025-08-16,19f506af810fe579721721d058f6b243,NOBODY 2,93,94.5,10,-1
2025-08-16,218c50fa4df90b3241e39ff8ffb41102,THE CONJURING (REISSUE),107,81.37,-1,-1
2025-08-16,26d1d720bc7e60c1b1a56630e3ba2c5d,"BELIEVE - TAKDIR, MIMPI, KEBERANIAN",37,22.88,-1,2
2025-08-16,29fc89ab155e9f202326046c2e0023bb,THE CONJURING (REISSUE),123,92.7,4,-1
2025-08-16,2e0ec493a87e740511b7b565386c06fe,"BELIEVE - TAKDIR, MIMPI, KEBERANIAN",71,57.68,-1,-1
2025-08-16,2e0ec493a87e740511b7b565386c06fe,TINGGAL MENINGGAL,24,19.57,3,6
2025-08-16,312cd6ebdd3af9ac55f7b3d31ecab9c2,"BELIEVE - TAKDIR, MIMPI, KEBERANIAN",30,24.15,-1,-1
2025-08-16,3acdf298dab1b92bbaaad74d86c0c40a,LYORA: PENANTIAN BUAH HATI,10,12.6,6,-1
2025-08-16,3acdf298dab1b92bbaaad74d86c0c40a,THE CONJURING (REISSUE),103,84.24,-1,-1
2025-08-16,3c41b96b56b0aab1ed5fc5e703499730,MY DAUGHTER IS A ZOMBIE,116,63.86,-1,10
2025-08-16,3cc167017755a0197f18f93595c9ae85,MY DAUGHTER IS A ZOMBIE,54,77.7,-1,-1
2025-08-16,3f6093566521149f8e37fa4e3fafe7cc,THE CONJURING (REISSUE),115,97.76,-1,-1
2025-08-16,4a4c71e99772e87c9e35a56acd8be21e,TINGGAL MENINGGAL,42,35.36,-1,-1
2025-08-16,4ba87a86e02dd8a810032db35bf13c51,"BELIEVE - TAKDIR, MIMPI, KEBERANIAN",141,69.68,-1,10
2025-08-16,4e12b237c826209f7ddc5b29a96380b6,TINGGAL MENINGGAL,56,44.29,6,-1
2025-08-16,4ed104ac0de10ba7eef50158603e0b32,PAMALI: TUMBAL,30,23.1,-1,-1
2025-08-16,4ed104ac0de10ba7eef50158603e0b32,SIHIR PELAKOR,96,74.55,-1,-1
2025-08-16,541130ea8083a789df5d15bbfe13055a,"BELIEVE - TAKDIR, MIMPI, KEBERANIAN",109,97.85,-1,-1
2025-08-16,541130ea8083a789df5d15bbfe13055a,MY DAUGHTER IS A ZOMBIE,74,66.56,-1,-1
2025-08-16,541130ea8083a789df5d15bbfe13055a,THE CONJURING (REISSUE),71,63.44,-1,-1
2025-08-16,541130ea8083a789df5d15bbfe13055a,WEAPONS,111,99.84,-1,-1
2025-08-16,57d37d0d839b9dff6f87d6b5d5b679cc,HANYA NAMAMU DALAM DOAKU,132,96.82,-1,-1
2025-08-16,57d37d0d839b9dff6f87d6b5d5b679cc,NOBODY 2,38,26.78,-1,-1
2025-08-16,57d37d0d839b9dff6f87d6b5d5b679cc,PANGGIL AKU AYAH,37,27.04,6,-1
2025-08-16,6b88b1af662b72fbfa35004a8edfe2e9,THE CONJURING (REISSUE),125,81.12,-1,9
2025-08-16,7995e00051a2fe6aeed7cfdbe0378c01,"BELIEVE - TAKDIR, MIMPI, KEBERANIAN",128,73.5,-1,-1
2025-08-16,8188326fb0a403be03ea632997c8a959,THE CONJURING (REISSUE),63,55.12,7,-1
2025-08-16,8188326fb0a403be03ea632997c8a959,TINGGAL MENINGGAL,21,17.85,-1,-1
2025-08-16,862442166e956fe0e8355db8852d9440,WAR 2,42,31.5,-1,2
2025-08-16,8750b9ee0b0c6c6afcfcb2a05e60efc0,"BELIEVE - TAKDIR, MIMPI, KEBERANIAN",74,60.9,7,-1
2025-08-16,8d2e05da5624875993cb8580c88334a9,LYORA: PENANTIAN BUAH HATI,22,30.9,-1,-1
2025-08-16,9158e16be84a6db4d63d3289099f119b,TINGGAL MENINGGAL,24,19.95,-1,-1
2025-08-16,9aab42397bbc1d1cdb49f7044dc990f0,THE CONJURING (REISSUE),158,80.08,-1,-1
2025-08-16,9d67ea34034038d9a33cf7ac63b7ac65,"BELIEVE - TAKDIR, MIMPI, KEBERANIAN",126,94.76,-1,-1
2025-08-16,9f0564f5cabe643e4dbb08b80d3cc241,PANGGIL AKU AYAH,92,30.16,0,-1
2025-08-16,9f0564f5cabe643e4dbb08b80d3cc241,TINGGAL MENINGGAL,113,38.11,4,4
2025-08-16,a616a546264044ed616bc2bdf2d9f7fc,LYORA: PENANTIAN BUAH HATI,21,12.48,-1,-1
2025-08-16,a616a546264044ed616bc2bdf2d9f7fc,NOBODY 2,51,22.66,7,5
2025-08-16,a616a546264044ed616bc2bdf2d9f7fc,SIHIR PELAKOR,70,32.55,-1,1
2025-08-16,a616a546264044ed616bc2bdf2d9f7fc,THE CONJURING (REISSUE),84,50.96,-1,4
2025-08-16,b4972b48997defae8304bc9c41220c7c,MERAH PUTIH ONE FOR ALL,36,27.04,7,-1
2025-08-16,b4972b48997defae8304bc9c41220c7c,THE CONJURING (REISSUE),179,68.25,8,7
2025-08-16,be8de71502987819afd4c2ceea71c539,TINGGAL MENINGGAL,25,20.6,-1,-1
2025-08-16,bf33cc26f29bf266a83e35901fa80c9c,SIHIR PELAKOR,20,13.65,-1,-1
2025-08-16,bf33cc26f29bf266a83e35901fa80c9c,THE CONJURING (REISSUE),132,92.4,-1,-1
2025-08-16,c48b7a4426e8cbee3f7dbfe8b87d1d89,SIHIR PELAKOR,23,14.56,0,8
2025-08-16,c4a19cbeb409639c836e4304976db0aa,MERAH PUTIH ONE FOR ALL,22,15.75,1,2
2025-08-16,c4a19cbeb409639c836e4304976db0aa,THE CONJURING (REISSUE),101,84.46,-1,-1
2025-08-16,c4a19cbeb409639c836e4304976db0aa,WAR 2,43,38.48,-1,-1
2025-08-16,c71a18e33d4b7c73c8124c65fc3e6f1c,THE CONJURING (REISSUE),80,66.56,-1,-1
2025-08-16,c877324e95024e707ae23f0aed947e15,"BELIEVE - TAKDIR, MIMPI, KEBERANIAN",15,10.5,4,-1
2025-08-16,d1918db937d26e9e4ccd3e17e1ff0e2d,"BELIEVE - TAKDIR, MIMPI, KEBERANIAN",112,73.84,-1,-1
2025-08-16,d297f2f746c4fd2723f3202fafcbfa1a,"BELIEVE - TAKDIR, MIMPI, KEBERANIAN",28,15.6,6,6
2025-08-16,d33850e3698903061b4c18886ce00c9d,"BELIEVE - TAKDIR, MIMPI, KEBERANIAN",35,27.04,8,-1
2025-08-16,da96492ebd43c4a193238d6c3205cc40,"BELIEVE - TAKDIR, MIMPI, KEBERANIAN",132,93.6,-1,-1
2025-08-16,da96492ebd43c4a193238d6c3205cc40,THE CONJURING (REISSUE),126,99.84,-1,-1
2025-08-16,dc77e7e26c0e5e3a5c44ec2de0cedbde,"BELIEVE - TAKDIR, MIMPI, KEBERANIAN",65,51.45,6,-1
2025-08-16,e3edf631650eb304cf386709b98005f6,PANGGILAN DARI KUBUR,14,11.33,3,-1
2025-08-16,e8965581e1be78ac9a3145b6983ff6ec,LYORA: PENANTIAN BUAH HATI,25,11.55,4,-1
2025-08-16,f292a4101ca0420357a2d18b3a013e5f,TINGGAL MENINGGAL,70,52.5,-1,7
2025-08-16,f3a9ac312f7bc4e2467a1bf02a6aa1e9,"BELIEVE - TAKDIR, MIMPI, KEBERANIAN",54,49.44,-1,10
2025-08-16,f3a9ac312f7bc4e2467a1bf02a6aa1e9,THE CONJURING (REISSUE),83,78.75,-1,-1
2025-08-16,f54d37fc4c4d4b285aa3601041abc938,SORE ISTRI DARI MASA DEPAN,92,69.3,-1,-1
2025-08-16,f54d37fc4c4d4b285aa3601041abc938,THE CONJURING (REISSUE),106,61.8,4,-1
2025-08-17,0191582d75f94a412c0fa12d36bcee3f,MERAH PUTIH ONE FOR ALL,90,52.0,1,-1
2025-08-17,0191582d75f94a412c0fa12d36bcee3f,WAR 2,149,79.04,-1,-1
2025-08-17,15c7dc37db27dd76f38cc419107f7c48,NOBODY 2,33,31.93,5,-1
2025-08-17,15c7dc37db27dd76f38cc419107f7c48,TINGGAL MENINGGAL,33,32.24,-1,-1
2025-08-17,17e1e7da761f72bbb4e039ba08cc0ba0,NOBODY 2,26,19.57,1,8
2025-08-17,218c50fa4df90b3241e39ff8ffb41102,SORE ISTRI DARI MASA DEPAN,107,65.92,-1,-1
2025-08-17,218c50fa4df90b3241e39ff8ffb41102,THE CONJURING (REISSUE),126,95.79,-1,-1
2025-08-17,218c50fa4df90b3241e39ff8ffb41102,WEAPONS,125,95.79,-1,-1
2025-08-17,2e0ec493a87e740511b7b565386c06fe,"BELIEVE - TAKDIR, MIMPI, KEBERANIAN",26,20.8,0,-1
2025-08-17,2e0ec493a87e740511b7b565386c06fe,TINGGAL MENINGGAL,17,13.52,-1,-1
2025-08-17,312cd6ebdd3af9ac55f7b3d31ecab9c2,"BELIEVE - TAKDIR, MIMPI, KEBERANIAN",41,34.32,-1,-1
2025-08-17,35de0354d956048d1c9c49ff069eaa55,"BELIEVE - TAKDIR, MIMPI, KEBERANIAN",19,16.48,10,4
2025-08-17,3cc167017755a0197f18f93595c9ae85,MY DAUGHTER IS A ZOMBIE,61,84.46,-1,-1
2025-08-17,3f6093566521149f8e37fa4e3fafe7cc,THE CONJURING (REISSUE),93,76.22,-1,-1
2025-08-17,494c8f1916a97efe3390ba9dbab6ce7d,"BELIEVE - TAKDIR, MIMPI, KEBERANIAN",21,11.33,2,4
2025-08-17,494c8f1916a97efe3390ba9dbab6ce7d,PAMALI: TUMBAL,113,64.89,9,-1
2025-08-17,4a4c71e99772e87c9e35a56acd8be21e,PANGGIL AKU AYAH,92,75.19,5,-1
2025-08-17,4a4c71e99772e87c9e35a56acd8be21e,PANGGILAN DARI KUBUR,36,30.45,-1,-1
2025-08-17,4ba87a86e02dd8a810032db35bf13c51,PANGGIL AKU AYAH,35,17.68,0,3
2025-08-17,4ba87a86e02dd8a810032db35bf13c51,PANGGILAN DARI KUBUR,28,13.65,6,-1
2025-08-17,4e12b237c826209f7ddc5b29a96380b6,TINGGAL MENINGGAL,58,45.32,5,-1
2025-08-17,4ed104ac0de10ba7eef50158603e0b32,"BELIEVE - TAKDIR, MIMPI, KEBERANIAN",24,30.45,-1,-1
2025-08-17,4ed104ac0de10ba7eef50158603e0b32,PAMALI: TUMBAL,56,42.23,-1,-1
2025-08-17,4ed104ac0de10ba7eef50158603e0b32,SIHIR PELAKOR,119,89.44,8,-1
2025-08-17,541130ea8083a789df5d15bbfe13055a,THE CONJURING (REISSUE),102,92.56,10,-1
2025-08-17,57d37d0d839b9dff6f87d6b5d5b679cc,PANGGIL AKU AYAH,89,65.92,-1,-1
2025-08-17,6b88b1af662b72fbfa35004a8edfe2e9,THE CONJURING (REISSUE),126,82.16,-1,-1
2025-08-17,7cade3ea25dae25fdb8c56776676b0c7,LYORA: PENANTIAN BUAH HATI,108,84.0,-1,3
2025-08-17,8188326fb0a403be03ea632997c8a959,THE CONJURING (REISSUE),74,63.86,-1,-1
2025-08-17,8750b9ee0b0c6c6afcfcb2a05e60efc0,"BELIEVE - TAKDIR, MIMPI, KEBERANIAN",42,34.32,-1,-1
2025-08-17,88d0ee0029bee810e1d0fe37f73e2d3b,"BELIEVE - TAKDIR, MIMPI, KEBERANIAN",43,16.64,-1,-1
2025-08-17,9158e16be84a6db4d63d3289099f119b,TINGGAL MENINGGAL,57,44.1,-1,-1
2025-08-17,9aab42397bbc1d1cdb49f7044dc990f0,THE CONJURING (REISSUE),195,71.76,-1,7
2025-08-17,9d67ea34034038d9a33cf7ac63b7ac65,"BELIEVE - TAKDIR, MIMPI, KEBERANIAN",15,11.33,2,-1
2025-08-17,a616a546264044ed616bc2bdf2d9f7fc,THE CONJURING (REISSUE),96,57.68,-1,-1
2025-08-17,a691dd0d8274fa85ecdc7d5ad6df1628,"BELIEVE - TAKDIR, MIMPI, KEBERANIAN",32,27.04,-1,-1
2025-08-17,a691dd0d8274fa85ecdc7d5ad6df1628,LYORA: PENANTIAN BUAH HATI,115,95.79,-1,-1
2025-08-17,a9d508d218799f9dc69bb4aefc122cb3,"BELIEVE - TAKDIR, MIMPI, KEBERANIAN",14,11.44,9,-1
2025-08-17,afbb3b11f728a54ad1eb3ca34f602779,WEAPONS,56,30.16,1,-1
2025-08-17,b4972b48997defae8304bc9c41220c7c,MERAH PUTIH ONE FOR ALL,54,39.9,-1,-1
2025-08-17,b4972b48997defae8304bc9c41220c7c,THE CONJURING (REISSUE),148,56.7,0,-1
2025-08-17,be8de71502987819afd4c2ceea71c539,"BELIEVE - TAKDIR, MIMPI, KEBERANIAN",12,10.5,7,-1
2025-08-17,c4a19cbeb409639c836e4304976db0aa,LYORA: PENANTIAN BUAH HATI,29,26.25,-1,8
2025-08-17,c4a19cbeb409639c836e4304976db0aa,WAR 2,77,72.45,-1,6
2025-08-17,c71a18e33d4b7c73c8124c65fc3e6f1c,THE CONJURING (REISSUE),104,83.43,-1,-1
2025-08-17,d1918db937d26e9e4ccd3e17e1ff0e2d,"BELIEVE - TAKDIR, MIMPI, KEBERANIAN",30,19.95,-1,-1
2025-08-17,d1918db937d26e9e4ccd3e17e1ff0e2d,PANGGILAN DARI KUBUR,32,19.76,1,-1
2025-08-17,da96492ebd43c4a193238d6c3205cc40,"BELIEVE - TAKDIR, MIMPI, KEBERANIAN",28,19.95,-1,-1
2025-08-17,e7ec114c2ec166155149062023617e8b,THE CONJURING (REISSUE),96,96.6,-1,-1
2025-08-17,e8965581e1be78ac9a3145b6983ff6ec,PANGGILAN DARI KUBUR,27,23.92,-1,-1
2025-08-17,e989d8fdc91de7e6ffbb72a2f5ac79f6,"BELIEVE - TAKDIR, MIMPI, KEBERANIAN",29,12.6,2,-1
2025-08-17,ecace029de4a6bd4ae872928509cd71d,"BELIEVE - TAKDIR, MIMPI, KEBERANIAN",23,15.45,-1,4
2025-08-17,f292a4101ca0420357a2d18b3a013e5f,THE CONJURING (REISSUE),128,94.76,-1,-1
2025-08-17,f54d37fc4c4d4b285aa3601041abc938,SORE ISTRI DARI MASA DEPAN,121,71.07,-1,8
2025-08-17,f54d37fc4c4d4b285aa3601041abc938,THE CONJURING (REISSUE),145,85.28,-1,6
2025-08-18,0191582d75f94a412c0fa12d36bcee3f,MERAH PUTIH ONE FOR ALL,88,49.92,-1,-1
2025-08-18,0191582d75f94a412c0fa12d36bcee3f,WAR 2,92,49.35,-1,-1
2025-08-18,14b63ff2b104903ead7d884f25382e57,"BELIEVE - TAKDIR, MIMPI, KEBERANIAN",21,16.64,-1,-1
2025-08-18,15c7dc37db27dd76f38cc419107f7c48,NOBODY 2,20,19.76,-1,-1
2025-08-18,15c7dc37db27dd76f38cc419107f7c48,TINGGAL MENINGGAL,15,14.56,0,-1
2025-08-18,17e1e7da761f72bbb4e039ba08cc0ba0,NOBODY 2,33,26.25,9,-1
2025-08-18,218c50fa4df90b3241e39ff8ffb41102,LYORA: PENANTIAN BUAH HATI,80,50.47,-1,-1
2025-08-18,218c50fa4df90b3241e39ff8ffb41102,SORE ISTRI DARI MASA DEPAN,109,67.98,-1,-1
2025-08-18,2e0ec493a87e740511b7b565386c06fe,TINGGAL MENINGGAL,37,29.12,-1,-1
2025-08-18,312cd6ebdd3af9ac55f7b3d31ecab9c2,"BELIEVE - TAKDIR, MIMPI, KEBERANIAN",29,24.15,-1,-1
2025-08-18,3cc167017755a0197f18f93595c9ae85,MY DAUGHTER IS A ZOMBIE,47,66.95,-1,-1
2025-08-18,490346a8a068ba7d2e3764714c6d5323,TINGGAL MENINGGAL,48,43.26,-1,-1
2025-08-18,494c8f1916a97efe3390ba9dbab6ce7d,"BELIEVE - TAKDIR, MIMPI, KEBERANIAN",21,11.33,2,4
2025-08-18,4ba87a86e02dd8a810032db35bf13c51,PANGGILAN DARI KUBUR,44,62.4,-1,-1
2025-08-18,4e12b237c826209f7ddc5b29a96380b6,TINGGAL MENINGGAL,58,46.8,-1,-1
2025-08-18,4ed104ac0de10ba7eef50158603e0b32,PAMALI: TUMBAL,32,24.15,-1,-1
2025-08-18,4ed104ac0de10ba7eef50158603e0b32,SIHIR PELAKOR,107,82.95,0,-1
2025-08-18,541130ea8083a789df5d15bbfe13055a,MY DAUGHTER IS A ZOMBIE,109,98.8,-1,-1
2025-08-18,541130ea8083a789df5d15bbfe13055a,PANGGILAN DARI KUBUR,49,45.15,-1,-1
2025-08-18,57d37d0d839b9dff6f87d6b5d5b679cc,PANGGIL AKU AYAH,80,59.28,-1,-1
2025-08-18,62447bb073160adcf6d6022240a3663c,WEAPONS,21,14.7,-1,-1
2025-08-18,6b88b1af662b72fbfa35004a8edfe2e9,MERAH PUTIH ONE FOR ALL,22,15.75,1,2
2025-08-18,7c271f1e1351e6433b202d77b88012c2,"BELIEVE - TAKDIR, MIMPI, KEBERANIAN",36,19.95,-1,-1
2025-08-18,8188326fb0a403be03ea632997c8a959,"BELIEVE - TAKDIR, MIMPI, KEBERANIAN",41,35.36,-1,-1
2025-08-18,81c620b2538435926cbbf15745ef5901,"BELIEVE - TAKDIR, MIMPI, KEBERANIAN",28,20.8,-1,2
2025-08-18,8750b9ee0b0c6c6afcfcb2a05e60efc0,"BELIEVE - TAKDIR, MIMPI, KEBERANIAN",23,17.51,8,-1
2025-08-18,88d0ee0029bee810e1d0fe37f73e2d3b,"BELIEVE - TAKDIR, MIMPI, KEBERANIAN",58,23.1,6,-1
2025-08-18,a9e141baa8b4ec825325397b16eeaae3,"BELIEVE - TAKDIR, MIMPI, KEBERANIAN",50,37.8,-1,2
2025-08-18,afbb3b11f728a54ad1eb3ca34f602779,WEAPONS,90,48.41,-1,-1
2025-08-18,b4972b48997defae8304bc9c41220c7c,MERAH PUTIH ONE FOR ALL,60,44.72,-1,5
2025-08-18,c4a19cbeb409639c836e4304976db0aa,"BELIEVE - TAKDIR, MIMPI, KEBERANIAN",18,15.45,1,1
2025-08-18,c4a19cbeb409639c836e4304976db0aa,LYORA: PENANTIAN BUAH HATI,18,15.45,1,1
2025-08-18,c4a19cbeb409639c836e4304976db0aa,WAR 2,46,43.05,-1,-1
2025-08-18,ea7df0c99b450ecdea38cf34ae1f158f,"BELIEVE - TAKDIR, MIMPI, KEBERANIAN",40,28.08,1,-1
2025-08-18,f54d37fc4c4d4b285aa3601041abc938,SORE ISTRI DARI MASA DEPAN,92,53.56,-1,-1
2025-08-19,14b63ff2b104903ead7d884f25382e57,"BELIEVE - TAKDIR, MIMPI, KEBERANIAN",16,12.36,6,5
2025-08-19,218c50fa4df90b3241e39ff8ffb41102,LYORA: PENANTIAN BUAH HATI,151,94.64,8,-1
2025-08-19,218c50fa4df90b3241e39ff8ffb41102,MY DAUGHTER IS A ZOMBIE,29,19.95,-1,-1
2025-08-19,218c50fa4df90b3241e39ff8ffb41102,SORE ISTRI DARI MASA DEPAN,49,31.5,-1,9
2025-08-19,312cd6ebdd3af9ac55f7b3d31ecab9c2,LYORA: PENANTIAN BUAH HATI,31,24.96,-1,-1
2025-08-19,3acdf298dab1b92bbaaad74d86c0c40a,NOBODY 2,30,23.1,-1,-1
2025-08-19,3cc167017755a0197f18f93595c9ae85,MY DAUGHTER IS A ZOMBIE,21,28.84,-1,-1
2025-08-19,3f6093566521149f8e37fa4e3fafe7cc,LYORA: PENANTIAN BUAH HATI,30,24.96,-1,-1
2025-08-19,490346a8a068ba7d2e3764714c6d5323,TINGGAL MENINGGAL,37,27.81,5,-1
2025-08-19,4ed104ac0de10ba7eef50158603e0b32,PAMALI: TUMBAL,20,14.42,10,5
2025-08-19,4ed104ac0de10ba7eef50158603e0b32,SIHIR PELAKOR,80,61.36,1,-1
2025-08-19,541130ea8083a789df5d15bbfe13055a,MY DAUGHTER IS A ZOMBIE,30,27.04,-1,-1
2025-08-19,57d37d0d839b9dff6f87d6b5d5b679cc,NOBODY 2,34,24.96,-1,-1
2025-08-19,62447bb073160adcf6d6022240a3663c,WEAPONS,15,11.44,8,-1
2025-08-19,8188326fb0a403be03ea632997c8a959,"BELIEVE - TAKDIR, MIMPI, KEBERANIAN",14,12.48,-1,-1
2025-08-19,862442166e956fe0e8355db8852d9440,SORE ISTRI DARI MASA DEPAN,23,16.64,-1,-1
2025-08-19,8750b9ee0b0c6c6afcfcb2a05e60efc0,"BELIEVE - TAKDIR, MIMPI, KEBERANIAN",13,12.36,9,2
2025-08-19,9158e16be84a6db4d63d3289099f119b,"BELIEVE - TAKDIR, MIMPI, KEBERANIAN",28,23.69,-1,-1
2025-08-19,a616a546264044ed616bc2bdf2d9f7fc,LYORA: PENANTIAN BUAH HATI,109,64.89,-1,-1
2025-08-19,a9e141baa8b4ec825325397b16eeaae3,"BELIEVE - TAKDIR, MIMPI, KEBERANIAN",14,10.5,5,-1
2025-08-19,afbb3b11f728a54ad1eb3ca34f602779,WEAPONS,45,23.92,5,-1
2025-08-19,b4972b48997defae8304bc9c41220c7c,PAMALI: TUMBAL,22,15.75,1,2
2025-08-19,c4a19cbeb409639c836e4304976db0aa,WAR 2,11,10.4,2,-1
2025-08-19,d1918db937d26e9e4ccd3e17e1ff0e2d,TINGGAL MENINGGAL,22,17.68,7,-1
2025-08-19,f54d37fc4c4d4b285aa3601041abc938,SORE ISTRI DARI MASA DEPAN,32,17.51,6,1
2025-08-20,0191582d75f94a412c0fa12d36bcee3f,WAR 2,40,24.96,-1,-1
2025-08-20,108f9a4d181f12fd1b7e3c9adae38478,MY DAUGHTER IS A ZOMBIE,27,19.76,6,-1
2025-08-20,2e0ec493a87e740511b7b565386c06fe,TINGGAL MENINGGAL,16,13.52,-1,-1
2025-08-20,4eb26b1058266dc50a63dc875e4d8846,WEAPONS,40,32.55,-1,-1
2025-08-20,4ed104ac0de10ba7eef50158603e0b32,SIHIR PELAKOR,69,51.5,-1,-1
2025-08-20,541130ea8083a789df5d15bbfe13055a,TEGAR,130,87.55,-1,-1
2025-08-20,5b8eaa351fae8e6d1e759e814d74c1c5,"BELIEVE - TAKDIR, MIMPI, KEBERANIAN",16,11.44,7,-1
2025-08-20,7995e00051a2fe6aeed7cfdbe0378c01,PANGGIL AKU AYAH,37,24.96,-1,-1
2025-08-20,7995e00051a2fe6aeed7cfdbe0378c01,WEAPONS,67,46.2,6,-1
2025-08-20,862442166e956fe0e8355db8852d9440,NOBODY 2,19,10.5,0,-1
2025-08-20,862442166e956fe0e8355db8852d9440,SORE ISTRI DARI MASA DEPAN,33,23.69,-1,-1
2025-08-20,88d0ee0029bee810e1d0fe37f73e2d3b,"BELIEVE - TAKDIR, MIMPI, KEBERANIAN",19,10.4,2,1
2025-08-20,a9e141baa8b4ec825325397b16eeaae3,"BELIEVE - TAKDIR, MIMPI, KEBERANIAN",14,10.3,3,-1
2025-08-20,a9e141baa8b4ec825325397b16eeaae3,SORE ISTRI DARI MASA DEPAN,43,22.66,3,-1
2025-08-20,ea7df0c99b450ecdea38cf34ae1f158f,"BELIEVE - TAKDIR, MIMPI, KEBERANIAN",22,16.48,7,7
2025-08-20,f292a4101ca0420357a2d18b3a013e5f,TINGGAL MENINGGAL,71,53.04,-1,10
2025-08-21,015555fbcd8faef6b55a854605df0a87,TINGGAL MENINGGAL,45,32.24,4,-1
2025-08-21,0191582d75f94a412c0fa12d36bcee3f,SIHIR PELAKOR,19,11.55,10,-1
2025-08-21,26a644178fbdb277dc3c50997f6df7fe,MATERIALISTS,26,24.96,-1,-1
2025-08-21,35de0354d956048d1c9c49ff069eaa55,MATERIALISTS,24,21.0,-1,3
2025-08-21,3cc167017755a0197f18f93595c9ae85,MATERIALISTS,19,13.39,-1,2
2025-08-21,494c8f1916a97efe3390ba9dbab6ce7d,PANGGIL AKU AYAH,28,22.66,1,-1
2025-08-21,494c8f1916a97efe3390ba9dbab6ce7d,PANGGILAN DARI KUBUR,27,22.05,1,-1
2025-08-21,4eb26b1058266dc50a63dc875e4d8846,MATERIALISTS,13,10.3,4,-1
2025-08-21,4ed104ac0de10ba7eef50158603e0b32,DRACULA: A LOVE TALE,94,77.7,-1,-1
2025-08-21,4fc3fc370b299876663c7d5c90595853,MATERIALISTS,27,15.6,7,5
2025-08-21,5a894958f375392ce7981be2eb9a26be,DEMON SLAYER -KIMETSU NO YAIBA- THE MOVIE: INFINITY CASTLE,11,12.6,5,-1
2025-08-21,5a894958f375392ce7981be2eb9a26be,THE SHADOWS EDGE,16,17.51,-1,-1
2025-08-21,862442166e956fe0e8355db8852d9440,NOBODY 2,47,28.35,8,-1
2025-08-21,9158e16be84a6db4d63d3289099f119b,MATERIALISTS,15,11.55,-1,-1
2025-08-21,b2539b1f80254243391774489b1328aa,DEMON SLAYER -KIMETSU NO YAIBA- THE MOVIE: INFINITY CASTLE,28,12.36,4,6
2025-08-21,b2539b1f80254243391774489b1328aa,PANGGIL AKU AYAH,41,19.95,-1,-1
2025-08-21,c48b7a4426e8cbee3f7dbfe8b87d1d89,PANGGIL AKU AYAH,63,42.64,-1,8
2025-08-21,da96492ebd43c4a193238d6c3205cc40,MATERIALISTS,24,13.52,9,-1
2025-08-21,e8965581e1be78ac9a3145b6983ff6ec,MATERIALISTS,12,10.3,5,-1
2025-08-21,ea7df0c99b450ecdea38cf34ae1f158f,SIHIR PELAKOR,46,35.36,-1,-1
2025-08-21,f3a9ac312f7bc4e2467a1bf02a6aa1e9,MATERIALISTS,19,16.64,-1,-1
2025-08-21,fcf80028ec9bbf8efaee3932e529a78f,THE SHADOWS EDGE,29,16.64,-1,-1
2025-08-22,0191582d75f94a412c0fa12d36bcee3f,THE CONJURING 2 (REISSUE),151,95.79,-1,-1
2025-08-22,15c7dc37db27dd76f38cc419107f7c48,THE SUN GAZER: CINTA DARI LANGIT,23,23.1,-1,-1
2025-08-22,218c50fa4df90b3241e39ff8ffb41102,THE CONJURING 2 (REISSUE),96,72.8,-1,5
2025-08-22,29fc89ab155e9f202326046c2e0023bb,THE CONJURING 2 (REISSUE),55,41.2,-1,-1
2025-08-22,3acdf298dab1b92bbaaad74d86c0c40a,THE CONJURING 2 (REISSUE),116,52.53,-1,2
2025-08-22,3f6093566521149f8e37fa4e3fafe7cc,THE CONJURING 2 (REISSUE),25,14.42,5,10
2025-08-22,4ed104ac0de10ba7eef50158603e0b32,RED SONJA,94,77.7,-1,-1
2025-08-22,4fc3fc370b299876663c7d5c90595853,MATERIALISTS,27,15.45,7,8
2025-08-22,541130ea8083a789df5d15bbfe13055a,THE CONJURING 2 (REISSUE),72,66.15,-1,-1
2025-08-22,5b8eaa351fae8e6d1e759e814d74c1c5,THE CONJURING 2 (REISSUE),47,51.5,-1,-1
2025-08-22,5ff7565cdb056b4bdcb43d0ea2b5380d,HANYA NAMAMU DALAM DOAKU,18,17.51,-1,-1
2025-08-22,6b88b1af662b72fbfa35004a8edfe2e9,THE CONJURING 2 (REISSUE),82,48.41,-1,6
2025-08-22,716ede53fbca27fbe1c1a55d6667c2b5,THE SUN GAZER: CINTA DARI LANGIT,16,12.48,-1,-1
2025-08-22,7995e00051a2fe6aeed7cfdbe0378c01,HANYA NAMAMU DALAM DOAKU,44,30.45,-1,-1
2025-08-22,7995e00051a2fe6aeed7cfdbe0378c01,MATERIALISTS,22,12.48,-1,-1
2025-08-22,7995e00051a2fe6aeed7cfdbe0378c01,PANGGIL AKU AYAH,31,20.6,10,-1
2025-08-22,8188326fb0a403be03ea632997c8a959,THE CONJURING 2 (REISSUE),44,38.48,-1,-1
2025-08-22,862442166e956fe0e8355db8852d9440,PANGGILAN DARI KUBUR,23,16.64,-1,-1
2025-08-22,862442166e956fe0e8355db8852d9440,THE CONJURING 2 (REISSUE),114,60.77,-1,4
2025-08-22,8d2e05da5624875993cb8580c88334a9,THE SUN GAZER: CINTA DARI LANGIT,44,64.05,-1,-1
2025-08-22,8dbfb7aeb4ed822b358347332ba630af,"BELIEVE - TAKDIR, MIMPI, KEBERANIAN",17,12.6,-1,1
2025-08-22,8dbfb7aeb4ed822b358347332ba630af,DARAH NYAI,83,59.74,9,-1
2025-08-22,9158e16be84a6db4d63d3289099f119b,THE CONJURING 2 (REISSUE),29,23.69,-1,-1
2025-08-22,981569adf232c53afe751c8c660db8d9,THE CONJURING 2 (REISSUE),138,94.5,-1,-1
2025-08-22,9aab42397bbc1d1cdb49f7044dc990f0,THE CONJURING 2 (REISSUE),46,16.64,-1,-1
2025-08-22,a616a546264044ed616bc2bdf2d9f7fc,THE CONJURING 2 (REISSUE),68,23.69,0,9
2025-08-22,b4972b48997defae8304bc9c41220c7c,THE CONJURING 2 (REISSUE),63,22.88,7,1
2025-08-22,bf33cc26f29bf266a83e35901fa80c9c,THE CONJURING 2 (REISSUE),130,90.3,-1,9
2025-08-22,c48b7a4426e8cbee3f7dbfe8b87d1d89,PANGGIL AKU AYAH,42,27.81,0,-1
2025-08-22,c4a19cbeb409639c836e4304976db0aa,THE CONJURING 2 (REISSUE),52,43.26,9,-1
2025-08-22,c71a18e33d4b7c73c8124c65fc3e6f1c,THE CONJURING 2 (REISSUE),106,88.2,-1,-1
2025-08-22,da96492ebd43c4a193238d6c3205cc40,MATERIALISTS,31,27.3,-1,-1
2025-08-22,da96492ebd43c4a193238d6c3205cc40,THE CONJURING 2 (REISSUE),48,35.7,-1,-1
2025-08-22,e7ec114c2ec166155149062023617e8b,THE CONJURING 2 (REISSUE),94,94.64,-1,-1
2025-08-22,f292a4101ca0420357a2d18b3a013e5f,THE CONJURING 2 (REISSUE),104,78.0,-1,-1
2025-08-22,f3a9ac312f7bc4e2467a1bf02a6aa1e9,THE CONJURING 2 (REISSUE),94,65.52,1,-1
2025-08-22,f54d37fc4c4d4b285aa3601041abc938,THE CONJURING 2 (REISSUE),50,18.9,5,2
2025-08-23,0191582d75f94a412c0fa12d36bcee3f,PENCARIAN TERAKHIR,121,72.8,-1,-1
2025-08-23,0191582d75f94a412c0fa12d36bcee3f,THE CONJURING 2 (REISSUE),154,97.65,-1,-1
2025-08-23,0191582d75f94a412c0fa12d36bcee3f,THE FANTASTIC FOUR: FIRST STEPS,67,63.0,-1,4
2025-08-23,04a2de432a8901363a05137a8e8de1d2,HANYA NAMAMU DALAM DOAKU,21,11.44,2,-1
2025-08-23,073b764928864ed8fa0b6b115bfdd685,HANYA NAMAMU DALAM DOAKU,25,18.9,6,1
2025-08-23,073b764928864ed8fa0b6b115bfdd685,PENCARIAN TERAKHIR,113,69.3,-1,-1
2025-08-23,0a8777c6c78e2d102bdf459f8550cf93,HANYA NAMAMU DALAM DOAKU,18,13.65,-1,-1
2025-08-23,0a8777c6c78e2d102bdf459f8550cf93,"LA TAHZAN: CINTA, DOSA, LUKA...",36,27.04,7,-1
2025-08-23,15c7dc37db27dd76f38cc419107f7c48,HANYA NAMAMU DALAM DOAKU,19,18.54,9,-1
2025-08-23,218c50fa4df90b3241e39ff8ffb41102,ANDAI IBU TIDAK MENIKAH DENGAN AYAH,126,97.65,-1,-1
2025-08-23,218c50fa4df90b3241e39ff8ffb41102,PENCARIAN TERAKHIR,81,55.12,-1,-1
2025-08-23,218c50fa4df90b3241e39ff8ffb41102,THE CONJURING 2 (REISSUE),148,92.56,-1,-1
2025-08-23,2318d3c719302ff137eb1b53fb32f0c8,HANYA NAMAMU DALAM DOAKU,15,11.55,-1,-1
2025-08-23,29fc89ab155e9f202326046c2e0023bb,THE CONJURING 2 (REISSUE),116,88.58,-1,-1
2025-08-23,3acdf298dab1b92bbaaad74d86c0c40a,THE CONJURING 2 (REISSUE),122,54.59,3,3
2025-08-23,3afae5dea7356f64f70605334bef46a7,PENCARIAN TERAKHIR,109,64.48,9,-1
2025-08-23,3f6093566521149f8e37fa4e3fafe7cc,THE CONJURING 2 (REISSUE),26,21.84,-1,7
2025-08-23,490346a8a068ba7d2e3764714c6d5323,PENCARIAN TERAKHIR,150,94.76,-1,-1
2025-08-23,4a4c71e99772e87c9e35a56acd8be21e,THE SUN GAZER: CINTA DARI LANGIT,18,14.56,5,3
2025-08-23,4eb26b1058266dc50a63dc875e4d8846,HANYA NAMAMU DALAM DOAKU,21,16.64,-1,-1
2025-08-23,4fc3fc370b299876663c7d5c90595853,MATERIALISTS,26,21.0,-1,5
2025-08-23,4fc3fc370b299876663c7d5c90595853,PENCARIAN TERAKHIR,98,66.95,-1,-1
2025-08-23,541130ea8083a789df5d15bbfe13055a,THE CONJURING 2 (REISSUE),41,36.75,2,-1
2025-08-23,57d37d0d839b9dff6f87d6b5d5b679cc,ANDAI IBU TIDAK MENIKAH DENGAN AYAH,132,98.7,-1,-1
2025-08-23,580919d632e55fd9736ae1a2ac6ed0c5,HANYA NAMAMU DALAM DOAKU,20,15.6,2,3
2025-08-23,5b8eaa351fae8e6d1e759e814d74c1c5,THE CONJURING 2 (REISSUE),78,88.2,-1,-1
2025-08-23,6b88b1af662b72fbfa35004a8edfe2e9,MY DAUGHTER IS A ZOMBIE,107,64.48,-1,-1
2025-08-23,6b88b1af662b72fbfa35004a8edfe2e9,THE CONJURING 2 (REISSUE),99,59.28,0,-1
2025-08-23,716ede53fbca27fbe1c1a55d6667c2b5,HANYA NAMAMU DALAM DOAKU,29,15.45,5,10
2025-08-23,716ede53fbca27fbe1c1a55d6667c2b5,MATERIALISTS,26,13.52,7,-1
2025-08-23,7995e00051a2fe6aeed7cfdbe0378c01,MATERIALISTS,24,13.39,6,7
2025-08-23,7995e00051a2fe6aeed7cfdbe0378c01,PANGGIL AKU AYAH,45,31.2,-1,6
2025-08-23,8188326fb0a403be03ea632997c8a959,THE CONJURING 2 (REISSUE),69,59.74,-1,-1
2025-08-23,862442166e956fe0e8355db8852d9440,PENCARIAN TERAKHIR,80,53.56,-1,-1
2025-08-23,862442166e956fe0e8355db8852d9440,THE CONJURING 2 (REISSUE),137,74.16,-1,5
2025-08-23,8750b9ee0b0c6c6afcfcb2a05e60efc0,HANYA NAMAMU DALAM DOAKU,14,10.5,5,-1
2025-08-23,8d2e05da5624875993cb8580c88334a9,PENCARIAN TERAKHIR,90,76.65,-1,-1
2025-08-23,8dbfb7aeb4ed822b358347332ba630af,"BELIEVE - TAKDIR, MIMPI, KEBERANIAN",33,25.2,-1,1
2025-08-23,8dbfb7aeb4ed822b358347332ba630af,PENCARIAN TERAKHIR,187,99.75,-1,-1
2025-08-23,9158e16be84a6db4d63d3289099f119b,THE CONJURING 2 (REISSUE),93,79.8,-1,-1
2025-08-23,919c7b9859d8ce7cab47dab2463e7fab,PENCARIAN TERAKHIR,88,48.41,-1,-1
2025-08-23,92e94ed55b4de8feaff9462a66e2dbd7,TINGGAL MENINGGAL,35,25.2,-1,3
2025-08-23,9715c9bc57db04a2506acfdab71ec1c6,HANYA NAMAMU DALAM DOAKU,17,12.36,5,6
2025-08-23,981569adf232c53afe751c8c660db8d9,MATERIALISTS,32,21.63,-1,-1
2025-08-23,981569adf232c53afe751c8c660db8d9,THE CONJURING 2 (REISSUE),122,85.05,-1,-1
2025-08-23,9aab42397bbc1d1cdb49f7044dc990f0,THE CONJURING 2 (REISSUE),93,48.3,-1,8
2025-08-23,9eb47624e1e418bfac8b4fcc3a44a36b,ANDAI IBU TIDAK MENIKAH DENGAN AYAH,144,97.85,-1,-1
2025-08-23,9f0564f5cabe643e4dbb08b80d3cc241,PENCARIAN TERAKHIR,127,71.76,-1,5
2025-08-23,a55554e941cb93c23d1522f88fd0d004,HANYA NAMAMU DALAM DOAKU,19,13.65,-1,-1
2025-08-23,a616a546264044ed616bc2bdf2d9f7fc,THE CONJURING 2 (REISSUE),86,52.0,5,8
2025-08-23,a691dd0d8274fa85ecdc7d5ad6df1628,PENCARIAN TERAKHIR,140,85.49,-1,-1
2025-08-23,a9d508d218799f9dc69bb4aefc122cb3,MATERIALISTS,27,30.9,-1,-1
2025-08-23,a9d508d218799f9dc69bb4aefc122cb3,PENCARIAN TERAKHIR,53,40.95,-1,10
2025-08-23,a9e141baa8b4ec825325397b16eeaae3,PENCARIAN TERAKHIR,127,97.76,4,-1
2025-08-23,b4972b48997defae8304bc9c41220c7c,THE CONJURING 2 (REISSUE),90,33.28,-1,-1
2025-08-23,bf33cc26f29bf266a83e35901fa80c9c,PENCARIAN TERAKHIR,109,75.92,-1,-1
2025-08-23,bf33cc26f29bf266a83e35901fa80c9c,THE CONJURING 2 (REISSUE),127,87.36,-1,-1
2025-08-23,c48b7a4426e8cbee3f7dbfe8b87d1d89,PENCARIAN TERAKHIR,41,28.35,-1,5
2025-08-23,c4a19cbeb409639c836e4304976db0aa,THE CONJURING 2 (REISSUE),61,52.0,4,9
2025-08-23,c71a18e33d4b7c73c8124c65fc3e6f1c,THE CONJURING 2 (REISSUE),111,89.61,-1,-1
2025-08-23,c877324e95024e707ae23f0aed947e15,PENCARIAN TERAKHIR,80,50.96,0,-1
2025-08-23,d1918db937d26e9e4ccd3e17e1ff0e2d,HANYA NAMAMU DALAM DOAKU,20,15.45,-1,1
2025-08-23,d1918db937d26e9e4ccd3e17e1ff0e2d,PENCARIAN TERAKHIR,61,39.52,5,-1
2025-08-23,d1918db937d26e9e4ccd3e17e1ff0e2d,THE SHADOWS EDGE,40,32.24,9,-1
2025-08-23,da96492ebd43c4a193238d6c3205cc40,MATERIALISTS,33,30.16,5,-1
2025-08-23,da96492ebd43c4a193238d6c3205cc40,THE CONJURING 2 (REISSUE),83,60.77,-1,4
2025-08-23,dc77e7e26c0e5e3a5c44ec2de0cedbde,PENCARIAN TERAKHIR,98,68.25,-1,-1
2025-08-23,dc77e7e26c0e5e3a5c44ec2de0cedbde,THE CONJURING 2 (REISSUE),125,88.2,-1,-1
2025-08-23,e7ec114c2ec166155149062023617e8b,THE CONJURING 2 (REISSUE),91,93.45,-1,-1
2025-08-23,e939d818a5192f48fc4b73102e3aa4b9,HANYA NAMAMU DALAM DOAKU,23,12.48,-1,-1
2025-08-23,e989d8fdc91de7e6ffbb72a2f5ac79f6,MY DAUGHTER IS A ZOMBIE,29,18.54,4,1
2025-08-23,ecace029de4a6bd4ae872928509cd71d,PENCARIAN TERAKHIR,60,28.84,2,-1
2025-08-23,efe899b321b96d852776427476f14a06,HANYA NAMAMU DALAM DOAKU,26,14.56,4,3
2025-08-23,f292a4101ca0420357a2d18b3a013e5f,THE CONJURING 2 (REISSUE),91,66.95,-1,-1
2025-08-23,f3a9ac312f7bc4e2467a1bf02a6aa1e9,THE CONJURING 2 (REISSUE),114,77.25,-1,-1
2025-08-23,f54d37fc4c4d4b285aa3601041abc938,THE CONJURING 2 (REISSUE),57,31.93,-1,4
2025-08-23,f54d37fc4c4d4b285aa3601041abc938,THE SUN GAZER: CINTA DARI LANGIT,30,19.76,3,-1
2025-08-23,fcf80028ec9bbf8efaee3932e529a78f,PANGGIL AKU AYAH,113,70.04,-1,-1
2025-08-24,015555fbcd8faef6b55a854605df0a87,MATERIALISTS,62,47.84,-1,-1
2025-08-24,0191582d75f94a412c0fa12d36bcee3f,THE CONJURING 2 (REISSUE),153,95.68,2,-1
2025-08-24,0191582d75f94a412c0fa12d36bcee3f,THE FANTASTIC FOUR: FIRST STEPS,52,48.88,-1,-1
2025-08-24,04a2de432a8901363a05137a8e8de1d2,DEMON SLAYER -KIMETSU NO YAIBA- THE MOVIE: INFINITY CASTLE,45,25.75,-1,2
2025-08-24,04a2de432a8901363a05137a8e8de1d2,WEAPONS,28,15.45,6,9
2025-08-24,073b764928864ed8fa0b6b115bfdd685,HANYA NAMAMU DALAM DOAKU,21,15.6,1,4
2025-08-24,0a8777c6c78e2d102bdf459f8550cf93,"LA TAHZAN: CINTA, DOSA, LUKA...",41,30.9,-1,-1
2025-08-24,1240789770bc04e7d26e5fa31c075ced,MY DAUGHTER IS A ZOMBIE,29,23.69,-1,-1
2025-08-24,17e1e7da761f72bbb4e039ba08cc0ba0,DARAH NYAI,13,11.33,4,-1
2025-08-24,218c50fa4df90b3241e39ff8ffb41102,THE CONJURING 2 (REISSUE),125,77.25,4,-1
2025-08-24,29fc89ab155e9f202326046c2e0023bb,THE CONJURING (REISSUE),89,51.5,-1,3
2025-08-24,2e0ec493a87e740511b7b565386c06fe,WEAPONS,42,24.96,-1,-1
2025-08-24,3acdf298dab1b92bbaaad74d86c0c40a,THE CONJURING 2 (REISSUE),67,30.16,9,10
2025-08-24,3f6093566521149f8e37fa4e3fafe7cc,THE CONJURING 2 (REISSUE),57,47.84,-1,-1
2025-08-24,4ba87a86e02dd8a810032db35bf13c51,WEAPONS,19,26.25,2,-1
2025-08-24,4eb26b1058266dc50a63dc875e4d8846,HANYA NAMAMU DALAM DOAKU,22,17.85,-1,-1
2025-08-24,4fc3fc370b299876663c7d5c90595853,MATERIALISTS,24,18.9,0,-1
2025-08-24,541130ea8083a789df5d15bbfe13055a,THE CONJURING 2 (REISSUE),48,42.64,7,-1
2025-08-24,5b8eaa351fae8e6d1e759e814d74c1c5,THE CONJURING 2 (REISSUE),82,91.52,-1,-1
2025-08-24,6b88b1af662b72fbfa35004a8edfe2e9,MY DAUGHTER IS A ZOMBIE,23,13.52,10,-1
2025-08-24,6b88b1af662b72fbfa35004a8edfe2e9,THE CONJURING 2 (REISSUE),44,26.78,5,-1
2025-08-24,716ede53fbca27fbe1c1a55d6667c2b5,HANYA NAMAMU DALAM DOAKU,19,10.3,5,2
2025-08-24,79d0a75ad3523955b8d0e01198d6e9c9,DEMON SLAYER -KIMETSU NO YAIBA- THE MOVIE: INFINITY CASTLE,7,30.16,-1,-1
2025-08-24,8188326fb0a403be03ea632997c8a959,THE CONJURING 2 (REISSUE),43,38.48,-1,-1
2025-08-24,862442166e956fe0e8355db8852d9440,THE CONJURING 2 (REISSUE),66,35.02,10,-1
2025-08-24,8d2e05da5624875993cb8580c88334a9,DARAH NYAI,38,31.93,0,-1
2025-08-24,8dbfb7aeb4ed822b358347332ba630af,"BELIEVE - TAKDIR, MIMPI, KEBERANIAN",39,30.16,-1,1
2025-08-24,9158e16be84a6db4d63d3289099f119b,THE CONJURING 2 (REISSUE),99,84.0,6,-1
2025-08-24,92e94ed55b4de8feaff9462a66e2dbd7,TINGGAL MENINGGAL,17,11.33,0,-1
2025-08-24,981569adf232c53afe751c8c660db8d9,THE CONJURING 2 (REISSUE),76,52.0,2,-1
2025-08-24,9aab42397bbc1d1cdb49f7044dc990f0,THE CONJURING 2 (REISSUE),112,57.2,-1,-1
2025-08-24,9d67ea34034038d9a33cf7ac63b7ac65,HANYA NAMAMU DALAM DOAKU,33,23.92,-1,-1
2025-08-24,a616a546264044ed616bc2bdf2d9f7fc,THE CONJURING 2 (REISSUE),74,44.72,-1,2
2025-08-24,a9d508d218799f9dc69bb4aefc122cb3,MATERIALISTS,18,20.6,-1,-1
2025-08-24,b2539b1f80254243391774489b1328aa,DEMON SLAYER -KIMETSU NO YAIBA- THE MOVIE: INFINITY CASTLE,58,27.04,5,5
2025-08-24,b2539b1f80254243391774489b1328aa,"LA TAHZAN: CINTA, DOSA, LUKA...",88,41.2,1,-1
2025-08-24,bf33cc26f29bf266a83e35901fa80c9c,THE CONJURING 2 (REISSUE),114,79.8,-1,-1
2025-08-24,c4a19cbeb409639c836e4304976db0aa,THE CONJURING 2 (REISSUE),34,29.4,-1,-1
2025-08-24,c71a18e33d4b7c73c8124c65fc3e6f1c,THE CONJURING 2 (REISSUE),97,78.28,-1,-1
2025-08-24,cb2a49a747f8989ee0356ec7ac354177,HANYA NAMAMU DALAM DOAKU,35,26.25,7,-1
2025-08-24,d1918db937d26e9e4ccd3e17e1ff0e2d,WEAPONS,18,11.44,5,-1
2025-08-24,da96492ebd43c4a193238d6c3205cc40,MATERIALISTS,28,25.2,3,-1
2025-08-24,da96492ebd43c4a193238d6c3205cc40,THE CONJURING 2 (REISSUE),69,52.0,9,4
2025-08-24,dc77e7e26c0e5e3a5c44ec2de0cedbde,THE CONJURING 2 (REISSUE),146,99.84,-1,-1
2025-08-24,e989d8fdc91de7e6ffbb72a2f5ac79f6,MY DAUGHTER IS A ZOMBIE,25,16.8,-1,4
2025-08-24,efe899b321b96d852776427476f14a06,HANYA NAMAMU DALAM DOAKU,20,11.33,3,3
2025-08-24,f292a4101ca0420357a2d18b3a013e5f,THE CONJURING 2 (REISSUE),76,56.7,-1,-1
2025-08-24,f3a9ac312f7bc4e2467a1bf02a6aa1e9,THE CONJURING 2 (REISSUE),57,52.53,-1,5
2025-08-24,f54d37fc4c4d4b285aa3601041abc938,THE CONJURING 2 (REISSUE),56,32.24,3,7
2025-08-25,0a8777c6c78e2d102bdf459f8550cf93,"LA TAHZAN: CINTA, DOSA, LUKA...",27,20.8,-1,1
2025-08-25,17e1e7da761f72bbb4e039ba08cc0ba0,HANYA NAMAMU DALAM DOAKU,14,10.5,5,-1
2025-08-25,19f506af810fe579721721d058f6b243,WEAPONS,18,10.5,1,-1
2025-08-25,26a644178fbdb277dc3c50997f6df7fe,HANYA NAMAMU DALAM DOAKU,27,25.75,-1,-1
2025-08-25,26a644178fbdb277dc3c50997f6df7fe,MATERIALISTS,20,18.54,8,-1
2025-08-25,26d1d720bc7e60c1b1a56630e3ba2c5d,"LA TAHZAN: CINTA, DOSA, LUKA...",38,17.68,-1,3
2025-08-25,2e0ec493a87e740511b7b565386c06fe,WEAPONS,21,12.6,10,5
2025-08-25,3cc167017755a0197f18f93595c9ae85,HANYA NAMAMU DALAM DOAKU,12,15.75,8,-1
2025-08-25,4ed104ac0de10ba7eef50158603e0b32,RELAY,100,77.25,-1,-1
2025-08-25,862442166e956fe0e8355db8852d9440,SORE ISTRI DARI MASA DEPAN,30,26.0,9,4
2025-08-25,8d2e05da5624875993cb8580c88334a9,HANYA NAMAMU DALAM DOAKU,12,16.64,-1,-1
2025-08-25,9aab42397bbc1d1cdb49f7044dc990f0,HANYA NAMAMU DALAM DOAKU,13,10.5,6,-1
2025-08-25,a616a546264044ed616bc2bdf2d9f7fc,SIAPA DIA,187,98.88,-1,10
2025-08-25,a691dd0d8274fa85ecdc7d5ad6df1628,HANYA NAMAMU DALAM DOAKU,16,12.48,-1,-1
2025-08-25,a6d19ebcb27f61cbf41a6552fbf68676,THE SHADOWS EDGE,18,12.48,-1,-1
2025-08-25,b2539b1f80254243391774489b1328aa,"LA TAHZAN: CINTA, DOSA, LUKA...",31,14.7,10,-1
2025-08-25,da96492ebd43c4a193238d6c3205cc40,MATERIALISTS,36,32.24,-1,-1
2025-08-25,f7734bb329cacfe21ce854ae822b6115,"LA TAHZAN: CINTA, DOSA, LUKA...",33,26.78,-1,-1
2025-08-25,fcf80028ec9bbf8efaee3932e529a78f,HANYA NAMAMU DALAM DOAKU,27,15.6,7,5
2025-08-25,fcf80028ec9bbf8efaee3932e529a78f,THE SHADOWS EDGE,22,12.6,9,6
2025-08-26,04a2de432a8901363a05137a8e8de1d2,DEMON SLAYER -KIMETSU NO YAIBA- THE MOVIE: INFINITY CASTLE,26,14.7,-1,-1
2025-08-26,26a644178fbdb277dc3c50997f6df7fe,MATERIALISTS,20,18.54,8,-1
2025-08-26,35de0354d956048d1c9c49ff069eaa55,LYORA: PENANTIAN BUAH HATI,23,18.72,-1,-1
2025-08-26,3afae5dea7356f64f70605334bef46a7,WEAPONS,25,15.45,9,6
2025-08-26,3cc167017755a0197f18f93595c9ae85,HANYA NAMAMU DALAM DOAKU,8,11.55,-1,-1
2025-08-26,494c8f1916a97efe3390ba9dbab6ce7d,MY DAUGHTER IS A ZOMBIE,14,10.5,5,-1
2025-08-26,8d2e05da5624875993cb8580c88334a9,DARAH NYAI,20,15.45,-1,1
2025-08-26,9cc7970100d8e4c2202f08cb78c6eb20,"BELIEVE - TAKDIR, MIMPI, KEBERANIAN",41,29.4,-1,-1
2025-08-26,c35e24eefa840ac2009279f1efc52288,HANYA NAMAMU DALAM DOAKU,14,10.3,3,-1
2025-08-26,d297f2f746c4fd2723f3202fafcbfa1a,DEMON SLAYER -KIMETSU NO YAIBA- THE MOVIE: INFINITY CASTLE,33,18.54,0,5
2025-08-26,ea7df0c99b450ecdea38cf34ae1f158f,SIHIR PELAKOR,20,14.42,10,5
2025-08-27,0a8777c6c78e2d102bdf459f8550cf93,PANGGIL AKU AYAH,27,21.0,-1,6
2025-08-27,3acdf298dab1b92bbaaad74d86c0c40a,PRINCESS MONONOKE (IMAX 2D),45,16.8,-1,2
2025-08-27,3cc167017755a0197f18f93595c9ae85,SIHIR PELAKOR,27,41.2,-1,-1
2025-08-27,494c8f1916a97efe3390ba9dbab6ce7d,MY DAUGHTER IS A ZOMBIE,34,23.92,-1,-1
2025-08-27,52eed153a88a6bdcb46cbb266a07cba2,PRINCESS MONONOKE (IMAX 2D),47,13.39,0,2
2025-08-27,541130ea8083a789df5d15bbfe13055a,MATERIALISTS,33,29.87,-1,10
2025-08-27,592095e0ddc2c230cf3002d72e9bac41,WEAPONS,22,12.6,9,6
2025-08-27,8d2e05da5624875993cb8580c88334a9,DARAH NYAI,29,24.15,-1,-1
2025-08-27,9cc7970100d8e4c2202f08cb78c6eb20,"BELIEVE - TAKDIR, MIMPI, KEBERANIAN",77,56.16,5,-1
2025-08-27,9d67ea34034038d9a33cf7ac63b7ac65,DEMON SLAYER -KIMETSU NO YAIBA- THE MOVIE: INFINITY CASTLE,19,13.52,-1,-1
2025-08-27,9d67ea34034038d9a33cf7ac63b7ac65,"LA TAHZAN: CINTA, DOSA, LUKA...",17,12.36,5,6
2025-08-27,b4972b48997defae8304bc9c41220c7c,PRINCESS MONONOKE (IMAX 2D),43,10.5,-1,1
2025-08-27,c4a19cbeb409639c836e4304976db0aa,HANYA NAMAMU DALAM DOAKU,15,12.48,-1,-1
2025-08-27,c4a19cbeb409639c836e4304976db0aa,PRINCESS MONONOKE (IMAX 2D),147,34.32,-1,-1
2025-08-27,dc77e7e26c0e5e3a5c44ec2de0cedbde,PRINCESS MONONOKE (IMAX 2D),145,54.08,-1,-1
2025-08-27,e8965581e1be78ac9a3145b6983ff6ec,PRINCESS MONONOKE (IMAX 2D),113,25.2,-1,-1
2025-08-27,ea7df0c99b450ecdea38cf34ae1f158f,SIHIR PELAKOR,24,17.85,-1,-1
2025-08-27,ea7df0c99b450ecdea38cf34ae1f158f,TINGGAL MENINGGAL,25,18.72,10,-1
2025-08-27,f54d37fc4c4d4b285aa3601041abc938,DARAH NYAI,44,32.96,-1,-1
2025-08-28,015555fbcd8faef6b55a854605df0a87,TINGGAL MENINGGAL,36,25.75,7,-1
2025-08-28,202dbf4df0e433f092fca1aa8162c400,DEMON SLAYER -KIMETSU NO YAIBA- THE MOVIE: INFINITY CASTLE,96,79.04,-1,-1
2025-08-28,3acdf298dab1b92bbaaad74d86c0c40a,PRINCESS MONONOKE (IMAX 2D),35,13.65,2,1
2025-08-28,3cc167017755a0197f18f93595c9ae85,SIHIR PELAKOR,12,17.85,-1,-1
2025-08-28,4ed104ac0de10ba7eef50158603e0b32,DARAH NYAI,25,15.6,9,3
2025-08-28,4fc3fc370b299876663c7d5c90595853,RELAY,20,14.7,-1,-1
2025-08-28,52eed153a88a6bdcb46cbb266a07cba2,PRINCESS MONONOKE (IMAX 2D),55,16.48,3,10
2025-08-28,541130ea8083a789df5d15bbfe13055a,MATERIALISTS,57,52.5,6,-1
2025-08-28,62447bb073160adcf6d6022240a3663c,"LA TAHZAN: CINTA, DOSA, LUKA...",33,24.15,-1,-1
2025-08-28,62447bb073160adcf6d6022240a3663c,THE SHADOWS EDGE,18,12.6,-1,2
2025-08-28,8188326fb0a403be03ea632997c8a959,DEMON SLAYER -KIMETSU NO YAIBA- THE MOVIE: INFINITY CASTLE,32,28.35,4,-1
2025-08-28,8d2e05da5624875993cb8580c88334a9,RELAY,7,10.3,10,-1
2025-08-28,8dbfb7aeb4ed822b358347332ba630af,NOBODY 2,43,24.15,7,-1
2025-08-28,9158e16be84a6db4d63d3289099f119b,PANGGIL AKU AYAH,58,45.32,5,-1
2025-08-28,919c7b9859d8ce7cab47dab2463e7fab,TEGAR,232,87.55,0,7
2025-08-28,9cc7970100d8e4c2202f08cb78c6eb20,"BELIEVE - TAKDIR, MIMPI, KEBERANIAN",41,29.12,-1,-1
2025-08-28,9cc7970100d8e4c2202f08cb78c6eb20,RELAY,7,17.85,-1,-1
2025-08-28,afbb3b11f728a54ad1eb3ca34f602779,DEMON SLAYER -KIMETSU NO YAIBA- THE MOVIE: INFINITY CASTLE,52,25.75,8,9
2025-08-28,b704e8b10f13e14494b5a7a0ba39d9d9,"BELIEVE - TAKDIR, MIMPI, KEBERANIAN",32,22.88,3,5
2025-08-28,bf33cc26f29bf266a83e35901fa80c9c,DEMON SLAYER -KIMETSU NO YAIBA- THE MOVIE: INFINITY CASTLE,49,33.6,-1,7
2025-08-28,c48b7a4426e8cbee3f7dbfe8b87d1d89,THE SHADOWS EDGE,29,24.15,-1,-1
2025-08-28,d1918db937d26e9e4ccd3e17e1ff0e2d,DEMON SLAYER -KIMETSU NO YAIBA- THE MOVIE: INFINITY CASTLE,22,12.6,9,6
2025-08-28,e3edf631650eb304cf386709b98005f6,DEMON SLAYER -KIMETSU NO YAIBA- THE MOVIE: INFINITY CASTLE,17,14.56,6,2
2025-08-28,f292a4101ca0420357a2d18b3a013e5f,RELAY,20,14.42,10,5
2025-08-28,f54d37fc4c4d4b285aa3601041abc938,DARAH NYAI,34,24.72,10,-1
2025-08-28,fbaf4d5f0c18dc603a21aef31da59ee6,TINGGAL MENINGGAL,22,15.6,0,5
2025-08-29,0191582d75f94a412c0fa12d36bcee3f,THE CONJURING: THE DEVIL MADE ME DO IT (REISSUE),104,64.89,-1,-1
2025-08-29,108f9a4d181f12fd1b7e3c9adae38478,DEMON SLAYER -KIMETSU NO YAIBA- THE MOVIE: INFINITY CASTLE (IMAX 2D),97,31.93,9,6
2025-08-29,218c50fa4df90b3241e39ff8ffb41102,THE CONJURING: THE DEVIL MADE ME DO IT (REISSUE),59,36.4,-1,-1
2025-08-29,29fc89ab155e9f202326046c2e0023bb,THE CONJURING: THE DEVIL MADE ME DO IT (REISSUE),61,35.36,3,-1
2025-08-29,312cd6ebdd3af9ac55f7b3d31ecab9c2,DEMON SLAYER -KIMETSU NO YAIBA- THE MOVIE: INFINITY CASTLE (IMAX 2D),123,36.75,6,1
2025-08-29,3acdf298dab1b92bbaaad74d86c0c40a,DEMON SLAYER -KIMETSU NO YAIBA- THE MOVIE: INFINITY CASTLE (IMAX 2D),134,51.5,3,-1
2025-08-29,3acdf298dab1b92bbaaad74d86c0c40a,THE CONJURING: THE DEVIL MADE ME DO IT (REISSUE),64,48.3,7,-1
2025-08-29,3cc167017755a0197f18f93595c9ae85,SIHIR PELAKOR,16,23.92,-1,-1
2025-08-29,3f6093566521149f8e37fa4e3fafe7cc,THE CONJURING: THE DEVIL MADE ME DO IT (REISSUE),30,24.72,-1,8
2025-08-29,4eb26b1058266dc50a63dc875e4d8846,RELAY,26,20.8,0,-1
2025-08-29,52eed153a88a6bdcb46cbb266a07cba2,DEMON SLAYER -KIMETSU NO YAIBA- THE MOVIE: INFINITY CASTLE (IMAX 2D),44,12.48,-1,-1
2025-08-29,52eed153a88a6bdcb46cbb266a07cba2,PRINCESS MONONOKE (IMAX 2D),54,15.6,2,3
2025-08-29,541130ea8083a789df5d15bbfe13055a,MATERIALISTS,14,11.55,-1,-1
2025-08-29,541130ea8083a789df5d15bbfe13055a,THE CONJURING: THE DEVIL MADE ME DO IT (REISSUE),28,24.96,-1,-1
2025-08-29,5b8eaa351fae8e6d1e759e814d74c1c5,THE CONJURING: THE DEVIL MADE ME DO IT (REISSUE),62,68.64,-1,-1
2025-08-29,62447bb073160adcf6d6022240a3663c,"LA TAHZAN: CINTA, DOSA, LUKA...",22,15.45,-1,3
2025-08-29,6b88b1af662b72fbfa35004a8edfe2e9,DEMON SLAYER -KIMETSU NO YAIBA- THE MOVIE: INFINITY CASTLE (IMAX 2D),159,42.64,6,-1
2025-08-29,6b88b1af662b72fbfa35004a8edfe2e9,THE CONJURING: THE DEVIL MADE ME DO IT (REISSUE),21,12.6,10,5
2025-08-29,716ede53fbca27fbe1c1a55d6667c2b5,DEMON SLAYER -KIMETSU NO YAIBA- THE MOVIE: INFINITY CASTLE (IMAX 2D),54,13.39,-1,3
2025-08-29,8188326fb0a403be03ea632997c8a959,THE CONJURING: THE DEVIL MADE ME DO IT (REISSUE),15,13.39,0,-1
2025-08-29,862442166e956fe0e8355db8852d9440,THE CONJURING: THE DEVIL MADE ME DO IT (REISSUE),45,23.69,-1,-1
2025-08-29,8dbfb7aeb4ed822b358347332ba630af,NOBODY 2,21,11.33,2,4
2025-08-29,9158e16be84a6db4d63d3289099f119b,THE CONJURING: THE DEVIL MADE ME DO IT (REISSUE),91,72.45,-1,-1
2025-08-29,9aab42397bbc1d1cdb49f7044dc990f0,THE CONJURING: THE DEVIL MADE ME DO IT (REISSUE),41,20.8,6,-1
2025-08-29,9cc7970100d8e4c2202f08cb78c6eb20,"BELIEVE - TAKDIR, MIMPI, KEBERANIAN",38,27.81,4,-1
2025-08-29,9cc7970100d8e4c2202f08cb78c6eb20,THE SHADOWS EDGE,23,16.48,6,8
2025-08-29,a616a546264044ed616bc2bdf2d9f7fc,THE CONJURING: THE DEVIL MADE ME DO IT (REISSUE),42,26.78,7,-1
2025-08-29,a691dd0d8274fa85ecdc7d5ad6df1628,TINGGAL MENINGGAL,18,10.5,1,-1
2025-08-29,a9d508d218799f9dc69bb4aefc122cb3,PANJI TENGKORAK,57,68.25,-1,-1
2025-08-29,a9d508d218799f9dc69bb4aefc122cb3,RELAY,30,35.36,-1,-1
2025-08-29,a9e141baa8b4ec825325397b16eeaae3,DEMON SLAYER -KIMETSU NO YAIBA- THE MOVIE: INFINITY CASTLE (IMAX 2D),84,26.78,10,5
2025-08-29,b4972b48997defae8304bc9c41220c7c,DEMON SLAYER -KIMETSU NO YAIBA- THE MOVIE: INFINITY CASTLE (IMAX 2D),152,38.48,0,5
2025-08-29,b4972b48997defae8304bc9c41220c7c,THE CONJURING: THE DEVIL MADE ME DO IT (REISSUE),69,39.14,-1,-1
2025-08-29,b704e8b10f13e14494b5a7a0ba39d9d9,"BELIEVE - TAKDIR, MIMPI, KEBERANIAN",50,36.05,3,-1
2025-08-29,b704e8b10f13e14494b5a7a0ba39d9d9,DEMON SLAYER -KIMETSU NO YAIBA- THE MOVIE: INFINITY CASTLE (IMAX 2D),93,32.96,-1,4
2025-08-29,bf33cc26f29bf266a83e35901fa80c9c,DEMON SLAYER -KIMETSU NO YAIBA- THE MOVIE: INFINITY CASTLE,43,28.84,-1,-1
2025-08-29,bf33cc26f29bf266a83e35901fa80c9c,THE CONJURING: THE DEVIL MADE ME DO IT (REISSUE),79,54.59,-1,-1
2025-08-29,c48b7a4426e8cbee3f7dbfe8b87d1d89,THE SHADOWS EDGE,28,22.66,1,-1
2025-08-29,c4a19cbeb409639c836e4304976db0aa,THE CONJURING: THE DEVIL MADE ME DO IT (REISSUE),28,17.68,1,-1
2025-08-29,c71a18e33d4b7c73c8124c65fc3e6f1c,THE CONJURING: THE DEVIL MADE ME DO IT (REISSUE),81,68.25,5,-1
2025-08-29,da96492ebd43c4a193238d6c3205cc40,THE CONJURING: THE DEVIL MADE ME DO IT (REISSUE),71,56.65,-1,-1
2025-08-29,dc77e7e26c0e5e3a5c44ec2de0cedbde,JAWS (IMAX 2D),67,24.96,-1,-1
2025-08-29,dc77e7e26c0e5e3a5c44ec2de0cedbde,THE CONJURING: THE DEVIL MADE ME DO IT (REISSUE),84,58.8,-1,-1
2025-08-29,e3edf631650eb304cf386709b98005f6,DEMON SLAYER -KIMETSU NO YAIBA- THE MOVIE: INFINITY CASTLE,28,25.2,3,-1
2025-08-29,e3edf631650eb304cf386709b98005f6,RELAY,16,12.6,0,-1
2025-08-29,e7ec114c2ec166155149062023617e8b,THE CONJURING: THE DEVIL MADE ME DO IT (REISSUE),41,30.16,-1,3
2025-08-29,f292a4101ca0420357a2d18b3a013e5f,THE CONJURING: THE DEVIL MADE ME DO IT (REISSUE),40,29.4,-1,-1
2025-08-29,f3a9ac312f7bc4e2467a1bf02a6aa1e9,THE CONJURING: THE DEVIL MADE ME DO IT (REISSUE),61,23.92,0,-1
2025-08-29,f54d37fc4c4d4b285aa3601041abc938,DARAH NYAI,23,16.64,-1,-1
2025-08-29,f54d37fc4c4d4b285aa3601041abc938,THE CONJURING: THE DEVIL MADE ME DO IT (REISSUE),21,11.44,2,-1
2025-08-29,fbaf4d5f0c18dc603a21aef31da59ee6,TINGGAL MENINGGAL,27,18.54,1,-1
2025-08-30,015555fbcd8faef6b55a854605df0a87,TINGGAL MENINGGAL,21,14.7,-1,-1
2025-08-30,0191582d75f94a412c0fa12d36bcee3f,MY DAUGHTER IS A ZOMBIE,48,39.14,-1,-1
2025-08-30,0191582d75f94a412c0fa12d36bcee3f,THE CONJURING: THE DEVIL MADE ME DO IT (REISSUE),130,82.16,-1,-1
2025-08-30,0318cab65e5a4dbb61243ab4747fb621,DRACULA: A LOVE TALE,17,12.48,-1,-1
2025-08-30,0318cab65e5a4dbb61243ab4747fb621,LEBIH DARI SELAMANYA,20,14.56,3,5
2025-08-30,04a2de432a8901363a05137a8e8de1d2,DRACULA: A LOVE TALE,38,21.63,7,-1
2025-08-30,04a2de432a8901363a05137a8e8de1d2,LEBIH DARI SELAMANYA,27,15.75,-1,4
2025-08-30,073b764928864ed8fa0b6b115bfdd685,"LA TAHZAN: CINTA, DOSA, LUKA...",48,25.75,-1,5
2025-08-30,073b764928864ed8fa0b6b115bfdd685,PANJI TENGKORAK,21,15.75,2,1
2025-08-30,09ff932202ae245655ae248642132086,DEMON SLAYER -KIMETSU NO YAIBA- THE MOVIE: INFINITY CASTLE,29,73.5,-1,-1
2025-08-30,108f9a4d181f12fd1b7e3c9adae38478,HANYA NAMAMU DALAM DOAKU,19,10.5,0,-1
2025-08-30,14b63ff2b104903ead7d884f25382e57,PANJI TENGKORAK,20,10.5,1,1
2025-08-30,218c50fa4df90b3241e39ff8ffb41102,THE CONJURING: THE DEVIL MADE ME DO IT (REISSUE),67,42.64,-1,-1
2025-08-30,26d1d720bc7e60c1b1a56630e3ba2c5d,"LA TAHZAN: CINTA, DOSA, LUKA...",32,20.8,-1,6
2025-08-30,26d1d720bc7e60c1b1a56630e3ba2c5d,PANGGIL AKU AYAH,27,16.48,2,-1
2025-08-30,29fc89ab155e9f202326046c2e0023bb,SIAPA DIA,41,30.9,-1,-1
2025-08-30,29fc89ab155e9f202326046c2e0023bb,THE CONJURING: THE DEVIL MADE ME DO IT (REISSUE),67,39.9,10,-1
2025-08-30,3acdf298dab1b92bbaaad74d86c0c40a,THE CONJURING: THE DEVIL MADE ME DO IT (REISSUE),44,32.24,5,-1
2025-08-30,3afae5dea7356f64f70605334bef46a7,"LA TAHZAN: CINTA, DOSA, LUKA...",53,33.28,-1,-1
2025-08-30,3f6093566521149f8e37fa4e3fafe7cc,THE CONJURING: THE DEVIL MADE ME DO IT (REISSUE),28,23.1,-1,-1
2025-08-30,4ba87a86e02dd8a810032db35bf13c51,PANJI TENGKORAK,11,14.7,-1,-1
2025-08-30,4ed104ac0de10ba7eef50158603e0b32,LINTRIK,15,14.56,0,-1
2025-08-30,52eed153a88a6bdcb46cbb266a07cba2,DEMON SLAYER -KIMETSU NO YAIBA- THE MOVIE: INFINITY CASTLE (IMAX 2D),107,31.93,7,1
2025-08-30,52eed153a88a6bdcb46cbb266a07cba2,PRINCESS MONONOKE (IMAX 2D),155,46.35,10,9
2025-08-30,541130ea8083a789df5d15bbfe13055a,THE CONJURING: THE DEVIL MADE ME DO IT (REISSUE),23,20.6,-1,-1
2025-08-30,5b8eaa351fae8e6d1e759e814d74c1c5,SIAPA DIA,13,14.56,2,-1
2025-08-30,5b8eaa351fae8e6d1e759e814d74c1c5,THE CONJURING: THE DEVIL MADE ME DO IT (REISSUE),82,92.4,-1,-1
2025-08-30,6b88b1af662b72fbfa35004a8edfe2e9,PRINCESS MONONOKE (IMAX 2D),70,18.72,0,3
2025-08-30,6b88b1af662b72fbfa35004a8edfe2e9,THE CONJURING: THE DEVIL MADE ME DO IT (REISSUE),27,16.8,-1,6
2025-08-30,716ede53fbca27fbe1c1a55d6667c2b5,DEMON SLAYER -KIMETSU NO YAIBA- THE MOVIE: INFINITY CASTLE,25,20.8,1,-1
2025-08-30,716ede53fbca27fbe1c1a55d6667c2b5,DEMON SLAYER -KIMETSU NO YAIBA- THE MOVIE: INFINITY CASTLE (IMAX 2D),201,54.08,-1,2
2025-08-30,8188326fb0a403be03ea632997c8a959,THE CONJURING: THE DEVIL MADE ME DO IT (REISSUE),46,40.56,-1,-1
2025-08-30,81c620b2538435926cbbf15745ef5901,THE SHADOWS EDGE,19,13.39,-1,2
2025-08-30,862442166e956fe0e8355db8852d9440,THE CONJURING: THE DEVIL MADE ME DO IT (REISSUE),87,46.35,2,-1
2025-08-30,8dbfb7aeb4ed822b358347332ba630af,NOBODY 2,54,28.84,8,-1
2025-08-30,9158e16be84a6db4d63d3289099f119b,LABINAK,24,18.54,4,-1
2025-08-30,9158e16be84a6db4d63d3289099f119b,THE CONJURING: THE DEVIL MADE ME DO IT (REISSUE),31,23.92,-1,-1
2025-08-30,919c7b9859d8ce7cab47dab2463e7fab,RELAY,41,29.87,5,-1
2025-08-30,981569adf232c53afe751c8c660db8d9,PANJI TENGKORAK,22,14.42,8,7
2025-08-30,981569adf232c53afe751c8c660db8d9,THE CONJURING: THE DEVIL MADE ME DO IT (REISSUE),135,80.85,-1,-1
2025-08-30,9aab42397bbc1d1cdb49f7044dc990f0,THE CONJURING: THE DEVIL MADE ME DO IT (REISSUE),126,65.1,-1,1
2025-08-30,9cc7970100d8e4c2202f08cb78c6eb20,"BELIEVE - TAKDIR, MIMPI, KEBERANIAN",42,30.16,-1,4
2025-08-30,9cc7970100d8e4c2202f08cb78c6eb20,THE SHADOWS EDGE,29,20.8,-1,3
2025-08-30,a616a546264044ed616bc2bdf2d9f7fc,THE CONJURING: THE DEVIL MADE ME DO IT (REISSUE),70,47.25,-1,-1
2025-08-30,a6d19ebcb27f61cbf41a6552fbf68676,DRACULA: A LOVE TALE,28,21.0,-1,7
2025-08-30,a9d508d218799f9dc69bb4aefc122cb3,RELAY,38,44.1,-1,-1
2025-08-30,b4972b48997defae8304bc9c41220c7c,DEMON SLAYER -KIMETSU NO YAIBA- THE MOVIE: INFINITY CASTLE (IMAX 2D),268,68.25,5,10
2025-08-30,b4972b48997defae8304bc9c41220c7c,THE CONJURING: THE DEVIL MADE ME DO IT (REISSUE),86,49.35,-1,10
2025-08-30,b704e8b10f13e14494b5a7a0ba39d9d9,PANJI TENGKORAK,16,12.48,-1,-1
2025-08-30,b704e8b10f13e14494b5a7a0ba39d9d9,PRINCESS MONONOKE (IMAX 2D),71,24.96,-1,-1
2025-08-30,bf33cc26f29bf266a83e35901fa80c9c,THE CONJURING: THE DEVIL MADE ME DO IT (REISSUE),105,60.77,5,-1
2025-08-30,c4a19cbeb409639c836e4304976db0aa,PRINCESS MONONOKE (IMAX 2D),83,18.72,-1,10
2025-08-30,c4a19cbeb409639c836e4304976db0aa,THE CONJURING: THE DEVIL MADE ME DO IT (REISSUE),49,31.5,-1,9
2025-08-30,c71a18e33d4b7c73c8124c65fc3e6f1c,THE CONJURING: THE DEVIL MADE ME DO IT (REISSUE),66,53.56,-1,-1
2025-08-30,d33850e3698903061b4c18886ce00c9d,DRACULA: A LOVE TALE,21,15.6,1,4
2025-08-30,da96492ebd43c4a193238d6c3205cc40,THE CONJURING: THE DEVIL MADE ME DO IT (REISSUE),54,42.64,1,-1
2025-08-30,da96492ebd43c4a193238d6c3205cc40,TINGGAL MENINGGAL,49,38.11,-1,-1
2025-08-30,dc77e7e26c0e5e3a5c44ec2de0cedbde,JAWS (IMAX 2D),45,16.48,0,1
2025-08-30,dc77e7e26c0e5e3a5c44ec2de0cedbde,THE CONJURING: THE DEVIL MADE ME DO IT (REISSUE),125,85.28,-1,-1
2025-08-30,e3edf631650eb304cf386709b98005f6,RELAY,37,20.6,4,-1
2025-08-30,e67d818ee0546f3b33d0ba2083ed4db5,RELAY,44,26.78,5,-1
2025-08-30,e7ec114c2ec166155149062023617e8b,PANJI TENGKORAK,33,31.93,5,-1
2025-08-30,e7ec114c2ec166155149062023617e8b,THE CONJURING: THE DEVIL MADE ME DO IT (REISSUE),71,71.76,-1,10
2025-08-30,f292a4101ca0420357a2d18b3a013e5f,THE CONJURING: THE DEVIL MADE ME DO IT (REISSUE),67,48.41,9,6
2025-08-30,f3a9ac312f7bc4e2467a1bf02a6aa1e9,THE CONJURING: THE DEVIL MADE ME DO IT (REISSUE),66,60.77,-1,-1
2025-08-30,f54d37fc4c4d4b285aa3601041abc938,DARAH NYAI,19,13.52,-1,-1
2025-08-30,f54d37fc4c4d4b285aa3601041abc938,RELAY,24,13.39,6,7
2025-08-30,f54d37fc4c4d4b285aa3601041abc938,THE CONJURING: THE DEVIL MADE ME DO IT (REISSUE),58,33.28,-1,-1
2025-08-30,f7734bb329cacfe21ce854ae822b6115,LEBIH DARI SELAMANYA,16,13.65,-1,-1
2025-08-30,fbaf4d5f0c18dc603a21aef31da59ee6,LEBIH DARI SELAMANYA,27,18.54,1,-1
2025-08-31,015555fbcd8faef6b55a854605df0a87,TINGGAL MENINGGAL,41,28.84,-1,-1
2025-08-31,0191582d75f94a412c0fa12d36bcee3f,MY DAUGHTER IS A ZOMBIE,24,19.95,-1,-1
2025-08-31,0191582d75f94a412c0fa12d36bcee3f,THE CONJURING: THE DEVIL MADE ME DO IT (REISSUE),68,42.23,-1,-1
2025-08-31,09ff932202ae245655ae248642132086,DEMON SLAYER -KIMETSU NO YAIBA- THE MOVIE: INFINITY CASTLE,24,59.28,-1,-1
2025-08-31,108f9a4d181f12fd1b7e3c9adae38478,HANYA NAMAMU DALAM DOAKU,21,11.44,2,-1
2025-08-31,19f506af810fe579721721d058f6b243,JAWS (IMAX 2D),54,16.48,4,9
2025-08-31,218c50fa4df90b3241e39ff8ffb41102,THE CONJURING: THE DEVIL MADE ME DO IT (REISSUE),51,32.24,8,2
2025-08-31,29fc89ab155e9f202326046c2e0023bb,THE CONJURING: THE DEVIL MADE ME DO IT (REISSUE),39,22.66,7,10
2025-08-31,3744d5b8753c9cc72700ce7927fa0df3,LEBIH DARI SELAMANYA,15,11.55,-1,-1
2025-08-31,3acdf298dab1b92bbaaad74d86c0c40a,THE CONJURING: THE DEVIL MADE ME DO IT (REISSUE),64,48.3,7,-1
2025-08-31,3f6093566521149f8e37fa4e3fafe7cc,THE CONJURING: THE DEVIL MADE ME DO IT (REISSUE),16,12.48,-1,-1
2025-08-31,45f553cca86b28fedd6115abdd0ae734,DRACULA: A LOVE TALE,26,13.65,8,-1
2025-08-31,52eed153a88a6bdcb46cbb266a07cba2,DEMON SLAYER -KIMETSU NO YAIBA- THE MOVIE: INFINITY CASTLE (IMAX 2D),122,36.05,2,7
2025-08-31,52eed153a88a6bdcb46cbb266a07cba2,PRINCESS MONONOKE (IMAX 2D),81,24.15,4,3
2025-08-31,541130ea8083a789df5d15bbfe13055a,THE CONJURING: THE DEVIL MADE ME DO IT (REISSUE),44,39.14,-1,-1
2025-08-31,5b8eaa351fae8e6d1e759e814d74c1c5,THE CONJURING: THE DEVIL MADE ME DO IT (REISSUE),79,87.36,-1,3
2025-08-31,62447bb073160adcf6d6022240a3663c,"LA TAHZAN: CINTA, DOSA, LUKA...",30,22.05,-1,2
2025-08-31,62447bb073160adcf6d6022240a3663c,LEBIH DARI SELAMANYA,26,18.54,2,-1
2025-08-31,6b88b1af662b72fbfa35004a8edfe2e9,THE CONJURING: THE DEVIL MADE ME DO IT (REISSUE),29,18.9,2,5
2025-08-31,716ede53fbca27fbe1c1a55d6667c2b5,DEMON SLAYER -KIMETSU NO YAIBA- THE MOVIE: INFINITY CASTLE,48,40.95,-1,5
2025-08-31,716ede53fbca27fbe1c1a55d6667c2b5,DEMON SLAYER -KIMETSU NO YAIBA- THE MOVIE: INFINITY CASTLE (IMAX 2D),99,25.75,4,4
2025-08-31,8188326fb0a403be03ea632997c8a959,THE CONJURING: THE DEVIL MADE ME DO IT (REISSUE),25,21.63,-1,-1
2025-08-31,862442166e956fe0e8355db8852d9440,THE CONJURING: THE DEVIL MADE ME DO IT (REISSUE),43,22.66,3,-1
2025-08-31,8dbfb7aeb4ed822b358347332ba630af,NOBODY 2,22,11.55,7,-1
2025-08-31,9158e16be84a6db4d63d3289099f119b,THE CONJURING: THE DEVIL MADE ME DO IT (REISSUE),86,68.25,0,-1
2025-08-31,919c7b9859d8ce7cab47dab2463e7fab,RELAY,21,14.7,-1,-1
2025-08-31,981569adf232c53afe751c8c660db8d9,THE CONJURING: THE DEVIL MADE ME DO IT (REISSUE),139,82.95,7,-1
2025-08-31,9aab42397bbc1d1cdb49f7044dc990f0,LEBIH DARI SELAMANYA,24,17.68,5,-1
2025-08-31,9aab42397bbc1d1cdb49f7044dc990f0,THE CONJURING: THE DEVIL MADE ME DO IT (REISSUE),41,20.6,0,-1
2025-08-31,9cc7970100d8e4c2202f08cb78c6eb20,"BELIEVE - TAKDIR, MIMPI, KEBERANIAN",32,21.63,-1,-1
2025-08-31,a616a546264044ed616bc2bdf2d9f7fc,THE CONJURING: THE DEVIL MADE ME DO IT (REISSUE),19,12.6,-1,3
2025-08-31,a6d19ebcb27f61cbf41a6552fbf68676,DRACULA: A LOVE TALE,15,10.3,2,-1
2025-08-31,b4972b48997defae8304bc9c41220c7c,THE CONJURING: THE DEVIL MADE ME DO IT (REISSUE),24,13.39,6,7
2025-08-31,b704e8b10f13e14494b5a7a0ba39d9d9,"BELIEVE - TAKDIR, MIMPI, KEBERANIAN",55,39.14,-1,-1
2025-08-31,b704e8b10f13e14494b5a7a0ba39d9d9,PRINCESS MONONOKE (IMAX 2D),58,20.6,4,3
2025-08-31,bf33cc26f29bf266a83e35901fa80c9c,THE CONJURING: THE DEVIL MADE ME DO IT (REISSUE),79,53.56,-1,-1
2025-08-31,c4a19cbeb409639c836e4304976db0aa,PRINCESS MONONOKE (IMAX 2D),71,16.48,-1,-1
2025-08-31,c71a18e33d4b7c73c8124c65fc3e6f1c,THE CONJURING: THE DEVIL MADE ME DO IT (REISSUE),96,78.28,-1,-1
2025-08-31,cb2a49a747f8989ee0356ec7ac354177,DRACULA: A LOVE TALE,22,15.6,0,5
2025-08-31,d297f2f746c4fd2723f3202fafcbfa1a,"LA TAHZAN: CINTA, DOSA, LUKA...",27,15.6,7,5
2025-08-31,d297f2f746c4fd2723f3202fafcbfa1a,LABINAK,26,14.56,4,3
2025-08-31,da6b584c30e784d15b54ad124a760b19,"LA TAHZAN: CINTA, DOSA, LUKA...",28,17.51,3,-1
2025-08-31,da96492ebd43c4a193238d6c3205cc40,THE CONJURING: THE DEVIL MADE ME DO IT (REISSUE),73,57.68,-1,-1
2025-08-31,da96492ebd43c4a193238d6c3205cc40,TINGGAL MENINGGAL,47,37.8,1,-1
2025-08-31,dc77e7e26c0e5e3a5c44ec2de0cedbde,JAWS (IMAX 2D),43,15.6,1,4
2025-08-31,dc77e7e26c0e5e3a5c44ec2de0cedbde,LEBIH DARI SELAMANYA,19,10.5,0,-1
2025-08-31,dc77e7e26c0e5e3a5c44ec2de0cedbde,THE CONJURING: THE DEVIL MADE ME DO IT (REISSUE),94,64.89,-1,9
2025-08-31,e7ec114c2ec166155149062023617e8b,THE CONJURING: THE DEVIL MADE ME DO IT (REISSUE),42,31.2,-1,3
2025-08-31,f292a4101ca0420357a2d18b3a013e5f,THE CONJURING: THE DEVIL MADE ME DO IT (REISSUE),49,36.4,-1,-1
2025-08-31,f3a9ac312f7bc4e2467a1bf02a6aa1e9,THE CONJURING: THE DEVIL MADE ME DO IT (REISSUE),40,36.05,-1,9
2025-08-31,f54d37fc4c4d4b285aa3601041abc938,DARAH NYAI,22,16.48,7,7
2025-08-31,fbaf4d5f0c18dc603a21aef31da59ee6,LEBIH DARI SELAMANYA,28,19.76,5,-1
2025-09-01,0191582d75f94a412c0fa12d36bcee3f,MY DAUGHTER IS A ZOMBIE,14,11.44,9,-1
2025-09-01,0191582d75f94a412c0fa12d36bcee3f,SORE ISTRI DARI MASA DEPAN,26,22.05,2,-1
2025-09-01,108f9a4d181f12fd1b7e3c9adae38478,MATERIALISTS,15,12.6,1,-1
2025-09-01,15c7dc37db27dd76f38cc419107f7c48,LEBIH DARI SELAMANYA,11,10.3,6,-1
2025-09-01,17e1e7da761f72bbb4e039ba08cc0ba0,TINGGAL MENINGGAL,16,13.39,1,1
2025-09-01,3acdf298dab1b92bbaaad74d86c0c40a,JAWS (IMAX 2D),28,10.4,3,2
2025-09-01,3acdf298dab1b92bbaaad74d86c0c40a,RELAY,13,10.4,0,-1
2025-09-01,4a4c71e99772e87c9e35a56acd8be21e,LEBIH DARI SELAMANYA,24,19.95,-1,-1
2025-09-01,52eed153a88a6bdcb46cbb266a07cba2,DEMON SLAYER -KIMETSU NO YAIBA- THE MOVIE: INFINITY CASTLE (IMAX 2D),36,10.3,2,2
2025-09-01,53b77c875c67b68561415f23065e6e8d,LEBIH DARI SELAMANYA,42,23.69,-1,-1
2025-09-01,62447bb073160adcf6d6022240a3663c,"LA TAHZAN: CINTA, DOSA, LUKA...",22,15.6,0,5
2025-09-01,6b88b1af662b72fbfa35004a8edfe2e9,DEMON SLAYER -KIMETSU NO YAIBA- THE MOVIE: INFINITY CASTLE (IMAX 2D),88,22.66,-1,1
2025-09-01,716ede53fbca27fbe1c1a55d6667c2b5,DEMON SLAYER -KIMETSU NO YAIBA- THE MOVIE: INFINITY CASTLE,15,11.33,2,-1
2025-09-01,7995e00051a2fe6aeed7cfdbe0378c01,LEBIH DARI SELAMANYA,42,28.08,-1,1
2025-09-01,81c620b2538435926cbbf15745ef5901,LEBIH DARI SELAMANYA,18,12.48,-1,-1
2025-09-01,8750b9ee0b0c6c6afcfcb2a05e60efc0,LEBIH DARI SELAMANYA,34,27.3,-1,-1
2025-09-01,8dbfb7aeb4ed822b358347332ba630af,NOBODY 2,21,11.33,2,4
2025-09-01,919c7b9859d8ce7cab47dab2463e7fab,RELAY,19,13.39,-1,2
2025-09-01,9aab42397bbc1d1cdb49f7044dc990f0,LEBIH DARI SELAMANYA,35,27.04,8,-1
2025-09-01,9cc7970100d8e4c2202f08cb78c6eb20,"LA TAHZAN: CINTA, DOSA, LUKA...",24,12.48,-1,-1
2025-09-01,9cc7970100d8e4c2202f08cb78c6eb20,THE SHADOWS EDGE,28,19.57,8,1
2025-09-01,b4972b48997defae8304bc9c41220c7c,DEMON SLAYER -KIMETSU NO YAIBA- THE MOVIE: INFINITY CASTLE (IMAX 2D),70,17.68,0,3
2025-09-01,b704e8b10f13e14494b5a7a0ba39d9d9,"BELIEVE - TAKDIR, MIMPI, KEBERANIAN",25,17.51,6,-1
2025-09-01,b704e8b10f13e14494b5a7a0ba39d9d9,DEMON SLAYER -KIMETSU NO YAIBA- THE MOVIE: INFINITY CASTLE (IMAX 2D),35,12.48,-1,-1
2025-09-01,b704e8b10f13e14494b5a7a0ba39d9d9,JAWS (IMAX 2D),35,12.48,-1,-1
2025-09-01,c35e24eefa840ac2009279f1efc52288,DEMON SLAYER -KIMETSU NO YAIBA- THE MOVIE: INFINITY CASTLE,14,10.3,3,-1
2025-09-01,c48b7a4426e8cbee3f7dbfe8b87d1d89,THE SHADOWS EDGE,29,23.69,-1,-1
2025-09-01,d297f2f746c4fd2723f3202fafcbfa1a,"LA TAHZAN: CINTA, DOSA, LUKA...",21,11.44,2,-1
2025-09-01,da6b584c30e784d15b54ad124a760b19,"LA TAHZAN: CINTA, DOSA, LUKA...",31,19.57,5,4
2025-09-01,da96492ebd43c4a193238d6c3205cc40,TINGGAL MENINGGAL,15,12.48,-1,-1
2025-09-01,dc77e7e26c0e5e3a5c44ec2de0cedbde,JAWS (IMAX 2D),29,10.5,7,4
2025-09-01,dc77e7e26c0e5e3a5c44ec2de0cedbde,LEBIH DARI SELAMANYA,42,25.75,1,-1
2025-09-01,e3edf631650eb304cf386709b98005f6,DEMON SLAYER -KIMETSU NO YAIBA- THE MOVIE: INFINITY CASTLE,26,17.85,-1,-1
2025-09-01,e67d818ee0546f3b33d0ba2083ed4db5,TINGGAL MENINGGAL,34,25.75,9,-1
2025-09-01,e989d8fdc91de7e6ffbb72a2f5ac79f6,LABINAK,33,22.05,10,5
2025-09-01,f54d37fc4c4d4b285aa3601041abc938,DARAH NYAI,16,11.55,-1,-1
2025-09-01,fbaf4d5f0c18dc603a21aef31da59ee6,LEBIH DARI SELAMANYA,30,22.05,-1,2
2025-09-02,0191582d75f94a412c0fa12d36bcee3f,MY DAUGHTER IS A ZOMBIE,24,19.76,9,-1
2025-09-02,073b764928864ed8fa0b6b115bfdd685,DEMON SLAYER -KIMETSU NO YAIBA- THE MOVIE: INFINITY CASTLE,20,10.4,1,2
2025-09-02,108f9a4d181f12fd1b7e3c9adae38478,JAWS (IMAX 2D),35,11.55,0,3
2025-09-02,1240789770bc04e7d26e5fa31c075ced,DRACULA: A LOVE TALE,27,22.05,1,-1
2025-09-02,17e1e7da761f72bbb4e039ba08cc0ba0,TINGGAL MENINGGAL,19,16.64,-1,-1
2025-09-02,3f6093566521149f8e37fa4e3fafe7cc,DEMON SLAYER -KIMETSU NO YAIBA- THE MOVIE: INFINITY CASTLE,13,10.5,6,-1
2025-09-02,4a4c71e99772e87c9e35a56acd8be21e,LEBIH DARI SELAMANYA,25,21.0,-1,4
2025-09-02,52eed153a88a6bdcb46cbb266a07cba2,PRINCESS MONONOKE (IMAX 2D),38,11.44,1,3
2025-09-02,53b77c875c67b68561415f23065e6e8d,LEBIH DARI SELAMANYA,38,17.68,-1,3
2025-09-02,6b88b1af662b72fbfa35004a8edfe2e9,DEMON SLAYER -KIMETSU NO YAIBA- THE MOVIE: INFINITY CASTLE (IMAX 2D),61,15.45,-1,2
2025-09-02,7995e00051a2fe6aeed7cfdbe0378c01,LEBIH DARI SELAMANYA,25,16.64,-1,-1
2025-09-02,81c620b2538435926cbbf15745ef5901,LEBIH DARI SELAMANYA,28,20.6,-1,-1
2025-09-02,862442166e956fe0e8355db8852d9440,DARAH NYAI,24,17.85,-1,-1
2025-09-02,88d0ee0029bee810e1d0fe37f73e2d3b,DEMON SLAYER -KIMETSU NO YAIBA- THE MOVIE: INFINITY CASTLE,18,10.4,0,5
2025-09-02,8dbfb7aeb4ed822b358347332ba630af,NOBODY 2,33,17.85,-1,-1
2025-09-02,9aab42397bbc1d1cdb49f7044dc990f0,DEMON SLAYER -KIMETSU NO YAIBA- THE MOVIE: INFINITY CASTLE,6,15.6,-1,-1
2025-09-02,9aab42397bbc1d1cdb49f7044dc990f0,LEBIH DARI SELAMANYA,35,27.3,-1,-1
2025-09-02,9cc7970100d8e4c2202f08cb78c6eb20,"BELIEVE - TAKDIR, MIMPI, KEBERANIAN",42,30.16,-1,4
2025-09-02,9cc7970100d8e4c2202f08cb78c6eb20,"LA TAHZAN: CINTA, DOSA, LUKA...",38,20.6,3,-1
2025-09-02,9cc7970100d8e4c2202f08cb78c6eb20,THE SHADOWS EDGE,19,13.65,-1,-1
2025-09-02,9d67ea34034038d9a33cf7ac63b7ac65,DEMON SLAYER -KIMETSU NO YAIBA- THE MOVIE: INFINITY CASTLE,19,13.52,-1,-1
2025-09-02,a691dd0d8274fa85ecdc7d5ad6df1628,DRACULA: A LOVE TALE,22,17.68,7,-1
2025-09-02,a6d19ebcb27f61cbf41a6552fbf68676,DRACULA: A LOVE TALE,26,18.54,2,-1
2025-09-02,b2539b1f80254243391774489b1328aa,THE SHADOWS EDGE,22,10.5,1,1
2025-09-02,b4972b48997defae8304bc9c41220c7c,DEMON SLAYER -KIMETSU NO YAIBA- THE MOVIE: INFINITY CASTLE (IMAX 2D),65,15.6,-1,4
2025-09-02,b704e8b10f13e14494b5a7a0ba39d9d9,"BELIEVE - TAKDIR, MIMPI, KEBERANIAN",34,25.2,-1,2
2025-09-02,c48b7a4426e8cbee3f7dbfe8b87d1d89,LEBIH DARI SELAMANYA,14,10.5,5,-1
2025-09-02,d297f2f746c4fd2723f3202fafcbfa1a,LABINAK,20,11.55,9,-1
2025-09-02,d297f2f746c4fd2723f3202fafcbfa1a,THE SHADOWS EDGE,19,10.3,5,2
2025-09-02,da96492ebd43c4a193238d6c3205cc40,TINGGAL MENINGGAL,36,28.35,0,-1
2025-09-02,dc77e7e26c0e5e3a5c44ec2de0cedbde,JAWS (IMAX 2D),42,15.75,1,2
2025-09-02,dc77e7e26c0e5e3a5c44ec2de0cedbde,LEBIH DARI SELAMANYA,36,21.84,2,-1
2025-09-02,e989d8fdc91de7e6ffbb72a2f5ac79f6,LABINAK,29,18.72,6,-1
2025-09-02,fbaf4d5f0c18dc603a21aef31da59ee6,LEBIH DARI SELAMANYA,26,18.54,2,-1
2025-09-02,fcf80028ec9bbf8efaee3932e529a78f,LEBIH DARI SELAMANYA,19,11.55,10,-1
2025-09-03,0191582d75f94a412c0fa12d36bcee3f,RELAY,33,19.57,3,6
2025-09-03,0191582d75f94a412c0fa12d36bcee3f,SIAPA DIA,47,26.78,2,-1
2025-09-03,04a2de432a8901363a05137a8e8de1d2,DRACULA: A LOVE TALE,32,18.9,-1,1
2025-09-03,108f9a4d181f12fd1b7e3c9adae38478,MATERIALISTS,12,10.3,5,-1
2025-09-03,6b88b1af662b72fbfa35004a8edfe2e9,PANGGIL AKU AYAH,23,16.48,6,8
2025-09-03,9cc7970100d8e4c2202f08cb78c6eb20,THE SHADOWS EDGE,52,37.08,-1,-1
2025-09-03,b704e8b10f13e14494b5a7a0ba39d9d9,"BELIEVE - TAKDIR, MIMPI, KEBERANIAN",33,23.69,-1,-1
2025-09-03,c48b7a4426e8cbee3f7dbfe8b87d1d89,LABINAK,22,17.68,7,-1
2025-09-03,c48b7a4426e8cbee3f7dbfe8b87d1d89,LEBIH DARI SELAMANYA,15,11.55,-1,-1
2025-09-03,c48b7a4426e8cbee3f7dbfe8b87d1d89,THE SHADOWS EDGE,25,20.6,-1,-1
2025-09-03,efe899b321b96d852776427476f14a06,SIAPA DIA,25,14.42,5,10
2025-09-03,fbaf4d5f0c18dc603a21aef31da59ee6,THE SHADOWS EDGE,91,65.92,-1,-1
2025-09-04,0191582d75f94a412c0fa12d36bcee3f,SIAPA DIA,66,57.2,-1,-1
2025-09-04,3f6093566521149f8e37fa4e3fafe7cc,DRACULA: A LOVE TALE,7,10.3,10,-1
2025-09-04,3f6093566521149f8e37fa4e3fafe7cc,THE SHADOWS EDGE,23,32.55,-1,-1
2025-09-04,4eb26b1058266dc50a63dc875e4d8846,THE SHADOWS EDGE,24,19.95,-1,-1
2025-09-04,7114d91eccf418326f7a9a05943c04e1,THE SHADOWS EDGE,16,12.36,6,5
2025-09-04,88d0ee0029bee810e1d0fe37f73e2d3b,"LA TAHZAN: CINTA, DOSA, LUKA...",21,11.33,2,4
2025-09-04,919c7b9859d8ce7cab47dab2463e7fab,DRACULA: A LOVE TALE,53,38.85,1,-1
2025-09-04,9cc7970100d8e4c2202f08cb78c6eb20,"LA TAHZAN: CINTA, DOSA, LUKA...",29,15.75,-1,6
2025-09-04,9cc7970100d8e4c2202f08cb78c6eb20,THE SHADOWS EDGE,20,10.5,1,1
2025-09-04,9f0564f5cabe643e4dbb08b80d3cc241,DRACULA: A LOVE TALE,28,14.56,2,5
2025-09-04,c48b7a4426e8cbee3f7dbfe8b87d1d89,THE SHADOWS EDGE,14,10.3,3,-1
2025-09-04,da96492ebd43c4a193238d6c3205cc40,DRACULA: A LOVE TALE,25,19.76,8,-1
2025-09-04,fbaf4d5f0c18dc603a21aef31da59ee6,THE SHADOWS EDGE,70,50.4,-1,7
2025-09-05,0191582d75f94a412c0fa12d36bcee3f,SIAPA DIA,93,81.12,-1,-1
2025-09-05,0318cab65e5a4dbb61243ab4747fb621,PENCARIAN TERAKHIR,42,31.2,-1,3
2025-09-05,04a2de432a8901363a05137a8e8de1d2,PENCARIAN TERAKHIR,63,37.8,-1,1
2025-09-05,1240789770bc04e7d26e5fa31c075ced,DRACULA: A LOVE TALE,61,50.4,2,-1
2025-09-05,1240789770bc04e7d26e5fa31c075ced,THE SHADOWS EDGE,76,63.0,-1,-1
2025-09-05,14b63ff2b104903ead7d884f25382e57,"LA TAHZAN: CINTA, DOSA, LUKA...",48,39.52,1,-1
2025-09-05,202dbf4df0e433f092fca1aa8162c400,THE SHADOWS EDGE,39,32.24,10,-1
2025-09-05,2e0ec493a87e740511b7b565386c06fe,"LA TAHZAN: CINTA, DOSA, LUKA...",77,62.83,-1,6
2025-09-05,2e0ec493a87e740511b7b565386c06fe,PENCARIAN TERAKHIR,46,37.8,2,-1
2025-09-05,3c41b96b56b0aab1ed5fc5e703499730,DRACULA: A LOVE TALE,29,15.45,5,10
2025-09-05,3c41b96b56b0aab1ed5fc5e703499730,THE SHADOWS EDGE,165,92.4,-1,7
2025-09-05,3f6093566521149f8e37fa4e3fafe7cc,DRACULA: A LOVE TALE,19,25.75,-1,-1
2025-09-05,3f6093566521149f8e37fa4e3fafe7cc,THE SHADOWS EDGE,54,76.96,-1,-1
2025-09-05,592095e0ddc2c230cf3002d72e9bac41,PENCARIAN TERAKHIR,30,17.85,-1,-1
2025-09-05,6b88b1af662b72fbfa35004a8edfe2e9,"LA TAHZAN: CINTA, DOSA, LUKA...",47,34.32,-1,-1
2025-09-05,7114d91eccf418326f7a9a05943c04e1,DRACULA: A LOVE TALE,28,21.63,-1,-1
2025-09-05,7114d91eccf418326f7a9a05943c04e1,"LA TAHZAN: CINTA, DOSA, LUKA...",60,47.25,-1,-1
2025-09-05,7114d91eccf418326f7a9a05943c04e1,THE SHADOWS EDGE,81,64.05,-1,-1
2025-09-05,7995e00051a2fe6aeed7cfdbe0378c01,PENCARIAN TERAKHIR,31,21.0,-1,10
2025-09-05,7995e00051a2fe6aeed7cfdbe0378c01,THE SHADOWS EDGE,28,18.54,0,-1
2025-09-05,9158e16be84a6db4d63d3289099f119b,THE SHADOWS EDGE,96,81.37,-1,-1
2025-09-05,919c7b9859d8ce7cab47dab2463e7fab,DRACULA: A LOVE TALE,70,51.5,-1,-1
2025-09-05,919c7b9859d8ce7cab47dab2463e7fab,"LA TAHZAN: CINTA, DOSA, LUKA...",100,74.55,-1,-1
2025-09-05,92e94ed55b4de8feaff9462a66e2dbd7,LABINAK,17,11.44,6,-1
2025-09-05,9715c9bc57db04a2506acfdab71ec1c6,LABINAK,35,25.75,8,-1
2025-09-05,9715c9bc57db04a2506acfdab71ec1c6,THE SHADOWS EDGE,54,42.0,9,-1
2025-09-05,981569adf232c53afe751c8c660db8d9,DRACULA: A LOVE TALE,57,39.14,-1,-1
2025-09-05,9f0564f5cabe643e4dbb08b80d3cc241,DRACULA: A LOVE TALE,103,62.4,-1,-1
2025-09-05,a9e141baa8b4ec825325397b16eeaae3,AGAPE THE UNCONDITIONAL LOVE,22,12.36,0,-1
2025-09-05,a9e141baa8b4ec825325397b16eeaae3,DRACULA: A LOVE TALE,65,39.14,-1,-1
2025-09-05,b4972b48997defae8304bc9c41220c7c,THE SHADOWS EDGE,85,61.8,-1,-1
2025-09-05,da96492ebd43c4a193238d6c3205cc40,DRACULA: A LOVE TALE,58,46.8,-1,-1
2025-09-05,e3edf631650eb304cf386709b98005f6,AGAPE THE UNCONDITIONAL LOVE,14,12.48,-1,-1
2025-09-05,e989d8fdc91de7e6ffbb72a2f5ac79f6,"LA TAHZAN: CINTA, DOSA, LUKA...",68,44.72,4,-1
2025-09-05,f54d37fc4c4d4b285aa3601041abc938,"LA TAHZAN: CINTA, DOSA, LUKA...",74,56.16,8,-1
2025-09-05,fbaf4d5f0c18dc603a21aef31da59ee6,THE SHADOWS EDGE,95,67.98,-1,-1
2025-09-06,015555fbcd8faef6b55a854605df0a87,RELAY,80,61.8,-1,-1
2025-09-06,1240789770bc04e7d26e5fa31c075ced,DRACULA: A LOVE TALE,18,14.56,5,3
2025-09-06,1240789770bc04e7d26e5fa31c075ced,THE SHADOWS EDGE,45,37.08,-1,-1
2025-09-06,14b63ff2b104903ead7d884f25382e57,"LA TAHZAN: CINTA, DOSA, LUKA...",39,30.9,-1,-1
2025-09-06,29fc89ab155e9f202326046c2e0023bb,"LA TAHZAN: CINTA, DOSA, LUKA...",123,93.73,-1,-1
2025-09-06,2e0ec493a87e740511b7b565386c06fe,"LA TAHZAN: CINTA, DOSA, LUKA...",39,31.5,1,-1
2025-09-06,4e12b237c826209f7ddc5b29a96380b6,MENJELANG MAGRIB 2: WANITA YANG DI RANTAI,46,24.72,-1,2
2025-09-06,4fc3fc370b299876663c7d5c90595853,DRACULA: A LOVE TALE,27,20.8,-1,1
2025-09-06,5b8eaa351fae8e6d1e759e814d74c1c5,AGAPE THE UNCONDITIONAL LOVE,23,24.72,-1,1
2025-09-06,6b88b1af662b72fbfa35004a8edfe2e9,"LA TAHZAN: CINTA, DOSA, LUKA...",31,22.66,-1,2
2025-09-06,7114d91eccf418326f7a9a05943c04e1,DRACULA: A LOVE TALE,22,16.48,7,7
2025-09-06,7114d91eccf418326f7a9a05943c04e1,"LA TAHZAN: CINTA, DOSA, LUKA...",31,24.15,-1,-1
2025-09-06,7114d91eccf418326f7a9a05943c04e1,THE SHADOWS EDGE,55,42.64,0,-1
2025-09-06,8dbfb7aeb4ed822b358347332ba630af,DEMON SLAYER -KIMETSU NO YAIBA- THE MOVIE: INFINITY CASTLE,177,99.75,-1,-1
2025-09-06,919c7b9859d8ce7cab47dab2463e7fab,DRACULA: A LOVE TALE,52,38.48,-1,-1
2025-09-06,919c7b9859d8ce7cab47dab2463e7fab,"LA TAHZAN: CINTA, DOSA, LUKA...",112,82.4,-1,9
2025-09-06,981569adf232c53afe751c8c660db8d9,DRACULA: A LOVE TALE,20,13.39,10,3
2025-09-06,9f0564f5cabe643e4dbb08b80d3cc241,DRACULA: A LOVE TALE,49,28.84,-1,-1
2025-09-06,a09b9ee7f937939ee25c24ef8c2e91be,AGAPE THE UNCONDITIONAL LOVE,30,48.3,-1,-1
2025-09-06,a9e141baa8b4ec825325397b16eeaae3,DRACULA: A LOVE TALE,45,27.04,8,2
2025-09-06,b4972b48997defae8304bc9c41220c7c,THE SHADOWS EDGE,79,57.2,-1,-1
2025-09-06,da96492ebd43c4a193238d6c3205cc40,DRACULA: A LOVE TALE,20,15.75,0,-1
2025-09-06,e989d8fdc91de7e6ffbb72a2f5ac79f6,AGAPE THE UNCONDITIONAL LOVE,33,30.45,-1,-1
2025-09-06,e989d8fdc91de7e6ffbb72a2f5ac79f6,"LA TAHZAN: CINTA, DOSA, LUKA...",91,60.9,4,10
2025-09-06,f54d37fc4c4d4b285aa3601041abc938,"LA TAHZAN: CINTA, DOSA, LUKA...",60,46.2,-1,-1
2025-09-06,fbaf4d5f0c18dc603a21aef31da59ee6,THE SHADOWS EDGE,91,65.92,-1,-1
2025-09-07,015555fbcd8faef6b55a854605df0a87,RELAY,58,44.29,4,-1
2025-09-07,0191582d75f94a412c0fa12d36bcee3f,AGAPE THE UNCONDITIONAL LOVE,150,92.7,-1,-1
2025-09-07,0191582d75f94a412c0fa12d36bcee3f,"LA TAHZAN: CINTA, DOSA, LUKA...",104,62.83,-1,-1
2025-09-07,29fc89ab155e9f202326046c2e0023bb,"LA TAHZAN: CINTA, DOSA, LUKA...",91,69.3,-1,-1
2025-09-07,2e0ec493a87e740511b7b565386c06fe,"LA TAHZAN: CINTA, DOSA, LUKA...",50,41.6,2,-1
2025-09-07,2e0ec493a87e740511b7b565386c06fe,PENCARIAN TERAKHIR,18,14.42,-1,3
2025-09-07,3744d5b8753c9cc72700ce7927fa0df3,THE SHADOWS EDGE,35,29.12,-1,-1
2025-09-07,3acdf298dab1b92bbaaad74d86c0c40a,AGAPE THE UNCONDITIONAL LOVE,27,19.76,6,-1
2025-09-07,4e12b237c826209f7ddc5b29a96380b6,AGAPE THE UNCONDITIONAL LOVE,45,29.87,1,-1
2025-09-07,4fc3fc370b299876663c7d5c90595853,DRACULA: A LOVE TALE,21,16.64,-1,-1
2025-09-07,592095e0ddc2c230cf3002d72e9bac41,PENCARIAN TERAKHIR,20,11.55,9,-1
2025-09-07,5b8eaa351fae8e6d1e759e814d74c1c5,AGAPE THE UNCONDITIONAL LOVE,35,37.44,-1,-1
2025-09-07,62447bb073160adcf6d6022240a3663c,PENCARIAN TERAKHIR,42,29.87,4,-1
2025-09-07,6b88b1af662b72fbfa35004a8edfe2e9,"LA TAHZAN: CINTA, DOSA, LUKA...",25,17.68,4,-1
2025-09-07,7114d91eccf418326f7a9a05943c04e1,DRACULA: A LOVE TALE,16,11.44,7,-1
2025-09-07,7114d91eccf418326f7a9a05943c04e1,"LA TAHZAN: CINTA, DOSA, LUKA...",22,16.64,-1,-1
2025-09-07,7114d91eccf418326f7a9a05943c04e1,THE SHADOWS EDGE,69,52.53,-1,-1
2025-09-07,8dbfb7aeb4ed822b358347332ba630af,DEMON SLAYER -KIMETSU NO YAIBA- THE MOVIE: INFINITY CASTLE,172,94.76,9,-1
2025-09-07,919c7b9859d8ce7cab47dab2463e7fab,DRACULA: A LOVE TALE,53,39.52,-1,4
2025-09-07,919c7b9859d8ce7cab47dab2463e7fab,"LA TAHZAN: CINTA, DOSA, LUKA...",84,61.36,-1,3
2025-09-07,9f0564f5cabe643e4dbb08b80d3cc241,DRACULA: A LOVE TALE,41,23.69,-1,-1
2025-09-07,a09b9ee7f937939ee25c24ef8c2e91be,AGAPE THE UNCONDITIONAL LOVE,15,23.92,-1,-1
2025-09-07,a6d19ebcb27f61cbf41a6552fbf68676,MENJELANG MAGRIB 2: WANITA YANG DI RANTAI,49,36.75,-1,6
2025-09-07,a9d508d218799f9dc69bb4aefc122cb3,MENJELANG MAGRIB 2: WANITA YANG DI RANTAI,20,23.1,-1,-1
2025-09-07,a9e141baa8b4ec825325397b16eeaae3,DRACULA: A LOVE TALE,47,23.69,-1,-1
2025-09-07,c71a18e33d4b7c73c8124c65fc3e6f1c,AGAPE THE UNCONDITIONAL LOVE,78,63.44,-1,-1
2025-09-07,cb2a49a747f8989ee0356ec7ac354177,"LA TAHZAN: CINTA, DOSA, LUKA...",50,36.4,-1,-1
2025-09-07,da96492ebd43c4a193238d6c3205cc40,DRACULA: A LOVE TALE,29,23.1,-1,-1
2025-09-07,da96492ebd43c4a193238d6c3205cc40,"LA TAHZAN: CINTA, DOSA, LUKA...",29,23.1,-1,-1
2025-09-07,dc77e7e26c0e5e3a5c44ec2de0cedbde,PENCARIAN TERAKHIR,21,18.54,7,-1
2025-09-07,e989d8fdc91de7e6ffbb72a2f5ac79f6,AGAPE THE UNCONDITIONAL LOVE,83,74.55,-1,1
2025-09-07,e989d8fdc91de7e6ffbb72a2f5ac79f6,"LA TAHZAN: CINTA, DOSA, LUKA...",85,56.65,-1,-1
2025-09-07,f54d37fc4c4d4b285aa3601041abc938,"LA TAHZAN: CINTA, DOSA, LUKA...",62,35.36,2,-1
2025-09-07,f54d37fc4c4d4b285aa3601041abc938,THE SHADOWS EDGE,34,30.16,4,-1
2025-09-07,fbaf4d5f0c18dc603a21aef31da59ee6,"LA TAHZAN: CINTA, DOSA, LUKA...",63,44.29,-1,1
2025-09-08,015555fbcd8faef6b55a854605df0a87,RELAY,23,17.51,8,-1
2025-09-08,0191582d75f94a412c0fa12d36bcee3f,"LA TAHZAN: CINTA, DOSA, LUKA...",68,42.0,-1,5
2025-09-08,14b63ff2b104903ead7d884f25382e57,PENCARIAN TERAKHIR,16,12.48,-1,-1
2025-09-08,29fc89ab155e9f202326046c2e0023bb,"LA TAHZAN: CINTA, DOSA, LUKA...",54,42.0,9,-1
2025-09-08,2e0ec493a87e740511b7b565386c06fe,"LA TAHZAN: CINTA, DOSA, LUKA...",45,37.8,3,-1
2025-09-08,5b8eaa351fae8e6d1e759e814d74c1c5,AGAPE THE UNCONDITIONAL LOVE,25,27.04,-1,-1
2025-09-08,62447bb073160adcf6d6022240a3663c,PENCARIAN TERAKHIR,32,23.92,-1,-1
2025-09-08,6b88b1af662b72fbfa35004a8edfe2e9,"LA TAHZAN: CINTA, DOSA, LUKA...",25,17.68,4,-1
2025-09-08,7c271f1e1351e6433b202d77b88012c2,"LA TAHZAN: CINTA, DOSA, LUKA...",40,23.1,-1,-1
2025-09-08,7cade3ea25dae25fdb8c56776676b0c7,JUJUTSU KAISEN: HIDDEN INVENTORY/PREMATURE DEATH - THE MOVIE,16,11.33,1,-1
2025-09-08,8dbfb7aeb4ed822b358347332ba630af,DEMON SLAYER -KIMETSU NO YAIBA- THE MOVIE: INFINITY CASTLE,40,21.63,5,-1
2025-09-08,9158e16be84a6db4d63d3289099f119b,AGAPE THE UNCONDITIONAL LOVE,65,53.56,-1,-1
2025-09-08,919c7b9859d8ce7cab47dab2463e7fab,"LA TAHZAN: CINTA, DOSA, LUKA...",48,36.4,-1,-1
2025-09-08,9f0564f5cabe643e4dbb08b80d3cc241,DRACULA: A LOVE TALE,48,29.4,-1,-1
2025-09-08,a09b9ee7f937939ee25c24ef8c2e91be,AGAPE THE UNCONDITIONAL LOVE,13,21.0,8,-1
2025-09-08,a9d508d218799f9dc69bb4aefc122cb3,MENJELANG MAGRIB 2: WANITA YANG DI RANTAI,10,11.44,-1,-1
2025-09-08,cb2a49a747f8989ee0356ec7ac354177,"LA TAHZAN: CINTA, DOSA, LUKA...",19,13.65,-1,-1
2025-09-08,e989d8fdc91de7e6ffbb72a2f5ac79f6,"LA TAHZAN: CINTA, DOSA, LUKA...",34,21.84,4,-1
2025-09-08,f54d37fc4c4d4b285aa3601041abc938,"LA TAHZAN: CINTA, DOSA, LUKA...",37,20.6,4,-1
2025-09-08,fbaf4d5f0c18dc603a21aef31da59ee6,"LA TAHZAN: CINTA, DOSA, LUKA...",63,45.15,-1,-1
2025-09-09,015555fbcd8faef6b55a854605df0a87,RELAY,16,11.55,-1,-1
2025-09-09,0191582d75f94a412c0fa12d36bcee3f,"LA TAHZAN: CINTA, DOSA, LUKA...",29,17.68,0,-1
2025-09-09,14b63ff2b104903ead7d884f25382e57,PENCARIAN TERAKHIR,25,19.76,8,-1
2025-09-09,29fc89ab155e9f202326046c2e0023bb,"LA TAHZAN: CINTA, DOSA, LUKA...",60,46.2,-1,-1
2025-09-09,4ed104ac0de10ba7eef50158603e0b32,THE LONG WALK,131,77.25,-1,2
2025-09-09,5b8eaa351fae8e6d1e759e814d74c1c5,"LA TAHZAN: CINTA, DOSA, LUKA...",30,17.51,1,-1
2025-09-09,7cade3ea25dae25fdb8c56776676b0c7,JUJUTSU KAISEN: HIDDEN INVENTORY/PREMATURE DEATH - THE MOVIE,17,11.55,-1,-1
2025-09-09,8dbfb7aeb4ed822b358347332ba630af,DEMON SLAYER -KIMETSU NO YAIBA- THE MOVIE: INFINITY CASTLE,28,15.45,6,9
2025-09-09,9f0564f5cabe643e4dbb08b80d3cc241,DRACULA: A LOVE TALE,45,26.78,4,-1
2025-09-09,da96492ebd43c4a193238d6c3205cc40,DRACULA: A LOVE TALE,14,11.33,3,-1
2025-09-09,f54d37fc4c4d4b285aa3601041abc938,"LA TAHZAN: CINTA, DOSA, LUKA...",24,13.52,9,-1
2025-09-09,f7734bb329cacfe21ce854ae822b6115,PENCARIAN TERAKHIR,26,21.84,-1,7
2025-09-09,fbaf4d5f0c18dc603a21aef31da59ee6,"LA TAHZAN: CINTA, DOSA, LUKA...",66,47.25,-1,-1
2025-09-09,fbaf4d5f0c18dc603a21aef31da59ee6,PENCARIAN TERAKHIR,35,25.2,-1,3
2025-09-09,fbaf4d5f0c18dc603a21aef31da59ee6,THE SHADOWS EDGE,26,18.9,5,2
2025-09-10,2e0ec493a87e740511b7b565386c06fe,MENJELANG MAGRIB 2: WANITA YANG DI RANTAI,31,24.72,-1,9
2025-09-10,3f6093566521149f8e37fa4e3fafe7cc,PANGGIL AKU AYAH,16,22.05,-1,-1
2025-09-10,4e12b237c826209f7ddc5b29a96380b6,AGAPE THE UNCONDITIONAL LOVE,25,16.64,-1,-1
2025-09-10,62447bb073160adcf6d6022240a3663c,PENCARIAN TERAKHIR,21,14.7,-1,-1
2025-09-10,7cade3ea25dae25fdb8c56776676b0c7,"LA TAHZAN: CINTA, DOSA, LUKA...",20,14.7,-1,-1
2025-09-10,c4a19cbeb409639c836e4304976db0aa,TEGAR,112,79.8,-1,-1
2025-09-10,f54d37fc4c4d4b285aa3601041abc938,"LA TAHZAN: CINTA, DOSA, LUKA...",26,14.56,4,3
2025-09-10,fbaf4d5f0c18dc603a21aef31da59ee6,"LA TAHZAN: CINTA, DOSA, LUKA...",29,20.8,-1,3
2025-09-10,fbaf4d5f0c18dc603a21aef31da59ee6,PENCARIAN TERAKHIR,20,13.65,-1,-1
2025-09-10,fbaf4d5f0c18dc603a21aef31da59ee6,THE SHADOWS EDGE,36,25.75,7,-1
2025-09-11,8dbfb7aeb4ed822b358347332ba630af,MENJELANG MAGRIB 2: WANITA YANG DI RANTAI,14,10.5,5,-1
2025-09-12,3f6093566521149f8e37fa4e3fafe7cc,PANGGIL AKU AYAH,11,14.42,4,-1
2025-09-12,4ed104ac0de10ba7eef50158603e0b32,THARAE: THE EXORCIST,98,76.96,-1,-1
2025-09-12,9f0564f5cabe643e4dbb08b80d3cc241,THE LONG WALK,53,30.9,2,-1
2025-09-12,e7ec114c2ec166155149062023617e8b,PENCARIAN TERAKHIR,13,13.65,-1,-1
2025-09-12,f3a9ac312f7bc4e2467a1bf02a6aa1e9,THE SHADOWS EDGE,24,21.84,-1,5
2025-09-13,3c41b96b56b0aab1ed5fc5e703499730,RED SONJA,53,29.4,-1,-1
2025-09-13,5a894958f375392ce7981be2eb9a26be,MENJELANG MAGRIB 2: WANITA YANG DI RANTAI,16,16.8,5,-1
2025-09-13,5a894958f375392ce7981be2eb9a26be,RED SONJA,19,20.8,7,-1
2025-09-13,8750b9ee0b0c6c6afcfcb2a05e60efc0,RED SONJA,37,18.9,-1,6
2025-09-13,8d2e05da5624875993cb8580c88334a9,RED SONJA,34,50.4,-1,-1
2025-09-13,981569adf232c53afe751c8c660db8d9,THE LONG WALK,49,33.28,-1,-1
2025-09-13,9cc7970100d8e4c2202f08cb78c6eb20,MAMA: PESAN DARI NERAKA,24,12.6,7,8
2025-09-13,9f0564f5cabe643e4dbb08b80d3cc241,RED SONJA,47,25.75,-1,4
2025-09-13,9f0564f5cabe643e4dbb08b80d3cc241,THE LONG WALK,106,65.1,-1,9
2025-09-13,e3edf631650eb304cf386709b98005f6,PENCARIAN TERAKHIR,15,15.45,2,-1
2025-09-13,e67d818ee0546f3b33d0ba2083ed4db5,THE LONG WALK,32,18.9,-1,1
2025-09-14,218c50fa4df90b3241e39ff8ffb41102,RED SONJA,24,17.51,7,-1
2025-09-14,3c41b96b56b0aab1ed5fc5e703499730,RED SONJA,30,16.64,-1,-1
2025-09-14,45f553cca86b28fedd6115abdd0ae734,MAMA: PESAN DARI NERAKA,27,13.39,3,10
2025-09-14,5a894958f375392ce7981be2eb9a26be,MENJELANG MAGRIB 2: WANITA YANG DI RANTAI,18,18.54,10,-1
2025-09-14,8d2e05da5624875993cb8580c88334a9,RED SONJA,29,42.64,-1,-1
2025-09-14,8d2e05da5624875993cb8580c88334a9,THE LONG WALK,32,47.25,-1,-1
2025-09-14,9158e16be84a6db4d63d3289099f119b,AGAPE THE UNCONDITIONAL LOVE,88,75.6,-1,-1
2025-09-14,919c7b9859d8ce7cab47dab2463e7fab,MAMA: PESAN DARI NERAKA,75,53.56,-1,-1
2025-09-14,981569adf232c53afe751c8c660db8d9,THE LONG WALK,107,73.5,-1,-1
2025-09-14,9f0564f5cabe643e4dbb08b80d3cc241,RED SONJA,31,17.85,-1,-1
2025-09-14,e8965581e1be78ac9a3145b6983ff6ec,MAMA: PESAN DARI NERAKA,43,18.9,5,-1
2025-09-14,e8965581e1be78ac9a3145b6983ff6ec,RED SONJA,26,17.85,-1,-1
2025-09-15,35de0354d956048d1c9c49ff069eaa55,MAMA: PESAN DARI NERAKA,24,20.6,-1,-1
2025-09-15,3acdf298dab1b92bbaaad74d86c0c40a,MARYAM: JANJI DAN JIWA YANG TERIKAT,110,92.4,-1,-1
2025-09-15,4ed104ac0de10ba7eef50158603e0b32,AFTERBURN,94,76.22,-1,-1
2025-09-15,4fc3fc370b299876663c7d5c90595853,THE LONG WALK,18,13.65,-1,-1
2025-09-15,8d2e05da5624875993cb8580c88334a9,RED SONJA,16,23.69,-1,-1
2025-09-15,919c7b9859d8ce7cab47dab2463e7fab,MAMA: PESAN DARI NERAKA,24,17.85,-1,-1
2025-09-15,981569adf232c53afe751c8c660db8d9,MAMA: PESAN DARI NERAKA,21,13.65,-1,-1
2025-09-15,981569adf232c53afe751c8c660db8d9,THE LONG WALK,25,16.48,4,10
2025-09-15,9cc7970100d8e4c2202f08cb78c6eb20,MAMA: PESAN DARI NERAKA,46,24.96,-1,-1
2025-09-15,9f0564f5cabe643e4dbb08b80d3cc241,RED SONJA,32,18.72,3,-1
2025-09-15,a9d508d218799f9dc69bb4aefc122cb3,MAMA: PESAN DARI NERAKA,36,28.35,0,-1
2025-09-15,e3edf631650eb304cf386709b98005f6,RED SONJA,25,16.8,-1,4
2025-09-15,e8965581e1be78ac9a3145b6983ff6ec,MAMA: PESAN DARI NERAKA,29,12.6,2,-1
2025-09-15,fcf80028ec9bbf8efaee3932e529a78f,MAMA: PESAN DARI NERAKA,17,10.4,1,4
2025-09-16,3c41b96b56b0aab1ed5fc5e703499730,RED SONJA,23,12.48,-1,-1
2025-09-18,04a2de432a8901363a05137a8e8de1d2,AFTERBURN,42,24.96,-1,-1
2025-09-18,04a2de432a8901363a05137a8e8de1d2,THARAE: THE EXORCIST,18,10.4,0,5
2025-09-18,0a8777c6c78e2d102bdf459f8550cf93,THARAE: THE EXORCIST,23,16.64,-1,-1
2025-09-18,15c7dc37db27dd76f38cc419107f7c48,MENJELANG MAGRIB 2: WANITA YANG DI RANTAI,18,17.85,-1,-1
2025-09-18,17e1e7da761f72bbb4e039ba08cc0ba0,GEREJA SETAN,47,37.8,1,-1
2025-09-18,541130ea8083a789df5d15bbfe13055a,THARAE: THE EXORCIST,21,18.72,-1,-1
2025-09-18,5b8eaa351fae8e6d1e759e814d74c1c5,AGAPE THE UNCONDITIONAL LOVE,10,11.55,-1,-1
2025-09-18,8188326fb0a403be03ea632997c8a959,SUKMA,24,20.6,-1,-1
2025-09-18,8750b9ee0b0c6c6afcfcb2a05e60efc0,RED SONJA,17,12.36,5,6
2025-09-18,a55554e941cb93c23d1522f88fd0d004,THARAE: THE EXORCIST,26,19.76,7,-1
2025-09-19,0318cab65e5a4dbb61243ab4747fb621,THARAE: THE EXORCIST,27,20.8,-1,1
2025-09-19,04a2de432a8901363a05137a8e8de1d2,AFTERBURN,18,10.3,6,1
2025-09-19,2318d3c719302ff137eb1b53fb32f0c8,ANDAI IBU TIDAK MENIKAH DENGAN AYAH,28,20.6,-1,-1
2025-09-19,2e0ec493a87e740511b7b565386c06fe,THARAE: THE EXORCIST,38,29.87,8,-1
2025-09-19,592095e0ddc2c230cf3002d72e9bac41,THE CONJURING: LAST RITES,45,23.92,5,-1
2025-09-19,81c620b2538435926cbbf15745ef5901,THE CONJURING: LAST RITES,24,17.85,-1,-1
2025-09-19,8d2e05da5624875993cb8580c88334a9,AFTERBURN,8,11.44,-1,-1
2025-09-19,8d2e05da5624875993cb8580c88334a9,THE CONJURING: LAST RITES,36,52.5,6,-1
2025-09-19,8dbfb7aeb4ed822b358347332ba630af,MENJELANG MAGRIB 2: WANITA YANG DI RANTAI,35,20.8,-1,9
2025-09-19,9158e16be84a6db4d63d3289099f119b,THARAE: THE EXORCIST,14,11.33,3,-1
2025-09-19,a09b9ee7f937939ee25c24ef8c2e91be,THARAE: THE EXORCIST,23,29.12,-1,-1
2025-09-19,e8965581e1be78ac9a3145b6983ff6ec,RED SONJA,16,10.3,1,-1
2025-09-20,0318cab65e5a4dbb61243ab4747fb621,THARAE: THE EXORCIST,42,31.2,-1,3
2025-09-20,0a8777c6c78e2d102bdf459f8550cf93,PEREMPUAN PEMBAWA SIAL,44,34.32,-1,-1
2025-09-20,17e1e7da761f72bbb4e039ba08cc0ba0,GEREJA SETAN,53,42.23,-1,-1
2025-09-20,2318d3c719302ff137eb1b53fb32f0c8,PEREMPUAN PEMBAWA SIAL,22,15.45,-1,3
2025-09-20,3744d5b8753c9cc72700ce7927fa0df3,JADI TUH BARANG,52,40.17,-1,5
2025-09-20,541130ea8083a789df5d15bbfe13055a,DETECTIVE CONAN THE MOVIE: ONE-EYED FLASHBACK,39,32.55,-1,-1
2025-09-20,580919d632e55fd9736ae1a2ac6ed0c5,DETECTIVE CONAN THE MOVIE: ONE-EYED FLASHBACK,34,23.1,-1,-1
2025-09-20,81c620b2538435926cbbf15745ef5901,THE CONJURING: LAST RITES,62,46.2,-1,-1
2025-09-20,9158e16be84a6db4d63d3289099f119b,THARAE: THE EXORCIST,25,21.0,-1,4
2025-09-20,9cc7970100d8e4c2202f08cb78c6eb20,AFTERBURN,42,30.16,-1,4
2025-09-20,9cc7970100d8e4c2202f08cb78c6eb20,GEREJA SETAN,17,11.55,-1,-1
2025-09-20,9d67ea34034038d9a33cf7ac63b7ac65,AFTERBURN,18,12.48,-1,-1
2025-09-20,a616a546264044ed616bc2bdf2d9f7fc,DETECTIVE CONAN THE MOVIE: ONE-EYED FLASHBACK,65,54.08,-1,-1
2025-09-20,c71a18e33d4b7c73c8124c65fc3e6f1c,RED SONJA,24,19.76,9,-1
2025-09-20,c71a18e33d4b7c73c8124c65fc3e6f1c,THARAE: THE EXORCIST,42,33.99,10,-1
2025-09-20,d297f2f746c4fd2723f3202fafcbfa1a,PEREMPUAN PEMBAWA SIAL,38,21.63,7,-1
2025-09-20,da6b584c30e784d15b54ad124a760b19,THARAE: THE EXORCIST,23,14.42,7,8
2025-09-20,e7ec114c2ec166155149062023617e8b,THARAE: THE EXORCIST,28,28.35,8,-1
2025-09-20,e8965581e1be78ac9a3145b6983ff6ec,A BIG BOLD BEAUTIFUL JOURNEY,26,17.85,-1,-1
2025-09-21,580919d632e55fd9736ae1a2ac6ed0c5,AFTERBURN,58,47.25,-1,-1
2025-09-21,88d0ee0029bee810e1d0fe37f73e2d3b,A BIG BOLD BEAUTIFUL JOURNEY,7,17.51,-1,-1
2025-09-21,9aab42397bbc1d1cdb49f7044dc990f0,MENJELANG MAGRIB 2: WANITA YANG DI RANTAI,68,51.5,-1,-1
2025-09-21,9cc7970100d8e4c2202f08cb78c6eb20,GEREJA SETAN,23,16.64,-1,-1
2025-09-21,a9d508d218799f9dc69bb4aefc122cb3,A BIG BOLD BEAUTIFUL JOURNEY,18,13.52,-1,-1
2025-09-21,c71a18e33d4b7c73c8124c65fc3e6f1c,RED SONJA,38,30.9,-1,-1
2025-09-21,c877324e95024e707ae23f0aed947e15,MENJELANG MAGRIB 2: WANITA YANG DI RANTAI,15,10.5,4,-1
2025-09-21,d1918db937d26e9e4ccd3e17e1ff0e2d,MARYAM: JANJI DAN JIWA YANG TERIKAT,16,12.48,-1,-1
2025-09-21,d1918db937d26e9e4ccd3e17e1ff0e2d,PEREMPUAN PEMBAWA SIAL,29,24.15,-1,-1
2025-09-21,dc77e7e26c0e5e3a5c44ec2de0cedbde,THARAE: THE EXORCIST,28,18.72,7,-1
2025-09-21,e3edf631650eb304cf386709b98005f6,A BIG BOLD BEAUTIFUL JOURNEY,34,22.66,-1,5
2025-09-22,218c50fa4df90b3241e39ff8ffb41102,PEREMPUAN PEMBAWA SIAL,22,14.7,-1,-1
2025-09-22,2318d3c719302ff137eb1b53fb32f0c8,MARYAM: JANJI DAN JIWA YANG TERIKAT,26,18.9,5,2
2025-09-22,25e1c125bdd513aa2355a8e558a1a908,DILANJUTKAN SALAH DISUDAHI PERIH,107,89.25,-1,-1
2025-09-22,3c41b96b56b0aab1ed5fc5e703499730,GEREJA SETAN,25,10.5,0,2
2025-09-22,4ed104ac0de10ba7eef50158603e0b32,STOLEN GIRL,98,77.7,10,-1
2025-09-22,580919d632e55fd9736ae1a2ac6ed0c5,AFTERBURN,18,14.42,-1,3
2025-09-22,7114d91eccf418326f7a9a05943c04e1,THARAE: THE EXORCIST,14,10.5,5,-1
2025-09-22,79d0a75ad3523955b8d0e01198d6e9c9,AFTERBURN,12,46.8,-1,-1
2025-09-22,88d0ee0029bee810e1d0fe37f73e2d3b,THE CONJURING: LAST RITES,32,11.44,3,1
2025-09-22,a9d508d218799f9dc69bb4aefc122cb3,PEREMPUAN PEMBAWA SIAL,20,16.48,9,5
2025-09-22,c35e24eefa840ac2009279f1efc52288,MARYAM: JANJI DAN JIWA YANG TERIKAT,16,11.33,1,-1
2025-09-22,e939d818a5192f48fc4b73102e3aa4b9,MARYAM: JANJI DAN JIWA YANG TERIKAT,22,12.48,-1,-1
2025-09-22,fcf80028ec9bbf8efaee3932e529a78f,THE CONJURING: LAST RITES,18,10.4,0,5
2025-09-23,0a8777c6c78e2d102bdf459f8550cf93,THE CONJURING: LAST RITES,21,15.75,2,1
2025-09-23,4fc3fc370b299876663c7d5c90595853,GEREJA SETAN,15,11.33,2,-1
2025-09-23,4fc3fc370b299876663c7d5c90595853,THARAE: THE EXORCIST,21,16.64,-1,-1
2025-09-24,1240789770bc04e7d26e5fa31c075ced,PEREMPUAN PEMBAWA SIAL,23,18.54,5,-1
2025-09-24,19f506af810fe579721721d058f6b243,AFTERBURN,14,13.65,-1,-1
2025-09-24,5a894958f375392ce7981be2eb9a26be,ANDAI IBU TIDAK MENIKAH DENGAN AYAH,13,10.4,0,-1
2025-09-24,88d0ee0029bee810e1d0fe37f73e2d3b,ANDAI IBU TIDAK MENIKAH DENGAN AYAH,21,11.33,2,4
2025-09-24,c48b7a4426e8cbee3f7dbfe8b87d1d89,THE CONJURING: LAST RITES,24,15.45,10,5
2025-09-24,dc77e7e26c0e5e3a5c44ec2de0cedbde,THARAE: THE EXORCIST,17,11.55,-1,-1
2025-09-25,88d0ee0029bee810e1d0fe37f73e2d3b,ANDAI IBU TIDAK MENIKAH DENGAN AYAH,22,12.48,-1,-1
2025-09-25,9cc7970100d8e4c2202f08cb78c6eb20,ANDAI IBU TIDAK MENIKAH DENGAN AYAH,36,26.25,6,-1
2025-09-26,0191582d75f94a412c0fa12d36bcee3f,JADI TUH BARANG,82,26.25,2,3
2025-09-26,202dbf4df0e433f092fca1aa8162c400,ONE BATTLE AFTER ANOTHER,23,18.72,-1,-1
2025-09-26,202dbf4df0e433f092fca1aa8162c400,SUKMA,18,14.7,-1,-1
2025-09-26,3c41b96b56b0aab1ed5fc5e703499730,ANDAI IBU TIDAK MENIKAH DENGAN AYAH,21,11.33,2,4
2025-09-26,3c41b96b56b0aab1ed5fc5e703499730,THE CONJURING: LAST RITES,34,18.54,4,1
2025-09-26,4ed104ac0de10ba7eef50158603e0b32,THE STRANGERS: CHAPTER 2,95,76.22,-1,-1
2025-09-26,62447bb073160adcf6d6022240a3663c,ANDAI IBU TIDAK MENIKAH DENGAN AYAH,29,21.0,-1,8
2025-09-26,9158e16be84a6db4d63d3289099f119b,JANJI SENJA,22,16.8,-1,1
2025-09-26,a6d19ebcb27f61cbf41a6552fbf68676,JADI TUH BARANG,69,52.5,-1,6
2025-09-26,c48b7a4426e8cbee3f7dbfe8b87d1d89,ONE BATTLE AFTER ANOTHER,19,12.6,-1,3
2025-09-26,f3a9ac312f7bc4e2467a1bf02a6aa1e9,PEREMPUAN PEMBAWA SIAL,13,12.6,3,-1
2025-09-26,fbaf4d5f0c18dc603a21aef31da59ee6,THE CONJURING: LAST RITES,58,42.0,5,-1
2025-09-27,015555fbcd8faef6b55a854605df0a87,THARAE: THE EXORCIST,28,21.63,-1,-1
2025-09-27,1240789770bc04e7d26e5fa31c075ced,GABBYS DOLLHOUSE: THE MOVIE,44,36.05,9,-1
2025-09-27,218c50fa4df90b3241e39ff8ffb41102,GABBYS DOLLHOUSE: THE MOVIE,24,17.68,5,-1
2025-09-27,218c50fa4df90b3241e39ff8ffb41102,SUKMA,25,15.45,9,6
2025-09-27,494c8f1916a97efe3390ba9dbab6ce7d,GABBYS DOLLHOUSE: THE MOVIE,14,10.3,3,-1
2025-09-27,4e12b237c826209f7ddc5b29a96380b6,PEREMPUAN PEMBAWA SIAL,22,11.55,7,-1
2025-09-27,57d37d0d839b9dff6f87d6b5d5b679cc,REST AREA,129,94.76,-1,-1
2025-09-27,5b8eaa351fae8e6d1e759e814d74c1c5,GABBYS DOLLHOUSE: THE MOVIE,17,10.4,1,4
2025-09-27,62447bb073160adcf6d6022240a3663c,ANDAI IBU TIDAK MENIKAH DENGAN AYAH,41,30.45,-1,-1
2025-09-27,62447bb073160adcf6d6022240a3663c,DIA BUKAN IBU,24,17.51,7,-1
2025-09-27,7114d91eccf418326f7a9a05943c04e1,GABBYS DOLLHOUSE: THE MOVIE,17,12.48,-1,-1
2025-09-27,88d0ee0029bee810e1d0fe37f73e2d3b,ANDAI IBU TIDAK MENIKAH DENGAN AYAH,29,16.64,-1,-1
2025-09-27,8d2e05da5624875993cb8580c88334a9,GABBYS DOLLHOUSE: THE MOVIE,28,18.54,0,-1
2025-09-27,9aab42397bbc1d1cdb49f7044dc990f0,GABBYS DOLLHOUSE: THE MOVIE,18,13.39,-1,1
2025-09-27,9cc7970100d8e4c2202f08cb78c6eb20,ANDAI IBU TIDAK MENIKAH DENGAN AYAH,52,37.08,-1,-1
2025-09-27,a616a546264044ed616bc2bdf2d9f7fc,GEREJA SETAN,28,21.0,-1,7
2025-09-27,a9e141baa8b4ec825325397b16eeaae3,ANDAI IBU TIDAK MENIKAH DENGAN AYAH,28,23.1,-1,-1
2025-09-27,afbb3b11f728a54ad1eb3ca34f602779,GABBYS DOLLHOUSE: THE MOVIE,28,13.65,6,-1
2025-09-27,afbb3b11f728a54ad1eb3ca34f602779,ONE BATTLE AFTER ANOTHER,26,13.65,8,-1
2025-09-27,cb2a49a747f8989ee0356ec7ac354177,GABBYS DOLLHOUSE: THE MOVIE,28,20.8,-1,2
2025-09-27,e7ec114c2ec166155149062023617e8b,DIA BUKAN IBU,35,24.72,9,-1
2025-09-27,f3a9ac312f7bc4e2467a1bf02a6aa1e9,ONE BATTLE AFTER ANOTHER,82,76.65,-1,-1
2025-09-27,f7734bb329cacfe21ce854ae822b6115,GABBYS DOLLHOUSE: THE MOVIE,25,21.0,-1,4
2025-09-27,f7734bb329cacfe21ce854ae822b6115,ONE BATTLE AFTER ANOTHER,28,22.88,7,1
2025-09-28,015555fbcd8faef6b55a854605df0a87,PEREMPUAN PEMBAWA SIAL,49,24.15,1,-1
2025-09-28,073b764928864ed8fa0b6b115bfdd685,GEREJA SETAN,51,29.87,-1,5
2025-09-28,073b764928864ed8fa0b6b115bfdd685,THARAE: THE EXORCIST,29,17.68,0,-1
2025-09-28,218c50fa4df90b3241e39ff8ffb41102,SUKMA,31,18.9,0,7
2025-09-28,312cd6ebdd3af9ac55f7b3d31ecab9c2,DIA BUKAN IBU,51,42.0,-1,9
2025-09-28,35de0354d956048d1c9c49ff069eaa55,AFTERBURN,21,13.39,9,4
2025-09-28,4e12b237c826209f7ddc5b29a96380b6,GEREJA SETAN,17,11.33,0,-1
2025-09-28,5b8eaa351fae8e6d1e759e814d74c1c5,GABBYS DOLLHOUSE: THE MOVIE,25,15.45,9,6
2025-09-28,62447bb073160adcf6d6022240a3663c,ANDAI IBU TIDAK MENIKAH DENGAN AYAH,18,12.48,-1,-1
2025-09-28,62447bb073160adcf6d6022240a3663c,SUKMA,42,30.16,-1,4
2025-09-28,7995e00051a2fe6aeed7cfdbe0378c01,DIA BUKAN IBU,19,12.48,-1,-1
2025-09-28,81c620b2538435926cbbf15745ef5901,ANDAI IBU TIDAK MENIKAH DENGAN AYAH,47,28.84,-1,-1
2025-09-28,88d0ee0029bee810e1d0fe37f73e2d3b,JADI TUH BARANG,27,15.6,7,5
2025-09-28,8d2e05da5624875993cb8580c88334a9,GABBYS DOLLHOUSE: THE MOVIE,16,23.1,-1,-1
2025-09-28,9cc7970100d8e4c2202f08cb78c6eb20,ANDAI IBU TIDAK MENIKAH DENGAN AYAH,39,28.35,-1,3
2025-09-28,a616a546264044ed616bc2bdf2d9f7fc,GEREJA SETAN,17,11.44,6,-1
2025-09-28,a691dd0d8274fa85ecdc7d5ad6df1628,AIR MATA DI UJUNG SAJADAH 2,122,99.91,-1,-1
2025-09-28,a691dd0d8274fa85ecdc7d5ad6df1628,GABBYS DOLLHOUSE: THE MOVIE,54,44.1,-1,-1
2025-09-28,a9e141baa8b4ec825325397b16eeaae3,ANDAI IBU TIDAK MENIKAH DENGAN AYAH,32,25.75,-1,-1
2025-09-28,b2539b1f80254243391774489b1328aa,DIA BUKAN IBU,112,52.53,2,8
2025-09-28,b2539b1f80254243391774489b1328aa,JADI TUH BARANG,44,20.8,3,-1
2025-09-28,c48b7a4426e8cbee3f7dbfe8b87d1d89,PEREMPUAN PEMBAWA SIAL,20,12.48,-1,-1
2025-09-28,d297f2f746c4fd2723f3202fafcbfa1a,CHAINSAW MAN - THE MOVIE: REZE ARC,25,14.7,-1,-1
2025-09-28,e3edf631650eb304cf386709b98005f6,CHAINSAW MAN - THE MOVIE: REZE ARC,21,16.64,-1,-1
2025-09-28,e3edf631650eb304cf386709b98005f6,DILANJUTKAN SALAH DISUDAHI PERIH,19,14.56,4,4
2025-09-28,f292a4101ca0420357a2d18b3a013e5f,DILANJUTKAN SALAH DISUDAHI PERIH,21,14.56,2,6
2025-09-28,f292a4101ca0420357a2d18b3a013e5f,GABBYS DOLLHOUSE: THE MOVIE,23,16.64,-1,-1
2025-09-28,f7734bb329cacfe21ce854ae822b6115,GABBYS DOLLHOUSE: THE MOVIE,19,15.6,3,2
2025-09-28,f7734bb329cacfe21ce854ae822b6115,ONE BATTLE AFTER ANOTHER,30,25.2,1,-1
2025-09-29,015555fbcd8faef6b55a854605df0a87,DIA BUKAN IBU,20,10.5,1,1
2025-09-29,073b764928864ed8fa0b6b115bfdd685,GEREJA SETAN,19,10.5,0,-1
2025-09-29,17e1e7da761f72bbb4e039ba08cc0ba0,THE CONJURING: LAST RITES,5,23.1,-1,-1
2025-09-29,218c50fa4df90b3241e39ff8ffb41102,SUKMA,24,14.7,-1,-1
2025-09-29,35de0354d956048d1c9c49ff069eaa55,GEREJA SETAN,37,33.28,-1,-1
2025-09-29,4ed104ac0de10ba7eef50158603e0b32,DEATH WHISPERER 3,130,77.25,-1,1
2025-09-29,541130ea8083a789df5d15bbfe13055a,DILANJUTKAN SALAH DISUDAHI PERIH,48,43.05,-1,-1
2025-09-29,541130ea8083a789df5d15bbfe13055a,GEREJA SETAN,14,11.33,3,-1
2025-09-29,8d2e05da5624875993cb8580c88334a9,DILANJUTKAN SALAH DISUDAHI PERIH,38,26.0,1,-1
2025-09-29,a09b9ee7f937939ee25c24ef8c2e91be,GABBYS DOLLHOUSE: THE MOVIE,14,19.95,-1,-1
2025-09-29,a616a546264044ed616bc2bdf2d9f7fc,GEREJA SETAN,19,13.52,-1,-1
2025-09-29,cb2a49a747f8989ee0356ec7ac354177,ANDAI IBU TIDAK MENIKAH DENGAN AYAH,18,12.36,4,7
2025-09-29,cb2a49a747f8989ee0356ec7ac354177,CHAINSAW MAN - THE MOVIE: REZE ARC,18,12.36,4,7
2025-09-29,e3edf631650eb304cf386709b98005f6,DILANJUTKAN SALAH DISUDAHI PERIH,41,32.96,-1,-1
2025-09-29,f292a4101ca0420357a2d18b3a013e5f,DILANJUTKAN SALAH DISUDAHI PERIH,35,25.2,-1,3
2025-09-29,f3a9ac312f7bc4e2467a1bf02a6aa1e9,DIA BUKAN IBU,12,11.55,-1,-1
2025-09-29,fbaf4d5f0c18dc603a21aef31da59ee6,THE CONJURING: LAST RITES,23,16.48,6,8
2025-09-30,1240789770bc04e7d26e5fa31c075ced,ONE BATTLE AFTER ANOTHER,25,10.3,6,1
2025-09-30,17e1e7da761f72bbb4e039ba08cc0ba0,DEATH WHISPERER 3,90,72.45,-1,-1
2025-09-30,218c50fa4df90b3241e39ff8ffb41102,DEATH WHISPERER 3,96,73.5,-1,10
2025-09-30,4fc3fc370b299876663c7d5c90595853,DEATH WHISPERER 3,98,78.75,-1,-1
2025-09-30,62447bb073160adcf6d6022240a3663c,SUKMA,32,24.15,-1,-1
2025-09-30,716ede53fbca27fbe1c1a55d6667c2b5,ONE BATTLE AFTER ANOTHER,12,10.3,5,-1
2025-09-30,7995e00051a2fe6aeed7cfdbe0378c01,DIA BUKAN IBU,16,10.5,3,-1
2025-09-30,8d2e05da5624875993cb8580c88334a9,PEREMPUAN PEMBAWA SIAL,14,11.55,-1,-1
2025-09-30,981569adf232c53afe751c8c660db8d9,GABBYS DOLLHOUSE: THE MOVIE,18,11.55,-1,-1
2025-09-30,981569adf232c53afe751c8c660db8d9,JADI TUH BARANG,16,10.5,3,-1
2025-09-30,c4a19cbeb409639c836e4304976db0aa,DEATH WHISPERER 3,100,71.76,-1,6
2025-09-30,cb2a49a747f8989ee0356ec7ac354177,ANDAI IBU TIDAK MENIKAH DENGAN AYAH,17,11.55,-1,-1
2025-09-30,cb2a49a747f8989ee0356ec7ac354177,CHAINSAW MAN - THE MOVIE: REZE ARC,20,14.7,-1,-1
2025-09-30,dc77e7e26c0e5e3a5c44ec2de0cedbde,ANDAI IBU TIDAK MENIKAH DENGAN AYAH,56,47.25,-1,-1
2025-09-30,f292a4101ca0420357a2d18b3a013e5f,DILANJUTKAN SALAH DISUDAHI PERIH,48,35.7,-1,-1
2025-09-30,f3a9ac312f7bc4e2467a1bf02a6aa1e9,DIA BUKAN IBU,15,13.39,0,-1
2025-09-30,f7734bb329cacfe21ce854ae822b6115,SUKMA,20,15.75,0,-1
