date_show,movie_title,cinema_ids,city_name,rel_day,total_ticket,total_show,occupation_rate,one_show_band
2025-04-04,A MINECRAFT MOVIE,015555fbcd8faef6b55a854605df0a87,SURABAYA,-5,234,3,51.65,False
2025-04-04,A MINECRAFT MOVIE,0191582d75f94a412c0fa12d36bcee3f,SURABAYA,-5,823,6,78.23,False
2025-04-04,A MINECRAFT MOVIE,073b764928864ed8fa0b6b115bfdd685,BATAM,-5,4,1,8.32,False
2025-04-04,A MINECRAFT MOVIE,09ff932202ae245655ae248642132086,JAMBI,-5,30,1,75.6,False
2025-04-04,A MINECRAFT MOVIE,108f9a4d181f12fd1b7e3c9adae38478,TANGERANG,-5,280,2,99.32,False
2025-04-04,A MINECRAFT MOVIE,26a644178fbdb277dc3c50997f6df7fe,PALEMBANG,-5,18,1,16.48,False
2025-04-04,A MINECRAFT MOVIE,29fc89ab155e9f202326046c2e0023bb,MAKASSAR,-5,17,1,23.1,False
2025-04-04,A MINECRAFT MOVIE,312cd6ebdd3af9ac55f7b3d31ecab9c2,BOGOR,-5,109,2,69.68,False
2025-04-04,A MINECRAFT MOVIE,35de0354d956048d1c9c49ff069eaa55,MEDAN,-5,134,4,31.2,False
2025-04-04,A MINECRAFT MOVIE,3acdf298dab1b92bbaaad74d86c0c40a,SEMARANG,-5,200,2,75.92,False
2025-04-04,A MINECRAFT MOVIE,3cc167017755a0197f18f93595c9ae85,JAMBI,-5,46,1,70.72,False
2025-04-04,A MINECRAFT MOVIE,3f6093566521149f8e37fa4e3fafe7cc,PADANG,-5,55,1,76.22,False
2025-04-04,A MINECRAFT MOVIE,4a4c71e99772e87c9e35a56acd8be21e,TERNATE,-5,9,1,7.28,False
2025-04-04,A MINECRAFT MOVIE,4e12b237c826209f7ddc5b29a96380b6,BEKASI,-5,352,4,51.48,False
2025-04-04,A MINECRAFT MOVIE,4eb26b1058266dc50a63dc875e4d8846,MATARAM,-5,72,1,58.71,False
2025-04-04,A MINECRAFT MOVIE,4ed104ac0de10ba7eef50158603e0b32,JAKARTA,-5,772,12,57.08,False
2025-04-04,A MINECRAFT MOVIE,4fc3fc370b299876663c7d5c90595853,BANJARMASIN,-5,85,1,50.96,False
2025-04-04,A MINECRAFT MOVIE,52eed153a88a6bdcb46cbb266a07cba2,TANGERANG,-5,573,5,88.79,False
2025-04-04,A MINECRAFT MOVIE,541130ea8083a789df5d15bbfe13055a,MAKASSAR,-5,35,1,28.84,False
2025-04-04,A MINECRAFT MOVIE,57d37d0d839b9dff6f87d6b5d5b679cc,SOLO,-5,37,1,93.6,False
2025-04-04,A MINECRAFT MOVIE,580919d632e55fd9736ae1a2ac6ed0c5,BATAM,-5,57,1,46.8,False
2025-04-04,A MINECRAFT MOVIE,5b8eaa351fae8e6d1e759e814d74c1c5,MEDAN,-5,133,1,62.83,True
2025-04-04,A MINECRAFT MOVIE,66d433e397ff7f3d460500704fd40a5a,PEKANBARU,-5,3,1,7.35,False
2025-04-04,A MINECRAFT MOVIE,6b88b1af662b72fbfa35004a8edfe2e9,DEPOK,-5,322,5,54.6,False
2025-04-04,A MINECRAFT MOVIE,862442166e956fe0e8355db8852d9440,TANGERANG,-5,162,4,49.61,False
2025-04-04,A MINECRAFT MOVIE,8750b9ee0b0c6c6afcfcb2a05e60efc0,BANDUNG,-5,29,1,91.35,False
2025-04-04,A MINECRAFT MOVIE,88d0ee0029bee810e1d0fe37f73e2d3b,SOLO,-5,33,1,80.85,False
2025-04-04,A MINECRAFT MOVIE,8d2e05da5624875993cb8580c88334a9,CIREBON,-5,47,1,69.3,False
2025-04-04,A MINECRAFT MOVIE,8dbfb7aeb4ed822b358347332ba630af,JAKARTA,-5,923,12,61.77,False
2025-04-04,A MINECRAFT MOVIE,9158e16be84a6db4d63d3289099f119b,JAYAPURA,-5,64,2,54.6,False
2025-04-04,A MINECRAFT MOVIE,919c7b9859d8ce7cab47dab2463e7fab,MAKASSAR,-5,122,1,65.92,False
2025-04-04,A MINECRAFT MOVIE,981569adf232c53afe751c8c660db8d9,BATAM,-5,78,1,54.6,False
2025-04-04,A MINECRAFT MOVIE,9aab42397bbc1d1cdb49f7044dc990f0,PALEMBANG,-5,104,3,17.68,False
2025-04-04,A MINECRAFT MOVIE,9cc7970100d8e4c2202f08cb78c6eb20,YOGYAKARTA,-5,233,2,100.0,False
2025-04-04,A MINECRAFT MOVIE,9f0564f5cabe643e4dbb08b80d3cc241,PONTIANAK,-5,146,1,85.49,False
2025-04-04,A MINECRAFT MOVIE,a9d508d218799f9dc69bb4aefc122cb3,MANADO,-5,136,3,22.53,False
2025-04-04,A MINECRAFT MOVIE,a9e141baa8b4ec825325397b16eeaae3,BOGOR,-5,121,1,73.5,False
2025-04-04,A MINECRAFT MOVIE,b4972b48997defae8304bc9c41220c7c,BEKASI,-5,136,2,52.5,False
2025-04-04,A MINECRAFT MOVIE,b704e8b10f13e14494b5a7a0ba39d9d9,JAKARTA,-5,496,12,28.17,False
2025-04-04,A MINECRAFT MOVIE,be8de71502987819afd4c2ceea71c539,GRESIK,-5,25,1,20.8,False
2025-04-04,A MINECRAFT MOVIE,bf33cc26f29bf266a83e35901fa80c9c,AMBON,-5,61,1,41.2,False
2025-04-04,A MINECRAFT MOVIE,c4a19cbeb409639c836e4304976db0aa,BANDUNG,-5,326,4,71.14,False
2025-04-04,A MINECRAFT MOVIE,c71a18e33d4b7c73c8124c65fc3e6f1c,MANADO,-5,159,1,70.35,False
2025-04-04,A MINECRAFT MOVIE,c877324e95024e707ae23f0aed947e15,SEMARANG,-5,95,1,73.5,False
2025-04-04,A MINECRAFT MOVIE,da96492ebd43c4a193238d6c3205cc40,PEKANBARU,-5,158,3,51.45,False
2025-04-04,A MINECRAFT MOVIE,dc6de349945f10a4a296bb50d34fc504,BANJARMASIN,-5,10,1,26.0,False
2025-04-04,A MINECRAFT MOVIE,dc77e7e26c0e5e3a5c44ec2de0cedbde,DENPASAR,-5,21,2,18.2,False
2025-04-04,A MINECRAFT MOVIE,e3edf631650eb304cf386709b98005f6,DENPASAR,-5,142,2,85.58,False
2025-04-04,A MINECRAFT MOVIE,e67d818ee0546f3b33d0ba2083ed4db5,BEKASI,-5,3,1,7.28,False
2025-04-04,A MINECRAFT MOVIE,e7ec114c2ec166155149062023617e8b,SAMARINDA,-5,109,1,75.19,False
2025-04-04,A MINECRAFT MOVIE,e8965581e1be78ac9a3145b6983ff6ec,SURABAYA,-5,33,1,82.4,False
2025-04-04,A MINECRAFT MOVIE,e989d8fdc91de7e6ffbb72a2f5ac79f6,DEPOK,-5,87,2,39.52,False
2025-04-04,A MINECRAFT MOVIE,efe899b321b96d852776427476f14a06,YOGYAKARTA,-5,9,1,22.88,False
2025-04-04,A MINECRAFT MOVIE,f3a9ac312f7bc4e2467a1bf02a6aa1e9,LAMPUNG,-5,98,1,91.52,False
2025-04-04,A MINECRAFT MOVIE,f54d37fc4c4d4b285aa3601041abc938,BOGOR,-5,169,2,66.44,False
2025-04-05,A MINECRAFT MOVIE,015555fbcd8faef6b55a854605df0a87,SURABAYA,-4,389,4,89.25,False
2025-04-05,A MINECRAFT MOVIE,0191582d75f94a412c0fa12d36bcee3f,SURABAYA,-4,1015,6,97.24,False
2025-04-05,A MINECRAFT MOVIE,073b764928864ed8fa0b6b115bfdd685,BATAM,-4,48,1,99.91,False
2025-04-05,A MINECRAFT MOVIE,09ff932202ae245655ae248642132086,JAMBI,-4,40,1,97.85,False
2025-04-05,A MINECRAFT MOVIE,108f9a4d181f12fd1b7e3c9adae38478,TANGERANG,-4,288,2,100.0,False
2025-04-05,A MINECRAFT MOVIE,15c7dc37db27dd76f38cc419107f7c48,KARAWANG,-4,135,2,93.22,False
2025-04-05,A MINECRAFT MOVIE,26a644178fbdb277dc3c50997f6df7fe,PALEMBANG,-4,107,1,100.0,False
2025-04-05,A MINECRAFT MOVIE,29fc89ab155e9f202326046c2e0023bb,MAKASSAR,-4,69,1,98.7,False
2025-04-05,A MINECRAFT MOVIE,312cd6ebdd3af9ac55f7b3d31ecab9c2,BOGOR,-4,170,2,98.37,False
2025-04-05,A MINECRAFT MOVIE,35de0354d956048d1c9c49ff069eaa55,MEDAN,-4,288,4,74.88,False
2025-04-05,A MINECRAFT MOVIE,3acdf298dab1b92bbaaad74d86c0c40a,SEMARANG,-4,272,2,100.0,False
2025-04-05,A MINECRAFT MOVIE,3c41b96b56b0aab1ed5fc5e703499730,BALIKPAPAN,-4,55,2,97.24,False
2025-04-05,A MINECRAFT MOVIE,3cc167017755a0197f18f93595c9ae85,JAMBI,-4,66,1,100.0,False
2025-04-05,A MINECRAFT MOVIE,3f6093566521149f8e37fa4e3fafe7cc,PADANG,-4,71,1,100.0,False
2025-04-05,A MINECRAFT MOVIE,490346a8a068ba7d2e3764714c6d5323,BANDUNG,-4,37,1,93.6,False
2025-04-05,A MINECRAFT MOVIE,494c8f1916a97efe3390ba9dbab6ce7d,LAMPUNG,-4,41,1,100.0,False
2025-04-05,A MINECRAFT MOVIE,4a4c71e99772e87c9e35a56acd8be21e,TERNATE,-4,117,1,99.75,False
2025-04-05,A MINECRAFT MOVIE,4a61d7e09bbe3868d79af81be96ed6ee,CIKARANG,-4,42,1,85.49,False
2025-04-05,A MINECRAFT MOVIE,4e12b237c826209f7ddc5b29a96380b6,BEKASI,-4,488,4,96.31,False
2025-04-05,A MINECRAFT MOVIE,4eb26b1058266dc50a63dc875e4d8846,MATARAM,-4,121,1,97.85,False
2025-04-05,A MINECRAFT MOVIE,4ed104ac0de10ba7eef50158603e0b32,JAKARTA,-4,1265,12,88.02,False
2025-04-05,A MINECRAFT MOVIE,4fc3fc370b299876663c7d5c90595853,BANJARMASIN,-4,144,1,100.0,False
2025-04-05,A MINECRAFT MOVIE,52eed153a88a6bdcb46cbb266a07cba2,TANGERANG,-4,625,5,100.0,False
2025-04-05,A MINECRAFT MOVIE,53b77c875c67b68561415f23065e6e8d,PADANG,-4,18,1,58.24,False
2025-04-05,A MINECRAFT MOVIE,541130ea8083a789df5d15bbfe13055a,MAKASSAR,-4,122,1,100.0,False
2025-04-05,A MINECRAFT MOVIE,57d37d0d839b9dff6f87d6b5d5b679cc,SOLO,-4,37,1,94.5,False
2025-04-05,A MINECRAFT MOVIE,580919d632e55fd9736ae1a2ac6ed0c5,BATAM,-4,127,1,100.0,False
2025-04-05,A MINECRAFT MOVIE,5b8eaa351fae8e6d1e759e814d74c1c5,MEDAN,-4,191,2,47.9,False
2025-04-05,A MINECRAFT MOVIE,66d433e397ff7f3d460500704fd40a5a,PEKANBARU,-4,23,1,57.75,False
2025-04-05,A MINECRAFT MOVIE,6b88b1af662b72fbfa35004a8edfe2e9,DEPOK,-4,502,5,97.64,False
2025-04-05,A MINECRAFT MOVIE,716ede53fbca27fbe1c1a55d6667c2b5,CIKARANG,-4,147,1,81.9,False
2025-04-05,A MINECRAFT MOVIE,79d0a75ad3523955b8d0e01198d6e9c9,CIREBON,-4,25,1,100.0,False
2025-04-05,A MINECRAFT MOVIE,8188326fb0a403be03ea632997c8a959,GORONTALO,-4,55,1,49.35,False
2025-04-05,A MINECRAFT MOVIE,862442166e956fe0e8355db8852d9440,TANGERANG,-4,722,7,94.8,False
2025-04-05,A MINECRAFT MOVIE,8750b9ee0b0c6c6afcfcb2a05e60efc0,BANDUNG,-4,29,1,91.35,False
2025-04-05,A MINECRAFT MOVIE,88d0ee0029bee810e1d0fe37f73e2d3b,SOLO,-4,37,1,93.6,False
2025-04-05,A MINECRAFT MOVIE,8d2e05da5624875993cb8580c88334a9,CIREBON,-4,71,1,100.0,False
2025-04-05,A MINECRAFT MOVIE,8dbfb7aeb4ed822b358347332ba630af,JAKARTA,-4,1478,12,97.74,False
2025-04-05,A MINECRAFT MOVIE,9158e16be84a6db4d63d3289099f119b,JAYAPURA,-4,118,2,88.07,False
2025-04-05,A MINECRAFT MOVIE,919c7b9859d8ce7cab47dab2463e7fab,MAKASSAR,-4,190,1,100.0,False
2025-04-05,A MINECRAFT MOVIE,981569adf232c53afe751c8c660db8d9,BATAM,-4,151,1,100.0,False
2025-04-05,A MINECRAFT MOVIE,9aab42397bbc1d1cdb49f7044dc990f0,PALEMBANG,-4,331,3,69.33,False
2025-04-05,A MINECRAFT MOVIE,9cc7970100d8e4c2202f08cb78c6eb20,YOGYAKARTA,-4,230,2,100.0,False
2025-04-05,A MINECRAFT MOVIE,9f0564f5cabe643e4dbb08b80d3cc241,PONTIANAK,-4,173,1,100.0,False
2025-04-05,A MINECRAFT MOVIE,a616a546264044ed616bc2bdf2d9f7fc,YOGYAKARTA,-4,48,1,68.25,False
2025-04-05,A MINECRAFT MOVIE,a9d508d218799f9dc69bb4aefc122cb3,MANADO,-4,267,3,57.4,False
2025-04-05,A MINECRAFT MOVIE,a9e141baa8b4ec825325397b16eeaae3,BOGOR,-4,172,1,100.0,False
2025-04-05,A MINECRAFT MOVIE,b4972b48997defae8304bc9c41220c7c,BEKASI,-4,316,2,98.37,False
2025-04-05,A MINECRAFT MOVIE,b704e8b10f13e14494b5a7a0ba39d9d9,JAKARTA,-4,1286,12,75.71,False
2025-04-05,A MINECRAFT MOVIE,be8de71502987819afd4c2ceea71c539,GRESIK,-4,99,1,84.0,False
2025-04-05,A MINECRAFT MOVIE,bf33cc26f29bf266a83e35901fa80c9c,AMBON,-4,138,1,92.7,True
2025-04-05,A MINECRAFT MOVIE,c4a19cbeb409639c836e4304976db0aa,BANDUNG,-4,488,4,100.0,False
2025-04-05,A MINECRAFT MOVIE,c71a18e33d4b7c73c8124c65fc3e6f1c,MANADO,-4,188,1,80.34,False
2025-04-05,A MINECRAFT MOVIE,c877324e95024e707ae23f0aed947e15,SEMARANG,-4,171,2,99.75,False
2025-04-05,A MINECRAFT MOVIE,cb2a49a747f8989ee0356ec7ac354177,BENGKULU,-4,114,1,86.1,False
2025-04-05,A MINECRAFT MOVIE,da96492ebd43c4a193238d6c3205cc40,PEKANBARU,-4,286,3,100.0,False
2025-04-05,A MINECRAFT MOVIE,dc6de349945f10a4a296bb50d34fc504,BANJARMASIN,-4,41,1,99.91,False
2025-04-05,A MINECRAFT MOVIE,dc77e7e26c0e5e3a5c44ec2de0cedbde,DENPASAR,-4,109,3,73.15,False
2025-04-05,A MINECRAFT MOVIE,e3edf631650eb304cf386709b98005f6,DENPASAR,-4,293,4,78.02,False
2025-04-05,A MINECRAFT MOVIE,e67d818ee0546f3b33d0ba2083ed4db5,BEKASI,-4,70,2,87.88,False
2025-04-05,A MINECRAFT MOVIE,e7ec114c2ec166155149062023617e8b,SAMARINDA,-4,241,2,100.0,False
2025-04-05,A MINECRAFT MOVIE,e8965581e1be78ac9a3145b6983ff6ec,SURABAYA,-4,36,1,89.61,False
2025-04-05,A MINECRAFT MOVIE,e989d8fdc91de7e6ffbb72a2f5ac79f6,DEPOK,-4,158,2,100.0,False
2025-04-05,A MINECRAFT MOVIE,efe899b321b96d852776427476f14a06,YOGYAKARTA,-4,38,1,95.68,False
2025-04-05,A MINECRAFT MOVIE,f292a4101ca0420357a2d18b3a013e5f,PALU,-4,72,2,46.8,False
2025-04-05,A MINECRAFT MOVIE,f3a9ac312f7bc4e2467a1bf02a6aa1e9,LAMPUNG,-4,111,1,100.0,False
2025-04-05,A MINECRAFT MOVIE,f54d37fc4c4d4b285aa3601041abc938,BOGOR,-4,287,3,91.33,False
2025-04-05,A MINECRAFT MOVIE,fbaf4d5f0c18dc603a21aef31da59ee6,SAMARINDA,-4,105,2,95.79,False
2025-04-06,A MINECRAFT MOVIE,015555fbcd8faef6b55a854605df0a87,SURABAYA,-3,408,4,95.03,False
2025-04-06,A MINECRAFT MOVIE,0191582d75f94a412c0fa12d36bcee3f,SURABAYA,-3,1132,7,96.23,False
2025-04-06,A MINECRAFT MOVIE,073b764928864ed8fa0b6b115bfdd685,BATAM,-3,50,1,100.0,False
2025-04-06,A MINECRAFT MOVIE,09ff932202ae245655ae248642132086,JAMBI,-3,41,1,100.0,False
2025-04-06,A MINECRAFT MOVIE,108f9a4d181f12fd1b7e3c9adae38478,TANGERANG,-3,291,2,100.0,False
2025-04-06,A MINECRAFT MOVIE,15c7dc37db27dd76f38cc419107f7c48,KARAWANG,-3,137,2,96.82,False
2025-04-06,A MINECRAFT MOVIE,26a644178fbdb277dc3c50997f6df7fe,PALEMBANG,-3,91,1,87.36,False
2025-04-06,A MINECRAFT MOVIE,29fc89ab155e9f202326046c2e0023bb,MAKASSAR,-3,65,1,92.7,False
2025-04-06,A MINECRAFT MOVIE,312cd6ebdd3af9ac55f7b3d31ecab9c2,BOGOR,-3,177,2,100.0,False
2025-04-06,A MINECRAFT MOVIE,35de0354d956048d1c9c49ff069eaa55,MEDAN,-3,320,4,93.34,False
2025-04-06,A MINECRAFT MOVIE,3acdf298dab1b92bbaaad74d86c0c40a,SEMARANG,-3,259,2,100.0,False
2025-04-06,A MINECRAFT MOVIE,3c41b96b56b0aab1ed5fc5e703499730,BALIKPAPAN,-3,59,2,100.0,False
2025-04-06,A MINECRAFT MOVIE,3cc167017755a0197f18f93595c9ae85,JAMBI,-3,67,1,100.0,False
2025-04-06,A MINECRAFT MOVIE,3f6093566521149f8e37fa4e3fafe7cc,PADANG,-3,73,1,100.0,False
2025-04-06,A MINECRAFT MOVIE,490346a8a068ba7d2e3764714c6d5323,BANDUNG,-3,40,1,97.85,False
2025-04-06,A MINECRAFT MOVIE,494c8f1916a97efe3390ba9dbab6ce7d,LAMPUNG,-3,42,1,100.0,False
2025-04-06,A MINECRAFT MOVIE,4a4c71e99772e87c9e35a56acd8be21e,TERNATE,-3,114,1,94.76,False
2025-04-06,A MINECRAFT MOVIE,4a61d7e09bbe3868d79af81be96ed6ee,CIKARANG,-3,36,1,75.6,False
2025-04-06,A MINECRAFT MOVIE,4e12b237c826209f7ddc5b29a96380b6,BEKASI,-3,488,4,99.65,False
2025-04-06,A MINECRAFT MOVIE,4eb26b1058266dc50a63dc875e4d8846,MATARAM,-3,125,1,100.0,False
2025-04-06,A MINECRAFT MOVIE,4ed104ac0de10ba7eef50158603e0b32,JAKARTA,-3,1348,12,95.55,False
2025-04-06,A MINECRAFT MOVIE,4fc3fc370b299876663c7d5c90595853,BANJARMASIN,-3,144,1,100.0,False
2025-04-06,A MINECRAFT MOVIE,52eed153a88a6bdcb46cbb266a07cba2,TANGERANG,-3,611,5,98.47,False
2025-04-06,A MINECRAFT MOVIE,541130ea8083a789df5d15bbfe13055a,MAKASSAR,-3,124,1,100.0,False
2025-04-06,A MINECRAFT MOVIE,57d37d0d839b9dff6f87d6b5d5b679cc,SOLO,-3,37,1,93.6,False
2025-04-06,A MINECRAFT MOVIE,580919d632e55fd9736ae1a2ac6ed0c5,BATAM,-3,125,1,100.0,False
2025-04-06,A MINECRAFT MOVIE,5b8eaa351fae8e6d1e759e814d74c1c5,MEDAN,-3,237,2,82.43,False
2025-04-06,A MINECRAFT MOVIE,66d433e397ff7f3d460500704fd40a5a,PEKANBARU,-3,40,1,97.85,False
2025-04-06,A MINECRAFT MOVIE,6b88b1af662b72fbfa35004a8edfe2e9,DEPOK,-3,502,5,98.38,False
2025-04-06,A MINECRAFT MOVIE,716ede53fbca27fbe1c1a55d6667c2b5,CIKARANG,-3,126,1,69.68,False
2025-04-06,A MINECRAFT MOVIE,79d0a75ad3523955b8d0e01198d6e9c9,CIREBON,-3,25,1,100.0,False
2025-04-06,A MINECRAFT MOVIE,8188326fb0a403be03ea632997c8a959,GORONTALO,-3,97,1,85.49,False
2025-04-06,A MINECRAFT MOVIE,862442166e956fe0e8355db8852d9440,TANGERANG,-3,733,7,97.5,False
2025-04-06,A MINECRAFT MOVIE,8750b9ee0b0c6c6afcfcb2a05e60efc0,BANDUNG,-3,31,1,95.79,False
2025-04-06,A MINECRAFT MOVIE,88d0ee0029bee810e1d0fe37f73e2d3b,SOLO,-3,39,1,97.85,False
2025-04-06,A MINECRAFT MOVIE,8d2e05da5624875993cb8580c88334a9,CIREBON,-3,71,1,100.0,False
2025-04-06,A MINECRAFT MOVIE,8dbfb7aeb4ed822b358347332ba630af,JAKARTA,-3,1474,12,99.32,False
2025-04-06,A MINECRAFT MOVIE,9158e16be84a6db4d63d3289099f119b,JAYAPURA,-3,110,2,65.0,False
2025-04-06,A MINECRAFT MOVIE,919c7b9859d8ce7cab47dab2463e7fab,MAKASSAR,-3,191,1,100.0,False
2025-04-06,A MINECRAFT MOVIE,981569adf232c53afe751c8c660db8d9,BATAM,-3,151,1,100.0,False
2025-04-06,A MINECRAFT MOVIE,9aab42397bbc1d1cdb49f7044dc990f0,PALEMBANG,-3,334,3,71.41,False
2025-04-06,A MINECRAFT MOVIE,9cc7970100d8e4c2202f08cb78c6eb20,YOGYAKARTA,-3,231,2,100.0,False
2025-04-06,A MINECRAFT MOVIE,9f0564f5cabe643e4dbb08b80d3cc241,PONTIANAK,-3,171,1,100.0,False
2025-04-06,A MINECRAFT MOVIE,a616a546264044ed616bc2bdf2d9f7fc,YOGYAKARTA,-3,49,1,70.72,False
2025-04-06,A MINECRAFT MOVIE,a9d508d218799f9dc69bb4aefc122cb3,MANADO,-3,239,3,57.4,False
2025-04-06,A MINECRAFT MOVIE,a9e141baa8b4ec825325397b16eeaae3,BOGOR,-3,171,1,100.0,False
2025-04-06,A MINECRAFT MOVIE,b4972b48997defae8304bc9c41220c7c,BEKASI,-3,322,2,98.37,False
2025-04-06,A MINECRAFT MOVIE,b704e8b10f13e14494b5a7a0ba39d9d9,JAKARTA,-3,1348,12,86.41,False
2025-04-06,A MINECRAFT MOVIE,be8de71502987819afd4c2ceea71c539,GRESIK,-3,123,1,100.0,False
2025-04-06,A MINECRAFT MOVIE,bf33cc26f29bf266a83e35901fa80c9c,AMBON,-3,133,1,90.64,True
2025-04-06,A MINECRAFT MOVIE,c4a19cbeb409639c836e4304976db0aa,BANDUNG,-3,479,4,100.0,False
2025-04-06,A MINECRAFT MOVIE,c71a18e33d4b7c73c8124c65fc3e6f1c,MANADO,-3,200,1,87.36,False
2025-04-06,A MINECRAFT MOVIE,c877324e95024e707ae23f0aed947e15,SEMARANG,-3,171,2,99.75,False
2025-04-06,A MINECRAFT MOVIE,cb2a49a747f8989ee0356ec7ac354177,BENGKULU,-3,138,1,100.0,True
2025-04-06,A MINECRAFT MOVIE,da96492ebd43c4a193238d6c3205cc40,PEKANBARU,-3,275,3,90.98,False
2025-04-06,A MINECRAFT MOVIE,dc6de349945f10a4a296bb50d34fc504,BANJARMASIN,-3,21,1,52.0,False
2025-04-06,A MINECRAFT MOVIE,dc77e7e26c0e5e3a5c44ec2de0cedbde,DENPASAR,-3,125,3,85.97,False
2025-04-06,A MINECRAFT MOVIE,e3edf631650eb304cf386709b98005f6,DENPASAR,-3,328,4,95.29,False
2025-04-06,A MINECRAFT MOVIE,e67d818ee0546f3b33d0ba2083ed4db5,BEKASI,-3,81,2,100.0,False
2025-04-06,A MINECRAFT MOVIE,e7ec114c2ec166155149062023617e8b,SAMARINDA,-3,241,2,100.0,False
2025-04-06,A MINECRAFT MOVIE,e8965581e1be78ac9a3145b6983ff6ec,SURABAYA,-3,34,1,85.28,False
2025-04-06,A MINECRAFT MOVIE,e989d8fdc91de7e6ffbb72a2f5ac79f6,DEPOK,-3,150,2,99.75,False
2025-04-06,A MINECRAFT MOVIE,efe899b321b96d852776427476f14a06,YOGYAKARTA,-3,40,1,98.8,False
2025-04-06,A MINECRAFT MOVIE,f292a4101ca0420357a2d18b3a013e5f,PALU,-3,175,2,97.13,False
2025-04-06,A MINECRAFT MOVIE,f3a9ac312f7bc4e2467a1bf02a6aa1e9,LAMPUNG,-3,110,1,100.0,False
2025-04-06,A MINECRAFT MOVIE,f54d37fc4c4d4b285aa3601041abc938,BOGOR,-3,298,3,99.22,False
2025-04-06,A MINECRAFT MOVIE,fbaf4d5f0c18dc603a21aef31da59ee6,SAMARINDA,-3,110,2,100.0,False
2025-04-07,PINJAM 100 THE MOVIE,8dbfb7aeb4ed822b358347332ba630af,JAKARTA,-3,1343,3,100.0,False
2025-04-08,A MINECRAFT MOVIE (IMAX 2D),108f9a4d181f12fd1b7e3c9adae38478,TANGERANG,-1,612,2,100.0,False
2025-04-08,MUSLIHAT,4ed104ac0de10ba7eef50158603e0b32,JAKARTA,-9,1374,5,100.0,False
2025-04-08,MUSLIHAT,b704e8b10f13e14494b5a7a0ba39d9d9,JAKARTA,-9,166,4,100.0,False
2025-04-09,TABAYYUN,4ed104ac0de10ba7eef50158603e0b32,JAKARTA,-29,135,1,100.0,True
2025-04-10,THE AMATEUR,4ed104ac0de10ba7eef50158603e0b32,JAKARTA,-1,1238,4,100.0,False
2025-04-10,MUSLIHAT,7c271f1e1351e6433b202d77b88012c2,CIREBON,-7,481,2,100.0,False
2025-04-10,MUSLIHAT,8d2e05da5624875993cb8580c88334a9,CIREBON,-7,416,2,100.0,False
2025-04-10,PENGEPUNGAN DI BUKIT DURI,8dbfb7aeb4ed822b358347332ba630af,JAKARTA,-7,1999,5,100.0,False
2025-04-11,MUSLIHAT,490346a8a068ba7d2e3764714c6d5323,BANDUNG,-6,321,2,100.0,False
2025-04-11,PENGEPUNGAN DI BUKIT DURI,8dbfb7aeb4ed822b358347332ba630af,JAKARTA,-6,183,1,100.0,False
2025-04-11,RUMAH UNTUK ALIE,8dbfb7aeb4ed822b358347332ba630af,JAKARTA,-6,1146,3,100.0,False
2025-04-11,THE KING OF KINGS,8dbfb7aeb4ed822b358347332ba630af,JAKARTA,-7,108,1,75.92,False
2025-04-12,MUSLIHAT,26d1d720bc7e60c1b1a56630e3ba2c5d,GARUT,-5,483,2,100.0,False
2025-04-12,PENGEPUNGAN DI BUKIT DURI,3acdf298dab1b92bbaaad74d86c0c40a,SEMARANG,-5,160,1,100.0,False
2025-04-12,RUMAH UNTUK ALIE,4e12b237c826209f7ddc5b29a96380b6,BEKASI,-5,258,1,100.0,False
2025-04-12,MUSLIHAT,d33850e3698903061b4c18886ce00c9d,GARUT,-5,317,2,100.0,False
2025-04-13,PENGEPUNGAN DI BUKIT DURI,0191582d75f94a412c0fa12d36bcee3f,SURABAYA,-4,167,1,100.0,False
2025-04-13,RUMAH UNTUK ALIE,312cd6ebdd3af9ac55f7b3d31ecab9c2,BOGOR,-4,245,1,100.0,False
2025-04-13,RUMAH UNTUK ALIE,dc77e7e26c0e5e3a5c44ec2de0cedbde,DENPASAR,-4,159,1,100.0,False
2025-04-13,MUSLIHAT,ecace029de4a6bd4ae872928509cd71d,TASIKMALAYA,-4,453,2,100.0,False
2025-04-14,RUMAH UNTUK ALIE,108f9a4d181f12fd1b7e3c9adae38478,TANGERANG,-3,317,2,100.0,False
2025-04-14,WARFARE,4ed104ac0de10ba7eef50158603e0b32,JAKARTA,-25,103,1,85.28,False
2025-04-14,RUMAH UNTUK ALIE,52eed153a88a6bdcb46cbb266a07cba2,TANGERANG,-3,290,1,100.0,False
2025-04-14,PENGEPUNGAN DI BUKIT DURI,5b8eaa351fae8e6d1e759e814d74c1c5,MEDAN,-3,150,1,100.0,False
2025-04-15,RUMAH UNTUK ALIE,4ed104ac0de10ba7eef50158603e0b32,JAKARTA,-2,238,1,100.0,False
2025-04-15,SINNERS (IMAX 2D),b704e8b10f13e14494b5a7a0ba39d9d9,JAKARTA,-1,576,2,100.0,False
2025-04-16,RUMAH UNTUK ALIE,4ed104ac0de10ba7eef50158603e0b32,JAKARTA,-1,210,1,100.0,False
2025-04-16,TABAYYUN,4ed104ac0de10ba7eef50158603e0b32,JAKARTA,-22,135,1,100.0,True
2025-04-16,SAH! KATANYA...,8dbfb7aeb4ed822b358347332ba630af,JAKARTA,-8,1157,3,100.0,False
2025-04-17,TABAYYUN,4ed104ac0de10ba7eef50158603e0b32,JAKARTA,-21,134,1,100.0,True
2025-04-17,ANAK MEDAN: COCOK KO RASA???,8dbfb7aeb4ed822b358347332ba630af,JAKARTA,-7,1444,4,100.0,False
2025-04-17,MANGKU POCONG,8dbfb7aeb4ed822b358347332ba630af,JAKARTA,-7,129,1,100.0,False
2025-04-18,SAH! KATANYA...,29fc89ab155e9f202326046c2e0023bb,MAKASSAR,-6,178,1,100.0,False
2025-04-18,SAH! KATANYA...,8dbfb7aeb4ed822b358347332ba630af,JAKARTA,-6,151,1,100.0,False
2025-04-18,SAH! KATANYA...,f3a9ac312f7bc4e2467a1bf02a6aa1e9,LAMPUNG,-6,110,1,100.0,False
2025-04-18,SAH! KATANYA...,f54d37fc4c4d4b285aa3601041abc938,BOGOR,-6,135,1,100.0,True
2025-04-19,MENDADAK DANGDUT,108f9a4d181f12fd1b7e3c9adae38478,TANGERANG,-11,595,4,100.0,False
2025-04-19,MENDADAK DANGDUT,3744d5b8753c9cc72700ce7927fa0df3,SIDOARJO,-11,134,1,100.0,True
2025-04-19,MENDADAK DANGDUT,4ed104ac0de10ba7eef50158603e0b32,JAKARTA,-11,478,3,100.0,False
2025-04-19,SAH! KATANYA...,4ed104ac0de10ba7eef50158603e0b32,JAKARTA,-5,138,1,100.0,True
2025-04-19,ANAK MEDAN: COCOK KO RASA???,5b8eaa351fae8e6d1e759e814d74c1c5,MEDAN,-5,88,1,100.0,False
2025-04-19,MENDADAK DANGDUT,862442166e956fe0e8355db8852d9440,TANGERANG,-11,297,2,100.0,False
2025-04-19,MENDADAK DANGDUT,8dbfb7aeb4ed822b358347332ba630af,JAKARTA,-11,311,2,100.0,False
2025-04-19,MENDADAK DANGDUT,b4972b48997defae8304bc9c41220c7c,BEKASI,-11,303,2,100.0,False
2025-04-19,SAH! KATANYA...,b4972b48997defae8304bc9c41220c7c,BEKASI,-5,141,1,100.0,False
2025-04-19,SAH! KATANYA...,bf33cc26f29bf266a83e35901fa80c9c,AMBON,-5,151,1,100.0,False
2025-04-19,SAH! KATANYA...,c4a19cbeb409639c836e4304976db0aa,BANDUNG,-5,142,1,100.0,False
2025-04-19,SAH! KATANYA...,dc77e7e26c0e5e3a5c44ec2de0cedbde,DENPASAR,-5,114,1,100.0,False
2025-04-19,MENDADAK DANGDUT,ecace029de4a6bd4ae872928509cd71d,TASIKMALAYA,-11,152,1,100.0,False
2025-04-20,MENDADAK DANGDUT,108f9a4d181f12fd1b7e3c9adae38478,TANGERANG,-10,297,2,100.0,False
2025-04-20,SAH! KATANYA...,35de0354d956048d1c9c49ff069eaa55,MEDAN,-4,116,1,100.0,False
2025-04-20,SAH! KATANYA...,3acdf298dab1b92bbaaad74d86c0c40a,SEMARANG,-4,188,1,100.0,False
2025-04-20,MENDADAK DANGDUT,4ed104ac0de10ba7eef50158603e0b32,JAKARTA,-10,273,2,100.0,False
2025-04-20,SAH! KATANYA...,7c271f1e1351e6433b202d77b88012c2,CIREBON,-4,178,1,100.0,False
2025-04-20,MENDADAK DANGDUT,862442166e956fe0e8355db8852d9440,TANGERANG,-10,302,2,100.0,False
2025-04-20,MENDADAK DANGDUT,8dbfb7aeb4ed822b358347332ba630af,JAKARTA,-10,164,1,100.0,False
2025-04-20,SAH! KATANYA...,c48b7a4426e8cbee3f7dbfe8b87d1d89,PEKALONGAN,-4,123,1,100.0,False
2025-04-21,SAH! KATANYA...,0191582d75f94a412c0fa12d36bcee3f,SURABAYA,-3,170,1,100.0,False
2025-04-21,SAH! KATANYA...,14b63ff2b104903ead7d884f25382e57,MALANG,-3,126,1,100.0,False
2025-04-21,SAH! KATANYA...,218c50fa4df90b3241e39ff8ffb41102,SOLO,-3,152,1,100.0,False
2025-04-21,PERANG KOTA,8dbfb7aeb4ed822b358347332ba630af,JAKARTA,-9,1684,4,100.0,False
2025-04-21,SAH! KATANYA...,9cc7970100d8e4c2202f08cb78c6eb20,YOGYAKARTA,-3,142,1,100.0,False
2025-04-21,DROP,b704e8b10f13e14494b5a7a0ba39d9d9,JAKARTA,-2,512,2,100.0,False
2025-04-22,SAYAP SAYAP PATAH 2: OLIVIA,4ed104ac0de10ba7eef50158603e0b32,JAKARTA,-16,227,1,100.0,False
2025-04-22,SAH! KATANYA...,4fc3fc370b299876663c7d5c90595853,BANJARMASIN,-2,129,1,100.0,False
2025-04-22,SAH! KATANYA...,6b88b1af662b72fbfa35004a8edfe2e9,DEPOK,-2,142,1,100.0,False
2025-04-22,MENDADAK DANGDUT,8dbfb7aeb4ed822b358347332ba630af,JAKARTA,-8,1684,4,100.0,False
2025-04-22,SAH! KATANYA...,9aab42397bbc1d1cdb49f7044dc990f0,PALEMBANG,-2,134,1,100.0,True
2025-04-22,UNTIL DAWN,b704e8b10f13e14494b5a7a0ba39d9d9,JAKARTA,-1,412,2,100.0,False
2025-04-22,SAH! KATANYA...,be8de71502987819afd4c2ceea71c539,GRESIK,-2,124,1,100.0,False
2025-04-23,MENDADAK DANGDUT,4ed104ac0de10ba7eef50158603e0b32,JAKARTA,-7,304,1,100.0,False
2025-04-23,TABAYYUN,4ed104ac0de10ba7eef50158603e0b32,JAKARTA,-15,136,1,100.0,True
2025-04-23,THE ACCOUNTANT 2,8dbfb7aeb4ed822b358347332ba630af,JAKARTA,-2,1034,2,100.0,False
2025-04-23,ANAK MEDAN: COCOK KO RASA???,9715c9bc57db04a2506acfdab71ec1c6,RANTAU PRAPAT,-1,134,1,100.0,True
2025-04-23,MENDADAK DANGDUT,b704e8b10f13e14494b5a7a0ba39d9d9,JAKARTA,-7,216,2,100.0,False
2025-04-24,MENDADAK DANGDUT,108f9a4d181f12fd1b7e3c9adae38478,TANGERANG,-6,164,1,100.0,False
2025-04-24,MENDADAK DANGDUT,4e12b237c826209f7ddc5b29a96380b6,BEKASI,-6,188,1,100.0,False
2025-04-24,MENDADAK DANGDUT,4ed104ac0de10ba7eef50158603e0b32,JAKARTA,-6,411,2,100.0,False
2025-04-24,TABAYYUN,4ed104ac0de10ba7eef50158603e0b32,JAKARTA,-14,137,1,100.0,True
2025-04-24,MENDADAK DANGDUT,a9e141baa8b4ec825325397b16eeaae3,BOGOR,-6,169,1,100.0,False
2025-04-24,MENDADAK DANGDUT,b4972b48997defae8304bc9c41220c7c,BEKASI,-6,281,2,100.0,False
2025-04-24,MENDADAK DANGDUT,b704e8b10f13e14494b5a7a0ba39d9d9,JAKARTA,-6,210,2,100.0,False
2025-04-24,SOMEBODY,b704e8b10f13e14494b5a7a0ba39d9d9,JAKARTA,-8,62,1,86.52,False
2025-04-25,MENDADAK DANGDUT,17e1e7da761f72bbb4e039ba08cc0ba0,SEMARANG,-5,114,1,100.0,False
2025-04-25,MENDADAK DANGDUT,312cd6ebdd3af9ac55f7b3d31ecab9c2,BOGOR,-5,145,1,100.0,False
2025-04-25,MENDADAK DANGDUT,35de0354d956048d1c9c49ff069eaa55,MEDAN,-5,162,1,100.0,False
2025-04-25,MENDADAK DANGDUT,4ed104ac0de10ba7eef50158603e0b32,JAKARTA,-5,784,3,100.0,False
2025-04-25,MENDADAK DANGDUT,862442166e956fe0e8355db8852d9440,TANGERANG,-5,150,1,100.0,False
2025-04-25,PENJAGAL IBLIS DOSA TURUNAN,8dbfb7aeb4ed822b358347332ba630af,JAKARTA,-5,1684,4,100.0,False
2025-04-25,MENDADAK DANGDUT,b704e8b10f13e14494b5a7a0ba39d9d9,JAKARTA,-5,218,2,100.0,False
2025-04-25,THUNDERBOLTS* (IMAX 2D),b704e8b10f13e14494b5a7a0ba39d9d9,JAKARTA,-5,576,2,100.0,False
2025-04-25,MENDADAK DANGDUT,c4a19cbeb409639c836e4304976db0aa,BANDUNG,-5,150,1,99.91,False
2025-04-25,MENDADAK DANGDUT,d1918db937d26e9e4ccd3e17e1ff0e2d,SUMEDANG,-5,157,1,100.0,False
2025-04-25,MENDADAK DANGDUT,e67d818ee0546f3b33d0ba2083ed4db5,BEKASI,-5,187,1,100.0,False
2025-04-25,MENDADAK DANGDUT,f54d37fc4c4d4b285aa3601041abc938,BOGOR,-5,294,2,100.0,False
2025-04-26,MENDADAK DANGDUT,0191582d75f94a412c0fa12d36bcee3f,SURABAYA,-4,170,1,100.0,False
2025-04-26,MENDADAK DANGDUT,218c50fa4df90b3241e39ff8ffb41102,SOLO,-4,153,1,100.0,False
2025-04-26,MENDADAK DANGDUT,312cd6ebdd3af9ac55f7b3d31ecab9c2,BOGOR,-4,143,1,100.0,False
2025-04-26,MENDADAK DANGDUT,35de0354d956048d1c9c49ff069eaa55,MEDAN,-4,158,1,100.0,False
2025-04-26,MENDADAK DANGDUT,3c41b96b56b0aab1ed5fc5e703499730,BALIKPAPAN,-4,218,1,100.0,False
2025-04-26,MENDADAK DANGDUT,490346a8a068ba7d2e3764714c6d5323,BANDUNG,-4,403,3,100.0,False
2025-04-26,MENDADAK DANGDUT,4e12b237c826209f7ddc5b29a96380b6,BEKASI,-4,123,1,100.0,False
2025-04-26,MENDADAK DANGDUT,4ed104ac0de10ba7eef50158603e0b32,JAKARTA,-4,271,2,100.0,False
2025-04-26,PERANG KOTA,4ed104ac0de10ba7eef50158603e0b32,JAKARTA,-4,169,1,100.0,False
2025-04-26,PENJAGAL IBLIS DOSA TURUNAN,541130ea8083a789df5d15bbfe13055a,MAKASSAR,-4,114,1,100.0,False
2025-04-26,MENDADAK DANGDUT,5b8eaa351fae8e6d1e759e814d74c1c5,MEDAN,-4,131,1,100.0,True
2025-04-26,PENJAGAL IBLIS DOSA TURUNAN,5b8eaa351fae8e6d1e759e814d74c1c5,MEDAN,-4,87,1,100.0,False
2025-04-26,MENDADAK DANGDUT,6b88b1af662b72fbfa35004a8edfe2e9,DEPOK,-4,195,1,100.0,False
2025-04-26,MENDADAK DANGDUT,7cade3ea25dae25fdb8c56776676b0c7,CILEGON,-4,134,1,100.0,True
2025-04-26,MENDADAK DANGDUT,862442166e956fe0e8355db8852d9440,TANGERANG,-4,181,1,100.0,False
2025-04-26,PENJAGAL IBLIS DOSA TURUNAN,8750b9ee0b0c6c6afcfcb2a05e60efc0,BANDUNG,-4,150,1,100.0,False
2025-04-26,MENDADAK DANGDUT,8dbfb7aeb4ed822b358347332ba630af,JAKARTA,-4,431,3,100.0,False
2025-04-26,PENJAGAL IBLIS DOSA TURUNAN,8dbfb7aeb4ed822b358347332ba630af,JAKARTA,-4,154,1,100.0,False
2025-04-26,MENDADAK DANGDUT,9f0564f5cabe643e4dbb08b80d3cc241,PONTIANAK,-4,173,1,100.0,False
2025-04-26,MENDADAK DANGDUT,a691dd0d8274fa85ecdc7d5ad6df1628,LAMPUNG,-4,125,1,100.0,False
2025-04-26,MENDADAK DANGDUT,a9d508d218799f9dc69bb4aefc122cb3,MANADO,-4,115,1,100.0,False
2025-04-26,MENDADAK DANGDUT,b704e8b10f13e14494b5a7a0ba39d9d9,JAKARTA,-4,414,3,100.0,False
2025-04-26,MENDADAK DANGDUT,c4a19cbeb409639c836e4304976db0aa,BANDUNG,-4,413,3,100.0,False
2025-04-26,MENDADAK DANGDUT,ecace029de4a6bd4ae872928509cd71d,TASIKMALAYA,-4,150,1,100.0,False
2025-04-26,PENJAGAL IBLIS DOSA TURUNAN,ef2896a95abe2a2b4cfee245dc1e36ec,CIKARANG,-4,133,1,100.0,True
2025-04-26,MENDADAK DANGDUT,f3a9ac312f7bc4e2467a1bf02a6aa1e9,LAMPUNG,-4,109,1,100.0,False
2025-04-26,PENJAGAL IBLIS DOSA TURUNAN,f54d37fc4c4d4b285aa3601041abc938,BOGOR,-4,135,1,100.0,True
2025-04-27,MENDADAK DANGDUT,108f9a4d181f12fd1b7e3c9adae38478,TANGERANG,-3,396,2,100.0,False
2025-04-27,MENDADAK DANGDUT,26a644178fbdb277dc3c50997f6df7fe,PALEMBANG,-3,318,3,100.0,False
2025-04-27,MENDADAK DANGDUT,312cd6ebdd3af9ac55f7b3d31ecab9c2,BOGOR,-3,143,1,100.0,False
2025-04-27,MENDADAK DANGDUT,4e12b237c826209f7ddc5b29a96380b6,BEKASI,-3,188,1,100.0,False
2025-04-27,MENDADAK DANGDUT,4ed104ac0de10ba7eef50158603e0b32,JAKARTA,-3,705,4,100.0,False
2025-04-27,PENJAGAL IBLIS DOSA TURUNAN,6b88b1af662b72fbfa35004a8edfe2e9,DEPOK,-3,140,1,100.0,True
2025-04-27,PENJAGAL IBLIS DOSA TURUNAN,7c271f1e1351e6433b202d77b88012c2,CIREBON,-3,176,1,100.0,False
2025-04-27,MENDADAK DANGDUT,7cade3ea25dae25fdb8c56776676b0c7,CILEGON,-3,172,1,100.0,False
2025-04-27,PENJAGAL IBLIS DOSA TURUNAN,7cade3ea25dae25fdb8c56776676b0c7,CILEGON,-3,158,1,100.0,False
2025-04-27,MENDADAK DANGDUT,8dbfb7aeb4ed822b358347332ba630af,JAKARTA,-3,382,3,100.0,False
2025-04-27,MENDADAK DANGDUT,9aab42397bbc1d1cdb49f7044dc990f0,PALEMBANG,-3,445,3,100.0,False
2025-04-27,MENDADAK DANGDUT,9f0564f5cabe643e4dbb08b80d3cc241,PONTIANAK,-3,173,1,100.0,False
2025-04-27,MENDADAK DANGDUT,a691dd0d8274fa85ecdc7d5ad6df1628,LAMPUNG,-3,123,1,100.0,False
2025-04-27,PENJAGAL IBLIS DOSA TURUNAN,a691dd0d8274fa85ecdc7d5ad6df1628,LAMPUNG,-3,124,1,100.0,False
2025-04-27,MENDADAK DANGDUT,a9d508d218799f9dc69bb4aefc122cb3,MANADO,-3,116,1,100.0,False
2025-04-27,MENDADAK DANGDUT,c4a19cbeb409639c836e4304976db0aa,BANDUNG,-3,290,2,100.0,False
2025-04-27,PENJAGAL IBLIS DOSA TURUNAN,d33850e3698903061b4c18886ce00c9d,GARUT,-3,162,1,100.0,False
2025-04-27,MENDADAK DANGDUT,e989d8fdc91de7e6ffbb72a2f5ac79f6,DEPOK,-3,154,1,100.0,False
2025-04-27,MENDADAK DANGDUT,ecace029de4a6bd4ae872928509cd71d,TASIKMALAYA,-3,150,1,100.0,False
2025-04-27,MENDADAK DANGDUT,f3a9ac312f7bc4e2467a1bf02a6aa1e9,LAMPUNG,-3,111,1,100.0,False
2025-04-27,MENDADAK DANGDUT,f54d37fc4c4d4b285aa3601041abc938,BOGOR,-3,153,1,100.0,False
2025-04-28,MENDADAK DANGDUT,3acdf298dab1b92bbaaad74d86c0c40a,SEMARANG,-2,172,1,100.0,False
2025-04-28,MENDADAK DANGDUT,4ed104ac0de10ba7eef50158603e0b32,JAKARTA,-2,210,1,100.0,False
2025-04-28,MENDADAK DANGDUT,52eed153a88a6bdcb46cbb266a07cba2,TANGERANG,-2,139,1,100.0,True
2025-04-28,MENDADAK DANGDUT,716ede53fbca27fbe1c1a55d6667c2b5,CIKARANG,-2,168,1,100.0,False
2025-04-28,MENDADAK DANGDUT,8dbfb7aeb4ed822b358347332ba630af,JAKARTA,-2,300,2,100.0,False
2025-04-28,MENDADAK DANGDUT,9cc7970100d8e4c2202f08cb78c6eb20,YOGYAKARTA,-2,142,1,100.0,False
2025-04-28,MENDADAK DANGDUT,9f0564f5cabe643e4dbb08b80d3cc241,PONTIANAK,-2,174,1,100.0,False
2025-04-28,MENDADAK DANGDUT,b704e8b10f13e14494b5a7a0ba39d9d9,JAKARTA,-2,245,2,100.0,False
2025-04-29,MENDADAK DANGDUT,4ed104ac0de10ba7eef50158603e0b32,JAKARTA,-1,343,2,100.0,False
2025-04-29,TABAYYUN,4ed104ac0de10ba7eef50158603e0b32,JAKARTA,-9,135,1,100.0,True
2025-04-29,MENDADAK DANGDUT,7cade3ea25dae25fdb8c56776676b0c7,CILEGON,-1,134,1,100.0,True
2025-04-29,MENDADAK DANGDUT,862442166e956fe0e8355db8852d9440,TANGERANG,-1,151,1,100.0,False
2025-04-29,MENDADAK DANGDUT,8dbfb7aeb4ed822b358347332ba630af,JAKARTA,-1,190,1,100.0,False
2025-04-29,THUNDERBOLTS*,8dbfb7aeb4ed822b358347332ba630af,JAKARTA,-1,1197,3,100.0,False
2025-04-29,THUNDERBOLTS*,b704e8b10f13e14494b5a7a0ba39d9d9,JAKARTA,-1,3727,21,100.0,False
2025-04-30,TABAYYUN,4ed104ac0de10ba7eef50158603e0b32,JAKARTA,-8,2031,8,100.0,False
2025-04-30,SAYAP SAYAP PATAH 2: OLIVIA,8dbfb7aeb4ed822b358347332ba630af,JAKARTA,-8,2314,6,100.0,False
2025-04-30,TABAYYUN,b704e8b10f13e14494b5a7a0ba39d9d9,JAKARTA,-8,168,4,100.0,False
2025-05-02,SHADOW FORCE,4ed104ac0de10ba7eef50158603e0b32,JAKARTA,-5,88,1,72.8,False
2025-05-02,TABAYYUN,9cc7970100d8e4c2202f08cb78c6eb20,YOGYAKARTA,-6,144,1,100.0,False
2025-05-02,WARFARE,b704e8b10f13e14494b5a7a0ba39d9d9,JAKARTA,-7,42,1,100.0,False
2025-05-03,TABAYYUN,218c50fa4df90b3241e39ff8ffb41102,SOLO,-5,137,1,100.0,True
2025-05-03,MUNGKIN KITA PERLU WAKTU,4ed104ac0de10ba7eef50158603e0b32,JAKARTA,-12,277,2,100.0,False
2025-05-05,PEMBANTAIAN DUKUN SANTET,8dbfb7aeb4ed822b358347332ba630af,JAKARTA,-3,1044,2,100.0,False
2025-05-06,SAYAP SAYAP PATAH 2: OLIVIA,17e1e7da761f72bbb4e039ba08cc0ba0,SEMARANG,-2,130,1,100.0,True
2025-05-06,FINAL DESTINATION: BLOODLINES,4ed104ac0de10ba7eef50158603e0b32,JAKARTA,-8,133,1,100.0,True
2025-05-06,MUNGKIN KITA PERLU WAKTU,8dbfb7aeb4ed822b358347332ba630af,JAKARTA,-9,2314,6,100.0,False
2025-05-07,LOCKED,4ed104ac0de10ba7eef50158603e0b32,JAKARTA,-44,88,1,73.5,False
2025-05-07,SAYAP SAYAP PATAH 2: OLIVIA,e8965581e1be78ac9a3145b6983ff6ec,SURABAYA,-1,187,1,100.0,False
2025-05-08,DASIM,8dbfb7aeb4ed822b358347332ba630af,JAKARTA,-7,1343,3,100.0,False
2025-05-08,FINAL DESTINATION: BLOODLINES (IMAX 2D),8dbfb7aeb4ed822b358347332ba630af,JAKARTA,-6,783,2,100.0,False
2025-05-09,FINAL DESTINATION: BLOODLINES,015555fbcd8faef6b55a854605df0a87,SURABAYA,-5,534,5,86.31,False
2025-05-09,FINAL DESTINATION: BLOODLINES,0191582d75f94a412c0fa12d36bcee3f,SURABAYA,-5,1241,7,88.4,False
2025-05-09,FINAL DESTINATION: BLOODLINES,0318cab65e5a4dbb61243ab4747fb621,SINGKAWANG,-5,168,1,84.24,False
2025-05-09,FINAL DESTINATION: BLOODLINES,073b764928864ed8fa0b6b115bfdd685,BATAM,-5,49,1,100.0,False
2025-05-09,FINAL DESTINATION: BLOODLINES,09ff932202ae245655ae248642132086,JAMBI,-5,34,1,83.2,False
2025-05-09,FINAL DESTINATION: BLOODLINES,108f9a4d181f12fd1b7e3c9adae38478,TANGERANG,-5,659,4,64.63,False
2025-05-09,FINAL DESTINATION: BLOODLINES,14b63ff2b104903ead7d884f25382e57,MALANG,-5,159,1,89.25,False
2025-05-09,FINAL DESTINATION: BLOODLINES,15c7dc37db27dd76f38cc419107f7c48,KARAWANG,-5,208,2,89.25,False
2025-05-09,FINAL DESTINATION: BLOODLINES,17e1e7da761f72bbb4e039ba08cc0ba0,SEMARANG,-5,150,2,85.58,False
2025-05-09,FINAL DESTINATION: BLOODLINES,19f506af810fe579721721d058f6b243,MEDAN,-5,133,2,87.68,False
2025-05-09,FINAL DESTINATION: BLOODLINES,218c50fa4df90b3241e39ff8ffb41102,SOLO,-5,206,1,84.0,False
2025-05-09,FINAL DESTINATION: BLOODLINES,26a644178fbdb277dc3c50997f6df7fe,PALEMBANG,-5,95,1,40.56,False
2025-05-09,FINAL DESTINATION: BLOODLINES,29fc89ab155e9f202326046c2e0023bb,MAKASSAR,-5,392,3,97.51,False
2025-05-09,FINAL DESTINATION: BLOODLINES,312cd6ebdd3af9ac55f7b3d31ecab9c2,BOGOR,-5,179,2,64.38,False
2025-05-09,FINAL DESTINATION: BLOODLINES,35de0354d956048d1c9c49ff069eaa55,MEDAN,-5,480,5,78.96,False
2025-05-09,FINAL DESTINATION: BLOODLINES,3acdf298dab1b92bbaaad74d86c0c40a,SEMARANG,-5,401,2,82.92,False
2025-05-09,FINAL DESTINATION: BLOODLINES,3c41b96b56b0aab1ed5fc5e703499730,BALIKPAPAN,-5,426,3,100.0,False
2025-05-09,FINAL DESTINATION: BLOODLINES,3cc167017755a0197f18f93595c9ae85,JAMBI,-5,79,1,37.8,False
2025-05-09,FINAL DESTINATION: BLOODLINES,3f6093566521149f8e37fa4e3fafe7cc,PADANG,-5,49,1,41.2,False
2025-05-09,FINAL DESTINATION: BLOODLINES,490346a8a068ba7d2e3764714c6d5323,BANDUNG,-5,172,2,88.92,False
2025-05-09,FINAL DESTINATION: BLOODLINES,494c8f1916a97efe3390ba9dbab6ce7d,LAMPUNG,-5,148,2,81.9,False
2025-05-09,FINAL DESTINATION: BLOODLINES,4a4c71e99772e87c9e35a56acd8be21e,TERNATE,-5,72,1,36.4,False
2025-05-09,FINAL DESTINATION: BLOODLINES,4a61d7e09bbe3868d79af81be96ed6ee,CIKARANG,-5,33,1,69.3,False
2025-05-09,FINAL DESTINATION: BLOODLINES,4e12b237c826209f7ddc5b29a96380b6,BEKASI,-5,504,4,66.15,False
2025-05-09,FINAL DESTINATION: BLOODLINES,4eb26b1058266dc50a63dc875e4d8846,MATARAM,-5,91,1,36.4,False
2025-05-09,FINAL DESTINATION: BLOODLINES,4ed104ac0de10ba7eef50158603e0b32,JAKARTA,-5,1733,13,75.68,False
2025-05-09,FINAL DESTINATION: BLOODLINES,4fc3fc370b299876663c7d5c90595853,BANJARMASIN,-5,219,1,100.0,False
2025-05-09,FINAL DESTINATION: BLOODLINES,52eed153a88a6bdcb46cbb266a07cba2,TANGERANG,-5,1027,7,86.62,False
2025-05-09,FINAL DESTINATION: BLOODLINES,53b77c875c67b68561415f23065e6e8d,PADANG,-5,29,1,95.79,False
2025-05-09,FINAL DESTINATION: BLOODLINES,541130ea8083a789df5d15bbfe13055a,MAKASSAR,-5,437,3,94.07,False
2025-05-09,FINAL DESTINATION: BLOODLINES,57d37d0d839b9dff6f87d6b5d5b679cc,SOLO,-5,233,2,88.4,False
2025-05-09,FINAL DESTINATION: BLOODLINES,580919d632e55fd9736ae1a2ac6ed0c5,BATAM,-5,226,1,94.64,False
2025-05-09,FINAL DESTINATION: BLOODLINES,5a894958f375392ce7981be2eb9a26be,JEMBER,-5,84,1,45.76,False
2025-05-09,FINAL DESTINATION: BLOODLINES,5b8eaa351fae8e6d1e759e814d74c1c5,MEDAN,-5,514,5,64.27,False
2025-05-09,FINAL DESTINATION: BLOODLINES,66d433e397ff7f3d460500704fd40a5a,PEKANBARU,-5,30,1,74.88,False
2025-05-09,FINAL DESTINATION: BLOODLINES,6b88b1af662b72fbfa35004a8edfe2e9,DEPOK,-5,667,6,75.57,False
2025-05-09,FINAL DESTINATION: BLOODLINES,7114d91eccf418326f7a9a05943c04e1,JAMBI,-5,87,1,53.56,False
2025-05-09,FINAL DESTINATION: BLOODLINES,716ede53fbca27fbe1c1a55d6667c2b5,CIKARANG,-5,165,2,39.0,False
2025-05-09,FINAL DESTINATION: BLOODLINES,79d0a75ad3523955b8d0e01198d6e9c9,CIREBON,-5,25,1,100.0,False
2025-05-09,FINAL DESTINATION: BLOODLINES,7cade3ea25dae25fdb8c56776676b0c7,CILEGON,-5,236,2,59.8,False
2025-05-09,FINAL DESTINATION: BLOODLINES,81c620b2538435926cbbf15745ef5901,MADIUN,-5,89,1,44.72,False
2025-05-09,FINAL DESTINATION: BLOODLINES,862442166e956fe0e8355db8852d9440,TANGERANG,-5,822,7,81.12,False
2025-05-09,FINAL DESTINATION: BLOODLINES,8750b9ee0b0c6c6afcfcb2a05e60efc0,BANDUNG,-5,176,2,70.2,False
2025-05-09,FINAL DESTINATION: BLOODLINES,88d0ee0029bee810e1d0fe37f73e2d3b,SOLO,-5,75,2,85.28,False
2025-05-09,FINAL DESTINATION: BLOODLINES,8d2e05da5624875993cb8580c88334a9,CIREBON,-5,118,1,53.56,False
2025-05-09,COCOTE TONGGO,8dbfb7aeb4ed822b358347332ba630af,JAKARTA,-6,1146,3,100.0,False
2025-05-09,FINAL DESTINATION: BLOODLINES,8dbfb7aeb4ed822b358347332ba630af,JAKARTA,-5,2427,16,84.33,False
2025-05-09,FINAL DESTINATION: BLOODLINES,9158e16be84a6db4d63d3289099f119b,JAYAPURA,-5,53,1,19.57,False
2025-05-09,FINAL DESTINATION: BLOODLINES,919c7b9859d8ce7cab47dab2463e7fab,MAKASSAR,-5,223,1,89.44,False
2025-05-09,FINAL DESTINATION: BLOODLINES,981569adf232c53afe751c8c660db8d9,BATAM,-5,290,1,100.0,False
2025-05-09,FINAL DESTINATION: BLOODLINES,9aab42397bbc1d1cdb49f7044dc990f0,PALEMBANG,-5,242,4,39.26,False
2025-05-09,FINAL DESTINATION: BLOODLINES,9cc7970100d8e4c2202f08cb78c6eb20,YOGYAKARTA,-5,226,2,74.36,False
2025-05-09,FINAL DESTINATION: BLOODLINES,9f0564f5cabe643e4dbb08b80d3cc241,PONTIANAK,-5,299,1,99.84,False
2025-05-09,FINAL DESTINATION: BLOODLINES,a616a546264044ed616bc2bdf2d9f7fc,YOGYAKARTA,-5,217,2,66.95,False
2025-05-09,FINAL DESTINATION: BLOODLINES,a6d19ebcb27f61cbf41a6552fbf68676,SIDOARJO,-5,123,1,74.16,False
2025-05-09,FINAL DESTINATION: BLOODLINES,a9d508d218799f9dc69bb4aefc122cb3,MANADO,-5,266,2,94.76,False
2025-05-09,FINAL DESTINATION: BLOODLINES,a9e141baa8b4ec825325397b16eeaae3,BOGOR,-5,410,3,72.1,False
2025-05-09,FINAL DESTINATION: BLOODLINES,b4972b48997defae8304bc9c41220c7c,BEKASI,-5,504,3,70.73,False
2025-05-09,FINAL DESTINATION: BLOODLINES,b704e8b10f13e14494b5a7a0ba39d9d9,JAKARTA,-5,1197,12,67.81,False
2025-05-09,FINAL DESTINATION: BLOODLINES,be8de71502987819afd4c2ceea71c539,GRESIK,-5,136,1,71.07,True
2025-05-09,FINAL DESTINATION: BLOODLINES,bf33cc26f29bf266a83e35901fa80c9c,AMBON,-5,70,1,29.87,False
2025-05-09,FINAL DESTINATION: BLOODLINES,c4a19cbeb409639c836e4304976db0aa,BANDUNG,-5,825,5,67.2,False
2025-05-09,FINAL DESTINATION: BLOODLINES,c71a18e33d4b7c73c8124c65fc3e6f1c,MANADO,-5,204,1,89.44,False
2025-05-09,FINAL DESTINATION: BLOODLINES,c877324e95024e707ae23f0aed947e15,SEMARANG,-5,384,3,77.25,False
2025-05-09,FINAL DESTINATION: BLOODLINES,cb2a49a747f8989ee0356ec7ac354177,BENGKULU,-5,196,1,88.2,False
2025-05-09,FINAL DESTINATION: BLOODLINES,d33850e3698903061b4c18886ce00c9d,GARUT,-5,92,1,58.71,False
2025-05-09,FINAL DESTINATION: BLOODLINES,da96492ebd43c4a193238d6c3205cc40,PEKANBARU,-5,450,3,76.65,False
2025-05-09,FINAL DESTINATION: BLOODLINES,dc6de349945f10a4a296bb50d34fc504,BANJARMASIN,-5,41,1,100.0,False
2025-05-09,FINAL DESTINATION: BLOODLINES,dc77e7e26c0e5e3a5c44ec2de0cedbde,DENPASAR,-5,633,6,89.44,False
2025-05-09,FINAL DESTINATION: BLOODLINES,df7f047e9886cfa1c0892c97f15d4146,MATARAM,-5,40,1,82.16,False
2025-05-09,FINAL DESTINATION: BLOODLINES,e3edf631650eb304cf386709b98005f6,DENPASAR,-5,397,4,85.54,False
2025-05-09,FINAL DESTINATION: BLOODLINES,e67d818ee0546f3b33d0ba2083ed4db5,BEKASI,-5,256,3,65.45,False
2025-05-09,FINAL DESTINATION: BLOODLINES,e7ec114c2ec166155149062023617e8b,SAMARINDA,-5,353,2,81.89,False
2025-05-09,FINAL DESTINATION: BLOODLINES,e8965581e1be78ac9a3145b6983ff6ec,SURABAYA,-5,201,2,92.04,False
2025-05-09,FINAL DESTINATION: BLOODLINES,e989d8fdc91de7e6ffbb72a2f5ac79f6,DEPOK,-5,148,2,71.07,False
2025-05-09,FINAL DESTINATION: BLOODLINES,ecace029de4a6bd4ae872928509cd71d,TASIKMALAYA,-5,167,1,74.55,False
2025-05-09,FINAL DESTINATION: BLOODLINES,efe899b321b96d852776427476f14a06,YOGYAKARTA,-5,268,2,68.12,False
2025-05-09,FINAL DESTINATION: BLOODLINES,f292a4101ca0420357a2d18b3a013e5f,PALU,-5,257,2,100.0,False
2025-05-09,FINAL DESTINATION: BLOODLINES,f3a9ac312f7bc4e2467a1bf02a6aa1e9,LAMPUNG,-5,155,1,61.8,False
2025-05-09,FINAL DESTINATION: BLOODLINES,f54d37fc4c4d4b285aa3601041abc938,BOGOR,-5,401,4,65.36,False
2025-05-09,FINAL DESTINATION: BLOODLINES,f7734bb329cacfe21ce854ae822b6115,TANJUNG PINANG,-5,181,1,96.82,False
2025-05-09,FINAL DESTINATION: BLOODLINES,fbaf4d5f0c18dc603a21aef31da59ee6,SAMARINDA,-5,295,3,94.99,False
2025-05-10,FINAL DESTINATION: BLOODLINES,015555fbcd8faef6b55a854605df0a87,SURABAYA,-4,555,5,89.25,False
2025-05-10,FINAL DESTINATION: BLOODLINES,0191582d75f94a412c0fa12d36bcee3f,SURABAYA,-4,1339,7,94.8,False
2025-05-10,FINAL DESTINATION: BLOODLINES,0318cab65e5a4dbb61243ab4747fb621,SINGKAWANG,-4,190,1,95.55,False
2025-05-10,FINAL DESTINATION: BLOODLINES,073b764928864ed8fa0b6b115bfdd685,BATAM,-4,49,1,100.0,False
2025-05-10,FINAL DESTINATION: BLOODLINES,09ff932202ae245655ae248642132086,JAMBI,-4,42,1,100.0,False
2025-05-10,FINAL DESTINATION: BLOODLINES,108f9a4d181f12fd1b7e3c9adae38478,TANGERANG,-4,952,4,94.9,False
2025-05-10,FINAL DESTINATION: BLOODLINES,14b63ff2b104903ead7d884f25382e57,MALANG,-4,186,1,100.0,False
2025-05-10,FINAL DESTINATION: BLOODLINES,15c7dc37db27dd76f38cc419107f7c48,KARAWANG,-4,246,2,94.25,False
2025-05-10,FINAL DESTINATION: BLOODLINES,17e1e7da761f72bbb4e039ba08cc0ba0,SEMARANG,-4,175,2,93.22,False
2025-05-10,FINAL DESTINATION: BLOODLINES,19f506af810fe579721721d058f6b243,MEDAN,-4,166,2,100.0,False
2025-05-10,FINAL DESTINATION: BLOODLINES,218c50fa4df90b3241e39ff8ffb41102,SOLO,-4,241,1,98.7,False
2025-05-10,FINAL DESTINATION: BLOODLINES,26a644178fbdb277dc3c50997f6df7fe,PALEMBANG,-4,141,1,60.77,False
2025-05-10,FINAL DESTINATION: BLOODLINES,29fc89ab155e9f202326046c2e0023bb,MAKASSAR,-4,423,3,100.0,False
2025-05-10,FINAL DESTINATION: BLOODLINES,312cd6ebdd3af9ac55f7b3d31ecab9c2,BOGOR,-4,268,2,95.68,False
2025-05-10,FINAL DESTINATION: BLOODLINES,35de0354d956048d1c9c49ff069eaa55,MEDAN,-4,616,5,97.65,False
2025-05-10,FINAL DESTINATION: BLOODLINES,3acdf298dab1b92bbaaad74d86c0c40a,SEMARANG,-4,461,2,95.16,False
2025-05-10,FINAL DESTINATION: BLOODLINES,3c41b96b56b0aab1ed5fc5e703499730,BALIKPAPAN,-4,445,3,100.0,False
2025-05-10,FINAL DESTINATION: BLOODLINES,3cc167017755a0197f18f93595c9ae85,JAMBI,-4,186,1,86.52,False
2025-05-10,FINAL DESTINATION: BLOODLINES,3f6093566521149f8e37fa4e3fafe7cc,PADANG,-4,95,1,81.12,False
2025-05-10,FINAL DESTINATION: BLOODLINES,490346a8a068ba7d2e3764714c6d5323,BANDUNG,-4,199,2,98.7,False
2025-05-10,FINAL DESTINATION: BLOODLINES,494c8f1916a97efe3390ba9dbab6ce7d,LAMPUNG,-4,202,2,100.0,False
2025-05-10,FINAL DESTINATION: BLOODLINES,4a4c71e99772e87c9e35a56acd8be21e,TERNATE,-4,194,1,96.82,False
2025-05-10,FINAL DESTINATION: BLOODLINES,4a61d7e09bbe3868d79af81be96ed6ee,CIKARANG,-4,46,1,95.79,False
2025-05-10,FINAL DESTINATION: BLOODLINES,4e12b237c826209f7ddc5b29a96380b6,BEKASI,-4,789,4,93.22,False
2025-05-10,FINAL DESTINATION: BLOODLINES,4eb26b1058266dc50a63dc875e4d8846,MATARAM,-4,192,1,78.75,False
2025-05-10,DASIM,4ed104ac0de10ba7eef50158603e0b32,JAKARTA,-5,159,1,100.0,False
2025-05-10,FINAL DESTINATION: BLOODLINES,4ed104ac0de10ba7eef50158603e0b32,JAKARTA,-4,2159,13,92.96,False
2025-05-10,FINAL DESTINATION: BLOODLINES,4fc3fc370b299876663c7d5c90595853,BANJARMASIN,-4,223,1,100.0,False
2025-05-10,FINAL DESTINATION: BLOODLINES,52eed153a88a6bdcb46cbb266a07cba2,TANGERANG,-4,1158,7,94.79,False
2025-05-10,FINAL DESTINATION: BLOODLINES,53b77c875c67b68561415f23065e6e8d,PADANG,-4,31,1,100.0,False
2025-05-10,FINAL DESTINATION: BLOODLINES,541130ea8083a789df5d15bbfe13055a,MAKASSAR,-4,500,3,100.0,False
2025-05-10,COCOTE TONGGO,57d37d0d839b9dff6f87d6b5d5b679cc,SOLO,-5,382,3,69.33,False
2025-05-10,FINAL DESTINATION: BLOODLINES,57d37d0d839b9dff6f87d6b5d5b679cc,SOLO,-4,238,2,88.07,False
2025-05-10,FINAL DESTINATION: BLOODLINES,580919d632e55fd9736ae1a2ac6ed0c5,BATAM,-4,245,1,100.0,False
2025-05-10,FINAL DESTINATION: BLOODLINES,5a894958f375392ce7981be2eb9a26be,JEMBER,-4,62,1,33.6,False
2025-05-10,FINAL DESTINATION: BLOODLINES,5b8eaa351fae8e6d1e759e814d74c1c5,MEDAN,-4,755,5,92.49,False
2025-05-10,FINAL DESTINATION: BLOODLINES,66d433e397ff7f3d460500704fd40a5a,PEKANBARU,-4,41,1,100.0,False
2025-05-10,FINAL DESTINATION: BLOODLINES,6b88b1af662b72fbfa35004a8edfe2e9,DEPOK,-4,813,6,94.32,False
2025-05-10,FINAL DESTINATION: BLOODLINES,7114d91eccf418326f7a9a05943c04e1,JAMBI,-4,155,1,97.76,False
2025-05-10,FINAL DESTINATION: BLOODLINES,716ede53fbca27fbe1c1a55d6667c2b5,CIKARANG,-4,382,2,87.88,False
2025-05-10,FINAL DESTINATION: BLOODLINES,79d0a75ad3523955b8d0e01198d6e9c9,CIREBON,-4,23,1,95.55,False
2025-05-10,FINAL DESTINATION: BLOODLINES,7cade3ea25dae25fdb8c56776676b0c7,CILEGON,-4,318,2,80.85,False
2025-05-10,FINAL DESTINATION: BLOODLINES,8188326fb0a403be03ea632997c8a959,GORONTALO,-4,166,1,100.0,False
2025-05-10,FINAL DESTINATION: BLOODLINES,81c620b2538435926cbbf15745ef5901,MADIUN,-4,96,1,47.84,False
2025-05-10,FINAL DESTINATION: BLOODLINES,862442166e956fe0e8355db8852d9440,TANGERANG,-4,1018,7,92.4,False
2025-05-10,FINAL DESTINATION: BLOODLINES,8750b9ee0b0c6c6afcfcb2a05e60efc0,BANDUNG,-4,292,2,87.88,False
2025-05-10,FINAL DESTINATION: BLOODLINES,88d0ee0029bee810e1d0fe37f73e2d3b,SOLO,-4,76,2,87.68,False
2025-05-10,FINAL DESTINATION: BLOODLINES,8d2e05da5624875993cb8580c88334a9,CIREBON,-4,195,1,89.25,False
2025-05-10,FINAL DESTINATION: BLOODLINES,8dbfb7aeb4ed822b358347332ba630af,JAKARTA,-4,2839,16,94.5,False
2025-05-10,FINAL DESTINATION: BLOODLINES,9158e16be84a6db4d63d3289099f119b,JAYAPURA,-4,276,2,100.0,False
2025-05-10,FINAL DESTINATION: BLOODLINES,919c7b9859d8ce7cab47dab2463e7fab,MAKASSAR,-4,258,1,100.0,False
2025-05-10,FINAL DESTINATION: BLOODLINES,981569adf232c53afe751c8c660db8d9,BATAM,-4,292,1,100.0,False
2025-05-10,FINAL DESTINATION: BLOODLINES,9aab42397bbc1d1cdb49f7044dc990f0,PALEMBANG,-4,384,4,59.23,False
2025-05-10,FINAL DESTINATION: BLOODLINES,9cc7970100d8e4c2202f08cb78c6eb20,YOGYAKARTA,-4,292,2,91.52,False
2025-05-10,FINAL DESTINATION: BLOODLINES,9f0564f5cabe643e4dbb08b80d3cc241,PONTIANAK,-4,308,1,100.0,False
2025-05-10,FINAL DESTINATION: BLOODLINES,a616a546264044ed616bc2bdf2d9f7fc,YOGYAKARTA,-4,284,2,86.1,False
2025-05-10,FINAL DESTINATION: BLOODLINES,a6d19ebcb27f61cbf41a6552fbf68676,SIDOARJO,-4,138,1,84.46,True
2025-05-10,FINAL DESTINATION: BLOODLINES,a9d508d218799f9dc69bb4aefc122cb3,MANADO,-4,295,2,100.0,False
2025-05-10,FINAL DESTINATION: BLOODLINES,a9e141baa8b4ec825325397b16eeaae3,BOGOR,-4,579,3,99.05,False
2025-05-10,FINAL DESTINATION: BLOODLINES,b4972b48997defae8304bc9c41220c7c,BEKASI,-4,751,3,90.3,False
2025-05-10,FINAL DESTINATION: BLOODLINES,b704e8b10f13e14494b5a7a0ba39d9d9,JAKARTA,-4,1576,12,92.4,False
2025-05-10,FINAL DESTINATION: BLOODLINES,be8de71502987819afd4c2ceea71c539,GRESIK,-4,151,1,78.28,False
2025-05-10,FINAL DESTINATION: BLOODLINES,bf33cc26f29bf266a83e35901fa80c9c,AMBON,-4,245,1,100.0,False
2025-05-10,FINAL DESTINATION: BLOODLINES,c4a19cbeb409639c836e4304976db0aa,BANDUNG,-4,1107,5,93.03,False
2025-05-10,FINAL DESTINATION: BLOODLINES,c71a18e33d4b7c73c8124c65fc3e6f1c,MANADO,-4,218,1,96.6,False
2025-05-10,FINAL DESTINATION: BLOODLINES,c877324e95024e707ae23f0aed947e15,SEMARANG,-4,457,3,91.0,False
2025-05-10,FINAL DESTINATION: BLOODLINES,cb2a49a747f8989ee0356ec7ac354177,BENGKULU,-4,214,1,93.73,False
2025-05-10,FINAL DESTINATION: BLOODLINES,d33850e3698903061b4c18886ce00c9d,GARUT,-4,110,1,70.72,False
2025-05-10,FINAL DESTINATION: BLOODLINES,da96492ebd43c4a193238d6c3205cc40,PEKANBARU,-4,555,3,92.56,False
2025-05-10,FINAL DESTINATION: BLOODLINES,dc6de349945f10a4a296bb50d34fc504,BANJARMASIN,-4,42,1,100.0,False
2025-05-10,FINAL DESTINATION: BLOODLINES,dc77e7e26c0e5e3a5c44ec2de0cedbde,DENPASAR,-4,649,6,93.1,False
2025-05-10,FINAL DESTINATION: BLOODLINES,df7f047e9886cfa1c0892c97f15d4146,MATARAM,-4,42,1,86.32,False
2025-05-10,FINAL DESTINATION: BLOODLINES,e3edf631650eb304cf386709b98005f6,DENPASAR,-4,448,4,97.24,False
2025-05-10,FINAL DESTINATION: BLOODLINES,e67d818ee0546f3b33d0ba2083ed4db5,BEKASI,-4,330,3,85.83,False
2025-05-10,FINAL DESTINATION: BLOODLINES,e7ec114c2ec166155149062023617e8b,SAMARINDA,-4,431,2,100.0,False
2025-05-10,FINAL DESTINATION: BLOODLINES,e8965581e1be78ac9a3145b6983ff6ec,SURABAYA,-4,210,2,87.55,False
2025-05-10,FINAL DESTINATION: BLOODLINES,e989d8fdc91de7e6ffbb72a2f5ac79f6,DEPOK,-4,182,2,90.3,False
2025-05-10,FINAL DESTINATION: BLOODLINES,ecace029de4a6bd4ae872928509cd71d,TASIKMALAYA,-4,198,1,86.32,False
2025-05-10,FINAL DESTINATION: BLOODLINES,efe899b321b96d852776427476f14a06,YOGYAKARTA,-4,322,2,93.08,False
2025-05-10,FINAL DESTINATION: BLOODLINES,f292a4101ca0420357a2d18b3a013e5f,PALU,-4,265,2,100.0,False
2025-05-10,FINAL DESTINATION: BLOODLINES,f3a9ac312f7bc4e2467a1bf02a6aa1e9,LAMPUNG,-4,248,1,100.0,False
2025-05-10,FINAL DESTINATION: BLOODLINES,f54d37fc4c4d4b285aa3601041abc938,BOGOR,-4,595,4,96.6,False
2025-05-10,FINAL DESTINATION: BLOODLINES,f7734bb329cacfe21ce854ae822b6115,TANJUNG PINANG,-4,171,1,91.52,False
2025-05-10,FINAL DESTINATION: BLOODLINES,fbaf4d5f0c18dc603a21aef31da59ee6,SAMARINDA,-4,351,3,100.0,False
2025-05-11,COCOTE TONGGO,a616a546264044ed616bc2bdf2d9f7fc,YOGYAKARTA,-4,307,2,100.0,False
2025-05-11,DASIM,f54d37fc4c4d4b285aa3601041abc938,BOGOR,-4,152,1,100.0,False
2025-05-12,COCOTE TONGGO,3acdf298dab1b92bbaaad74d86c0c40a,SEMARANG,-3,273,2,100.0,False
2025-05-15,ANGKARA MURKA,8dbfb7aeb4ed822b358347332ba630af,JAKARTA,-7,1146,3,100.0,False
2025-05-16,GUNDIK,8dbfb7aeb4ed822b358347332ba630af,JAKARTA,-6,1980,5,100.0,False
2025-05-17,MISSION: IMPOSSIBLE - THE FINAL RECKONING,015555fbcd8faef6b55a854605df0a87,SURABAYA,-4,1206,9,97.64,False
2025-05-17,MISSION: IMPOSSIBLE - THE FINAL RECKONING,0191582d75f94a412c0fa12d36bcee3f,SURABAYA,-4,1489,8,97.52,False
2025-05-17,MISSION: IMPOSSIBLE - THE FINAL RECKONING,0318cab65e5a4dbb61243ab4747fb621,SINGKAWANG,-4,177,1,88.2,False
2025-05-17,MISSION: IMPOSSIBLE - THE FINAL RECKONING,04a2de432a8901363a05137a8e8de1d2,MAMUJU,-4,167,1,98.8,False
2025-05-17,MISSION: IMPOSSIBLE - THE FINAL RECKONING,073b764928864ed8fa0b6b115bfdd685,BATAM,-4,501,3,98.88,False
2025-05-17,MISSION: IMPOSSIBLE - THE FINAL RECKONING,09ff932202ae245655ae248642132086,JAMBI,-4,41,1,100.0,False
2025-05-17,MISSION: IMPOSSIBLE - THE FINAL RECKONING,0a8777c6c78e2d102bdf459f8550cf93,PANGKAL PINANG,-4,121,1,90.64,False
2025-05-17,MISSION: IMPOSSIBLE - THE FINAL RECKONING,108f9a4d181f12fd1b7e3c9adae38478,TANGERANG,-4,1559,9,83.08,False
2025-05-17,MISSION: IMPOSSIBLE - THE FINAL RECKONING,1240789770bc04e7d26e5fa31c075ced,MALANG,-4,304,2,88.92,False
2025-05-17,MISSION: IMPOSSIBLE - THE FINAL RECKONING,14b63ff2b104903ead7d884f25382e57,MALANG,-4,187,1,100.0,False
2025-05-17,MISSION: IMPOSSIBLE - THE FINAL RECKONING,15c7dc37db27dd76f38cc419107f7c48,KARAWANG,-4,229,2,93.6,False
2025-05-17,MISSION: IMPOSSIBLE - THE FINAL RECKONING,17e1e7da761f72bbb4e039ba08cc0ba0,SEMARANG,-4,405,4,74.1,False
2025-05-17,MISSION: IMPOSSIBLE - THE FINAL RECKONING,19f506af810fe579721721d058f6b243,MEDAN,-4,315,3,96.95,False
2025-05-17,MISSION: IMPOSSIBLE - THE FINAL RECKONING,202dbf4df0e433f092fca1aa8162c400,TARAKAN,-4,131,1,100.0,True
2025-05-17,MISSION: IMPOSSIBLE - THE FINAL RECKONING,218c50fa4df90b3241e39ff8ffb41102,SOLO,-4,352,2,72.28,False
2025-05-17,MISSION: IMPOSSIBLE - THE FINAL RECKONING,2318d3c719302ff137eb1b53fb32f0c8,KARAWANG,-4,41,1,30.45,False
2025-05-17,MISSION: IMPOSSIBLE - THE FINAL RECKONING,25e1c125bdd513aa2355a8e558a1a908,KEDIRI,-4,73,1,57.2,False
2025-05-17,MISSION: IMPOSSIBLE - THE FINAL RECKONING,26a644178fbdb277dc3c50997f6df7fe,PALEMBANG,-4,255,2,55.65,False
2025-05-17,MISSION: IMPOSSIBLE - THE FINAL RECKONING,26d1d720bc7e60c1b1a56630e3ba2c5d,GARUT,-4,57,1,20.8,False
2025-05-17,MISSION: IMPOSSIBLE - THE FINAL RECKONING,29fc89ab155e9f202326046c2e0023bb,MAKASSAR,-4,684,4,100.0,False
2025-05-17,MISSION: IMPOSSIBLE - THE FINAL RECKONING,2e0ec493a87e740511b7b565386c06fe,SORONG,-4,153,1,91.67,False
2025-05-17,MISSION: IMPOSSIBLE - THE FINAL RECKONING,312cd6ebdd3af9ac55f7b3d31ecab9c2,BOGOR,-4,259,2,93.73,False
2025-05-17,MISSION: IMPOSSIBLE - THE FINAL RECKONING,35de0354d956048d1c9c49ff069eaa55,MEDAN,-4,642,5,100.0,False
2025-05-17,MISSION: IMPOSSIBLE - THE FINAL RECKONING,3744d5b8753c9cc72700ce7927fa0df3,SIDOARJO,-4,132,1,100.0,True
2025-05-17,MISSION: IMPOSSIBLE - THE FINAL RECKONING,3acdf298dab1b92bbaaad74d86c0c40a,SEMARANG,-4,985,6,77.65,False
2025-05-17,TAK INGIN USAI DI SINI,3acdf298dab1b92bbaaad74d86c0c40a,SEMARANG,-31,141,1,100.0,False
2025-05-17,MISSION: IMPOSSIBLE - THE FINAL RECKONING,3afae5dea7356f64f70605334bef46a7,CIANJUR,-4,145,1,87.15,False
2025-05-17,MISSION: IMPOSSIBLE - THE FINAL RECKONING,3c41b96b56b0aab1ed5fc5e703499730,BALIKPAPAN,-4,719,4,100.0,False
2025-05-17,MISSION: IMPOSSIBLE - THE FINAL RECKONING,3cc167017755a0197f18f93595c9ae85,JAMBI,-4,154,1,72.8,False
2025-05-17,MISSION: IMPOSSIBLE - THE FINAL RECKONING,3f6093566521149f8e37fa4e3fafe7cc,PADANG,-4,185,2,61.88,False
2025-05-17,MISSION: IMPOSSIBLE - THE FINAL RECKONING,45f553cca86b28fedd6115abdd0ae734,KUALA KAPUAS,-4,158,1,82.4,False
2025-05-17,MISSION: IMPOSSIBLE - THE FINAL RECKONING,490346a8a068ba7d2e3764714c6d5323,BANDUNG,-4,395,3,92.05,False
2025-05-17,MISSION: IMPOSSIBLE - THE FINAL RECKONING,494c8f1916a97efe3390ba9dbab6ce7d,LAMPUNG,-4,390,4,82.69,False
2025-05-17,MISSION: IMPOSSIBLE - THE FINAL RECKONING,4a4c71e99772e87c9e35a56acd8be21e,TERNATE,-4,202,1,100.0,False
2025-05-17,MISSION: IMPOSSIBLE - THE FINAL RECKONING,4a61d7e09bbe3868d79af81be96ed6ee,CIKARANG,-4,48,1,98.8,False
2025-05-17,MISSION: IMPOSSIBLE - THE FINAL RECKONING,4ba87a86e02dd8a810032db35bf13c51,BENGKULU,-4,84,1,41.2,False
2025-05-17,MISSION: IMPOSSIBLE - THE FINAL RECKONING,4e12b237c826209f7ddc5b29a96380b6,BEKASI,-4,1120,7,82.46,False
2025-05-17,MISSION: IMPOSSIBLE - THE FINAL RECKONING,4eb26b1058266dc50a63dc875e4d8846,MATARAM,-4,253,1,100.0,False
2025-05-17,MISSION: IMPOSSIBLE - THE FINAL RECKONING,4ed104ac0de10ba7eef50158603e0b32,JAKARTA,-4,3080,19,93.46,False
2025-05-17,TAK INGIN USAI DI SINI,4ed104ac0de10ba7eef50158603e0b32,JAKARTA,-31,138,1,100.0,True
2025-05-17,MISSION: IMPOSSIBLE - THE FINAL RECKONING,4fc3fc370b299876663c7d5c90595853,BANJARMASIN,-4,220,1,100.0,False
2025-05-17,MISSION: IMPOSSIBLE - THE FINAL RECKONING,52eed153a88a6bdcb46cbb266a07cba2,TANGERANG,-4,1187,7,98.7,False
2025-05-17,MISSION: IMPOSSIBLE - THE FINAL RECKONING,53b77c875c67b68561415f23065e6e8d,PADANG,-4,26,1,87.15,False
2025-05-17,MISSION: IMPOSSIBLE - THE FINAL RECKONING,541130ea8083a789df5d15bbfe13055a,MAKASSAR,-4,466,3,98.8,False
2025-05-17,TAK INGIN USAI DI SINI,541130ea8083a789df5d15bbfe13055a,MAKASSAR,-31,154,1,100.0,False
2025-05-17,MISSION: IMPOSSIBLE - THE FINAL RECKONING,57d37d0d839b9dff6f87d6b5d5b679cc,SOLO,-4,246,2,90.48,False
2025-05-17,MISSION: IMPOSSIBLE - THE FINAL RECKONING,580919d632e55fd9736ae1a2ac6ed0c5,BATAM,-4,375,2,98.88,False
2025-05-17,MISSION: IMPOSSIBLE - THE FINAL RECKONING,592095e0ddc2c230cf3002d72e9bac41,MANOKWARI,-4,199,1,100.0,False
2025-05-17,MISSION: IMPOSSIBLE - THE FINAL RECKONING,5a894958f375392ce7981be2eb9a26be,JEMBER,-4,80,1,44.1,False
2025-05-17,MISSION: IMPOSSIBLE - THE FINAL RECKONING,5b8eaa351fae8e6d1e759e814d74c1c5,MEDAN,-4,1011,7,87.81,False
2025-05-17,MISSION: IMPOSSIBLE - THE FINAL RECKONING,5ff7565cdb056b4bdcb43d0ea2b5380d,KUPANG,-4,114,1,85.05,False
2025-05-17,MISSION: IMPOSSIBLE - THE FINAL RECKONING,62447bb073160adcf6d6022240a3663c,KLATEN,-4,89,1,51.5,False
2025-05-17,MISSION: IMPOSSIBLE - THE FINAL RECKONING,66d433e397ff7f3d460500704fd40a5a,PEKANBARU,-4,42,1,100.0,False
2025-05-17,MISSION: IMPOSSIBLE - THE FINAL RECKONING,6b88b1af662b72fbfa35004a8edfe2e9,DEPOK,-4,1059,8,86.97,False
2025-05-17,TAK INGIN USAI DI SINI,6b88b1af662b72fbfa35004a8edfe2e9,DEPOK,-31,140,1,100.0,True
2025-05-17,MISSION: IMPOSSIBLE - THE FINAL RECKONING,7114d91eccf418326f7a9a05943c04e1,JAMBI,-4,276,2,75.71,False
2025-05-17,MISSION: IMPOSSIBLE - THE FINAL RECKONING,716ede53fbca27fbe1c1a55d6667c2b5,CIKARANG,-4,390,2,89.96,False
2025-05-17,MISSION: IMPOSSIBLE - THE FINAL RECKONING,7995e00051a2fe6aeed7cfdbe0378c01,TIMIKA,-4,147,1,99.91,False
2025-05-17,MISSION: IMPOSSIBLE - THE FINAL RECKONING,79d0a75ad3523955b8d0e01198d6e9c9,CIREBON,-4,23,1,93.73,False
2025-05-17,MISSION: IMPOSSIBLE - THE FINAL RECKONING,7c271f1e1351e6433b202d77b88012c2,CIREBON,-4,61,1,21.0,False
2025-05-17,MISSION: IMPOSSIBLE - THE FINAL RECKONING,7cade3ea25dae25fdb8c56776676b0c7,CILEGON,-4,359,3,64.89,False
2025-05-17,MISSION: IMPOSSIBLE - THE FINAL RECKONING,8188326fb0a403be03ea632997c8a959,GORONTALO,-4,165,1,100.0,False
2025-05-17,MISSION: IMPOSSIBLE - THE FINAL RECKONING,81c620b2538435926cbbf15745ef5901,MADIUN,-4,123,1,61.8,False
2025-05-17,MISSION: IMPOSSIBLE - THE FINAL RECKONING,862442166e956fe0e8355db8852d9440,TANGERANG,-4,1289,9,88.01,False
2025-05-17,MISSION: IMPOSSIBLE - THE FINAL RECKONING,8750b9ee0b0c6c6afcfcb2a05e60efc0,BANDUNG,-4,792,5,92.77,False
2025-05-17,MISSION: IMPOSSIBLE - THE FINAL RECKONING,88d0ee0029bee810e1d0fe37f73e2d3b,SOLO,-4,293,3,87.55,False
2025-05-17,MISSION: IMPOSSIBLE - THE FINAL RECKONING,8d2e05da5624875993cb8580c88334a9,CIREBON,-4,208,2,49.96,False
2025-05-17,MISSION: IMPOSSIBLE - THE FINAL RECKONING,8dbfb7aeb4ed822b358347332ba630af,JAKARTA,-4,4772,26,99.1,False
2025-05-17,MISSION: IMPOSSIBLE - THE FINAL RECKONING (IMAX 2D) ,8dbfb7aeb4ed822b358347332ba630af,JAKARTA,-4,399,1,100.0,False
2025-05-17,MISSION: IMPOSSIBLE - THE FINAL RECKONING,9158e16be84a6db4d63d3289099f119b,JAYAPURA,-4,137,1,100.0,True
2025-05-17,MISSION: IMPOSSIBLE - THE FINAL RECKONING,919c7b9859d8ce7cab47dab2463e7fab,MAKASSAR,-4,494,2,99.23,False
2025-05-17,MISSION: IMPOSSIBLE - THE FINAL RECKONING,92e94ed55b4de8feaff9462a66e2dbd7,PEKANBARU,-4,209,2,57.23,False
2025-05-17,MISSION: IMPOSSIBLE - THE FINAL RECKONING,9715c9bc57db04a2506acfdab71ec1c6,RANTAU PRAPAT,-4,122,1,67.6,False
2025-05-17,MISSION: IMPOSSIBLE - THE FINAL RECKONING,981569adf232c53afe751c8c660db8d9,BATAM,-4,286,1,100.0,False
2025-05-17,MISSION: IMPOSSIBLE - THE FINAL RECKONING,9aab42397bbc1d1cdb49f7044dc990f0,PALEMBANG,-4,463,4,77.48,False
2025-05-17,MISSION: IMPOSSIBLE - THE FINAL RECKONING,9cc7970100d8e4c2202f08cb78c6eb20,YOGYAKARTA,-4,297,2,93.22,False
2025-05-17,MISSION: IMPOSSIBLE - THE FINAL RECKONING,9f0564f5cabe643e4dbb08b80d3cc241,PONTIANAK,-4,306,1,100.0,False
2025-05-17,MISSION: IMPOSSIBLE - THE FINAL RECKONING,a09b9ee7f937939ee25c24ef8c2e91be,BALIKPAPAN,-4,141,1,100.0,False
2025-05-17,MISSION: IMPOSSIBLE - THE FINAL RECKONING,a55554e941cb93c23d1522f88fd0d004,DUMAI,-4,127,1,70.35,False
2025-05-17,MISSION: IMPOSSIBLE - THE FINAL RECKONING,a616a546264044ed616bc2bdf2d9f7fc,YOGYAKARTA,-4,420,3,86.45,False
2025-05-17,MISSION: IMPOSSIBLE - THE FINAL RECKONING,a691dd0d8274fa85ecdc7d5ad6df1628,LAMPUNG,-4,187,1,81.12,False
2025-05-17,MISSION: IMPOSSIBLE - THE FINAL RECKONING,a6d19ebcb27f61cbf41a6552fbf68676,SIDOARJO,-4,145,1,89.25,False
2025-05-17,MISSION: IMPOSSIBLE - THE FINAL RECKONING,a9d508d218799f9dc69bb4aefc122cb3,MANADO,-4,543,3,100.0,False
2025-05-17,MISSION: IMPOSSIBLE - THE FINAL RECKONING,a9e141baa8b4ec825325397b16eeaae3,BOGOR,-4,887,6,82.57,False
2025-05-17,MISSION: IMPOSSIBLE - THE FINAL RECKONING,afbb3b11f728a54ad1eb3ca34f602779,KENDARI,-4,289,1,98.8,False
2025-05-17,MISSION: IMPOSSIBLE - THE FINAL RECKONING,b2539b1f80254243391774489b1328aa,ROKAN HILIR,-4,131,1,62.4,True
2025-05-17,MISSION: IMPOSSIBLE - THE FINAL RECKONING,b4972b48997defae8304bc9c41220c7c,BEKASI,-4,1336,7,86.62,False
2025-05-17,MISSION: IMPOSSIBLE - THE FINAL RECKONING,b704e8b10f13e14494b5a7a0ba39d9d9,JAKARTA,-4,2233,16,95.4,False
2025-05-17,MISSION: IMPOSSIBLE - THE FINAL RECKONING,be8de71502987819afd4c2ceea71c539,GRESIK,-4,157,1,82.95,False
2025-05-17,MISSION: IMPOSSIBLE - THE FINAL RECKONING,bf33cc26f29bf266a83e35901fa80c9c,AMBON,-4,240,1,100.0,False
2025-05-17,MISSION: IMPOSSIBLE - THE FINAL RECKONING,c35e24eefa840ac2009279f1efc52288,BONTANG,-4,282,1,97.65,False
2025-05-17,MISSION: IMPOSSIBLE - THE FINAL RECKONING,c48b7a4426e8cbee3f7dbfe8b87d1d89,PEKALONGAN,-4,105,2,29.4,False
2025-05-17,MISSION: IMPOSSIBLE - THE FINAL RECKONING,c4a19cbeb409639c836e4304976db0aa,BANDUNG,-4,1049,6,74.88,False
2025-05-17,TAK INGIN USAI DI SINI,c4a19cbeb409639c836e4304976db0aa,BANDUNG,-31,154,1,100.0,False
2025-05-17,MISSION: IMPOSSIBLE - THE FINAL RECKONING,c71a18e33d4b7c73c8124c65fc3e6f1c,MANADO,-4,221,1,95.68,False
2025-05-17,MISSION: IMPOSSIBLE - THE FINAL RECKONING,c877324e95024e707ae23f0aed947e15,SEMARANG,-4,440,3,88.4,False
2025-05-17,MISSION: IMPOSSIBLE - THE FINAL RECKONING,cb2a49a747f8989ee0356ec7ac354177,BENGKULU,-4,234,1,100.0,False
2025-05-17,MISSION: IMPOSSIBLE - THE FINAL RECKONING,d1918db937d26e9e4ccd3e17e1ff0e2d,SUMEDANG,-4,74,1,42.0,False
2025-05-17,MISSION: IMPOSSIBLE - THE FINAL RECKONING,d297f2f746c4fd2723f3202fafcbfa1a,BONDOWOSO,-4,169,1,69.3,False
2025-05-17,MISSION: IMPOSSIBLE - THE FINAL RECKONING,d33850e3698903061b4c18886ce00c9d,GARUT,-4,92,1,59.28,False
2025-05-17,MISSION: IMPOSSIBLE - THE FINAL RECKONING,da6b584c30e784d15b54ad124a760b19,SAMARINDA,-4,158,1,99.91,False
2025-05-17,MISSION: IMPOSSIBLE - THE FINAL RECKONING,da96492ebd43c4a193238d6c3205cc40,PEKANBARU,-4,587,3,96.37,False
2025-05-17,MISSION: IMPOSSIBLE - THE FINAL RECKONING,dc6de349945f10a4a296bb50d34fc504,BANJARMASIN,-4,42,1,100.0,False
2025-05-17,MISSION: IMPOSSIBLE - THE FINAL RECKONING,dc77e7e26c0e5e3a5c44ec2de0cedbde,DENPASAR,-4,671,6,100.0,False
2025-05-17,MISSION: IMPOSSIBLE - THE FINAL RECKONING,df7f047e9886cfa1c0892c97f15d4146,MATARAM,-4,49,1,100.0,False
2025-05-17,MISSION: IMPOSSIBLE - THE FINAL RECKONING,e3edf631650eb304cf386709b98005f6,DENPASAR,-4,616,5,96.41,False
2025-05-17,MISSION: IMPOSSIBLE - THE FINAL RECKONING,e67d818ee0546f3b33d0ba2083ed4db5,BEKASI,-4,515,5,85.68,False
2025-05-17,MISSION: IMPOSSIBLE - THE FINAL RECKONING,e7ec114c2ec166155149062023617e8b,SAMARINDA,-4,444,2,100.0,False
2025-05-17,MISSION: IMPOSSIBLE - THE FINAL RECKONING,e8965581e1be78ac9a3145b6983ff6ec,SURABAYA,-4,827,5,96.93,False
2025-05-17,MISSION: IMPOSSIBLE - THE FINAL RECKONING,e939d818a5192f48fc4b73102e3aa4b9,PALANGKARAYA,-4,195,1,87.15,False
2025-05-17,MISSION: IMPOSSIBLE - THE FINAL RECKONING,e989d8fdc91de7e6ffbb72a2f5ac79f6,DEPOK,-4,494,4,97.65,False
2025-05-17,MISSION: IMPOSSIBLE - THE FINAL RECKONING,ea7df0c99b450ecdea38cf34ae1f158f,KISARAN,-4,87,1,61.95,False
2025-05-17,MISSION: IMPOSSIBLE - THE FINAL RECKONING,ecace029de4a6bd4ae872928509cd71d,TASIKMALAYA,-4,288,2,63.0,False
2025-05-17,MISSION: IMPOSSIBLE - THE FINAL RECKONING,ef2896a95abe2a2b4cfee245dc1e36ec,CIKARANG,-4,16,1,12.36,False
2025-05-17,MISSION: IMPOSSIBLE - THE FINAL RECKONING,efe899b321b96d852776427476f14a06,YOGYAKARTA,-4,323,2,96.31,False
2025-05-17,MISSION: IMPOSSIBLE - THE FINAL RECKONING,f292a4101ca0420357a2d18b3a013e5f,PALU,-4,261,2,100.0,False
2025-05-17,MISSION: IMPOSSIBLE - THE FINAL RECKONING,f3a9ac312f7bc4e2467a1bf02a6aa1e9,LAMPUNG,-4,226,1,90.48,False
2025-05-17,MISSION: IMPOSSIBLE - THE FINAL RECKONING,f54d37fc4c4d4b285aa3601041abc938,BOGOR,-4,849,6,83.77,False
2025-05-17,MISSION: IMPOSSIBLE - THE FINAL RECKONING,f7734bb329cacfe21ce854ae822b6115,TANJUNG PINANG,-4,172,1,93.45,False
2025-05-17,MISSION: IMPOSSIBLE - THE FINAL RECKONING,fbaf4d5f0c18dc603a21aef31da59ee6,SAMARINDA,-4,335,3,99.57,False
2025-05-17,MISSION: IMPOSSIBLE - THE FINAL RECKONING,fcf80028ec9bbf8efaee3932e529a78f,INDRAMAYU,-4,100,1,46.8,False
2025-05-18,MISSION: IMPOSSIBLE - THE FINAL RECKONING,015555fbcd8faef6b55a854605df0a87,SURABAYA,-3,1000,9,85.05,False
2025-05-18,MISSION: IMPOSSIBLE - THE FINAL RECKONING,0191582d75f94a412c0fa12d36bcee3f,SURABAYA,-3,1322,8,83.2,False
2025-05-18,MISSION: IMPOSSIBLE - THE FINAL RECKONING,0318cab65e5a4dbb61243ab4747fb621,SINGKAWANG,-3,146,1,72.45,False
2025-05-18,MISSION: IMPOSSIBLE - THE FINAL RECKONING,04a2de432a8901363a05137a8e8de1d2,MAMUJU,-3,150,1,88.58,False
2025-05-18,MISSION: IMPOSSIBLE - THE FINAL RECKONING,073b764928864ed8fa0b6b115bfdd685,BATAM,-3,404,3,87.01,False
2025-05-18,MISSION: IMPOSSIBLE - THE FINAL RECKONING,09ff932202ae245655ae248642132086,JAMBI,-3,42,1,100.0,False
2025-05-18,MISSION: IMPOSSIBLE - THE FINAL RECKONING,0a8777c6c78e2d102bdf459f8550cf93,PANGKAL PINANG,-3,111,1,85.49,False
2025-05-18,MISSION: IMPOSSIBLE - THE FINAL RECKONING,108f9a4d181f12fd1b7e3c9adae38478,TANGERANG,-3,1227,9,65.98,False
2025-05-18,MISSION: IMPOSSIBLE - THE FINAL RECKONING,1240789770bc04e7d26e5fa31c075ced,MALANG,-3,244,2,72.28,False
2025-05-18,MISSION: IMPOSSIBLE - THE FINAL RECKONING,14b63ff2b104903ead7d884f25382e57,MALANG,-3,170,1,92.7,False
2025-05-18,MISSION: IMPOSSIBLE - THE FINAL RECKONING,15c7dc37db27dd76f38cc419107f7c48,KARAWANG,-3,171,2,80.08,False
2025-05-18,MISSION: IMPOSSIBLE - THE FINAL RECKONING,17e1e7da761f72bbb4e039ba08cc0ba0,SEMARANG,-3,243,4,62.57,False
2025-05-18,MISSION: IMPOSSIBLE - THE FINAL RECKONING,19f506af810fe579721721d058f6b243,MEDAN,-3,196,3,71.07,False
2025-05-18,MISSION: IMPOSSIBLE - THE FINAL RECKONING,202dbf4df0e433f092fca1aa8162c400,TARAKAN,-3,123,1,95.68,False
2025-05-18,MISSION: IMPOSSIBLE - THE FINAL RECKONING,218c50fa4df90b3241e39ff8ffb41102,SOLO,-3,233,2,51.48,False
2025-05-18,MISSION: IMPOSSIBLE - THE FINAL RECKONING,2318d3c719302ff137eb1b53fb32f0c8,KARAWANG,-3,19,1,13.39,False
2025-05-18,MISSION: IMPOSSIBLE - THE FINAL RECKONING,25e1c125bdd513aa2355a8e558a1a908,KEDIRI,-3,26,1,19.57,False
2025-05-18,MISSION: IMPOSSIBLE - THE FINAL RECKONING,26a644178fbdb277dc3c50997f6df7fe,PALEMBANG,-3,103,2,22.15,False
2025-05-18,MISSION: IMPOSSIBLE - THE FINAL RECKONING,26d1d720bc7e60c1b1a56630e3ba2c5d,GARUT,-3,14,1,5.25,False
2025-05-18,MISSION: IMPOSSIBLE - THE FINAL RECKONING,29fc89ab155e9f202326046c2e0023bb,MAKASSAR,-3,550,4,91.26,False
2025-05-18,MISSION: IMPOSSIBLE - THE FINAL RECKONING,2e0ec493a87e740511b7b565386c06fe,SORONG,-3,159,1,96.72,False
2025-05-18,MISSION: IMPOSSIBLE - THE FINAL RECKONING,312cd6ebdd3af9ac55f7b3d31ecab9c2,BOGOR,-3,212,2,81.38,False
2025-05-18,MISSION: IMPOSSIBLE - THE FINAL RECKONING,35de0354d956048d1c9c49ff069eaa55,MEDAN,-3,523,5,91.73,False
2025-05-18,MISSION: IMPOSSIBLE - THE FINAL RECKONING,3744d5b8753c9cc72700ce7927fa0df3,SIDOARJO,-3,92,1,70.72,False
2025-05-18,MISSION: IMPOSSIBLE - THE FINAL RECKONING,3acdf298dab1b92bbaaad74d86c0c40a,SEMARANG,-3,636,5,61.39,False
2025-05-18,MISSION: IMPOSSIBLE - THE FINAL RECKONING,3afae5dea7356f64f70605334bef46a7,CIANJUR,-3,129,1,75.6,False
2025-05-18,MISSION: IMPOSSIBLE - THE FINAL RECKONING,3c41b96b56b0aab1ed5fc5e703499730,BALIKPAPAN,-3,637,4,100.0,False
2025-05-18,MISSION: IMPOSSIBLE - THE FINAL RECKONING,3cc167017755a0197f18f93595c9ae85,JAMBI,-3,53,1,24.96,False
2025-05-18,MISSION: IMPOSSIBLE - THE FINAL RECKONING,3f6093566521149f8e37fa4e3fafe7cc,PADANG,-3,124,2,41.08,False
2025-05-18,MISSION: IMPOSSIBLE - THE FINAL RECKONING,45f553cca86b28fedd6115abdd0ae734,KUALA KAPUAS,-3,107,1,52.53,False
2025-05-18,MISSION: IMPOSSIBLE - THE FINAL RECKONING,490346a8a068ba7d2e3764714c6d5323,BANDUNG,-3,274,3,81.9,False
2025-05-18,MISSION: IMPOSSIBLE - THE FINAL RECKONING,494c8f1916a97efe3390ba9dbab6ce7d,LAMPUNG,-3,289,4,67.86,False
2025-05-18,MISSION: IMPOSSIBLE - THE FINAL RECKONING,4a4c71e99772e87c9e35a56acd8be21e,TERNATE,-3,205,1,100.0,False
2025-05-18,MISSION: IMPOSSIBLE - THE FINAL RECKONING,4a61d7e09bbe3868d79af81be96ed6ee,CIKARANG,-3,41,1,85.05,False
2025-05-18,MISSION: IMPOSSIBLE - THE FINAL RECKONING,4ba87a86e02dd8a810032db35bf13c51,BENGKULU,-3,29,1,14.7,False
2025-05-18,MISSION: IMPOSSIBLE - THE FINAL RECKONING,4e12b237c826209f7ddc5b29a96380b6,BEKASI,-3,825,7,62.99,False
2025-05-18,MISSION: IMPOSSIBLE - THE FINAL RECKONING,4eb26b1058266dc50a63dc875e4d8846,MATARAM,-3,198,1,81.12,False
2025-05-18,GAZA,4ed104ac0de10ba7eef50158603e0b32,JAKARTA,-30,138,1,100.0,True
2025-05-18,MISSION: IMPOSSIBLE - THE FINAL RECKONING,4ed104ac0de10ba7eef50158603e0b32,JAKARTA,-3,2660,22,72.16,False
2025-05-18,MISSION: IMPOSSIBLE - THE FINAL RECKONING,4fc3fc370b299876663c7d5c90595853,BANJARMASIN,-3,225,1,100.0,False
2025-05-18,MISSION: IMPOSSIBLE - THE FINAL RECKONING,52eed153a88a6bdcb46cbb266a07cba2,TANGERANG,-3,1067,7,90.48,False
2025-05-18,MISSION: IMPOSSIBLE - THE FINAL RECKONING,53b77c875c67b68561415f23065e6e8d,PADANG,-3,24,1,78.28,False
2025-05-18,MISSION: IMPOSSIBLE - THE FINAL RECKONING,541130ea8083a789df5d15bbfe13055a,MAKASSAR,-3,393,3,89.95,False
2025-05-18,MISSION: IMPOSSIBLE - THE FINAL RECKONING,57d37d0d839b9dff6f87d6b5d5b679cc,SOLO,-3,210,2,82.95,False
2025-05-18,MISSION: IMPOSSIBLE - THE FINAL RECKONING,580919d632e55fd9736ae1a2ac6ed0c5,BATAM,-3,332,2,88.2,False
2025-05-18,MISSION: IMPOSSIBLE - THE FINAL RECKONING,592095e0ddc2c230cf3002d72e9bac41,MANOKWARI,-3,182,1,92.7,False
2025-05-18,MISSION: IMPOSSIBLE - THE FINAL RECKONING,5a894958f375392ce7981be2eb9a26be,JEMBER,-3,72,1,39.9,False
2025-05-18,MISSION: IMPOSSIBLE - THE FINAL RECKONING,5b8eaa351fae8e6d1e759e814d74c1c5,MEDAN,-3,753,7,66.8,False
2025-05-18,MISSION: IMPOSSIBLE - THE FINAL RECKONING,5ff7565cdb056b4bdcb43d0ea2b5380d,KUPANG,-3,93,1,67.98,False
2025-05-18,MISSION: IMPOSSIBLE - THE FINAL RECKONING,62447bb073160adcf6d6022240a3663c,KLATEN,-3,99,1,73.5,False
2025-05-18,MISSION: IMPOSSIBLE - THE FINAL RECKONING,66d433e397ff7f3d460500704fd40a5a,PEKANBARU,-3,37,1,92.7,False
2025-05-18,MISSION: IMPOSSIBLE - THE FINAL RECKONING,6b88b1af662b72fbfa35004a8edfe2e9,DEPOK,-3,751,8,65.28,False
2025-05-18,MISSION: IMPOSSIBLE - THE FINAL RECKONING,7114d91eccf418326f7a9a05943c04e1,JAMBI,-3,197,2,56.65,False
2025-05-18,MISSION: IMPOSSIBLE - THE FINAL RECKONING,716ede53fbca27fbe1c1a55d6667c2b5,CIKARANG,-3,245,2,57.2,False
2025-05-18,MISSION: IMPOSSIBLE - THE FINAL RECKONING,7995e00051a2fe6aeed7cfdbe0378c01,TIMIKA,-3,165,1,94.5,False
2025-05-18,MISSION: IMPOSSIBLE - THE FINAL RECKONING,79d0a75ad3523955b8d0e01198d6e9c9,CIREBON,-3,25,1,100.0,False
2025-05-18,MISSION: IMPOSSIBLE - THE FINAL RECKONING,7c271f1e1351e6433b202d77b88012c2,CIREBON,-3,24,1,8.4,False
2025-05-18,MISSION: IMPOSSIBLE - THE FINAL RECKONING,7cade3ea25dae25fdb8c56776676b0c7,CILEGON,-3,224,3,44.03,False
2025-05-18,MISSION: IMPOSSIBLE - THE FINAL RECKONING,8188326fb0a403be03ea632997c8a959,GORONTALO,-3,150,1,93.73,False
2025-05-18,MISSION: IMPOSSIBLE - THE FINAL RECKONING,81c620b2538435926cbbf15745ef5901,MADIUN,-3,58,1,29.4,False
2025-05-18,MISSION: IMPOSSIBLE - THE FINAL RECKONING,862442166e956fe0e8355db8852d9440,TANGERANG,-3,939,9,73.02,False
2025-05-18,MISSION: IMPOSSIBLE - THE FINAL RECKONING,8750b9ee0b0c6c6afcfcb2a05e60efc0,BANDUNG,-3,310,4,53.03,False
2025-05-18,MISSION: IMPOSSIBLE - THE FINAL RECKONING,88d0ee0029bee810e1d0fe37f73e2d3b,SOLO,-3,252,3,83.2,False
2025-05-18,GUNDIK,8d2e05da5624875993cb8580c88334a9,CIREBON,-4,197,1,100.0,False
2025-05-18,MISSION: IMPOSSIBLE - THE FINAL RECKONING,8d2e05da5624875993cb8580c88334a9,CIREBON,-3,143,2,37.6,False
2025-05-18,MISSION: IMPOSSIBLE - THE FINAL RECKONING,8dbfb7aeb4ed822b358347332ba630af,JAKARTA,-3,3944,26,83.35,False
2025-05-18,MISSION: IMPOSSIBLE - THE FINAL RECKONING,9158e16be84a6db4d63d3289099f119b,JAYAPURA,-3,139,1,100.0,True
2025-05-18,MISSION: IMPOSSIBLE - THE FINAL RECKONING,919c7b9859d8ce7cab47dab2463e7fab,MAKASSAR,-3,408,2,82.43,False
2025-05-18,MISSION: IMPOSSIBLE - THE FINAL RECKONING,92e94ed55b4de8feaff9462a66e2dbd7,PEKANBARU,-3,104,2,27.56,False
2025-05-18,MISSION: IMPOSSIBLE - THE FINAL RECKONING,9715c9bc57db04a2506acfdab71ec1c6,RANTAU PRAPAT,-3,117,1,62.83,False
2025-05-18,MISSION: IMPOSSIBLE - THE FINAL RECKONING,981569adf232c53afe751c8c660db8d9,BATAM,-3,253,1,92.4,False
2025-05-18,MISSION: IMPOSSIBLE - THE FINAL RECKONING,9aab42397bbc1d1cdb49f7044dc990f0,PALEMBANG,-3,249,4,39.66,False
2025-05-18,MISSION: IMPOSSIBLE - THE FINAL RECKONING,9cc7970100d8e4c2202f08cb78c6eb20,YOGYAKARTA,-3,231,2,80.08,False
2025-05-18,MISSION: IMPOSSIBLE - THE FINAL RECKONING,9f0564f5cabe643e4dbb08b80d3cc241,PONTIANAK,-3,303,1,100.0,False
2025-05-18,MISSION: IMPOSSIBLE - THE FINAL RECKONING,a09b9ee7f937939ee25c24ef8c2e91be,BALIKPAPAN,-3,127,1,93.6,False
2025-05-18,MISSION: IMPOSSIBLE - THE FINAL RECKONING,a55554e941cb93c23d1522f88fd0d004,DUMAI,-3,165,1,89.61,False
2025-05-18,MISSION: IMPOSSIBLE - THE FINAL RECKONING,a616a546264044ed616bc2bdf2d9f7fc,YOGYAKARTA,-3,312,3,78.05,False
2025-05-18,MISSION: IMPOSSIBLE - THE FINAL RECKONING,a691dd0d8274fa85ecdc7d5ad6df1628,LAMPUNG,-3,140,1,61.95,True
2025-05-18,MISSION: IMPOSSIBLE - THE FINAL RECKONING,a6d19ebcb27f61cbf41a6552fbf68676,SIDOARJO,-3,113,1,70.35,False
2025-05-18,MISSION: IMPOSSIBLE - THE FINAL RECKONING,a9d508d218799f9dc69bb4aefc122cb3,MANADO,-3,507,3,92.36,False
2025-05-18,MISSION: IMPOSSIBLE - THE FINAL RECKONING,a9e141baa8b4ec825325397b16eeaae3,BOGOR,-3,712,6,65.69,False
2025-05-18,MISSION: IMPOSSIBLE - THE FINAL RECKONING,afbb3b11f728a54ad1eb3ca34f602779,KENDARI,-3,240,1,82.95,False
2025-05-18,MISSION: IMPOSSIBLE - THE FINAL RECKONING,b2539b1f80254243391774489b1328aa,ROKAN HILIR,-3,70,1,33.6,False
2025-05-18,MISSION: IMPOSSIBLE - THE FINAL RECKONING,b4972b48997defae8304bc9c41220c7c,BEKASI,-3,865,7,65.85,False
2025-05-18,MISSION: IMPOSSIBLE - THE FINAL RECKONING,b704e8b10f13e14494b5a7a0ba39d9d9,JAKARTA,-3,1799,15,89.04,False
2025-05-18,MISSION: IMPOSSIBLE - THE FINAL RECKONING,be8de71502987819afd4c2ceea71c539,GRESIK,-3,128,1,66.56,False
2025-05-18,MISSION: IMPOSSIBLE - THE FINAL RECKONING,bf33cc26f29bf266a83e35901fa80c9c,AMBON,-3,237,1,100.0,False
2025-05-18,MISSION: IMPOSSIBLE - THE FINAL RECKONING,c35e24eefa840ac2009279f1efc52288,BONTANG,-3,216,1,75.6,False
2025-05-18,MISSION: IMPOSSIBLE - THE FINAL RECKONING,c48b7a4426e8cbee3f7dbfe8b87d1d89,PEKALONGAN,-3,124,2,41.2,False
2025-05-18,MISSION: IMPOSSIBLE - THE FINAL RECKONING,c4a19cbeb409639c836e4304976db0aa,BANDUNG,-3,701,6,49.4,False
2025-05-18,MISSION: IMPOSSIBLE - THE FINAL RECKONING,c71a18e33d4b7c73c8124c65fc3e6f1c,MANADO,-3,218,1,97.65,False
2025-05-18,MISSION: IMPOSSIBLE - THE FINAL RECKONING,c877324e95024e707ae23f0aed947e15,SEMARANG,-3,335,3,70.0,False
2025-05-18,MISSION: IMPOSSIBLE - THE FINAL RECKONING,cb2a49a747f8989ee0356ec7ac354177,BENGKULU,-3,173,1,75.92,False
2025-05-18,MISSION: IMPOSSIBLE - THE FINAL RECKONING,d297f2f746c4fd2723f3202fafcbfa1a,BONDOWOSO,-3,83,1,33.28,False
2025-05-18,MISSION: IMPOSSIBLE - THE FINAL RECKONING,d33850e3698903061b4c18886ce00c9d,GARUT,-3,47,1,29.87,False
2025-05-18,MISSION: IMPOSSIBLE - THE FINAL RECKONING,da6b584c30e784d15b54ad124a760b19,SAMARINDA,-3,129,1,81.37,False
2025-05-18,MISSION: IMPOSSIBLE - THE FINAL RECKONING,da96492ebd43c4a193238d6c3205cc40,PEKANBARU,-3,375,3,69.01,False
2025-05-18,MISSION: IMPOSSIBLE - THE FINAL RECKONING,dc6de349945f10a4a296bb50d34fc504,BANJARMASIN,-3,41,1,99.91,False
2025-05-18,MISSION: IMPOSSIBLE - THE FINAL RECKONING,dc77e7e26c0e5e3a5c44ec2de0cedbde,DENPASAR,-3,636,6,94.85,False
2025-05-18,MISSION: IMPOSSIBLE - THE FINAL RECKONING,df7f047e9886cfa1c0892c97f15d4146,MATARAM,-3,45,1,95.55,False
2025-05-18,MISSION: IMPOSSIBLE - THE FINAL RECKONING,e3edf631650eb304cf386709b98005f6,DENPASAR,-3,578,5,92.7,False
2025-05-18,MISSION: IMPOSSIBLE - THE FINAL RECKONING,e67d818ee0546f3b33d0ba2083ed4db5,BEKASI,-3,391,5,69.09,False
2025-05-18,MISSION: IMPOSSIBLE - THE FINAL RECKONING,e7ec114c2ec166155149062023617e8b,SAMARINDA,-3,357,2,83.43,False
2025-05-18,MISSION: IMPOSSIBLE - THE FINAL RECKONING,e8965581e1be78ac9a3145b6983ff6ec,SURABAYA,-3,699,5,83.82,False
2025-05-18,MISSION: IMPOSSIBLE - THE FINAL RECKONING,e939d818a5192f48fc4b73102e3aa4b9,PALANGKARAYA,-3,187,1,82.16,False
2025-05-18,MISSION: IMPOSSIBLE - THE FINAL RECKONING,e989d8fdc91de7e6ffbb72a2f5ac79f6,DEPOK,-3,490,4,93.86,False
2025-05-18,MISSION: IMPOSSIBLE - THE FINAL RECKONING,ea7df0c99b450ecdea38cf34ae1f158f,KISARAN,-3,91,1,62.83,False
2025-05-18,MISSION: IMPOSSIBLE - THE FINAL RECKONING,ecace029de4a6bd4ae872928509cd71d,TASIKMALAYA,-3,192,2,41.6,False
2025-05-18,MISSION: IMPOSSIBLE - THE FINAL RECKONING,ef2896a95abe2a2b4cfee245dc1e36ec,CIKARANG,-3,25,1,18.9,False
2025-05-18,MISSION: IMPOSSIBLE - THE FINAL RECKONING,efe899b321b96d852776427476f14a06,YOGYAKARTA,-3,288,2,92.93,False
2025-05-18,MISSION: IMPOSSIBLE - THE FINAL RECKONING,f292a4101ca0420357a2d18b3a013e5f,PALU,-3,230,2,91.88,False
2025-05-18,MISSION: IMPOSSIBLE - THE FINAL RECKONING,f3a9ac312f7bc4e2467a1bf02a6aa1e9,LAMPUNG,-3,141,1,57.75,False
2025-05-18,MISSION: IMPOSSIBLE - THE FINAL RECKONING,f54d37fc4c4d4b285aa3601041abc938,BOGOR,-3,501,6,58.59,False
2025-05-18,MISSION: IMPOSSIBLE - THE FINAL RECKONING,f7734bb329cacfe21ce854ae822b6115,TANJUNG PINANG,-3,130,1,68.64,True
2025-05-18,MISSION: IMPOSSIBLE - THE FINAL RECKONING,fbaf4d5f0c18dc603a21aef31da59ee6,SAMARINDA,-3,291,3,93.73,False
2025-05-18,MISSION: IMPOSSIBLE - THE FINAL RECKONING,fcf80028ec9bbf8efaee3932e529a78f,INDRAMAYU,-3,102,1,52.0,False
2025-05-19,GUNDIK,3acdf298dab1b92bbaaad74d86c0c40a,SEMARANG,-3,223,1,100.0,False
2025-05-19,LILO & STITCH,4ed104ac0de10ba7eef50158603e0b32,JAKARTA,-2,2054,8,100.0,False
2025-05-19,GUNDIK,c48b7a4426e8cbee3f7dbfe8b87d1d89,PEKALONGAN,-3,155,1,100.0,False
2025-05-20,GUNDIK,88d0ee0029bee810e1d0fe37f73e2d3b,SOLO,-2,262,1,100.0,False
2025-05-20,GUNDIK,a616a546264044ed616bc2bdf2d9f7fc,YOGYAKARTA,-2,155,1,100.0,False
2025-05-20,HOW TO TRAIN YOUR DRAGON (IMAX 2D),b704e8b10f13e14494b5a7a0ba39d9d9,JAKARTA,-25,288,1,100.0,False
2025-05-21,ANGKARA MURKA,8dbfb7aeb4ed822b358347332ba630af,JAKARTA,-1,197,1,100.0,False
2025-05-21,WAKTU MAGHRIB 2,8dbfb7aeb4ed822b358347332ba630af,JAKARTA,-7,1135,3,89.79,False
2025-05-22,GAZA,4ed104ac0de10ba7eef50158603e0b32,JAKARTA,-26,206,1,100.0,False
2025-05-23,THE RITUAL,4ed104ac0de10ba7eef50158603e0b32,JAKARTA,-6,88,1,72.8,False
2025-05-23,DENDAM MALAM KELAM,8dbfb7aeb4ed822b358347332ba630af,JAKARTA,-5,1146,3,100.0,False
2025-05-23,SENYUM MANIES LOVE STORY,8dbfb7aeb4ed822b358347332ba630af,JAKARTA,-20,149,1,100.0,False
2025-05-24,DENDAM MALAM KELAM,4ed104ac0de10ba7eef50158603e0b32,JAKARTA,-4,174,1,100.0,False
2025-05-24,WAKTU MAGHRIB 2,a616a546264044ed616bc2bdf2d9f7fc,YOGYAKARTA,-4,124,1,100.0,False
2025-05-24,WAKTU MAGHRIB 2,d1918db937d26e9e4ccd3e17e1ff0e2d,SUMEDANG,-4,125,1,100.0,False
2025-05-25,WAKTU MAGHRIB 2,494c8f1916a97efe3390ba9dbab6ce7d,LAMPUNG,-3,123,1,100.0,False
2025-05-25,WAKTU MAGHRIB 2,d33850e3698903061b4c18886ce00c9d,GARUT,-3,137,1,100.0,True
2025-05-25,WAKTU MAGHRIB 2,ecace029de4a6bd4ae872928509cd71d,TASIKMALAYA,-3,153,1,100.0,False
2025-05-26,DENDAM MALAM KELAM,4ed104ac0de10ba7eef50158603e0b32,JAKARTA,-2,160,1,100.0,False
2025-05-26,GOWOK KAMASUTRA JAWA,4ed104ac0de10ba7eef50158603e0b32,JAKARTA,-10,82,2,100.0,False
2025-05-26,GOWOK KAMASUTRA JAWA,b704e8b10f13e14494b5a7a0ba39d9d9,JAKARTA,-10,2208,10,100.0,False
2025-05-27,GAZA,8dbfb7aeb4ed822b358347332ba630af,JAKARTA,-21,279,2,100.0,False
2025-05-27,KARATE KID: LEGENDS,b704e8b10f13e14494b5a7a0ba39d9d9,JAKARTA,-1,607,2,100.0,False
2025-05-28,GOWOK KAMASUTRA JAWA,0191582d75f94a412c0fa12d36bcee3f,SURABAYA,-8,725,4,100.0,False
2025-05-28,TAK INGIN USAI DI SINI,8dbfb7aeb4ed822b358347332ba630af,JAKARTA,-20,1980,5,100.0,False
2025-05-29,TAK INGIN USAI DI SINI,015555fbcd8faef6b55a854605df0a87,SURABAYA,-19,179,1,100.0,False
2025-05-29,TAK INGIN USAI DI SINI,4fc3fc370b299876663c7d5c90595853,BANJARMASIN,-19,144,1,100.0,False
2025-05-29,TAK INGIN USAI DI SINI,862442166e956fe0e8355db8852d9440,TANGERANG,-19,150,1,100.0,False
2025-05-29,TAK INGIN USAI DI SINI,a691dd0d8274fa85ecdc7d5ad6df1628,LAMPUNG,-19,125,1,100.0,False
2025-05-29,TAK INGIN USAI DI SINI,bf33cc26f29bf266a83e35901fa80c9c,AMBON,-19,148,1,100.0,False
2025-05-29,TAK INGIN USAI DI SINI,dc77e7e26c0e5e3a5c44ec2de0cedbde,DENPASAR,-19,162,1,100.0,False
2025-05-29,TAK INGIN USAI DI SINI,f54d37fc4c4d4b285aa3601041abc938,BOGOR,-19,141,1,100.0,False
2025-05-31,GOWOK KAMASUTRA JAWA,3acdf298dab1b92bbaaad74d86c0c40a,SEMARANG,-5,485,3,100.0,False
2025-06-02,"SAMPAI JUMPA, SELAMAT TINGGAL",8dbfb7aeb4ed822b358347332ba630af,JAKARTA,-3,570,6,68.64,False
2025-06-02,GOWOK KAMASUTRA JAWA UNCUT,b704e8b10f13e14494b5a7a0ba39d9d9,JAKARTA,-3,83,2,100.0,False
2025-06-03,GOWOK KAMASUTRA JAWA,8d2e05da5624875993cb8580c88334a9,CIREBON,-2,302,2,100.0,False
2025-06-03,GJLS: IBUKU IBU IBU,b704e8b10f13e14494b5a7a0ba39d9d9,JAKARTA,-13,810,3,100.0,False
2025-06-04,BRING HER BACK,4ed104ac0de10ba7eef50158603e0b32,JAKARTA,-2,133,1,100.0,True
2025-06-04,JALAN PULANG,b704e8b10f13e14494b5a7a0ba39d9d9,JAKARTA,-15,902,4,100.0,False
2025-06-05,TAK INGIN USAI DI SINI,015555fbcd8faef6b55a854605df0a87,SURABAYA,-12,28,1,13.39,False
2025-06-05,TENUNG BY RISA SARASWATI & DIMASTA,015555fbcd8faef6b55a854605df0a87,SURABAYA,-3,152,4,18.9,False
2025-06-05,TAK INGIN USAI DI SINI,0191582d75f94a412c0fa12d36bcee3f,SURABAYA,-12,252,4,47.58,False
2025-06-05,TENUNG BY RISA SARASWATI & DIMASTA,0191582d75f94a412c0fa12d36bcee3f,SURABAYA,-3,314,7,23.85,False
2025-06-05,TENUNG BY RISA SARASWATI & DIMASTA,0318cab65e5a4dbb61243ab4747fb621,SINGKAWANG,-3,137,2,33.8,False
2025-06-05,TENUNG BY RISA SARASWATI & DIMASTA,04a2de432a8901363a05137a8e8de1d2,MAMUJU,-3,103,1,40.56,False
2025-06-05,TENUNG BY RISA SARASWATI & DIMASTA,073b764928864ed8fa0b6b115bfdd685,BATAM,-3,86,2,14.18,False
2025-06-05,TENUNG BY RISA SARASWATI & DIMASTA,0a8777c6c78e2d102bdf459f8550cf93,PANGKAL PINANG,-3,34,1,15.75,False
2025-06-05,TAK INGIN USAI DI SINI,108f9a4d181f12fd1b7e3c9adae38478,TANGERANG,-12,71,4,11.18,False
2025-06-05,TENUNG BY RISA SARASWATI & DIMASTA,108f9a4d181f12fd1b7e3c9adae38478,TANGERANG,-3,420,15,11.51,False
2025-06-05,TENUNG BY RISA SARASWATI & DIMASTA,1240789770bc04e7d26e5fa31c075ced,MALANG,-3,54,3,7.7,False
2025-06-05,TAK INGIN USAI DI SINI,14b63ff2b104903ead7d884f25382e57,MALANG,-12,40,1,30.9,False
2025-06-05,TENUNG BY RISA SARASWATI & DIMASTA,14b63ff2b104903ead7d884f25382e57,MALANG,-3,111,2,30.68,False
2025-06-05,TAK INGIN USAI DI SINI,15c7dc37db27dd76f38cc419107f7c48,KARAWANG,-12,27,1,16.8,False
2025-06-05,TENUNG BY RISA SARASWATI & DIMASTA,15c7dc37db27dd76f38cc419107f7c48,KARAWANG,-3,38,2,7.88,False
2025-06-05,TENUNG BY RISA SARASWATI & DIMASTA,17e1e7da761f72bbb4e039ba08cc0ba0,SEMARANG,-3,14,3,3.15,False
2025-06-05,TENUNG BY RISA SARASWATI & DIMASTA,19f506af810fe579721721d058f6b243,MEDAN,-3,68,1,39.14,False
2025-06-05,TENUNG BY RISA SARASWATI & DIMASTA,202dbf4df0e433f092fca1aa8162c400,TARAKAN,-3,26,1,19.95,False
2025-06-05,TENUNG BY RISA SARASWATI & DIMASTA,218c50fa4df90b3241e39ff8ffb41102,SOLO,-3,44,1,18.54,False
2025-06-05,TENUNG BY RISA SARASWATI & DIMASTA,2318d3c719302ff137eb1b53fb32f0c8,KARAWANG,-3,42,1,31.2,False
2025-06-05,TENUNG BY RISA SARASWATI & DIMASTA,25e1c125bdd513aa2355a8e558a1a908,KEDIRI,-3,151,3,39.55,False
2025-06-05,TENUNG BY RISA SARASWATI & DIMASTA,26a644178fbdb277dc3c50997f6df7fe,PALEMBANG,-3,165,3,24.96,False
2025-06-05,TENUNG BY RISA SARASWATI & DIMASTA,26d1d720bc7e60c1b1a56630e3ba2c5d,GARUT,-3,72,1,27.04,False
2025-06-05,TAK INGIN USAI DI SINI,29fc89ab155e9f202326046c2e0023bb,MAKASSAR,-12,84,3,15.79,False
2025-06-05,TENUNG BY RISA SARASWATI & DIMASTA,29fc89ab155e9f202326046c2e0023bb,MAKASSAR,-3,261,5,19.74,False
2025-06-05,TAK INGIN USAI DI SINI,312cd6ebdd3af9ac55f7b3d31ecab9c2,BOGOR,-12,54,2,11.96,False
2025-06-05,TENUNG BY RISA SARASWATI & DIMASTA,312cd6ebdd3af9ac55f7b3d31ecab9c2,BOGOR,-3,19,1,8.32,False
2025-06-05,TAK INGIN USAI DI SINI,35de0354d956048d1c9c49ff069eaa55,MEDAN,-12,111,3,22.88,False
2025-06-05,TENUNG BY RISA SARASWATI & DIMASTA,35de0354d956048d1c9c49ff069eaa55,MEDAN,-3,111,4,10.4,False
2025-06-05,TAK INGIN USAI DI SINI,3744d5b8753c9cc72700ce7927fa0df3,SIDOARJO,-12,37,1,29.12,False
2025-06-05,TENUNG BY RISA SARASWATI & DIMASTA,3744d5b8753c9cc72700ce7927fa0df3,SIDOARJO,-3,195,4,37.18,False
2025-06-05,TAK INGIN USAI DI SINI,3acdf298dab1b92bbaaad74d86c0c40a,SEMARANG,-12,128,3,25.65,False
2025-06-05,TENUNG BY RISA SARASWATI & DIMASTA,3acdf298dab1b92bbaaad74d86c0c40a,SEMARANG,-3,346,8,25.22,False
2025-06-05,TENUNG BY RISA SARASWATI & DIMASTA,3afae5dea7356f64f70605334bef46a7,CIANJUR,-3,93,1,41.2,False
2025-06-05,TAK INGIN USAI DI SINI,3c41b96b56b0aab1ed5fc5e703499730,BALIKPAPAN,-12,45,2,10.5,False
2025-06-05,TENUNG BY RISA SARASWATI & DIMASTA,3c41b96b56b0aab1ed5fc5e703499730,BALIKPAPAN,-3,179,5,15.96,False
2025-06-05,TENUNG BY RISA SARASWATI & DIMASTA,3cc167017755a0197f18f93595c9ae85,JAMBI,-3,20,2,6.24,False
2025-06-05,TAK INGIN USAI DI SINI,3f6093566521149f8e37fa4e3fafe7cc,PADANG,-12,39,1,32.55,False
2025-06-05,TENUNG BY RISA SARASWATI & DIMASTA,3f6093566521149f8e37fa4e3fafe7cc,PADANG,-3,47,2,19.43,False
2025-06-05,TENUNG BY RISA SARASWATI & DIMASTA,45f553cca86b28fedd6115abdd0ae734,KUALA KAPUAS,-3,72,2,17.33,False
2025-06-05,TAK INGIN USAI DI SINI,490346a8a068ba7d2e3764714c6d5323,BANDUNG,-12,110,4,18.98,False
2025-06-05,TENUNG BY RISA SARASWATI & DIMASTA,490346a8a068ba7d2e3764714c6d5323,BANDUNG,-3,259,3,40.25,False
2025-06-05,TENUNG BY RISA SARASWATI & DIMASTA,494c8f1916a97efe3390ba9dbab6ce7d,LAMPUNG,-3,33,2,12.36,False
2025-06-05,TENUNG BY RISA SARASWATI & DIMASTA,4ba87a86e02dd8a810032db35bf13c51,BENGKULU,-3,53,2,13.0,False
2025-06-05,TAK INGIN USAI DI SINI,4e12b237c826209f7ddc5b29a96380b6,BEKASI,-12,11,1,6.18,False
2025-06-05,TENUNG BY RISA SARASWATI & DIMASTA,4e12b237c826209f7ddc5b29a96380b6,BEKASI,-3,186,11,7.21,False
2025-06-05,TAK INGIN USAI DI SINI,4eb26b1058266dc50a63dc875e4d8846,MATARAM,-12,156,4,28.6,False
2025-06-05,TENUNG BY RISA SARASWATI & DIMASTA,4eb26b1058266dc50a63dc875e4d8846,MATARAM,-3,36,1,21.0,False
2025-06-05,TAK INGIN USAI DI SINI,4ed104ac0de10ba7eef50158603e0b32,JAKARTA,-12,389,12,18.28,False
2025-06-05,TENUNG BY RISA SARASWATI & DIMASTA,4ed104ac0de10ba7eef50158603e0b32,JAKARTA,-3,865,23,20.36,False
2025-06-05,TAK INGIN USAI DI SINI,4fc3fc370b299876663c7d5c90595853,BANJARMASIN,-12,68,1,40.56,False
2025-06-05,TENUNG BY RISA SARASWATI & DIMASTA,4fc3fc370b299876663c7d5c90595853,BANJARMASIN,-3,225,2,52.0,False
2025-06-05,TAK INGIN USAI DI SINI,52eed153a88a6bdcb46cbb266a07cba2,TANGERANG,-12,90,4,12.86,False
2025-06-05,TENUNG BY RISA SARASWATI & DIMASTA,52eed153a88a6bdcb46cbb266a07cba2,TANGERANG,-3,141,4,24.46,False
2025-06-05,TAK INGIN USAI DI SINI,541130ea8083a789df5d15bbfe13055a,MAKASSAR,-12,32,1,21.0,False
2025-06-05,TENUNG BY RISA SARASWATI & DIMASTA,541130ea8083a789df5d15bbfe13055a,MAKASSAR,-3,163,5,19.76,False
2025-06-05,TAK INGIN USAI DI SINI,57d37d0d839b9dff6f87d6b5d5b679cc,SOLO,-12,59,1,36.05,False
2025-06-05,TENUNG BY RISA SARASWATI & DIMASTA,580919d632e55fd9736ae1a2ac6ed0c5,BATAM,-3,62,4,9.45,False
2025-06-05,TENUNG BY RISA SARASWATI & DIMASTA,592095e0ddc2c230cf3002d72e9bac41,MANOKWARI,-3,46,1,22.88,False
2025-06-05,TAK INGIN USAI DI SINI,5a894958f375392ce7981be2eb9a26be,JEMBER,-12,29,1,21.63,False
2025-06-05,TENUNG BY RISA SARASWATI & DIMASTA,5a894958f375392ce7981be2eb9a26be,JEMBER,-3,38,2,9.79,False
2025-06-05,TAK INGIN USAI DI SINI,5b8eaa351fae8e6d1e759e814d74c1c5,MEDAN,-12,41,2,14.56,False
2025-06-05,TENUNG BY RISA SARASWATI & DIMASTA,5b8eaa351fae8e6d1e759e814d74c1c5,MEDAN,-3,174,8,12.47,False
2025-06-05,TENUNG BY RISA SARASWATI & DIMASTA,62447bb073160adcf6d6022240a3663c,KLATEN,-3,48,1,28.35,False
2025-06-05,TAK INGIN USAI DI SINI,6b88b1af662b72fbfa35004a8edfe2e9,DEPOK,-12,111,7,11.14,False
2025-06-05,TENUNG BY RISA SARASWATI & DIMASTA,6b88b1af662b72fbfa35004a8edfe2e9,DEPOK,-3,246,6,21.8,False
2025-06-05,TENUNG BY RISA SARASWATI & DIMASTA,7114d91eccf418326f7a9a05943c04e1,JAMBI,-3,12,1,5.15,False
2025-06-05,TAK INGIN USAI DI SINI,716ede53fbca27fbe1c1a55d6667c2b5,CIKARANG,-12,4,1,2.08,False
2025-06-05,TENUNG BY RISA SARASWATI & DIMASTA,716ede53fbca27fbe1c1a55d6667c2b5,CIKARANG,-3,51,4,5.51,False
2025-06-05,TENUNG BY RISA SARASWATI & DIMASTA,7995e00051a2fe6aeed7cfdbe0378c01,TIMIKA,-3,48,1,26.0,False
2025-06-05,TENUNG BY RISA SARASWATI & DIMASTA,7c271f1e1351e6433b202d77b88012c2,CIREBON,-3,36,1,12.6,False
2025-06-05,TAK INGIN USAI DI SINI,7cade3ea25dae25fdb8c56776676b0c7,CILEGON,-12,36,2,13.52,False
2025-06-05,TENUNG BY RISA SARASWATI & DIMASTA,7cade3ea25dae25fdb8c56776676b0c7,CILEGON,-3,183,4,23.36,False
2025-06-05,TAK INGIN USAI DI SINI,8188326fb0a403be03ea632997c8a959,GORONTALO,-12,94,3,25.55,False
2025-06-05,TENUNG BY RISA SARASWATI & DIMASTA,81c620b2538435926cbbf15745ef5901,MADIUN,-3,108,2,26.78,False
2025-06-05,TAK INGIN USAI DI SINI,862442166e956fe0e8355db8852d9440,TANGERANG,-12,147,4,19.57,False
2025-06-05,TENUNG BY RISA SARASWATI & DIMASTA,862442166e956fe0e8355db8852d9440,TANGERANG,-3,202,5,15.66,False
2025-06-05,TENUNG BY RISA SARASWATI & DIMASTA,8750b9ee0b0c6c6afcfcb2a05e60efc0,BANDUNG,-3,595,10,31.21,False
2025-06-05,TENUNG BY RISA SARASWATI & DIMASTA,88d0ee0029bee810e1d0fe37f73e2d3b,SOLO,-3,184,4,17.59,False
2025-06-05,TENUNG BY RISA SARASWATI & DIMASTA,8d2e05da5624875993cb8580c88334a9,CIREBON,-3,59,1,30.45,False
2025-06-05,TAK INGIN USAI DI SINI,8dbfb7aeb4ed822b358347332ba630af,JAKARTA,-12,510,11,28.47,False
2025-06-05,TENUNG BY RISA SARASWATI & DIMASTA,8dbfb7aeb4ed822b358347332ba630af,JAKARTA,-3,300,12,11.09,False
2025-06-05,TAK INGIN USAI DI SINI,9158e16be84a6db4d63d3289099f119b,JAYAPURA,-12,100,2,36.75,False
2025-06-05,TENUNG BY RISA SARASWATI & DIMASTA,9158e16be84a6db4d63d3289099f119b,JAYAPURA,-3,93,2,33.8,False
2025-06-05,TAK INGIN USAI DI SINI,919c7b9859d8ce7cab47dab2463e7fab,MAKASSAR,-12,65,1,36.4,False
2025-06-05,TENUNG BY RISA SARASWATI & DIMASTA,92e94ed55b4de8feaff9462a66e2dbd7,PEKANBARU,-3,18,4,1.3,False
2025-06-05,TENUNG BY RISA SARASWATI & DIMASTA,9715c9bc57db04a2506acfdab71ec1c6,RANTAU PRAPAT,-3,141,3,25.41,False
2025-06-05,TENUNG BY RISA SARASWATI & DIMASTA,981569adf232c53afe751c8c660db8d9,BATAM,-3,70,2,16.28,False
2025-06-05,TAK INGIN USAI DI SINI,9aab42397bbc1d1cdb49f7044dc990f0,PALEMBANG,-12,24,1,15.6,False
2025-06-05,TENUNG BY RISA SARASWATI & DIMASTA,9aab42397bbc1d1cdb49f7044dc990f0,PALEMBANG,-3,185,4,17.94,False
2025-06-05,TENUNG BY RISA SARASWATI & DIMASTA,9cc7970100d8e4c2202f08cb78c6eb20,YOGYAKARTA,-3,10,1,5.2,False
2025-06-05,TAK INGIN USAI DI SINI,9f0564f5cabe643e4dbb08b80d3cc241,PONTIANAK,-12,126,2,34.84,False
2025-06-05,TENUNG BY RISA SARASWATI & DIMASTA,9f0564f5cabe643e4dbb08b80d3cc241,PONTIANAK,-3,139,1,73.84,True
2025-06-05,TENUNG BY RISA SARASWATI & DIMASTA,a09b9ee7f937939ee25c24ef8c2e91be,BALIKPAPAN,-3,11,1,13.39,False
2025-06-05,TAK INGIN USAI DI SINI,a55554e941cb93c23d1522f88fd0d004,DUMAI,-12,5,1,2.06,False
2025-06-05,TENUNG BY RISA SARASWATI & DIMASTA,a55554e941cb93c23d1522f88fd0d004,DUMAI,-3,37,1,16.48,False
2025-06-05,TENUNG BY RISA SARASWATI & DIMASTA,a616a546264044ed616bc2bdf2d9f7fc,YOGYAKARTA,-3,44,2,17.51,False
2025-06-05,TAK INGIN USAI DI SINI,a691dd0d8274fa85ecdc7d5ad6df1628,LAMPUNG,-12,134,2,42.0,False
2025-06-05,TENUNG BY RISA SARASWATI & DIMASTA,a691dd0d8274fa85ecdc7d5ad6df1628,LAMPUNG,-3,240,3,39.87,False
2025-06-05,TAK INGIN USAI DI SINI,a9d508d218799f9dc69bb4aefc122cb3,MANADO,-12,89,1,48.3,False
2025-06-05,TAK INGIN USAI DI SINI,a9e141baa8b4ec825325397b16eeaae3,BOGOR,-12,142,4,28.84,False
2025-06-05,TENUNG BY RISA SARASWATI & DIMASTA,a9e141baa8b4ec825325397b16eeaae3,BOGOR,-3,481,14,20.1,False
2025-06-05,TENUNG BY RISA SARASWATI & DIMASTA,afbb3b11f728a54ad1eb3ca34f602779,KENDARI,-3,81,2,13.65,False
2025-06-05,TAK INGIN USAI DI SINI,b4972b48997defae8304bc9c41220c7c,BEKASI,-12,64,2,15.45,False
2025-06-05,TENUNG BY RISA SARASWATI & DIMASTA,b4972b48997defae8304bc9c41220c7c,BEKASI,-3,269,8,13.91,False
2025-06-05,TAK INGIN USAI DI SINI,b704e8b10f13e14494b5a7a0ba39d9d9,JAKARTA,-12,160,5,21.84,False
2025-06-05,TENUNG BY RISA SARASWATI & DIMASTA,b704e8b10f13e14494b5a7a0ba39d9d9,JAKARTA,-3,72,3,17.5,False
2025-06-05,TAK INGIN USAI DI SINI,be8de71502987819afd4c2ceea71c539,GRESIK,-12,87,3,19.57,False
2025-06-05,TENUNG BY RISA SARASWATI & DIMASTA,be8de71502987819afd4c2ceea71c539,GRESIK,-3,58,1,34.32,False
2025-06-05,TENUNG BY RISA SARASWATI & DIMASTA,bf33cc26f29bf266a83e35901fa80c9c,AMBON,-3,215,4,29.87,False
2025-06-05,TENUNG BY RISA SARASWATI & DIMASTA,c35e24eefa840ac2009279f1efc52288,BONTANG,-3,129,2,21.63,False
2025-06-05,TAK INGIN USAI DI SINI,c48b7a4426e8cbee3f7dbfe8b87d1d89,PEKALONGAN,-12,110,2,45.84,False
2025-06-05,TAK INGIN USAI DI SINI,c4a19cbeb409639c836e4304976db0aa,BANDUNG,-12,100,5,12.18,False
2025-06-05,TENUNG BY RISA SARASWATI & DIMASTA,c4a19cbeb409639c836e4304976db0aa,BANDUNG,-3,331,6,27.65,False
2025-06-05,TENUNG BY RISA SARASWATI & DIMASTA,c877324e95024e707ae23f0aed947e15,SEMARANG,-3,75,2,23.63,False
2025-06-05,TAK INGIN USAI DI SINI,cb2a49a747f8989ee0356ec7ac354177,BENGKULU,-12,64,2,23.92,False
2025-06-05,TENUNG BY RISA SARASWATI & DIMASTA,cb2a49a747f8989ee0356ec7ac354177,BENGKULU,-3,93,2,21.53,False
2025-06-05,TENUNG BY RISA SARASWATI & DIMASTA,d1918db937d26e9e4ccd3e17e1ff0e2d,SUMEDANG,-3,59,1,34.32,False
2025-06-05,TAK INGIN USAI DI SINI,d33850e3698903061b4c18886ce00c9d,GARUT,-12,81,3,20.11,False
2025-06-05,TENUNG BY RISA SARASWATI & DIMASTA,d33850e3698903061b4c18886ce00c9d,GARUT,-3,25,1,15.6,False
2025-06-05,TENUNG BY RISA SARASWATI & DIMASTA,da6b584c30e784d15b54ad124a760b19,SAMARINDA,-3,6,1,3.15,False
2025-06-05,TAK INGIN USAI DI SINI,da96492ebd43c4a193238d6c3205cc40,PEKANBARU,-12,35,1,26.0,False
2025-06-05,TENUNG BY RISA SARASWATI & DIMASTA,da96492ebd43c4a193238d6c3205cc40,PEKANBARU,-3,96,3,14.76,False
2025-06-05,TAK INGIN USAI DI SINI,dc77e7e26c0e5e3a5c44ec2de0cedbde,DENPASAR,-12,122,1,100.0,False
2025-06-05,TENUNG BY RISA SARASWATI & DIMASTA,dc77e7e26c0e5e3a5c44ec2de0cedbde,DENPASAR,-3,191,3,39.52,False
2025-06-05,TENUNG BY RISA SARASWATI & DIMASTA,e3edf631650eb304cf386709b98005f6,DENPASAR,-3,20,1,13.39,False
2025-06-05,TAK INGIN USAI DI SINI,e67d818ee0546f3b33d0ba2083ed4db5,BEKASI,-12,35,2,13.39,False
2025-06-05,TENUNG BY RISA SARASWATI & DIMASTA,e67d818ee0546f3b33d0ba2083ed4db5,BEKASI,-3,144,3,24.5,False
2025-06-05,TAK INGIN USAI DI SINI,e8965581e1be78ac9a3145b6983ff6ec,SURABAYA,-12,45,2,18.72,False
2025-06-05,TENUNG BY RISA SARASWATI & DIMASTA,e8965581e1be78ac9a3145b6983ff6ec,SURABAYA,-3,212,2,44.1,False
2025-06-05,TENUNG BY RISA SARASWATI & DIMASTA,e939d818a5192f48fc4b73102e3aa4b9,PALANGKARAYA,-3,472,4,42.23,False
2025-06-05,TAK INGIN USAI DI SINI,e989d8fdc91de7e6ffbb72a2f5ac79f6,DEPOK,-12,31,2,8.32,False
2025-06-05,TENUNG BY RISA SARASWATI & DIMASTA,e989d8fdc91de7e6ffbb72a2f5ac79f6,DEPOK,-3,235,7,16.33,False
2025-06-05,TENUNG BY RISA SARASWATI & DIMASTA,ea7df0c99b450ecdea38cf34ae1f158f,KISARAN,-3,130,3,30.1,False
2025-06-05,TAK INGIN USAI DI SINI,ecace029de4a6bd4ae872928509cd71d,TASIKMALAYA,-12,151,2,50.99,False
2025-06-05,TENUNG BY RISA SARASWATI & DIMASTA,ecace029de4a6bd4ae872928509cd71d,TASIKMALAYA,-3,242,4,25.2,False
2025-06-05,TENUNG BY RISA SARASWATI & DIMASTA,ef2896a95abe2a2b4cfee245dc1e36ec,CIKARANG,-3,59,1,42.23,False
2025-06-05,TAK INGIN USAI DI SINI,efe899b321b96d852776427476f14a06,YOGYAKARTA,-12,161,2,37.6,False
2025-06-05,TENUNG BY RISA SARASWATI & DIMASTA,efe899b321b96d852776427476f14a06,YOGYAKARTA,-3,33,2,5.2,False
2025-06-05,TAK INGIN USAI DI SINI,f292a4101ca0420357a2d18b3a013e5f,PALU,-12,68,2,24.96,False
2025-06-05,TENUNG BY RISA SARASWATI & DIMASTA,f292a4101ca0420357a2d18b3a013e5f,PALU,-3,93,3,14.35,False
2025-06-05,TAK INGIN USAI DI SINI,f3a9ac312f7bc4e2467a1bf02a6aa1e9,LAMPUNG,-12,79,2,27.04,False
2025-06-05,TAK INGIN USAI DI SINI,f54d37fc4c4d4b285aa3601041abc938,BOGOR,-12,74,2,26.78,False
2025-06-05,TENUNG BY RISA SARASWATI & DIMASTA,f54d37fc4c4d4b285aa3601041abc938,BOGOR,-3,360,9,16.1,False
2025-06-05,TAK INGIN USAI DI SINI,f7734bb329cacfe21ce854ae822b6115,TANJUNG PINANG,-12,25,1,14.56,False
2025-06-05,TENUNG BY RISA SARASWATI & DIMASTA,f7734bb329cacfe21ce854ae822b6115,TANJUNG PINANG,-3,101,2,29.36,False
2025-06-05,TAK INGIN USAI DI SINI,fbaf4d5f0c18dc603a21aef31da59ee6,SAMARINDA,-12,24,2,7.88,False
2025-06-06,TAK INGIN USAI DI SINI,015555fbcd8faef6b55a854605df0a87,SURABAYA,-11,167,5,16.48,False
2025-06-06,TENUNG BY RISA SARASWATI & DIMASTA,015555fbcd8faef6b55a854605df0a87,SURABAYA,-2,489,15,15.52,False
2025-06-06,TAK INGIN USAI DI SINI,0191582d75f94a412c0fa12d36bcee3f,SURABAYA,-11,658,13,31.02,False
2025-06-06,TENUNG BY RISA SARASWATI & DIMASTA,0191582d75f94a412c0fa12d36bcee3f,SURABAYA,-2,859,20,16.75,False
2025-06-06,TENUNG BY RISA SARASWATI & DIMASTA,0318cab65e5a4dbb61243ab4747fb621,SINGKAWANG,-2,284,5,27.6,False
2025-06-06,TENUNG BY RISA SARASWATI & DIMASTA,04a2de432a8901363a05137a8e8de1d2,MAMUJU,-2,212,4,20.09,False
2025-06-06,TAK INGIN USAI DI SINI,073b764928864ed8fa0b6b115bfdd685,BATAM,-11,667,8,59.06,False
2025-06-06,TENUNG BY RISA SARASWATI & DIMASTA,073b764928864ed8fa0b6b115bfdd685,BATAM,-2,826,10,36.75,False
2025-06-06,TENUNG BY RISA SARASWATI & DIMASTA,0a8777c6c78e2d102bdf459f8550cf93,PANGKAL PINANG,-2,157,5,15.12,False
2025-06-06,TAK INGIN USAI DI SINI,108f9a4d181f12fd1b7e3c9adae38478,TANGERANG,-11,4,1,2.06,False
2025-06-06,TENUNG BY RISA SARASWATI & DIMASTA,1240789770bc04e7d26e5fa31c075ced,MALANG,-2,107,5,9.03,False
2025-06-06,TAK INGIN USAI DI SINI,14b63ff2b104903ead7d884f25382e57,MALANG,-11,183,5,20.16,False
2025-06-06,TENUNG BY RISA SARASWATI & DIMASTA,14b63ff2b104903ead7d884f25382e57,MALANG,-2,99,5,10.4,False
2025-06-06,TAK INGIN USAI DI SINI,15c7dc37db27dd76f38cc419107f7c48,KARAWANG,-11,177,5,22.05,False
2025-06-06,TENUNG BY RISA SARASWATI & DIMASTA,15c7dc37db27dd76f38cc419107f7c48,KARAWANG,-2,209,5,19.16,False
2025-06-06,TAK INGIN USAI DI SINI,17e1e7da761f72bbb4e039ba08cc0ba0,SEMARANG,-11,127,8,10.37,False
2025-06-06,TENUNG BY RISA SARASWATI & DIMASTA,17e1e7da761f72bbb4e039ba08cc0ba0,SEMARANG,-2,48,2,21.53,False
2025-06-06,TENUNG BY RISA SARASWATI & DIMASTA,19f506af810fe579721721d058f6b243,MEDAN,-2,228,5,25.75,False
2025-06-06,TENUNG BY RISA SARASWATI & DIMASTA,202dbf4df0e433f092fca1aa8162c400,TARAKAN,-2,164,5,25.83,False
2025-06-06,TENUNG BY RISA SARASWATI & DIMASTA,218c50fa4df90b3241e39ff8ffb41102,SOLO,-2,135,7,9.15,False
2025-06-06,TAK INGIN USAI DI SINI,2318d3c719302ff137eb1b53fb32f0c8,KARAWANG,-11,122,3,22.19,False
2025-06-06,TENUNG BY RISA SARASWATI & DIMASTA,2318d3c719302ff137eb1b53fb32f0c8,KARAWANG,-2,163,5,24.78,False
2025-06-06,TENUNG BY RISA SARASWATI & DIMASTA,25e1c125bdd513aa2355a8e558a1a908,KEDIRI,-2,128,5,19.76,False
2025-06-06,TAK INGIN USAI DI SINI,26a644178fbdb277dc3c50997f6df7fe,PALEMBANG,-11,172,5,14.91,False
2025-06-06,TENUNG BY RISA SARASWATI & DIMASTA,26a644178fbdb277dc3c50997f6df7fe,PALEMBANG,-2,936,10,40.85,False
2025-06-06,TENUNG BY RISA SARASWATI & DIMASTA,26d1d720bc7e60c1b1a56630e3ba2c5d,GARUT,-2,169,5,12.39,False
2025-06-06,TAK INGIN USAI DI SINI,29fc89ab155e9f202326046c2e0023bb,MAKASSAR,-11,205,5,30.03,False
2025-06-06,TENUNG BY RISA SARASWATI & DIMASTA,29fc89ab155e9f202326046c2e0023bb,MAKASSAR,-2,562,10,19.22,False
2025-06-06,TAK INGIN USAI DI SINI,2e0ec493a87e740511b7b565386c06fe,SORONG,-11,134,5,21.84,False
2025-06-06,TENUNG BY RISA SARASWATI & DIMASTA,2e0ec493a87e740511b7b565386c06fe,SORONG,-2,296,5,35.78,False
2025-06-06,TAK INGIN USAI DI SINI,35de0354d956048d1c9c49ff069eaa55,MEDAN,-11,589,10,30.66,False
2025-06-06,TENUNG BY RISA SARASWATI & DIMASTA,35de0354d956048d1c9c49ff069eaa55,MEDAN,-2,450,10,22.25,False
2025-06-06,TAK INGIN USAI DI SINI,3744d5b8753c9cc72700ce7927fa0df3,SIDOARJO,-11,183,5,28.29,False
2025-06-06,TENUNG BY RISA SARASWATI & DIMASTA,3744d5b8753c9cc72700ce7927fa0df3,SIDOARJO,-2,99,5,15.33,False
2025-06-06,TAK INGIN USAI DI SINI,3acdf298dab1b92bbaaad74d86c0c40a,SEMARANG,-11,499,18,17.15,False
2025-06-06,TENUNG BY RISA SARASWATI & DIMASTA,3acdf298dab1b92bbaaad74d86c0c40a,SEMARANG,-2,683,23,17.63,False
2025-06-06,TAK INGIN USAI DI SINI,3c41b96b56b0aab1ed5fc5e703499730,BALIKPAPAN,-11,157,5,14.56,False
2025-06-06,TENUNG BY RISA SARASWATI & DIMASTA,3c41b96b56b0aab1ed5fc5e703499730,BALIKPAPAN,-2,540,10,22.57,False
2025-06-06,TENUNG BY RISA SARASWATI & DIMASTA,3cc167017755a0197f18f93595c9ae85,JAMBI,-2,385,5,51.87,False
2025-06-06,TAK INGIN USAI DI SINI,3f6093566521149f8e37fa4e3fafe7cc,PADANG,-11,114,5,19.14,False
2025-06-06,TENUNG BY RISA SARASWATI & DIMASTA,3f6093566521149f8e37fa4e3fafe7cc,PADANG,-2,241,10,14.91,False
2025-06-06,TENUNG BY RISA SARASWATI & DIMASTA,45f553cca86b28fedd6115abdd0ae734,KUALA KAPUAS,-2,249,5,24.57,False
2025-06-06,TAK INGIN USAI DI SINI,490346a8a068ba7d2e3764714c6d5323,BANDUNG,-11,366,10,22.87,False
2025-06-06,TENUNG BY RISA SARASWATI & DIMASTA,490346a8a068ba7d2e3764714c6d5323,BANDUNG,-2,479,10,23.09,False
2025-06-06,TAK INGIN USAI DI SINI,494c8f1916a97efe3390ba9dbab6ce7d,LAMPUNG,-11,164,10,11.13,False
2025-06-06,TENUNG BY RISA SARASWATI & DIMASTA,494c8f1916a97efe3390ba9dbab6ce7d,LAMPUNG,-2,410,10,30.26,False
2025-06-06,TAK INGIN USAI DI SINI,4a4c71e99772e87c9e35a56acd8be21e,TERNATE,-11,285,4,55.12,False
2025-06-06,TENUNG BY RISA SARASWATI & DIMASTA,4a4c71e99772e87c9e35a56acd8be21e,TERNATE,-2,393,4,49.66,False
2025-06-06,TAK INGIN USAI DI SINI,4ba87a86e02dd8a810032db35bf13c51,BENGKULU,-11,50,5,14.49,False
2025-06-06,TENUNG BY RISA SARASWATI & DIMASTA,4ba87a86e02dd8a810032db35bf13c51,BENGKULU,-2,100,5,9.89,False
2025-06-06,TAK INGIN USAI DI SINI,4e12b237c826209f7ddc5b29a96380b6,BEKASI,-11,436,18,15.34,False
2025-06-06,TENUNG BY RISA SARASWATI & DIMASTA,4e12b237c826209f7ddc5b29a96380b6,BEKASI,-2,644,25,12.36,False
2025-06-06,TAK INGIN USAI DI SINI,4eb26b1058266dc50a63dc875e4d8846,MATARAM,-11,200,5,29.4,False
2025-06-06,TENUNG BY RISA SARASWATI & DIMASTA,4eb26b1058266dc50a63dc875e4d8846,MATARAM,-2,168,5,18.54,False
2025-06-06,TAK INGIN USAI DI SINI,4fc3fc370b299876663c7d5c90595853,BANJARMASIN,-11,265,5,30.37,False
2025-06-06,TENUNG BY RISA SARASWATI & DIMASTA,4fc3fc370b299876663c7d5c90595853,BANJARMASIN,-2,361,10,22.26,False
2025-06-06,TAK INGIN USAI DI SINI,52eed153a88a6bdcb46cbb266a07cba2,TANGERANG,-11,22,1,10.5,False
2025-06-06,TENUNG BY RISA SARASWATI & DIMASTA,52eed153a88a6bdcb46cbb266a07cba2,TANGERANG,-2,41,1,29.87,False
2025-06-06,TAK INGIN USAI DI SINI,541130ea8083a789df5d15bbfe13055a,MAKASSAR,-11,246,5,17.92,False
2025-06-06,TENUNG BY RISA SARASWATI & DIMASTA,541130ea8083a789df5d15bbfe13055a,MAKASSAR,-2,446,10,22.45,False
2025-06-06,TAK INGIN USAI DI SINI,57d37d0d839b9dff6f87d6b5d5b679cc,SOLO,-11,224,5,26.99,False
2025-06-06,TAK INGIN USAI DI SINI,580919d632e55fd9736ae1a2ac6ed0c5,BATAM,-11,401,5,33.58,False
2025-06-06,TENUNG BY RISA SARASWATI & DIMASTA,580919d632e55fd9736ae1a2ac6ed0c5,BATAM,-2,178,5,13.02,False
2025-06-06,TENUNG BY RISA SARASWATI & DIMASTA,592095e0ddc2c230cf3002d72e9bac41,MANOKWARI,-2,286,5,28.77,False
2025-06-06,TAK INGIN USAI DI SINI,5a894958f375392ce7981be2eb9a26be,JEMBER,-11,129,5,19.53,False
2025-06-06,TENUNG BY RISA SARASWATI & DIMASTA,5a894958f375392ce7981be2eb9a26be,JEMBER,-2,63,5,6.39,False
2025-06-06,TAK INGIN USAI DI SINI,5b8eaa351fae8e6d1e759e814d74c1c5,MEDAN,-11,320,8,25.49,False
2025-06-06,TENUNG BY RISA SARASWATI & DIMASTA,5b8eaa351fae8e6d1e759e814d74c1c5,MEDAN,-2,1840,28,40.86,False
2025-06-06,TENUNG BY RISA SARASWATI & DIMASTA,5ff7565cdb056b4bdcb43d0ea2b5380d,KUPANG,-2,67,5,9.15,False
2025-06-06,TAK INGIN USAI DI SINI,62447bb073160adcf6d6022240a3663c,KLATEN,-11,112,3,27.12,False
2025-06-06,TENUNG BY RISA SARASWATI & DIMASTA,62447bb073160adcf6d6022240a3663c,KLATEN,-2,77,5,8.82,False
2025-06-06,TAK INGIN USAI DI SINI,7114d91eccf418326f7a9a05943c04e1,JAMBI,-11,385,5,52.83,False
2025-06-06,TENUNG BY RISA SARASWATI & DIMASTA,7114d91eccf418326f7a9a05943c04e1,JAMBI,-2,274,5,34.65,False
2025-06-06,TAK INGIN USAI DI SINI,716ede53fbca27fbe1c1a55d6667c2b5,CIKARANG,-11,340,9,24.04,False
2025-06-06,TENUNG BY RISA SARASWATI & DIMASTA,716ede53fbca27fbe1c1a55d6667c2b5,CIKARANG,-2,345,10,16.12,False
2025-06-06,TENUNG BY RISA SARASWATI & DIMASTA,7995e00051a2fe6aeed7cfdbe0378c01,TIMIKA,-2,488,7,37.96,False
2025-06-06,TAK INGIN USAI DI SINI,7c271f1e1351e6433b202d77b88012c2,CIREBON,-11,82,3,15.95,False
2025-06-06,TENUNG BY RISA SARASWATI & DIMASTA,7c271f1e1351e6433b202d77b88012c2,CIREBON,-2,182,5,11.95,False
2025-06-06,TAK INGIN USAI DI SINI,8188326fb0a403be03ea632997c8a959,GORONTALO,-11,152,5,23.94,False
2025-06-06,TENUNG BY RISA SARASWATI & DIMASTA,8188326fb0a403be03ea632997c8a959,GORONTALO,-2,230,5,27.81,False
2025-06-06,TENUNG BY RISA SARASWATI & DIMASTA,81c620b2538435926cbbf15745ef5901,MADIUN,-2,149,5,14.83,False
2025-06-06,TAK INGIN USAI DI SINI,862442166e956fe0e8355db8852d9440,TANGERANG,-11,57,2,15.23,False
2025-06-06,TAK INGIN USAI DI SINI,8750b9ee0b0c6c6afcfcb2a05e60efc0,BANDUNG,-11,102,5,16.85,False
2025-06-06,TENUNG BY RISA SARASWATI & DIMASTA,8750b9ee0b0c6c6afcfcb2a05e60efc0,BANDUNG,-2,509,20,11.95,False
2025-06-06,TAK INGIN USAI DI SINI,88d0ee0029bee810e1d0fe37f73e2d3b,SOLO,-11,100,2,28.33,False
2025-06-06,TENUNG BY RISA SARASWATI & DIMASTA,88d0ee0029bee810e1d0fe37f73e2d3b,SOLO,-2,166,5,11.95,False
2025-06-06,TAK INGIN USAI DI SINI,8d2e05da5624875993cb8580c88334a9,CIREBON,-11,173,5,23.73,False
2025-06-06,TENUNG BY RISA SARASWATI & DIMASTA,8d2e05da5624875993cb8580c88334a9,CIREBON,-2,412,10,21.32,False
2025-06-06,TAK INGIN USAI DI SINI,9158e16be84a6db4d63d3289099f119b,JAYAPURA,-11,208,5,32.14,False
2025-06-06,TENUNG BY RISA SARASWATI & DIMASTA,9158e16be84a6db4d63d3289099f119b,JAYAPURA,-2,279,5,20.79,False
2025-06-06,TAK INGIN USAI DI SINI,919c7b9859d8ce7cab47dab2463e7fab,MAKASSAR,-11,335,5,25.83,False
2025-06-06,TENUNG BY RISA SARASWATI & DIMASTA,919c7b9859d8ce7cab47dab2463e7fab,MAKASSAR,-2,229,5,17.22,False
2025-06-06,TAK INGIN USAI DI SINI,92e94ed55b4de8feaff9462a66e2dbd7,PEKANBARU,-11,190,5,17.43,False
2025-06-06,TENUNG BY RISA SARASWATI & DIMASTA,92e94ed55b4de8feaff9462a66e2dbd7,PEKANBARU,-2,129,3,27.12,False
2025-06-06,TAK INGIN USAI DI SINI,9715c9bc57db04a2506acfdab71ec1c6,RANTAU PRAPAT,-11,468,5,72.87,False
2025-06-06,TENUNG BY RISA SARASWATI & DIMASTA,9715c9bc57db04a2506acfdab71ec1c6,RANTAU PRAPAT,-2,910,5,100.0,False
2025-06-06,TENUNG BY RISA SARASWATI & DIMASTA,981569adf232c53afe751c8c660db8d9,BATAM,-2,345,5,46.56,False
2025-06-06,TAK INGIN USAI DI SINI,9aab42397bbc1d1cdb49f7044dc990f0,PALEMBANG,-11,246,5,35.84,False
2025-06-06,TENUNG BY RISA SARASWATI & DIMASTA,9aab42397bbc1d1cdb49f7044dc990f0,PALEMBANG,-2,862,10,46.45,False
2025-06-06,TAK INGIN USAI DI SINI,9cc7970100d8e4c2202f08cb78c6eb20,YOGYAKARTA,-11,128,3,31.15,False
2025-06-06,TENUNG BY RISA SARASWATI & DIMASTA,9cc7970100d8e4c2202f08cb78c6eb20,YOGYAKARTA,-2,44,2,11.44,False
2025-06-06,TAK INGIN USAI DI SINI,9f0564f5cabe643e4dbb08b80d3cc241,PONTIANAK,-11,292,5,32.45,False
2025-06-06,TENUNG BY RISA SARASWATI & DIMASTA,9f0564f5cabe643e4dbb08b80d3cc241,PONTIANAK,-2,369,5,39.55,False
2025-06-06,TENUNG BY RISA SARASWATI & DIMASTA,a09b9ee7f937939ee25c24ef8c2e91be,BALIKPAPAN,-2,79,3,40.51,False
2025-06-06,TAK INGIN USAI DI SINI,a55554e941cb93c23d1522f88fd0d004,DUMAI,-11,263,3,67.6,False
2025-06-06,TENUNG BY RISA SARASWATI & DIMASTA,a55554e941cb93c23d1522f88fd0d004,DUMAI,-2,855,5,76.43,False
2025-06-06,TAK INGIN USAI DI SINI,a616a546264044ed616bc2bdf2d9f7fc,YOGYAKARTA,-11,214,5,22.45,False
2025-06-06,TENUNG BY RISA SARASWATI & DIMASTA,a616a546264044ed616bc2bdf2d9f7fc,YOGYAKARTA,-2,157,10,10.08,False
2025-06-06,TAK INGIN USAI DI SINI,a691dd0d8274fa85ecdc7d5ad6df1628,LAMPUNG,-11,320,5,32.76,False
2025-06-06,TENUNG BY RISA SARASWATI & DIMASTA,a691dd0d8274fa85ecdc7d5ad6df1628,LAMPUNG,-2,295,5,25.58,False
2025-06-06,TENUNG BY RISA SARASWATI & DIMASTA,a6d19ebcb27f61cbf41a6552fbf68676,SIDOARJO,-2,105,5,12.15,False
2025-06-06,TAK INGIN USAI DI SINI,a9d508d218799f9dc69bb4aefc122cb3,MANADO,-11,426,5,30.16,False
2025-06-06,TENUNG BY RISA SARASWATI & DIMASTA,a9d508d218799f9dc69bb4aefc122cb3,MANADO,-2,312,5,25.41,False
2025-06-06,TENUNG BY RISA SARASWATI & DIMASTA,afbb3b11f728a54ad1eb3ca34f602779,KENDARI,-2,296,5,20.18,False
2025-06-06,TENUNG BY RISA SARASWATI & DIMASTA,b2539b1f80254243391774489b1328aa,ROKAN HILIR,-2,1056,5,100.0,False
2025-06-06,TAK INGIN USAI DI SINI,b4972b48997defae8304bc9c41220c7c,BEKASI,-11,436,20,8.32,False
2025-06-06,TENUNG BY RISA SARASWATI & DIMASTA,b4972b48997defae8304bc9c41220c7c,BEKASI,-2,770,27,11.9,False
2025-06-06,TAK INGIN USAI DI SINI,be8de71502987819afd4c2ceea71c539,GRESIK,-11,147,5,19.78,False
2025-06-06,TENUNG BY RISA SARASWATI & DIMASTA,be8de71502987819afd4c2ceea71c539,GRESIK,-2,114,5,11.55,False
2025-06-06,TAK INGIN USAI DI SINI,bf33cc26f29bf266a83e35901fa80c9c,AMBON,-11,673,5,76.13,False
2025-06-06,TENUNG BY RISA SARASWATI & DIMASTA,bf33cc26f29bf266a83e35901fa80c9c,AMBON,-2,590,5,70.77,False
2025-06-06,TENUNG BY RISA SARASWATI & DIMASTA,c35e24eefa840ac2009279f1efc52288,BONTANG,-2,368,8,18.38,False
2025-06-06,TAK INGIN USAI DI SINI,c48b7a4426e8cbee3f7dbfe8b87d1d89,PEKALONGAN,-11,187,5,30.58,False
2025-06-06,TENUNG BY RISA SARASWATI & DIMASTA,c48b7a4426e8cbee3f7dbfe8b87d1d89,PEKALONGAN,-2,197,7,17.98,False
2025-06-06,TAK INGIN USAI DI SINI,c4a19cbeb409639c836e4304976db0aa,BANDUNG,-11,351,20,12.1,False
2025-06-06,TENUNG BY RISA SARASWATI & DIMASTA,c4a19cbeb409639c836e4304976db0aa,BANDUNG,-2,1165,30,19.6,False
2025-06-06,TENUNG BY RISA SARASWATI & DIMASTA,c877324e95024e707ae23f0aed947e15,SEMARANG,-2,315,10,19.43,False
2025-06-06,TAK INGIN USAI DI SINI,cb2a49a747f8989ee0356ec7ac354177,BENGKULU,-11,220,5,32.55,False
2025-06-06,TENUNG BY RISA SARASWATI & DIMASTA,cb2a49a747f8989ee0356ec7ac354177,BENGKULU,-2,378,5,34.81,False
2025-06-06,TAK INGIN USAI DI SINI,d1918db937d26e9e4ccd3e17e1ff0e2d,SUMEDANG,-11,203,5,26.88,False
2025-06-06,TENUNG BY RISA SARASWATI & DIMASTA,d1918db937d26e9e4ccd3e17e1ff0e2d,SUMEDANG,-2,202,5,22.45,False
2025-06-06,TENUNG BY RISA SARASWATI & DIMASTA,d297f2f746c4fd2723f3202fafcbfa1a,BONDOWOSO,-2,194,5,15.18,False
2025-06-06,TAK INGIN USAI DI SINI,d33850e3698903061b4c18886ce00c9d,GARUT,-11,152,5,19.14,False
2025-06-06,TENUNG BY RISA SARASWATI & DIMASTA,d33850e3698903061b4c18886ce00c9d,GARUT,-2,150,5,19.14,False
2025-06-06,TENUNG BY RISA SARASWATI & DIMASTA,da6b584c30e784d15b54ad124a760b19,SAMARINDA,-2,75,3,16.45,False
2025-06-06,TAK INGIN USAI DI SINI,da96492ebd43c4a193238d6c3205cc40,PEKANBARU,-11,514,5,36.12,False
2025-06-06,TENUNG BY RISA SARASWATI & DIMASTA,da96492ebd43c4a193238d6c3205cc40,PEKANBARU,-2,1022,10,49.61,False
2025-06-06,TAK INGIN USAI DI SINI,dc77e7e26c0e5e3a5c44ec2de0cedbde,DENPASAR,-11,513,5,65.31,False
2025-06-06,TENUNG BY RISA SARASWATI & DIMASTA,dc77e7e26c0e5e3a5c44ec2de0cedbde,DENPASAR,-2,577,10,36.4,False
2025-06-06,TENUNG BY RISA SARASWATI & DIMASTA,e3edf631650eb304cf386709b98005f6,DENPASAR,-2,104,4,23.43,False
2025-06-06,TAK INGIN USAI DI SINI,e67d818ee0546f3b33d0ba2083ed4db5,BEKASI,-11,296,8,23.01,False
2025-06-06,TENUNG BY RISA SARASWATI & DIMASTA,e67d818ee0546f3b33d0ba2083ed4db5,BEKASI,-2,437,12,14.56,False
2025-06-06,TAK INGIN USAI DI SINI,e7ec114c2ec166155149062023617e8b,SAMARINDA,-11,184,5,27.09,False
2025-06-06,TENUNG BY RISA SARASWATI & DIMASTA,e7ec114c2ec166155149062023617e8b,SAMARINDA,-2,204,5,30.37,False
2025-06-06,TAK INGIN USAI DI SINI,e8965581e1be78ac9a3145b6983ff6ec,SURABAYA,-11,97,5,16.17,False
2025-06-06,TENUNG BY RISA SARASWATI & DIMASTA,e8965581e1be78ac9a3145b6983ff6ec,SURABAYA,-2,234,5,18.51,False
2025-06-06,TENUNG BY RISA SARASWATI & DIMASTA,e939d818a5192f48fc4b73102e3aa4b9,PALANGKARAYA,-2,225,5,15.66,False
2025-06-06,TAK INGIN USAI DI SINI,ea7df0c99b450ecdea38cf34ae1f158f,KISARAN,-11,230,3,59.97,False
2025-06-06,TENUNG BY RISA SARASWATI & DIMASTA,ea7df0c99b450ecdea38cf34ae1f158f,KISARAN,-2,710,5,98.06,False
2025-06-06,TAK INGIN USAI DI SINI,ecace029de4a6bd4ae872928509cd71d,TASIKMALAYA,-11,208,5,19.78,False
2025-06-06,TENUNG BY RISA SARASWATI & DIMASTA,ecace029de4a6bd4ae872928509cd71d,TASIKMALAYA,-2,343,10,14.28,False
2025-06-06,TAK INGIN USAI DI SINI,ef2896a95abe2a2b4cfee245dc1e36ec,CIKARANG,-11,72,5,10.82,False
2025-06-06,TENUNG BY RISA SARASWATI & DIMASTA,ef2896a95abe2a2b4cfee245dc1e36ec,CIKARANG,-2,127,5,18.1,False
2025-06-06,TAK INGIN USAI DI SINI,efe899b321b96d852776427476f14a06,YOGYAKARTA,-11,230,5,21.63,False
2025-06-06,TENUNG BY RISA SARASWATI & DIMASTA,efe899b321b96d852776427476f14a06,YOGYAKARTA,-2,50,3,9.27,False
2025-06-06,TAK INGIN USAI DI SINI,f292a4101ca0420357a2d18b3a013e5f,PALU,-11,225,5,30.69,False
2025-06-06,TENUNG BY RISA SARASWATI & DIMASTA,f292a4101ca0420357a2d18b3a013e5f,PALU,-2,255,5,23.73,False
2025-06-06,TAK INGIN USAI DI SINI,f3a9ac312f7bc4e2467a1bf02a6aa1e9,LAMPUNG,-11,209,5,16.59,False
2025-06-06,TENUNG BY RISA SARASWATI & DIMASTA,f3a9ac312f7bc4e2467a1bf02a6aa1e9,LAMPUNG,-2,189,5,14.83,False
2025-06-06,TAK INGIN USAI DI SINI,f7734bb329cacfe21ce854ae822b6115,TANJUNG PINANG,-11,173,5,20.58,False
2025-06-06,TENUNG BY RISA SARASWATI & DIMASTA,f7734bb329cacfe21ce854ae822b6115,TANJUNG PINANG,-2,314,5,33.18,False
2025-06-06,TAK INGIN USAI DI SINI,fbaf4d5f0c18dc603a21aef31da59ee6,SAMARINDA,-11,302,5,40.79,False
2025-06-06,TENUNG BY RISA SARASWATI & DIMASTA,fbaf4d5f0c18dc603a21aef31da59ee6,SAMARINDA,-2,386,5,33.6,False
2025-06-06,TENUNG BY RISA SARASWATI & DIMASTA,fcf80028ec9bbf8efaee3932e529a78f,INDRAMAYU,-2,336,5,30.9,False
2025-06-07,GJLS: IBUKU IBU IBU,0191582d75f94a412c0fa12d36bcee3f,SURABAYA,-9,170,1,100.0,False
2025-06-07,GJLS: IBUKU IBU IBU,35de0354d956048d1c9c49ff069eaa55,MEDAN,-9,127,1,100.0,False
2025-06-07,GJLS: IBUKU IBU IBU,541130ea8083a789df5d15bbfe13055a,MAKASSAR,-9,113,1,100.0,False
2025-06-07,GJLS: IBUKU IBU IBU,6b88b1af662b72fbfa35004a8edfe2e9,DEPOK,-9,142,1,100.0,False
2025-06-07,GJLS: IBUKU IBU IBU,88d0ee0029bee810e1d0fe37f73e2d3b,SOLO,-9,177,1,100.0,False
2025-06-07,GJLS: IBUKU IBU IBU,9cc7970100d8e4c2202f08cb78c6eb20,YOGYAKARTA,-9,142,1,100.0,False
2025-06-07,GJLS: IBUKU IBU IBU,c4a19cbeb409639c836e4304976db0aa,BANDUNG,-9,142,1,99.91,False
2025-06-07,JALAN PULANG,f3a9ac312f7bc4e2467a1bf02a6aa1e9,LAMPUNG,-12,3471,20,100.0,False
2025-06-08,TAK INGIN USAI DI SINI,015555fbcd8faef6b55a854605df0a87,SURABAYA,-9,256,5,26.04,False
2025-06-08,TAK INGIN USAI DI SINI,0191582d75f94a412c0fa12d36bcee3f,SURABAYA,-9,677,12,36.31,False
2025-06-08,TAK INGIN USAI DI SINI,073b764928864ed8fa0b6b115bfdd685,BATAM,-9,709,10,41.61,False
2025-06-08,TAK INGIN USAI DI SINI,1240789770bc04e7d26e5fa31c075ced,MALANG,-9,164,4,17.25,False
2025-06-08,TAK INGIN USAI DI SINI,14b63ff2b104903ead7d884f25382e57,MALANG,-9,244,5,26.57,False
2025-06-08,TAK INGIN USAI DI SINI,17e1e7da761f72bbb4e039ba08cc0ba0,SEMARANG,-9,259,9,19.25,False
2025-06-08,TAK INGIN USAI DI SINI,19f506af810fe579721721d058f6b243,MEDAN,-9,179,5,21.84,False
2025-06-08,TAK INGIN USAI DI SINI,26a644178fbdb277dc3c50997f6df7fe,PALEMBANG,-9,234,4,29.64,False
2025-06-08,TAK INGIN USAI DI SINI,29fc89ab155e9f202326046c2e0023bb,MAKASSAR,-9,340,5,49.92,False
2025-06-08,TAK INGIN USAI DI SINI,2e0ec493a87e740511b7b565386c06fe,SORONG,-9,99,3,26.69,False
2025-06-08,TAK INGIN USAI DI SINI,35de0354d956048d1c9c49ff069eaa55,MEDAN,-9,621,10,23.79,False
2025-06-08,TAK INGIN USAI DI SINI,3744d5b8753c9cc72700ce7927fa0df3,SIDOARJO,-9,205,5,31.2,False
2025-06-08,TAK INGIN USAI DI SINI,3acdf298dab1b92bbaaad74d86c0c40a,SEMARANG,-9,694,20,22.25,False
2025-06-08,TAK INGIN USAI DI SINI,3c41b96b56b0aab1ed5fc5e703499730,BALIKPAPAN,-9,230,4,31.2,False
2025-06-08,TAK INGIN USAI DI SINI,3f6093566521149f8e37fa4e3fafe7cc,PADANG,-9,303,5,50.96,False
2025-06-08,TAK INGIN USAI DI SINI,490346a8a068ba7d2e3764714c6d5323,BANDUNG,-9,605,10,39.1,False
2025-06-08,TAK INGIN USAI DI SINI,494c8f1916a97efe3390ba9dbab6ce7d,LAMPUNG,-9,290,7,29.12,False
2025-06-08,TAK INGIN USAI DI SINI,4a4c71e99772e87c9e35a56acd8be21e,TERNATE,-9,298,5,46.14,False
2025-06-08,TAK INGIN USAI DI SINI,4ba87a86e02dd8a810032db35bf13c51,BENGKULU,-9,47,2,11.33,False
2025-06-08,TAK INGIN USAI DI SINI,4eb26b1058266dc50a63dc875e4d8846,MATARAM,-9,250,5,36.75,False
2025-06-08,TAK INGIN USAI DI SINI,4fc3fc370b299876663c7d5c90595853,BANJARMASIN,-9,555,7,62.39,False
2025-06-08,TAK INGIN USAI DI SINI,541130ea8083a789df5d15bbfe13055a,MAKASSAR,-9,435,5,30.99,False
2025-06-08,TAK INGIN USAI DI SINI,57d37d0d839b9dff6f87d6b5d5b679cc,SOLO,-9,505,5,61.59,False
2025-06-08,TAK INGIN USAI DI SINI,580919d632e55fd9736ae1a2ac6ed0c5,BATAM,-9,324,5,26.57,False
2025-06-08,TAK INGIN USAI DI SINI,5a894958f375392ce7981be2eb9a26be,JEMBER,-9,246,5,26.78,False
2025-06-08,TAK INGIN USAI DI SINI,5b8eaa351fae8e6d1e759e814d74c1c5,MEDAN,-9,486,10,36.92,False
2025-06-08,TAK INGIN USAI DI SINI,5ff7565cdb056b4bdcb43d0ea2b5380d,KUPANG,-9,107,5,15.12,False
2025-06-08,TAK INGIN USAI DI SINI,62447bb073160adcf6d6022240a3663c,KLATEN,-9,197,3,48.41,False
2025-06-08,TAK INGIN USAI DI SINI,7114d91eccf418326f7a9a05943c04e1,JAMBI,-9,462,5,70.93,False
2025-06-08,TAK INGIN USAI DI SINI,8188326fb0a403be03ea632997c8a959,GORONTALO,-9,249,5,43.89,False
2025-06-08,TAK INGIN USAI DI SINI,8750b9ee0b0c6c6afcfcb2a05e60efc0,BANDUNG,-9,109,3,30.16,False
2025-06-08,TAK INGIN USAI DI SINI,88d0ee0029bee810e1d0fe37f73e2d3b,SOLO,-9,139,1,81.9,True
2025-06-08,GJLS: IBUKU IBU IBU,8dbfb7aeb4ed822b358347332ba630af,JAKARTA,-8,264,2,96.82,False
2025-06-08,TAK INGIN USAI DI SINI,9158e16be84a6db4d63d3289099f119b,JAYAPURA,-9,153,5,25.58,False
2025-06-08,TAK INGIN USAI DI SINI,919c7b9859d8ce7cab47dab2463e7fab,MAKASSAR,-9,608,5,66.74,False
2025-06-08,TAK INGIN USAI DI SINI,92e94ed55b4de8feaff9462a66e2dbd7,PEKANBARU,-9,219,7,14.71,False
2025-06-08,TAK INGIN USAI DI SINI,9715c9bc57db04a2506acfdab71ec1c6,RANTAU PRAPAT,-9,272,5,42.42,False
2025-06-08,TAK INGIN USAI DI SINI,981569adf232c53afe751c8c660db8d9,BATAM,-9,174,2,60.32,False
2025-06-08,TAK INGIN USAI DI SINI,9aab42397bbc1d1cdb49f7044dc990f0,PALEMBANG,-9,376,5,56.28,False
2025-06-08,TAK INGIN USAI DI SINI,9cc7970100d8e4c2202f08cb78c6eb20,YOGYAKARTA,-9,147,4,22.66,False
2025-06-08,TAK INGIN USAI DI SINI,9f0564f5cabe643e4dbb08b80d3cc241,PONTIANAK,-9,266,4,36.57,False
2025-06-08,TAK INGIN USAI DI SINI,a55554e941cb93c23d1522f88fd0d004,DUMAI,-9,170,3,42.99,False
2025-06-08,TAK INGIN USAI DI SINI,a616a546264044ed616bc2bdf2d9f7fc,YOGYAKARTA,-9,252,5,26.62,False
2025-06-08,TAK INGIN USAI DI SINI,a691dd0d8274fa85ecdc7d5ad6df1628,LAMPUNG,-9,427,5,72.18,False
2025-06-08,TAK INGIN USAI DI SINI,a9d508d218799f9dc69bb4aefc122cb3,MANADO,-9,522,8,31.33,False
2025-06-08,TAK INGIN USAI DI SINI,a9e141baa8b4ec825325397b16eeaae3,BOGOR,-9,251,5,41.2,False
2025-06-08,TAK INGIN USAI DI SINI,b4972b48997defae8304bc9c41220c7c,BEKASI,-9,178,5,12.6,False
2025-06-08,TAK INGIN USAI DI SINI,be8de71502987819afd4c2ceea71c539,GRESIK,-9,258,5,43.06,False
2025-06-08,TAK INGIN USAI DI SINI,bf33cc26f29bf266a83e35901fa80c9c,AMBON,-9,396,5,44.93,False
2025-06-08,TAK INGIN USAI DI SINI,c48b7a4426e8cbee3f7dbfe8b87d1d89,PEKALONGAN,-9,207,5,33.78,False
2025-06-08,TAK INGIN USAI DI SINI,c4a19cbeb409639c836e4304976db0aa,BANDUNG,-9,414,11,28.74,False
2025-06-08,TAK INGIN USAI DI SINI,cb2a49a747f8989ee0356ec7ac354177,BENGKULU,-9,396,5,59.07,False
2025-06-08,TAK INGIN USAI DI SINI,d1918db937d26e9e4ccd3e17e1ff0e2d,SUMEDANG,-9,212,5,24.13,False
2025-06-08,TAK INGIN USAI DI SINI,da96492ebd43c4a193238d6c3205cc40,PEKANBARU,-9,405,5,28.02,False
2025-06-08,TAK INGIN USAI DI SINI,dc77e7e26c0e5e3a5c44ec2de0cedbde,DENPASAR,-9,562,5,71.89,False
2025-06-08,TAK INGIN USAI DI SINI,e3edf631650eb304cf386709b98005f6,DENPASAR,-9,96,5,17.01,False
2025-06-08,TAK INGIN USAI DI SINI,e7ec114c2ec166155149062023617e8b,SAMARINDA,-9,159,2,80.34,False
2025-06-08,TAK INGIN USAI DI SINI,e8965581e1be78ac9a3145b6983ff6ec,SURABAYA,-9,189,7,23.03,False
2025-06-08,TAK INGIN USAI DI SINI,e939d818a5192f48fc4b73102e3aa4b9,PALANGKARAYA,-9,84,2,23.69,False
2025-06-08,TAK INGIN USAI DI SINI,ea7df0c99b450ecdea38cf34ae1f158f,KISARAN,-9,414,5,63.45,False
2025-06-08,TAK INGIN USAI DI SINI,efe899b321b96d852776427476f14a06,YOGYAKARTA,-9,283,5,33.17,False
2025-06-08,TAK INGIN USAI DI SINI,f292a4101ca0420357a2d18b3a013e5f,PALU,-9,274,5,41.16,False
2025-06-08,TAK INGIN USAI DI SINI,f3a9ac312f7bc4e2467a1bf02a6aa1e9,LAMPUNG,-9,352,5,27.66,False
2025-06-08,TAK INGIN USAI DI SINI,f7734bb329cacfe21ce854ae822b6115,TANJUNG PINANG,-9,228,5,37.29,False
2025-06-08,TAK INGIN USAI DI SINI,fbaf4d5f0c18dc603a21aef31da59ee6,SAMARINDA,-9,282,3,62.83,False
2025-06-09,ANGEL POL,57d37d0d839b9dff6f87d6b5d5b679cc,SOLO,-10,157,1,99.75,False
2025-06-10,TAK INGIN USAI DI SINI,015555fbcd8faef6b55a854605df0a87,SURABAYA,-7,22,1,10.5,False
2025-06-10,TAK INGIN USAI DI SINI,0191582d75f94a412c0fa12d36bcee3f,SURABAYA,-7,128,4,23.43,False
2025-06-10,TAK INGIN USAI DI SINI,0318cab65e5a4dbb61243ab4747fb621,SINGKAWANG,-7,147,3,37.44,False
2025-06-10,TAK INGIN USAI DI SINI,073b764928864ed8fa0b6b115bfdd685,BATAM,-7,234,5,22.87,False
2025-06-10,TAK INGIN USAI DI SINI,0a8777c6c78e2d102bdf459f8550cf93,PANGKAL PINANG,-7,57,4,7.98,False
2025-06-10,TAK INGIN USAI DI SINI,108f9a4d181f12fd1b7e3c9adae38478,TANGERANG,-7,60,5,6.86,False
2025-06-10,TAK INGIN USAI DI SINI,1240789770bc04e7d26e5fa31c075ced,MALANG,-7,12,1,9.27,False
2025-06-10,TAK INGIN USAI DI SINI,14b63ff2b104903ead7d884f25382e57,MALANG,-7,47,3,12.36,False
2025-06-10,TAK INGIN USAI DI SINI,26a644178fbdb277dc3c50997f6df7fe,PALEMBANG,-7,480,10,25.06,False
2025-06-10,TAK INGIN USAI DI SINI,29fc89ab155e9f202326046c2e0023bb,MAKASSAR,-7,431,10,25.1,False
2025-06-10,TAK INGIN USAI DI SINI,2e0ec493a87e740511b7b565386c06fe,SORONG,-7,76,5,8.45,False
2025-06-10,TAK INGIN USAI DI SINI,312cd6ebdd3af9ac55f7b3d31ecab9c2,BOGOR,-7,76,4,8.66,False
2025-06-10,TAK INGIN USAI DI SINI,3744d5b8753c9cc72700ce7927fa0df3,SIDOARJO,-7,11,1,7.28,False
2025-06-10,TAK INGIN USAI DI SINI,3afae5dea7356f64f70605334bef46a7,CIANJUR,-7,12,2,3.64,False
2025-06-10,TAK INGIN USAI DI SINI,3c41b96b56b0aab1ed5fc5e703499730,BALIKPAPAN,-7,203,10,9.15,False
2025-06-10,TAK INGIN USAI DI SINI,3cc167017755a0197f18f93595c9ae85,JAMBI,-7,102,5,9.06,False
2025-06-10,TAK INGIN USAI DI SINI,3f6093566521149f8e37fa4e3fafe7cc,PADANG,-7,97,5,15.6,False
2025-06-10,TAK INGIN USAI DI SINI,494c8f1916a97efe3390ba9dbab6ce7d,LAMPUNG,-7,237,12,13.74,False
2025-06-10,TAK INGIN USAI DI SINI,4a4c71e99772e87c9e35a56acd8be21e,TERNATE,-7,212,5,20.81,False
2025-06-10,TAK INGIN USAI DI SINI,4ba87a86e02dd8a810032db35bf13c51,BENGKULU,-7,55,2,13.39,False
2025-06-10,TAK INGIN USAI DI SINI,4ed104ac0de10ba7eef50158603e0b32,JAKARTA,-7,535,46,7.41,False
2025-06-10,TAK INGIN USAI DI SINI,4fc3fc370b299876663c7d5c90595853,BANJARMASIN,-7,355,7,26.1,False
2025-06-10,TAK INGIN USAI DI SINI,52eed153a88a6bdcb46cbb266a07cba2,TANGERANG,-7,87,7,8.53,False
2025-06-10,TAK INGIN USAI DI SINI,541130ea8083a789df5d15bbfe13055a,MAKASSAR,-7,279,5,20.16,False
2025-06-10,TAK INGIN USAI DI SINI,580919d632e55fd9736ae1a2ac6ed0c5,BATAM,-7,194,10,14.6,False
2025-06-10,TAK INGIN USAI DI SINI,592095e0ddc2c230cf3002d72e9bac41,MANOKWARI,-7,123,5,12.18,False
2025-06-10,TAK INGIN USAI DI SINI,6b88b1af662b72fbfa35004a8edfe2e9,DEPOK,-7,231,22,5.85,False
2025-06-10,TAK INGIN USAI DI SINI,7114d91eccf418326f7a9a05943c04e1,JAMBI,-7,266,6,27.21,False
2025-06-10,TAK INGIN USAI DI SINI,7995e00051a2fe6aeed7cfdbe0378c01,TIMIKA,-7,202,3,36.75,False
2025-06-10,TAK INGIN USAI DI SINI,7cade3ea25dae25fdb8c56776676b0c7,CILEGON,-7,107,9,7.47,False
2025-06-10,TAK INGIN USAI DI SINI,8188326fb0a403be03ea632997c8a959,GORONTALO,-7,150,5,18.13,False
2025-06-10,TAK INGIN USAI DI SINI,81c620b2538435926cbbf15745ef5901,MADIUN,-7,32,1,15.75,False
2025-06-10,TAK INGIN USAI DI SINI,862442166e956fe0e8355db8852d9440,TANGERANG,-7,51,5,8.19,False
2025-06-10,ASSALAMUALAIKUM BEIJING 2: LOST IN NINGXIA,8dbfb7aeb4ed822b358347332ba630af,JAKARTA,-9,1999,5,100.0,False
2025-06-10,TAK INGIN USAI DI SINI,8dbfb7aeb4ed822b358347332ba630af,JAKARTA,-7,862,64,8.56,False
2025-06-10,TAK INGIN USAI DI SINI,9158e16be84a6db4d63d3289099f119b,JAYAPURA,-7,104,5,14.98,False
2025-06-10,TAK INGIN USAI DI SINI,919c7b9859d8ce7cab47dab2463e7fab,MAKASSAR,-7,578,10,28.88,False
2025-06-10,TAK INGIN USAI DI SINI,92e94ed55b4de8feaff9462a66e2dbd7,PEKANBARU,-7,332,5,32.97,False
2025-06-10,TAK INGIN USAI DI SINI,9aab42397bbc1d1cdb49f7044dc990f0,PALEMBANG,-7,223,5,30.24,False
2025-06-10,TAK INGIN USAI DI SINI,9f0564f5cabe643e4dbb08b80d3cc241,PONTIANAK,-7,364,5,40.38,False
2025-06-10,TAK INGIN USAI DI SINI,a55554e941cb93c23d1522f88fd0d004,DUMAI,-7,160,5,17.26,False
2025-06-10,TAK INGIN USAI DI SINI,a6d19ebcb27f61cbf41a6552fbf68676,SIDOARJO,-7,2,2,0.52,False
2025-06-10,TAK INGIN USAI DI SINI,a9d508d218799f9dc69bb4aefc122cb3,MANADO,-7,473,10,32.34,False
2025-06-10,TAK INGIN USAI DI SINI,a9e141baa8b4ec825325397b16eeaae3,BOGOR,-7,334,22,10.26,False
2025-06-10,TAK INGIN USAI DI SINI,afbb3b11f728a54ad1eb3ca34f602779,KENDARI,-7,174,3,28.84,False
2025-06-10,TAK INGIN USAI DI SINI,b2539b1f80254243391774489b1328aa,ROKAN HILIR,-7,79,2,18.38,False
2025-06-10,KELUARGA SUPER IRIT,b704e8b10f13e14494b5a7a0ba39d9d9,JAKARTA,-2,144,1,100.0,False
2025-06-10,TAK INGIN USAI DI SINI,b704e8b10f13e14494b5a7a0ba39d9d9,JAKARTA,-7,173,19,6.18,False
2025-06-10,TAK INGIN USAI DI SINI,bf33cc26f29bf266a83e35901fa80c9c,AMBON,-7,408,5,34.32,False
2025-06-10,TAK INGIN USAI DI SINI,da96492ebd43c4a193238d6c3205cc40,PEKANBARU,-7,333,6,23.28,False
2025-06-10,TAK INGIN USAI DI SINI,e7ec114c2ec166155149062023617e8b,SAMARINDA,-7,125,5,18.1,False
2025-06-10,TAK INGIN USAI DI SINI,e8965581e1be78ac9a3145b6983ff6ec,SURABAYA,-7,50,2,13.0,False
2025-06-10,TAK INGIN USAI DI SINI,e939d818a5192f48fc4b73102e3aa4b9,PALANGKARAYA,-7,221,5,19.74,False
2025-06-10,TAK INGIN USAI DI SINI,e989d8fdc91de7e6ffbb72a2f5ac79f6,DEPOK,-7,160,10,9.03,False
2025-06-10,TAK INGIN USAI DI SINI,f292a4101ca0420357a2d18b3a013e5f,PALU,-7,268,5,24.75,False
2025-06-10,TAK INGIN USAI DI SINI,f54d37fc4c4d4b285aa3601041abc938,BOGOR,-7,392,20,10.71,False
2025-06-10,TAK INGIN USAI DI SINI,fbaf4d5f0c18dc603a21aef31da59ee6,SAMARINDA,-7,226,5,19.34,False
2025-06-11,HOW TO TRAIN YOUR DRAGON,015555fbcd8faef6b55a854605df0a87,SURABAYA,-3,1061,16,39.77,False
2025-06-11,HOW TO TRAIN YOUR DRAGON,0191582d75f94a412c0fa12d36bcee3f,SURABAYA,-3,1400,16,45.48,False
2025-06-11,HOW TO TRAIN YOUR DRAGON (IMAX 2D),0191582d75f94a412c0fa12d36bcee3f,SURABAYA,-3,518,5,25.38,False
2025-06-11,HOW TO TRAIN YOUR DRAGON,0318cab65e5a4dbb61243ab4747fb621,SINGKAWANG,-3,384,4,47.32,False
2025-06-11,HOW TO TRAIN YOUR DRAGON,04a2de432a8901363a05137a8e8de1d2,MAMUJU,-3,63,2,12.6,False
2025-06-11,HOW TO TRAIN YOUR DRAGON,108f9a4d181f12fd1b7e3c9adae38478,TANGERANG,-3,552,12,16.28,False
2025-06-11,HOW TO TRAIN YOUR DRAGON (IMAX 2D),108f9a4d181f12fd1b7e3c9adae38478,TANGERANG,-3,377,5,25.2,False
2025-06-11,HOW TO TRAIN YOUR DRAGON,14b63ff2b104903ead7d884f25382e57,MALANG,-3,308,4,42.38,False
2025-06-11,HOW TO TRAIN YOUR DRAGON,15c7dc37db27dd76f38cc419107f7c48,KARAWANG,-3,203,4,23.63,False
2025-06-11,HOW TO TRAIN YOUR DRAGON,19f506af810fe579721721d058f6b243,MEDAN,-3,165,4,31.46,False
2025-06-11,HOW TO TRAIN YOUR DRAGON (IMAX 2D),19f506af810fe579721721d058f6b243,MEDAN,-3,410,5,25.58,False
2025-06-11,HOW TO TRAIN YOUR DRAGON,218c50fa4df90b3241e39ff8ffb41102,SOLO,-3,387,4,39.38,False
2025-06-11,HOW TO TRAIN YOUR DRAGON,26a644178fbdb277dc3c50997f6df7fe,PALEMBANG,-3,124,4,12.74,False
2025-06-11,HOW TO TRAIN YOUR DRAGON,29fc89ab155e9f202326046c2e0023bb,MAKASSAR,-3,272,4,22.62,False
2025-06-11,HOW TO TRAIN YOUR DRAGON,2e0ec493a87e740511b7b565386c06fe,SORONG,-3,36,1,21.63,False
2025-06-11,TAK INGIN USAI DI SINI,2e0ec493a87e740511b7b565386c06fe,SORONG,-6,18,1,14.42,False
2025-06-11,HOW TO TRAIN YOUR DRAGON,312cd6ebdd3af9ac55f7b3d31ecab9c2,BOGOR,-3,162,4,17.33,False
2025-06-11,HOW TO TRAIN YOUR DRAGON (IMAX 2D),312cd6ebdd3af9ac55f7b3d31ecab9c2,BOGOR,-3,280,5,16.43,False
2025-06-11,HOW TO TRAIN YOUR DRAGON,35de0354d956048d1c9c49ff069eaa55,MEDAN,-3,539,12,41.69,False
2025-06-11,HOW TO TRAIN YOUR DRAGON,3acdf298dab1b92bbaaad74d86c0c40a,SEMARANG,-3,297,4,33.86,False
2025-06-11,HOW TO TRAIN YOUR DRAGON (IMAX 2D),3acdf298dab1b92bbaaad74d86c0c40a,SEMARANG,-3,419,5,33.39,False
2025-06-11,HOW TO TRAIN YOUR DRAGON,3c41b96b56b0aab1ed5fc5e703499730,BALIKPAPAN,-3,378,4,24.72,False
2025-06-11,HOW TO TRAIN YOUR DRAGON,3cc167017755a0197f18f93595c9ae85,JAMBI,-3,140,4,15.97,False
2025-06-11,HOW TO TRAIN YOUR DRAGON,3f6093566521149f8e37fa4e3fafe7cc,PADANG,-3,139,4,18.64,False
2025-06-11,HOW TO TRAIN YOUR DRAGON,490346a8a068ba7d2e3764714c6d5323,BANDUNG,-3,68,4,9.79,False
2025-06-11,HOW TO TRAIN YOUR DRAGON,494c8f1916a97efe3390ba9dbab6ce7d,LAMPUNG,-3,183,4,29.14,False
2025-06-11,HOW TO TRAIN YOUR DRAGON,4a4c71e99772e87c9e35a56acd8be21e,TERNATE,-3,335,4,41.86,False
2025-06-11,HOW TO TRAIN YOUR DRAGON,4e12b237c826209f7ddc5b29a96380b6,BEKASI,-3,375,12,26.95,False
2025-06-11,HOW TO TRAIN YOUR DRAGON,4eb26b1058266dc50a63dc875e4d8846,MATARAM,-3,270,4,26.78,False
2025-06-11,HOW TO TRAIN YOUR DRAGON,4ed104ac0de10ba7eef50158603e0b32,JAKARTA,-3,2185,52,24.62,False
2025-06-11,HOW TO TRAIN YOUR DRAGON,4fc3fc370b299876663c7d5c90595853,BANJARMASIN,-3,543,4,62.83,False
2025-06-11,HOW TO TRAIN YOUR DRAGON,52eed153a88a6bdcb46cbb266a07cba2,TANGERANG,-3,1375,24,44.94,False
2025-06-11,HOW TO TRAIN YOUR DRAGON (IMAX 2D),52eed153a88a6bdcb46cbb266a07cba2,TANGERANG,-3,324,5,19.16,False
2025-06-11,HOW TO TRAIN YOUR DRAGON,541130ea8083a789df5d15bbfe13055a,MAKASSAR,-3,361,10,29.12,False
2025-06-11,HOW TO TRAIN YOUR DRAGON,57d37d0d839b9dff6f87d6b5d5b679cc,SOLO,-3,303,4,32.55,False
2025-06-11,HOW TO TRAIN YOUR DRAGON,580919d632e55fd9736ae1a2ac6ed0c5,BATAM,-3,266,4,27.81,False
2025-06-11,HOW TO TRAIN YOUR DRAGON,592095e0ddc2c230cf3002d72e9bac41,MANOKWARI,-3,270,3,45.07,False
2025-06-11,TAK INGIN USAI DI SINI,592095e0ddc2c230cf3002d72e9bac41,MANOKWARI,-6,138,5,13.86,False
2025-06-11,HOW TO TRAIN YOUR DRAGON,5b8eaa351fae8e6d1e759e814d74c1c5,MEDAN,-3,421,12,17.94,False
2025-06-11,HOW TO TRAIN YOUR DRAGON,66d433e397ff7f3d460500704fd40a5a,PEKANBARU,-3,61,4,37.8,False
2025-06-11,HOW TO TRAIN YOUR DRAGON,6b88b1af662b72fbfa35004a8edfe2e9,DEPOK,-3,376,12,16.1,False
2025-06-11,HOW TO TRAIN YOUR DRAGON (IMAX 2D),6b88b1af662b72fbfa35004a8edfe2e9,DEPOK,-3,217,5,11.12,False
2025-06-11,HOW TO TRAIN YOUR DRAGON (IMAX 2D),716ede53fbca27fbe1c1a55d6667c2b5,CIKARANG,-3,124,5,6.09,False
2025-06-11,HOW TO TRAIN YOUR DRAGON,7995e00051a2fe6aeed7cfdbe0378c01,TIMIKA,-3,188,3,33.3,False
2025-06-11,TAK INGIN USAI DI SINI,7995e00051a2fe6aeed7cfdbe0378c01,TIMIKA,-6,153,2,43.68,False
2025-06-11,HOW TO TRAIN YOUR DRAGON,7cade3ea25dae25fdb8c56776676b0c7,CILEGON,-3,370,8,26.01,False
2025-06-11,HOW TO TRAIN YOUR DRAGON,8188326fb0a403be03ea632997c8a959,GORONTALO,-3,142,4,21.63,False
2025-06-11,HOW TO TRAIN YOUR DRAGON,862442166e956fe0e8355db8852d9440,TANGERANG,-3,552,12,39.9,False
2025-06-11,HOW TO TRAIN YOUR DRAGON (IMAX 2D),862442166e956fe0e8355db8852d9440,TANGERANG,-3,667,9,21.35,False
2025-06-11,HOW TO TRAIN YOUR DRAGON,8750b9ee0b0c6c6afcfcb2a05e60efc0,BANDUNG,-3,88,4,67.98,False
2025-06-11,HOW TO TRAIN YOUR DRAGON,8d2e05da5624875993cb8580c88334a9,CIREBON,-3,251,4,28.34,False
2025-06-11,HOW TO TRAIN YOUR DRAGON,8dbfb7aeb4ed822b358347332ba630af,JAKARTA,-3,3868,60,38.25,False
2025-06-11,HOW TO TRAIN YOUR DRAGON (IMAX 2D),8dbfb7aeb4ed822b358347332ba630af,JAKARTA,-3,974,8,25.87,False
2025-06-11,HOW TO TRAIN YOUR DRAGON,9158e16be84a6db4d63d3289099f119b,JAYAPURA,-3,409,6,30.16,False
2025-06-11,TAK INGIN USAI DI SINI,9158e16be84a6db4d63d3289099f119b,JAYAPURA,-6,37,2,15.08,False
2025-06-11,HOW TO TRAIN YOUR DRAGON,919c7b9859d8ce7cab47dab2463e7fab,MAKASSAR,-3,311,4,31.2,False
2025-06-11,TAK INGIN USAI DI SINI,919c7b9859d8ce7cab47dab2463e7fab,MAKASSAR,-6,89,2,32.55,False
2025-06-11,HOW TO TRAIN YOUR DRAGON,981569adf232c53afe751c8c660db8d9,BATAM,-3,283,4,24.72,False
2025-06-11,HOW TO TRAIN YOUR DRAGON,9aab42397bbc1d1cdb49f7044dc990f0,PALEMBANG,-3,587,12,34.47,False
2025-06-11,HOW TO TRAIN YOUR DRAGON,9cc7970100d8e4c2202f08cb78c6eb20,YOGYAKARTA,-3,237,4,19.57,False
2025-06-11,HOW TO TRAIN YOUR DRAGON,9f0564f5cabe643e4dbb08b80d3cc241,PONTIANAK,-3,876,4,74.1,False
2025-06-11,HOW TO TRAIN YOUR DRAGON,a09b9ee7f937939ee25c24ef8c2e91be,BALIKPAPAN,-3,75,4,12.88,False
2025-06-11,ANGEL POL,a616a546264044ed616bc2bdf2d9f7fc,YOGYAKARTA,-8,223,1,100.0,False
2025-06-11,HOW TO TRAIN YOUR DRAGON,a616a546264044ed616bc2bdf2d9f7fc,YOGYAKARTA,-3,267,8,15.32,False
2025-06-11,HOW TO TRAIN YOUR DRAGON,a6d19ebcb27f61cbf41a6552fbf68676,SIDOARJO,-3,137,4,20.6,False
2025-06-11,HOW TO TRAIN YOUR DRAGON,a9d508d218799f9dc69bb4aefc122cb3,MANADO,-3,614,11,45.57,False
2025-06-11,TAK INGIN USAI DI SINI,a9d508d218799f9dc69bb4aefc122cb3,MANADO,-6,62,2,16.64,False
2025-06-11,HOW TO TRAIN YOUR DRAGON (IMAX 2D),a9e141baa8b4ec825325397b16eeaae3,BOGOR,-3,219,5,13.52,False
2025-06-11,HOW TO TRAIN YOUR DRAGON,afbb3b11f728a54ad1eb3ca34f602779,KENDARI,-3,44,1,14.7,False
2025-06-11,TAK INGIN USAI DI SINI,afbb3b11f728a54ad1eb3ca34f602779,KENDARI,-6,295,4,37.54,False
2025-06-11,HOW TO TRAIN YOUR DRAGON,b4972b48997defae8304bc9c41220c7c,BEKASI,-3,431,12,27.04,False
2025-06-11,HOW TO TRAIN YOUR DRAGON (IMAX 2D),b4972b48997defae8304bc9c41220c7c,BEKASI,-3,260,5,12.77,False
2025-06-11,HOW TO TRAIN YOUR DRAGON,b704e8b10f13e14494b5a7a0ba39d9d9,JAKARTA,-3,996,32,39.16,False
2025-06-11,HOW TO TRAIN YOUR DRAGON (IMAX 2D),b704e8b10f13e14494b5a7a0ba39d9d9,JAKARTA,-3,368,5,26.25,False
2025-06-11,HOW TO TRAIN YOUR DRAGON,be8de71502987819afd4c2ceea71c539,GRESIK,-3,164,4,20.86,False
2025-06-11,HOW TO TRAIN YOUR DRAGON,bf33cc26f29bf266a83e35901fa80c9c,AMBON,-3,464,4,48.41,False
2025-06-11,HOW TO TRAIN YOUR DRAGON,c4a19cbeb409639c836e4304976db0aa,BANDUNG,-3,1093,20,23.52,False
2025-06-11,HOW TO TRAIN YOUR DRAGON (IMAX 2D),c4a19cbeb409639c836e4304976db0aa,BANDUNG,-3,352,5,15.86,False
2025-06-11,HOW TO TRAIN YOUR DRAGON,c71a18e33d4b7c73c8124c65fc3e6f1c,MANADO,-3,284,4,30.68,False
2025-06-11,HOW TO TRAIN YOUR DRAGON,c877324e95024e707ae23f0aed947e15,SEMARANG,-3,406,8,20.87,False
2025-06-11,HOW TO TRAIN YOUR DRAGON,cb2a49a747f8989ee0356ec7ac354177,BENGKULU,-3,414,4,45.94,False
2025-06-11,HOW TO TRAIN YOUR DRAGON,d1918db937d26e9e4ccd3e17e1ff0e2d,SUMEDANG,-3,145,4,20.34,False
2025-06-11,HOW TO TRAIN YOUR DRAGON,d33850e3698903061b4c18886ce00c9d,GARUT,-3,87,4,13.65,False
2025-06-11,HOW TO TRAIN YOUR DRAGON,da96492ebd43c4a193238d6c3205cc40,PEKANBARU,-3,492,12,28.79,False
2025-06-11,HOW TO TRAIN YOUR DRAGON,dc77e7e26c0e5e3a5c44ec2de0cedbde,DENPASAR,-3,935,12,43.35,False
2025-06-11,HOW TO TRAIN YOUR DRAGON (IMAX 2D),dc77e7e26c0e5e3a5c44ec2de0cedbde,DENPASAR,-3,600,5,45.36,False
2025-06-11,HOW TO TRAIN YOUR DRAGON,e3edf631650eb304cf386709b98005f6,DENPASAR,-3,455,8,30.32,False
2025-06-11,HOW TO TRAIN YOUR DRAGON,e67d818ee0546f3b33d0ba2083ed4db5,BEKASI,-3,226,4,20.54,False
2025-06-11,HOW TO TRAIN YOUR DRAGON,e7ec114c2ec166155149062023617e8b,SAMARINDA,-3,274,4,40.69,False
2025-06-11,HOW TO TRAIN YOUR DRAGON,e8965581e1be78ac9a3145b6983ff6ec,SURABAYA,-3,257,8,41.47,False
2025-06-11,HOW TO TRAIN YOUR DRAGON (IMAX 2D),e8965581e1be78ac9a3145b6983ff6ec,SURABAYA,-3,441,5,19.36,False
2025-06-11,HOW TO TRAIN YOUR DRAGON,e989d8fdc91de7e6ffbb72a2f5ac79f6,DEPOK,-3,424,8,25.35,False
2025-06-11,HOW TO TRAIN YOUR DRAGON,efe899b321b96d852776427476f14a06,YOGYAKARTA,-3,488,4,41.48,False
2025-06-11,HOW TO TRAIN YOUR DRAGON,f292a4101ca0420357a2d18b3a013e5f,PALU,-3,370,8,27.04,False
2025-06-11,TAK INGIN USAI DI SINI,f292a4101ca0420357a2d18b3a013e5f,PALU,-6,197,2,68.12,False
2025-06-11,HOW TO TRAIN YOUR DRAGON,f3a9ac312f7bc4e2467a1bf02a6aa1e9,LAMPUNG,-3,313,4,30.9,False
2025-06-11,HOW TO TRAIN YOUR DRAGON,f54d37fc4c4d4b285aa3601041abc938,BOGOR,-3,511,12,15.57,False
2025-06-11,HOW TO TRAIN YOUR DRAGON,f7734bb329cacfe21ce854ae822b6115,TANJUNG PINANG,-3,215,4,28.6,False
2025-06-11,HOW TO TRAIN YOUR DRAGON,fbaf4d5f0c18dc603a21aef31da59ee6,SAMARINDA,-3,564,4,60.77,False
2025-06-12,HOW TO TRAIN YOUR DRAGON,015555fbcd8faef6b55a854605df0a87,SURABAYA,-2,1226,32,28.58,False
2025-06-12,TAK INGIN USAI DI SINI,015555fbcd8faef6b55a854605df0a87,SURABAYA,-5,225,8,17.85,False
2025-06-12,HOW TO TRAIN YOUR DRAGON,0191582d75f94a412c0fa12d36bcee3f,SURABAYA,-2,1736,30,35.57,False
2025-06-12,HOW TO TRAIN YOUR DRAGON (3D),0191582d75f94a412c0fa12d36bcee3f,SURABAYA,-2,108,2,27.81,False
2025-06-12,HOW TO TRAIN YOUR DRAGON (IMAX 2D),0191582d75f94a412c0fa12d36bcee3f,SURABAYA,-2,291,5,14.14,False
2025-06-12,TAK INGIN USAI DI SINI,0191582d75f94a412c0fa12d36bcee3f,SURABAYA,-5,287,5,22.67,False
2025-06-12,HOW TO TRAIN YOUR DRAGON,0318cab65e5a4dbb61243ab4747fb621,SINGKAWANG,-2,245,4,29.66,False
2025-06-12,TAK INGIN USAI DI SINI,0318cab65e5a4dbb61243ab4747fb621,SINGKAWANG,-5,133,3,30.45,False
2025-06-12,HOW TO TRAIN YOUR DRAGON,04a2de432a8901363a05137a8e8de1d2,MAMUJU,-2,158,4,15.23,False
2025-06-12,TAK INGIN USAI DI SINI,04a2de432a8901363a05137a8e8de1d2,MAMUJU,-5,250,3,49.0,False
2025-06-12,HOW TO TRAIN YOUR DRAGON,073b764928864ed8fa0b6b115bfdd685,BATAM,-2,222,12,20.56,False
2025-06-12,TAK INGIN USAI DI SINI,073b764928864ed8fa0b6b115bfdd685,BATAM,-5,240,7,24.75,False
2025-06-12,HOW TO TRAIN YOUR DRAGON,09ff932202ae245655ae248642132086,JAMBI,-2,114,4,72.45,False
2025-06-12,GJLS: IBUKU IBU IBU,0a8777c6c78e2d102bdf459f8550cf93,PANGKAL PINANG,-4,27,2,5.67,False
2025-06-12,HOW TO TRAIN YOUR DRAGON,0a8777c6c78e2d102bdf459f8550cf93,PANGKAL PINANG,-2,316,4,60.84,False
2025-06-12,GAZA,108f9a4d181f12fd1b7e3c9adae38478,TANGERANG,-5,197,1,100.0,False
2025-06-12,HOW TO TRAIN YOUR DRAGON,108f9a4d181f12fd1b7e3c9adae38478,TANGERANG,-2,1283,37,14.73,False
2025-06-12,HOW TO TRAIN YOUR DRAGON (IMAX 2D),108f9a4d181f12fd1b7e3c9adae38478,TANGERANG,-2,307,5,19.98,False
2025-06-12,TAK INGIN USAI DI SINI,108f9a4d181f12fd1b7e3c9adae38478,TANGERANG,-5,356,19,13.06,False
2025-06-12,HOW TO TRAIN YOUR DRAGON,1240789770bc04e7d26e5fa31c075ced,MALANG,-2,227,6,17.34,False
2025-06-12,TAK INGIN USAI DI SINI,1240789770bc04e7d26e5fa31c075ced,MALANG,-5,267,9,18.31,False
2025-06-12,GAZA,14b63ff2b104903ead7d884f25382e57,MALANG,-5,135,1,100.0,True
2025-06-12,HOW TO TRAIN YOUR DRAGON,14b63ff2b104903ead7d884f25382e57,MALANG,-2,128,4,17.33,False
2025-06-12,HOW TO TRAIN YOUR DRAGON,17e1e7da761f72bbb4e039ba08cc0ba0,SEMARANG,-2,307,16,21.37,False
2025-06-12,TAK INGIN USAI DI SINI,17e1e7da761f72bbb4e039ba08cc0ba0,SEMARANG,-5,181,7,19.5,False
2025-06-12,HOW TO TRAIN YOUR DRAGON,19f506af810fe579721721d058f6b243,MEDAN,-2,179,8,33.67,False
2025-06-12,HOW TO TRAIN YOUR DRAGON (IMAX 2D),19f506af810fe579721721d058f6b243,MEDAN,-2,313,5,19.57,False
2025-06-12,TAK INGIN USAI DI SINI,19f506af810fe579721721d058f6b243,MEDAN,-5,265,5,30.69,False
2025-06-12,GJLS: IBUKU IBU IBU,202dbf4df0e433f092fca1aa8162c400,TARAKAN,-4,160,3,43.68,False
2025-06-12,HOW TO TRAIN YOUR DRAGON,202dbf4df0e433f092fca1aa8162c400,TARAKAN,-2,206,4,39.4,False
2025-06-12,HOW TO TRAIN YOUR DRAGON,218c50fa4df90b3241e39ff8ffb41102,SOLO,-2,330,5,26.37,False
2025-06-12,TAK INGIN USAI DI SINI,218c50fa4df90b3241e39ff8ffb41102,SOLO,-5,154,3,27.65,False
2025-06-12,TAK INGIN USAI DI SINI,25e1c125bdd513aa2355a8e558a1a908,KEDIRI,-5,75,3,20.65,False
2025-06-12,HOW TO TRAIN YOUR DRAGON,26a644178fbdb277dc3c50997f6df7fe,PALEMBANG,-2,145,4,14.96,False
2025-06-12,TAK INGIN USAI DI SINI,26a644178fbdb277dc3c50997f6df7fe,PALEMBANG,-5,393,7,30.3,False
2025-06-12,GAZA,26d1d720bc7e60c1b1a56630e3ba2c5d,GARUT,-5,50,5,6.09,False
2025-06-12,HOW TO TRAIN YOUR DRAGON,26d1d720bc7e60c1b1a56630e3ba2c5d,GARUT,-2,139,4,12.86,False
2025-06-12,TAK INGIN USAI DI SINI,26d1d720bc7e60c1b1a56630e3ba2c5d,GARUT,-5,112,5,10.29,False
2025-06-12,HOW TO TRAIN YOUR DRAGON,29fc89ab155e9f202326046c2e0023bb,MAKASSAR,-2,354,10,22.46,False
2025-06-12,TAK INGIN USAI DI SINI,29fc89ab155e9f202326046c2e0023bb,MAKASSAR,-5,369,7,30.61,False
2025-06-12,HOW TO TRAIN YOUR DRAGON,2e0ec493a87e740511b7b565386c06fe,SORONG,-2,172,4,25.74,False
2025-06-12,TAK INGIN USAI DI SINI,2e0ec493a87e740511b7b565386c06fe,SORONG,-5,57,3,15.25,False
2025-06-12,HOW TO TRAIN YOUR DRAGON,312cd6ebdd3af9ac55f7b3d31ecab9c2,BOGOR,-2,250,6,28.15,False
2025-06-12,HOW TO TRAIN YOUR DRAGON (IMAX 2D),312cd6ebdd3af9ac55f7b3d31ecab9c2,BOGOR,-2,98,5,5.36,False
2025-06-12,TAK INGIN USAI DI SINI,312cd6ebdd3af9ac55f7b3d31ecab9c2,BOGOR,-5,69,2,28.35,False
2025-06-12,GJLS: IBUKU IBU IBU,35de0354d956048d1c9c49ff069eaa55,MEDAN,-4,142,2,62.32,False
2025-06-12,HOW TO TRAIN YOUR DRAGON,35de0354d956048d1c9c49ff069eaa55,MEDAN,-2,711,22,45.05,False
2025-06-12,TAK INGIN USAI DI SINI,35de0354d956048d1c9c49ff069eaa55,MEDAN,-5,304,8,22.58,False
2025-06-12,HOW TO TRAIN YOUR DRAGON,3744d5b8753c9cc72700ce7927fa0df3,SIDOARJO,-2,42,2,15.75,False
2025-06-12,HOW TO TRAIN YOUR DRAGON,3acdf298dab1b92bbaaad74d86c0c40a,SEMARANG,-2,547,18,13.71,False
2025-06-12,HOW TO TRAIN YOUR DRAGON (IMAX 2D),3acdf298dab1b92bbaaad74d86c0c40a,SEMARANG,-2,323,5,25.41,False
2025-06-12,TAK INGIN USAI DI SINI,3acdf298dab1b92bbaaad74d86c0c40a,SEMARANG,-5,352,16,14.42,False
2025-06-12,HOW TO TRAIN YOUR DRAGON,3afae5dea7356f64f70605334bef46a7,CIANJUR,-2,94,4,10.04,False
2025-06-12,TAK INGIN USAI DI SINI,3afae5dea7356f64f70605334bef46a7,CIANJUR,-5,30,1,17.68,False
2025-06-12,GJLS: IBUKU IBU IBU,3c41b96b56b0aab1ed5fc5e703499730,BALIKPAPAN,-4,641,6,37.44,False
2025-06-12,HOW TO TRAIN YOUR DRAGON,3c41b96b56b0aab1ed5fc5e703499730,BALIKPAPAN,-2,375,13,37.08,False
2025-06-12,TAK INGIN USAI DI SINI,3c41b96b56b0aab1ed5fc5e703499730,BALIKPAPAN,-5,77,2,17.68,False
2025-06-12,HOW TO TRAIN YOUR DRAGON,3cc167017755a0197f18f93595c9ae85,JAMBI,-2,124,4,14.18,False
2025-06-12,TAK INGIN USAI DI SINI,3cc167017755a0197f18f93595c9ae85,JAMBI,-5,46,2,15.23,False
2025-06-12,HOW TO TRAIN YOUR DRAGON,3f6093566521149f8e37fa4e3fafe7cc,PADANG,-2,103,6,10.82,False
2025-06-12,TAK INGIN USAI DI SINI,3f6093566521149f8e37fa4e3fafe7cc,PADANG,-5,665,12,37.51,False
2025-06-12,GJLS: IBUKU IBU IBU,45f553cca86b28fedd6115abdd0ae734,KUALA KAPUAS,-4,161,2,41.2,False
2025-06-12,HOW TO TRAIN YOUR DRAGON,45f553cca86b28fedd6115abdd0ae734,KUALA KAPUAS,-2,133,4,15.45,False
2025-06-12,TAK INGIN USAI DI SINI,45f553cca86b28fedd6115abdd0ae734,KUALA KAPUAS,-5,113,3,18.88,False
2025-06-12,HOW TO TRAIN YOUR DRAGON,490346a8a068ba7d2e3764714c6d5323,BANDUNG,-2,265,10,29.77,False
2025-06-12,TAK INGIN USAI DI SINI,490346a8a068ba7d2e3764714c6d5323,BANDUNG,-5,176,8,15.19,False
2025-06-12,GAZA,494c8f1916a97efe3390ba9dbab6ce7d,LAMPUNG,-5,21,5,2.73,False
2025-06-12,GJLS: IBUKU IBU IBU,494c8f1916a97efe3390ba9dbab6ce7d,LAMPUNG,-4,258,10,15.86,False
2025-06-12,HOW TO TRAIN YOUR DRAGON,494c8f1916a97efe3390ba9dbab6ce7d,LAMPUNG,-2,315,10,43.79,False
2025-06-12,TAK INGIN USAI DI SINI,494c8f1916a97efe3390ba9dbab6ce7d,LAMPUNG,-5,206,10,14.63,False
2025-06-12,HOW TO TRAIN YOUR DRAGON,4a4c71e99772e87c9e35a56acd8be21e,TERNATE,-2,154,4,18.8,False
2025-06-12,TAK INGIN USAI DI SINI,4a4c71e99772e87c9e35a56acd8be21e,TERNATE,-5,171,5,22.26,False
2025-06-12,HOW TO TRAIN YOUR DRAGON,4ba87a86e02dd8a810032db35bf13c51,BENGKULU,-2,53,2,13.13,False
2025-06-12,HOW TO TRAIN YOUR DRAGON,4e12b237c826209f7ddc5b29a96380b6,BEKASI,-2,125,6,7.38,False
2025-06-12,TAK INGIN USAI DI SINI,4e12b237c826209f7ddc5b29a96380b6,BEKASI,-5,24,2,7.35,False
2025-06-12,HOW TO TRAIN YOUR DRAGON,4eb26b1058266dc50a63dc875e4d8846,MATARAM,-2,264,4,26.51,False
2025-06-12,TAK INGIN USAI DI SINI,4eb26b1058266dc50a63dc875e4d8846,MATARAM,-5,229,5,33.28,False
2025-06-12,GAZA,4fc3fc370b299876663c7d5c90595853,BANJARMASIN,-5,31,3,8.05,False
2025-06-12,HOW TO TRAIN YOUR DRAGON,4fc3fc370b299876663c7d5c90595853,BANJARMASIN,-2,442,4,50.47,False
2025-06-12,TAK INGIN USAI DI SINI,4fc3fc370b299876663c7d5c90595853,BANJARMASIN,-5,252,4,50.21,False
2025-06-12,HOW TO TRAIN YOUR DRAGON,52eed153a88a6bdcb46cbb266a07cba2,TANGERANG,-2,1119,26,41.08,False
2025-06-12,HOW TO TRAIN YOUR DRAGON (3D),52eed153a88a6bdcb46cbb266a07cba2,TANGERANG,-2,100,4,12.22,False
2025-06-12,HOW TO TRAIN YOUR DRAGON (IMAX 2D),52eed153a88a6bdcb46cbb266a07cba2,TANGERANG,-2,194,5,11.23,False
2025-06-12,TAK INGIN USAI DI SINI,52eed153a88a6bdcb46cbb266a07cba2,TANGERANG,-5,81,3,19.6,False
2025-06-12,HOW TO TRAIN YOUR DRAGON,53b77c875c67b68561415f23065e6e8d,PADANG,-2,21,3,22.88,False
2025-06-12,HOW TO TRAIN YOUR DRAGON,541130ea8083a789df5d15bbfe13055a,MAKASSAR,-2,314,10,28.98,False
2025-06-12,TAK INGIN USAI DI SINI,541130ea8083a789df5d15bbfe13055a,MAKASSAR,-5,251,5,21.01,False
2025-06-12,HOW TO TRAIN YOUR DRAGON,57d37d0d839b9dff6f87d6b5d5b679cc,SOLO,-2,385,8,46.99,False
2025-06-12,TAK INGIN USAI DI SINI,57d37d0d839b9dff6f87d6b5d5b679cc,SOLO,-5,156,5,12.9,False
2025-06-12,HOW TO TRAIN YOUR DRAGON,580919d632e55fd9736ae1a2ac6ed0c5,BATAM,-2,396,8,19.5,False
2025-06-12,TAK INGIN USAI DI SINI,580919d632e55fd9736ae1a2ac6ed0c5,BATAM,-5,100,5,13.44,False
2025-06-12,HOW TO TRAIN YOUR DRAGON,592095e0ddc2c230cf3002d72e9bac41,MANOKWARI,-2,194,4,24.72,False
2025-06-12,TAK INGIN USAI DI SINI,592095e0ddc2c230cf3002d72e9bac41,MANOKWARI,-5,103,2,31.5,False
2025-06-12,TAK INGIN USAI DI SINI,5a894958f375392ce7981be2eb9a26be,JEMBER,-5,180,5,19.95,False
2025-06-12,GAZA,5b8eaa351fae8e6d1e759e814d74c1c5,MEDAN,-5,68,3,17.68,False
2025-06-12,HOW TO TRAIN YOUR DRAGON,5b8eaa351fae8e6d1e759e814d74c1c5,MEDAN,-2,698,24,17.81,False
2025-06-12,TAK INGIN USAI DI SINI,5b8eaa351fae8e6d1e759e814d74c1c5,MEDAN,-5,282,10,20.79,False
2025-06-12,GJLS: IBUKU IBU IBU,5ff7565cdb056b4bdcb43d0ea2b5380d,KUPANG,-4,67,2,24.44,False
2025-06-12,HOW TO TRAIN YOUR DRAGON,5ff7565cdb056b4bdcb43d0ea2b5380d,KUPANG,-2,48,2,19.24,False
2025-06-12,TAK INGIN USAI DI SINI,5ff7565cdb056b4bdcb43d0ea2b5380d,KUPANG,-5,194,5,28.08,False
2025-06-12,GJLS: IBUKU IBU IBU,62447bb073160adcf6d6022240a3663c,KLATEN,-4,137,5,19.55,False
2025-06-12,HOW TO TRAIN YOUR DRAGON,62447bb073160adcf6d6022240a3663c,KLATEN,-2,121,2,35.36,False
2025-06-12,TAK INGIN USAI DI SINI,62447bb073160adcf6d6022240a3663c,KLATEN,-5,170,5,24.51,False
2025-06-12,HOW TO TRAIN YOUR DRAGON,66d433e397ff7f3d460500704fd40a5a,PEKANBARU,-2,62,4,39.11,False
2025-06-12,GAZA,6b88b1af662b72fbfa35004a8edfe2e9,DEPOK,-5,442,7,38.55,False
2025-06-12,HOW TO TRAIN YOUR DRAGON,6b88b1af662b72fbfa35004a8edfe2e9,DEPOK,-2,460,25,13.19,False
2025-06-12,HOW TO TRAIN YOUR DRAGON (3D),6b88b1af662b72fbfa35004a8edfe2e9,DEPOK,-2,57,4,8.66,False
2025-06-12,HOW TO TRAIN YOUR DRAGON (IMAX 2D),6b88b1af662b72fbfa35004a8edfe2e9,DEPOK,-2,139,5,6.8,False
2025-06-12,TAK INGIN USAI DI SINI,6b88b1af662b72fbfa35004a8edfe2e9,DEPOK,-5,137,10,8.55,False
2025-06-12,GJLS: IBUKU IBU IBU,7114d91eccf418326f7a9a05943c04e1,JAMBI,-4,18,2,5.78,False
2025-06-12,HOW TO TRAIN YOUR DRAGON,7114d91eccf418326f7a9a05943c04e1,JAMBI,-2,72,3,18.2,False
2025-06-12,TAK INGIN USAI DI SINI,7114d91eccf418326f7a9a05943c04e1,JAMBI,-5,413,10,31.19,False
2025-06-12,GJLS: IBUKU IBU IBU,7995e00051a2fe6aeed7cfdbe0378c01,TIMIKA,-4,29,2,9.79,False
2025-06-12,HOW TO TRAIN YOUR DRAGON,7995e00051a2fe6aeed7cfdbe0378c01,TIMIKA,-2,314,4,41.86,False
2025-06-12,TAK INGIN USAI DI SINI,7995e00051a2fe6aeed7cfdbe0378c01,TIMIKA,-5,287,5,32.86,False
2025-06-12,HOW TO TRAIN YOUR DRAGON,79d0a75ad3523955b8d0e01198d6e9c9,CIREBON,-2,36,4,37.7,False
2025-06-12,HOW TO TRAIN YOUR DRAGON,7c271f1e1351e6433b202d77b88012c2,CIREBON,-2,81,4,11.07,False
2025-06-12,TAK INGIN USAI DI SINI,7c271f1e1351e6433b202d77b88012c2,CIREBON,-5,130,5,14.77,False
2025-06-12,HOW TO TRAIN YOUR DRAGON,7cade3ea25dae25fdb8c56776676b0c7,CILEGON,-2,421,12,22.92,False
2025-06-12,TAK INGIN USAI DI SINI,7cade3ea25dae25fdb8c56776676b0c7,CILEGON,-5,150,8,11.44,False
2025-06-12,HOW TO TRAIN YOUR DRAGON,8188326fb0a403be03ea632997c8a959,GORONTALO,-2,132,4,20.21,False
2025-06-12,TAK INGIN USAI DI SINI,8188326fb0a403be03ea632997c8a959,GORONTALO,-5,113,5,17.68,False
2025-06-12,GJLS: IBUKU IBU IBU,81c620b2538435926cbbf15745ef5901,MADIUN,-4,36,3,5.84,False
2025-06-12,HOW TO TRAIN YOUR DRAGON,81c620b2538435926cbbf15745ef5901,MADIUN,-2,28,2,9.98,False
2025-06-12,TAK INGIN USAI DI SINI,81c620b2538435926cbbf15745ef5901,MADIUN,-5,106,3,25.41,False
2025-06-12,HOW TO TRAIN YOUR DRAGON,862442166e956fe0e8355db8852d9440,TANGERANG,-2,1005,28,27.04,False
2025-06-12,HOW TO TRAIN YOUR DRAGON (IMAX 2D),862442166e956fe0e8355db8852d9440,TANGERANG,-2,423,9,14.21,False
2025-06-12,TAK INGIN USAI DI SINI,862442166e956fe0e8355db8852d9440,TANGERANG,-5,251,11,16.39,False
2025-06-12,GAZA,8750b9ee0b0c6c6afcfcb2a05e60efc0,BANDUNG,-5,86,5,9.06,False
2025-06-12,HOW TO TRAIN YOUR DRAGON,8750b9ee0b0c6c6afcfcb2a05e60efc0,BANDUNG,-2,281,14,20.01,False
2025-06-12,TAK INGIN USAI DI SINI,8750b9ee0b0c6c6afcfcb2a05e60efc0,BANDUNG,-5,289,11,18.07,False
2025-06-12,HOW TO TRAIN YOUR DRAGON,88d0ee0029bee810e1d0fe37f73e2d3b,SOLO,-2,263,10,33.18,False
2025-06-12,TAK INGIN USAI DI SINI,88d0ee0029bee810e1d0fe37f73e2d3b,SOLO,-5,203,5,23.31,False
2025-06-12,HOW TO TRAIN YOUR DRAGON,8d2e05da5624875993cb8580c88334a9,CIREBON,-2,154,6,12.02,False
2025-06-12,TAK INGIN USAI DI SINI,8d2e05da5624875993cb8580c88334a9,CIREBON,-5,151,7,16.95,False
2025-06-12,HOW TO TRAIN YOUR DRAGON,9158e16be84a6db4d63d3289099f119b,JAYAPURA,-2,340,8,60.11,False
2025-06-12,TAK INGIN USAI DI SINI,9158e16be84a6db4d63d3289099f119b,JAYAPURA,-5,71,3,19.6,False
2025-06-12,GAZA,919c7b9859d8ce7cab47dab2463e7fab,MAKASSAR,-5,124,3,22.88,False
2025-06-12,HOW TO TRAIN YOUR DRAGON,919c7b9859d8ce7cab47dab2463e7fab,MAKASSAR,-2,371,6,26.44,False
2025-06-12,TAK INGIN USAI DI SINI,919c7b9859d8ce7cab47dab2463e7fab,MAKASSAR,-5,587,10,24.62,False
2025-06-12,GJLS: IBUKU IBU IBU,92e94ed55b4de8feaff9462a66e2dbd7,PEKANBARU,-4,204,8,14.56,False
2025-06-12,HOW TO TRAIN YOUR DRAGON,92e94ed55b4de8feaff9462a66e2dbd7,PEKANBARU,-2,109,4,16.8,False
2025-06-12,TAK INGIN USAI DI SINI,92e94ed55b4de8feaff9462a66e2dbd7,PEKANBARU,-5,484,10,30.87,False
2025-06-12,HOW TO TRAIN YOUR DRAGON,9715c9bc57db04a2506acfdab71ec1c6,RANTAU PRAPAT,-2,46,2,17.51,False
2025-06-12,TAK INGIN USAI DI SINI,9715c9bc57db04a2506acfdab71ec1c6,RANTAU PRAPAT,-5,133,5,14.49,False
2025-06-12,HOW TO TRAIN YOUR DRAGON,981569adf232c53afe751c8c660db8d9,BATAM,-2,278,4,24.18,False
2025-06-12,TAK INGIN USAI DI SINI,981569adf232c53afe751c8c660db8d9,BATAM,-5,142,3,32.59,False
2025-06-12,HOW TO TRAIN YOUR DRAGON,9aab42397bbc1d1cdb49f7044dc990f0,PALEMBANG,-2,663,18,22.09,False
2025-06-12,TAK INGIN USAI DI SINI,9aab42397bbc1d1cdb49f7044dc990f0,PALEMBANG,-5,185,5,24.96,False
2025-06-12,HOW TO TRAIN YOUR DRAGON,9cc7970100d8e4c2202f08cb78c6eb20,YOGYAKARTA,-2,322,8,39.65,False
2025-06-12,HOW TO TRAIN YOUR DRAGON,9eb47624e1e418bfac8b4fcc3a44a36b,DENPASAR,-2,146,4,24.46,False
2025-06-12,HOW TO TRAIN YOUR DRAGON,9f0564f5cabe643e4dbb08b80d3cc241,PONTIANAK,-2,873,4,73.06,False
2025-06-12,TAK INGIN USAI DI SINI,9f0564f5cabe643e4dbb08b80d3cc241,PONTIANAK,-5,216,2,63.86,False
2025-06-12,HOW TO TRAIN YOUR DRAGON,a09b9ee7f937939ee25c24ef8c2e91be,BALIKPAPAN,-2,35,2,26.27,False
2025-06-12,GJLS: IBUKU IBU IBU,a55554e941cb93c23d1522f88fd0d004,DUMAI,-4,144,3,36.4,False
2025-06-12,HOW TO TRAIN YOUR DRAGON,a55554e941cb93c23d1522f88fd0d004,DUMAI,-2,132,4,14.7,False
2025-06-12,TAK INGIN USAI DI SINI,a55554e941cb93c23d1522f88fd0d004,DUMAI,-5,152,5,15.86,False
2025-06-12,HOW TO TRAIN YOUR DRAGON,a616a546264044ed616bc2bdf2d9f7fc,YOGYAKARTA,-2,250,12,13.39,False
2025-06-12,HOW TO TRAIN YOUR DRAGON (3D),a616a546264044ed616bc2bdf2d9f7fc,YOGYAKARTA,-2,88,4,11.29,False
2025-06-12,TAK INGIN USAI DI SINI,a616a546264044ed616bc2bdf2d9f7fc,YOGYAKARTA,-5,230,7,24.96,False
2025-06-12,HOW TO TRAIN YOUR DRAGON,a691dd0d8274fa85ecdc7d5ad6df1628,LAMPUNG,-2,147,2,45.84,False
2025-06-12,TAK INGIN USAI DI SINI,a691dd0d8274fa85ecdc7d5ad6df1628,LAMPUNG,-5,345,5,29.46,False
2025-06-12,HOW TO TRAIN YOUR DRAGON,a6d19ebcb27f61cbf41a6552fbf68676,SIDOARJO,-2,102,4,14.68,False
2025-06-12,TAK INGIN USAI DI SINI,a6d19ebcb27f61cbf41a6552fbf68676,SIDOARJO,-5,103,3,25.06,False
2025-06-12,HOW TO TRAIN YOUR DRAGON,a9d508d218799f9dc69bb4aefc122cb3,MANADO,-2,597,12,34.93,False
2025-06-12,TAK INGIN USAI DI SINI,a9d508d218799f9dc69bb4aefc122cb3,MANADO,-5,447,10,30.18,False
2025-06-12,HOW TO TRAIN YOUR DRAGON,a9e141baa8b4ec825325397b16eeaae3,BOGOR,-2,575,22,14.13,False
2025-06-12,HOW TO TRAIN YOUR DRAGON (IMAX 2D),a9e141baa8b4ec825325397b16eeaae3,BOGOR,-2,167,5,10.5,False
2025-06-12,TAK INGIN USAI DI SINI,a9e141baa8b4ec825325397b16eeaae3,BOGOR,-5,297,15,12.9,False
2025-06-12,GJLS: IBUKU IBU IBU,afbb3b11f728a54ad1eb3ca34f602779,KENDARI,-4,160,3,29.12,False
2025-06-12,HOW TO TRAIN YOUR DRAGON,afbb3b11f728a54ad1eb3ca34f602779,KENDARI,-2,185,4,15.75,False
2025-06-12,TAK INGIN USAI DI SINI,afbb3b11f728a54ad1eb3ca34f602779,KENDARI,-5,364,5,36.05,False
2025-06-12,GJLS: IBUKU IBU IBU,b2539b1f80254243391774489b1328aa,ROKAN HILIR,-4,70,2,16.8,False
2025-06-12,HOW TO TRAIN YOUR DRAGON,b2539b1f80254243391774489b1328aa,ROKAN HILIR,-2,31,1,14.42,False
2025-06-12,TAK INGIN USAI DI SINI,b2539b1f80254243391774489b1328aa,ROKAN HILIR,-5,130,2,30.39,False
2025-06-12,HOW TO TRAIN YOUR DRAGON,b4972b48997defae8304bc9c41220c7c,BEKASI,-2,246,10,17.47,False
2025-06-12,TAK INGIN USAI DI SINI,b4972b48997defae8304bc9c41220c7c,BEKASI,-5,64,4,8.84,False
2025-06-12,HOW TO TRAIN YOUR DRAGON,be8de71502987819afd4c2ceea71c539,GRESIK,-2,160,4,20.48,False
2025-06-12,TAK INGIN USAI DI SINI,be8de71502987819afd4c2ceea71c539,GRESIK,-5,166,5,27.46,False
2025-06-12,HOW TO TRAIN YOUR DRAGON,bf33cc26f29bf266a83e35901fa80c9c,AMBON,-2,321,4,33.86,False
2025-06-12,TAK INGIN USAI DI SINI,bf33cc26f29bf266a83e35901fa80c9c,AMBON,-5,183,3,36.4,False
2025-06-12,GJLS: IBUKU IBU IBU,c35e24eefa840ac2009279f1efc52288,BONTANG,-4,187,2,43.26,False
2025-06-12,HOW TO TRAIN YOUR DRAGON,c35e24eefa840ac2009279f1efc52288,BONTANG,-2,209,4,17.68,False
2025-06-12,GJLS: IBUKU IBU IBU,c48b7a4426e8cbee3f7dbfe8b87d1d89,PEKALONGAN,-4,64,2,15.97,False
2025-06-12,HOW TO TRAIN YOUR DRAGON,c48b7a4426e8cbee3f7dbfe8b87d1d89,PEKALONGAN,-2,88,4,14.04,False
2025-06-12,TAK INGIN USAI DI SINI,c48b7a4426e8cbee3f7dbfe8b87d1d89,PEKALONGAN,-5,173,3,47.38,False
2025-06-12,GAZA,c4a19cbeb409639c836e4304976db0aa,BANDUNG,-5,310,5,45.76,False
2025-06-12,GJLS: IBUKU IBU IBU,c4a19cbeb409639c836e4304976db0aa,BANDUNG,-4,20,2,5.67,False
2025-06-12,HOW TO TRAIN YOUR DRAGON,c4a19cbeb409639c836e4304976db0aa,BANDUNG,-2,1064,20,21.74,False
2025-06-12,HOW TO TRAIN YOUR DRAGON (IMAX 2D),c4a19cbeb409639c836e4304976db0aa,BANDUNG,-2,238,5,10.82,False
2025-06-12,TAK INGIN USAI DI SINI,c4a19cbeb409639c836e4304976db0aa,BANDUNG,-5,499,18,15.63,False
2025-06-12,HOW TO TRAIN YOUR DRAGON,c71a18e33d4b7c73c8124c65fc3e6f1c,MANADO,-2,220,4,23.69,False
2025-06-12,GAZA,c877324e95024e707ae23f0aed947e15,SEMARANG,-5,162,1,100.0,False
2025-06-12,HOW TO TRAIN YOUR DRAGON,c877324e95024e707ae23f0aed947e15,SEMARANG,-2,347,12,26.35,False
2025-06-12,TAK INGIN USAI DI SINI,c877324e95024e707ae23f0aed947e15,SEMARANG,-5,116,5,15.81,False
2025-06-12,HOW TO TRAIN YOUR DRAGON,cb2a49a747f8989ee0356ec7ac354177,BENGKULU,-2,320,4,35.7,False
2025-06-12,TAK INGIN USAI DI SINI,cb2a49a747f8989ee0356ec7ac354177,BENGKULU,-5,279,5,25.34,False
2025-06-12,HOW TO TRAIN YOUR DRAGON,d1918db937d26e9e4ccd3e17e1ff0e2d,SUMEDANG,-2,84,4,11.96,False
2025-06-12,TAK INGIN USAI DI SINI,d1918db937d26e9e4ccd3e17e1ff0e2d,SUMEDANG,-5,61,2,24.96,False
2025-06-12,GJLS: IBUKU IBU IBU,d297f2f746c4fd2723f3202fafcbfa1a,BONDOWOSO,-4,68,2,19.43,False
2025-06-12,HOW TO TRAIN YOUR DRAGON,d297f2f746c4fd2723f3202fafcbfa1a,BONDOWOSO,-2,111,4,10.82,False
2025-06-12,TAK INGIN USAI DI SINI,d297f2f746c4fd2723f3202fafcbfa1a,BONDOWOSO,-5,163,5,18.75,False
2025-06-12,HOW TO TRAIN YOUR DRAGON,d33850e3698903061b4c18886ce00c9d,GARUT,-2,76,4,11.59,False
2025-06-12,TAK INGIN USAI DI SINI,d33850e3698903061b4c18886ce00c9d,GARUT,-5,103,5,15.75,False
2025-06-12,HOW TO TRAIN YOUR DRAGON,da6b584c30e784d15b54ad124a760b19,SAMARINDA,-2,227,4,26.78,False
2025-06-12,GJLS: IBUKU IBU IBU,da96492ebd43c4a193238d6c3205cc40,PEKANBARU,-4,92,2,26.27,False
2025-06-12,HOW TO TRAIN YOUR DRAGON,da96492ebd43c4a193238d6c3205cc40,PEKANBARU,-2,496,12,22.01,False
2025-06-12,TAK INGIN USAI DI SINI,da96492ebd43c4a193238d6c3205cc40,PEKANBARU,-5,576,8,55.23,False
2025-06-12,HOW TO TRAIN YOUR DRAGON,dc6de349945f10a4a296bb50d34fc504,BANJARMASIN,-2,75,4,46.28,False
2025-06-12,HOW TO TRAIN YOUR DRAGON,dc77e7e26c0e5e3a5c44ec2de0cedbde,DENPASAR,-2,917,24,37.19,False
2025-06-12,HOW TO TRAIN YOUR DRAGON (IMAX 2D),dc77e7e26c0e5e3a5c44ec2de0cedbde,DENPASAR,-2,344,5,25.54,False
2025-06-12,TAK INGIN USAI DI SINI,dc77e7e26c0e5e3a5c44ec2de0cedbde,DENPASAR,-5,625,8,51.5,False
2025-06-12,HOW TO TRAIN YOUR DRAGON,df7f047e9886cfa1c0892c97f15d4146,MATARAM,-2,75,4,39.38,False
2025-06-12,HOW TO TRAIN YOUR DRAGON,e3edf631650eb304cf386709b98005f6,DENPASAR,-2,427,18,28.54,False
2025-06-12,TAK INGIN USAI DI SINI,e3edf631650eb304cf386709b98005f6,DENPASAR,-5,212,5,38.01,False
2025-06-12,HOW TO TRAIN YOUR DRAGON,e67d818ee0546f3b33d0ba2083ed4db5,BEKASI,-2,89,7,25.26,False
2025-06-12,TAK INGIN USAI DI SINI,e67d818ee0546f3b33d0ba2083ed4db5,BEKASI,-5,24,2,4.64,False
2025-06-12,GAZA,e7ec114c2ec166155149062023617e8b,SAMARINDA,-5,183,3,60.43,False
2025-06-12,HOW TO TRAIN YOUR DRAGON,e7ec114c2ec166155149062023617e8b,SAMARINDA,-2,247,4,35.96,False
2025-06-12,TAK INGIN USAI DI SINI,e7ec114c2ec166155149062023617e8b,SAMARINDA,-5,120,2,59.23,False
2025-06-12,HOW TO TRAIN YOUR DRAGON,e8965581e1be78ac9a3145b6983ff6ec,SURABAYA,-2,692,16,32.24,False
2025-06-12,HOW TO TRAIN YOUR DRAGON (IMAX 2D),e8965581e1be78ac9a3145b6983ff6ec,SURABAYA,-2,215,5,9.27,False
2025-06-12,TAK INGIN USAI DI SINI,e8965581e1be78ac9a3145b6983ff6ec,SURABAYA,-5,287,8,25.11,False
2025-06-12,HOW TO TRAIN YOUR DRAGON,e939d818a5192f48fc4b73102e3aa4b9,PALANGKARAYA,-2,524,3,63.79,False
2025-06-12,TAK INGIN USAI DI SINI,e939d818a5192f48fc4b73102e3aa4b9,PALANGKARAYA,-5,246,5,21.22,False
2025-06-12,HOW TO TRAIN YOUR DRAGON,e989d8fdc91de7e6ffbb72a2f5ac79f6,DEPOK,-2,537,16,17.32,False
2025-06-12,TAK INGIN USAI DI SINI,e989d8fdc91de7e6ffbb72a2f5ac79f6,DEPOK,-5,163,8,14.16,False
2025-06-12,HOW TO TRAIN YOUR DRAGON,ea7df0c99b450ecdea38cf34ae1f158f,KISARAN,-2,63,2,23.92,False
2025-06-12,TAK INGIN USAI DI SINI,ea7df0c99b450ecdea38cf34ae1f158f,KISARAN,-5,93,2,32.55,False
2025-06-12,GJLS: IBUKU IBU IBU,ecace029de4a6bd4ae872928509cd71d,TASIKMALAYA,-4,41,2,8.32,False
2025-06-12,HOW TO TRAIN YOUR DRAGON,ecace029de4a6bd4ae872928509cd71d,TASIKMALAYA,-2,197,6,17.15,False
2025-06-12,TAK INGIN USAI DI SINI,ecace029de4a6bd4ae872928509cd71d,TASIKMALAYA,-5,357,8,21.79,False
2025-06-12,HOW TO TRAIN YOUR DRAGON,efe899b321b96d852776427476f14a06,YOGYAKARTA,-2,349,8,25.46,False
2025-06-12,TAK INGIN USAI DI SINI,efe899b321b96d852776427476f14a06,YOGYAKARTA,-5,144,2,31.2,False
2025-06-12,GAZA,f292a4101ca0420357a2d18b3a013e5f,PALU,-5,80,3,19.57,False
2025-06-12,HOW TO TRAIN YOUR DRAGON,f292a4101ca0420357a2d18b3a013e5f,PALU,-2,318,8,46.28,False
2025-06-12,TAK INGIN USAI DI SINI,f292a4101ca0420357a2d18b3a013e5f,PALU,-5,286,5,25.75,False
2025-06-12,HOW TO TRAIN YOUR DRAGON,f3a9ac312f7bc4e2467a1bf02a6aa1e9,LAMPUNG,-2,335,4,32.96,False
2025-06-12,TAK INGIN USAI DI SINI,f3a9ac312f7bc4e2467a1bf02a6aa1e9,LAMPUNG,-5,199,3,26.09,False
2025-06-12,GAZA,f54d37fc4c4d4b285aa3601041abc938,BOGOR,-5,659,4,100.0,False
2025-06-12,HOW TO TRAIN YOUR DRAGON,f54d37fc4c4d4b285aa3601041abc938,BOGOR,-2,549,20,20.39,False
2025-06-12,TAK INGIN USAI DI SINI,f54d37fc4c4d4b285aa3601041abc938,BOGOR,-5,299,15,11.37,False
2025-06-12,HOW TO TRAIN YOUR DRAGON,f7734bb329cacfe21ce854ae822b6115,TANJUNG PINANG,-2,168,4,22.1,False
2025-06-12,TAK INGIN USAI DI SINI,f7734bb329cacfe21ce854ae822b6115,TANJUNG PINANG,-5,45,3,11.67,False
2025-06-12,HOW TO TRAIN YOUR DRAGON,fbaf4d5f0c18dc603a21aef31da59ee6,SAMARINDA,-2,411,6,56.0,False
2025-06-12,TAK INGIN USAI DI SINI,fbaf4d5f0c18dc603a21aef31da59ee6,SAMARINDA,-5,142,2,30.68,False
2025-06-12,GJLS: IBUKU IBU IBU,fcf80028ec9bbf8efaee3932e529a78f,INDRAMAYU,-4,144,3,27.65,False
2025-06-12,HOW TO TRAIN YOUR DRAGON,fcf80028ec9bbf8efaee3932e529a78f,INDRAMAYU,-2,127,4,14.94,False
2025-06-12,TAK INGIN USAI DI SINI,fcf80028ec9bbf8efaee3932e529a78f,INDRAMAYU,-5,142,3,29.75,False
2025-06-14,TAK INGIN USAI DI SINI,015555fbcd8faef6b55a854605df0a87,SURABAYA,-3,95,3,18.55,False
2025-06-14,GJLS: IBUKU IBU IBU,0191582d75f94a412c0fa12d36bcee3f,SURABAYA,-2,130,3,18.03,False
2025-06-14,HI-FIVE,0191582d75f94a412c0fa12d36bcee3f,SURABAYA,-3,47,2,21.12,False
2025-06-14,JALAN PULANG,0191582d75f94a412c0fa12d36bcee3f,SURABAYA,-5,311,2,100.0,False
2025-06-14,GJLS: IBUKU IBU IBU,1240789770bc04e7d26e5fa31c075ced,MALANG,-2,42,2,11.85,False
2025-06-14,TAK INGIN USAI DI SINI,1240789770bc04e7d26e5fa31c075ced,MALANG,-3,240,7,22.05,False
2025-06-14,GAZA,14b63ff2b104903ead7d884f25382e57,MALANG,-3,15,1,11.33,False
2025-06-14,GJLS: IBUKU IBU IBU,14b63ff2b104903ead7d884f25382e57,MALANG,-2,172,5,27.66,False
2025-06-14,GJLS: IBUKU IBU IBU,25e1c125bdd513aa2355a8e558a1a908,KEDIRI,-2,54,5,7.98,False
2025-06-14,TAK INGIN USAI DI SINI,25e1c125bdd513aa2355a8e558a1a908,KEDIRI,-3,116,5,17.43,False
2025-06-14,GJLS: IBUKU IBU IBU,3744d5b8753c9cc72700ce7927fa0df3,SIDOARJO,-2,30,2,12.6,False
2025-06-14,JALAN PULANG,3744d5b8753c9cc72700ce7927fa0df3,SIDOARJO,-5,125,1,100.0,False
2025-06-14,TAK INGIN USAI DI SINI,3744d5b8753c9cc72700ce7927fa0df3,SIDOARJO,-3,88,4,16.8,False
2025-06-14,JALAN PULANG,3afae5dea7356f64f70605334bef46a7,CIANJUR,-5,161,1,100.0,False
2025-06-14,JALAN PULANG,3f6093566521149f8e37fa4e3fafe7cc,PADANG,-5,123,1,100.0,False
2025-06-14,JALAN PULANG,4ed104ac0de10ba7eef50158603e0b32,JAKARTA,-5,172,1,100.0,False
2025-06-14,JALAN PULANG,4fc3fc370b299876663c7d5c90595853,BANJARMASIN,-5,129,1,100.0,False
2025-06-14,GJLS: IBUKU IBU IBU,5a894958f375392ce7981be2eb9a26be,JEMBER,-2,14,2,7.73,False
2025-06-14,TAK INGIN USAI DI SINI,5a894958f375392ce7981be2eb9a26be,JEMBER,-3,151,5,16.07,False
2025-06-14,TAK INGIN USAI DI SINI,81c620b2538435926cbbf15745ef5901,MADIUN,-3,171,5,17.01,False
2025-06-14,JALAN PULANG,9f0564f5cabe643e4dbb08b80d3cc241,PONTIANAK,-5,183,1,100.0,False
2025-06-14,GJLS: IBUKU IBU IBU,a6d19ebcb27f61cbf41a6552fbf68676,SIDOARJO,-2,73,3,16.14,False
2025-06-14,TAK INGIN USAI DI SINI,a6d19ebcb27f61cbf41a6552fbf68676,SIDOARJO,-3,102,5,15.04,False
2025-06-14,GJLS: IBUKU IBU IBU,be8de71502987819afd4c2ceea71c539,GRESIK,-2,131,4,19.16,False
2025-06-14,TAK INGIN USAI DI SINI,be8de71502987819afd4c2ceea71c539,GRESIK,-3,149,4,30.98,False
2025-06-14,JALAN PULANG,bf33cc26f29bf266a83e35901fa80c9c,AMBON,-5,150,1,100.0,False
2025-06-14,GJLS: IBUKU IBU IBU,d297f2f746c4fd2723f3202fafcbfa1a,BONDOWOSO,-2,134,5,15.39,False
2025-06-14,TAK INGIN USAI DI SINI,d297f2f746c4fd2723f3202fafcbfa1a,BONDOWOSO,-3,156,5,12.27,False
2025-06-14,ASSALAMUALAIKUM BEIJING 2: LOST IN NINGXIA,e8965581e1be78ac9a3145b6983ff6ec,SURABAYA,-5,185,1,100.0,False
2025-06-14,GJLS: IBUKU IBU IBU,e8965581e1be78ac9a3145b6983ff6ec,SURABAYA,-2,127,4,27.04,False
2025-06-14,TAK INGIN USAI DI SINI,e8965581e1be78ac9a3145b6983ff6ec,SURABAYA,-3,40,2,15.97,False
2025-06-15,ASSALAMUALAIKUM BAITULLAH,108f9a4d181f12fd1b7e3c9adae38478,TANGERANG,-32,357,2,100.0,False
2025-06-15,GAZA,108f9a4d181f12fd1b7e3c9adae38478,TANGERANG,-2,596,14,21.37,False
2025-06-15,GJLS: IBUKU IBU IBU,108f9a4d181f12fd1b7e3c9adae38478,TANGERANG,-1,1278,27,31.23,False
2025-06-15,HI-FIVE,108f9a4d181f12fd1b7e3c9adae38478,TANGERANG,-2,222,10,17.51,False
2025-06-15,TAK INGIN USAI DI SINI,108f9a4d181f12fd1b7e3c9adae38478,TANGERANG,-2,462,21,15.85,False
2025-06-15,GJLS: IBUKU IBU IBU,15c7dc37db27dd76f38cc419107f7c48,KARAWANG,-1,158,3,52.35,False
2025-06-15,HI-FIVE,15c7dc37db27dd76f38cc419107f7c48,KARAWANG,-2,41,2,12.6,False
2025-06-15,TAK INGIN USAI DI SINI,15c7dc37db27dd76f38cc419107f7c48,KARAWANG,-2,75,5,13.44,False
2025-06-15,ASSALAMUALAIKUM BEIJING 2: LOST IN NINGXIA,218c50fa4df90b3241e39ff8ffb41102,SOLO,-4,153,1,100.0,False
2025-06-15,GJLS: IBUKU IBU IBU,2318d3c719302ff137eb1b53fb32f0c8,KARAWANG,-1,200,5,22.45,False
2025-06-15,TAK INGIN USAI DI SINI,2318d3c719302ff137eb1b53fb32f0c8,KARAWANG,-2,108,5,17.68,False
2025-06-15,JODOH 3 BUJANG,26a644178fbdb277dc3c50997f6df7fe,PALEMBANG,-11,106,1,100.0,False
2025-06-15,ASSALAMUALAIKUM BAITULLAH,312cd6ebdd3af9ac55f7b3d31ecab9c2,BOGOR,-32,126,1,100.0,False
2025-06-15,GAZA,312cd6ebdd3af9ac55f7b3d31ecab9c2,BOGOR,-2,188,5,30.28,False
2025-06-15,GJLS: IBUKU IBU IBU,312cd6ebdd3af9ac55f7b3d31ecab9c2,BOGOR,-1,563,5,52.08,False
2025-06-15,TAK INGIN USAI DI SINI,312cd6ebdd3af9ac55f7b3d31ecab9c2,BOGOR,-2,104,3,28.43,False
2025-06-15,ASSALAMUALAIKUM BEIJING 2: LOST IN NINGXIA,3acdf298dab1b92bbaaad74d86c0c40a,SEMARANG,-4,125,1,100.0,False
2025-06-15,JALAN PULANG,3acdf298dab1b92bbaaad74d86c0c40a,SEMARANG,-4,189,1,100.0,False
2025-06-15,GJLS: IBUKU IBU IBU,3afae5dea7356f64f70605334bef46a7,CIANJUR,-1,89,3,18.54,False
2025-06-15,TAK INGIN USAI DI SINI,3afae5dea7356f64f70605334bef46a7,CIANJUR,-2,53,2,15.23,False
2025-06-15,JODOH 3 BUJANG,3f6093566521149f8e37fa4e3fafe7cc,PADANG,-11,123,1,100.0,False
2025-06-15,TAK INGIN USAI DI SINI,45f553cca86b28fedd6115abdd0ae734,KUALA KAPUAS,-2,140,5,14.35,False
2025-06-15,ASSALAMUALAIKUM BAITULLAH,4e12b237c826209f7ddc5b29a96380b6,BEKASI,-32,184,1,100.0,False
2025-06-15,GAZA,4e12b237c826209f7ddc5b29a96380b6,BEKASI,-2,287,5,27.25,False
2025-06-15,GJLS: IBUKU IBU IBU,4e12b237c826209f7ddc5b29a96380b6,BEKASI,-1,623,11,30.15,False
2025-06-15,HI-FIVE,4e12b237c826209f7ddc5b29a96380b6,BEKASI,-2,107,9,6.75,False
2025-06-15,TAK INGIN USAI DI SINI,4e12b237c826209f7ddc5b29a96380b6,BEKASI,-2,99,5,12.18,False
2025-06-15,ASSALAMUALAIKUM BAITULLAH,4ed104ac0de10ba7eef50158603e0b32,JAKARTA,-32,285,2,100.0,False
2025-06-15,GAZA,4ed104ac0de10ba7eef50158603e0b32,JAKARTA,-2,685,26,17.97,False
2025-06-15,GJLS: IBUKU IBU IBU,4ed104ac0de10ba7eef50158603e0b32,JAKARTA,-1,3782,55,34.66,False
2025-06-15,HI-FIVE,4ed104ac0de10ba7eef50158603e0b32,JAKARTA,-2,221,10,16.28,False
2025-06-15,TAK INGIN USAI DI SINI,4ed104ac0de10ba7eef50158603e0b32,JAKARTA,-2,619,17,27.51,False
2025-06-15,JODOH 3 BUJANG,4fc3fc370b299876663c7d5c90595853,BANJARMASIN,-11,128,1,100.0,False
2025-06-15,GAZA,52eed153a88a6bdcb46cbb266a07cba2,TANGERANG,-2,639,11,38.67,False
2025-06-15,GJLS: IBUKU IBU IBU,52eed153a88a6bdcb46cbb266a07cba2,TANGERANG,-1,1607,20,42.05,False
2025-06-15,HI-FIVE,52eed153a88a6bdcb46cbb266a07cba2,TANGERANG,-2,150,9,11.44,False
2025-06-15,TAK INGIN USAI DI SINI,52eed153a88a6bdcb46cbb266a07cba2,TANGERANG,-2,185,3,45.76,False
2025-06-15,JODOH 3 BUJANG,541130ea8083a789df5d15bbfe13055a,MAKASSAR,-11,113,1,100.0,False
2025-06-15,JODOH 3 BUJANG,5b8eaa351fae8e6d1e759e814d74c1c5,MEDAN,-11,132,1,100.0,True
2025-06-15,ASSALAMUALAIKUM BAITULLAH,6b88b1af662b72fbfa35004a8edfe2e9,DEPOK,-32,276,2,100.0,False
2025-06-15,GAZA,6b88b1af662b72fbfa35004a8edfe2e9,DEPOK,-2,308,6,27.56,False
2025-06-15,GJLS: IBUKU IBU IBU,6b88b1af662b72fbfa35004a8edfe2e9,DEPOK,-1,565,11,33.99,False
2025-06-15,HI-FIVE,6b88b1af662b72fbfa35004a8edfe2e9,DEPOK,-2,67,4,10.76,False
2025-06-15,TAK INGIN USAI DI SINI,6b88b1af662b72fbfa35004a8edfe2e9,DEPOK,-2,45,3,11.33,False
2025-06-15,GJLS: IBUKU IBU IBU,716ede53fbca27fbe1c1a55d6667c2b5,CIKARANG,-1,286,5,32.34,False
2025-06-15,HI-FIVE,716ede53fbca27fbe1c1a55d6667c2b5,CIKARANG,-2,58,2,15.75,False
2025-06-15,TAK INGIN USAI DI SINI,716ede53fbca27fbe1c1a55d6667c2b5,CIKARANG,-2,341,9,22.09,False
2025-06-15,GAZA,7cade3ea25dae25fdb8c56776676b0c7,CILEGON,-2,233,7,24.81,False
2025-06-15,GJLS: IBUKU IBU IBU,7cade3ea25dae25fdb8c56776676b0c7,CILEGON,-1,433,10,30.03,False
2025-06-15,HI-FIVE,7cade3ea25dae25fdb8c56776676b0c7,CILEGON,-2,36,4,6.56,False
2025-06-15,TAK INGIN USAI DI SINI,7cade3ea25dae25fdb8c56776676b0c7,CILEGON,-2,103,8,8.79,False
2025-06-15,GAZA,862442166e956fe0e8355db8852d9440,TANGERANG,-2,171,5,24.75,False
2025-06-15,GJLS: IBUKU IBU IBU,862442166e956fe0e8355db8852d9440,TANGERANG,-1,606,9,25.64,False
2025-06-15,HI-FIVE,862442166e956fe0e8355db8852d9440,TANGERANG,-2,68,2,17.85,False
2025-06-15,TAK INGIN USAI DI SINI,862442166e956fe0e8355db8852d9440,TANGERANG,-2,272,10,20.37,False
2025-06-15,JALAN PULANG,8d2e05da5624875993cb8580c88334a9,CIREBON,-4,151,1,100.0,False
2025-06-15,ASSALAMUALAIKUM BAITULLAH,8dbfb7aeb4ed822b358347332ba630af,JAKARTA,-32,166,1,100.0,False
2025-06-15,GAZA,8dbfb7aeb4ed822b358347332ba630af,JAKARTA,-2,697,22,17.56,False
2025-06-15,GJLS: IBUKU IBU IBU,8dbfb7aeb4ed822b358347332ba630af,JAKARTA,-1,2804,46,35.31,False
2025-06-15,HI-FIVE,8dbfb7aeb4ed822b358347332ba630af,JAKARTA,-2,544,27,13.28,False
2025-06-15,TAK INGIN USAI DI SINI,8dbfb7aeb4ed822b358347332ba630af,JAKARTA,-2,452,22,11.52,False
2025-06-15,JALAN PULANG,919c7b9859d8ce7cab47dab2463e7fab,MAKASSAR,-4,724,3,100.0,False
2025-06-15,JALAN PULANG,9aab42397bbc1d1cdb49f7044dc990f0,PALEMBANG,-4,160,1,100.0,False
2025-06-15,JODOH 3 BUJANG,9cc7970100d8e4c2202f08cb78c6eb20,YOGYAKARTA,-11,141,1,100.0,False
2025-06-15,JALAN PULANG,a616a546264044ed616bc2bdf2d9f7fc,YOGYAKARTA,-4,156,1,100.0,False
2025-06-15,JODOH 3 BUJANG,a691dd0d8274fa85ecdc7d5ad6df1628,LAMPUNG,-11,125,1,100.0,False
2025-06-15,GAZA,a9e141baa8b4ec825325397b16eeaae3,BOGOR,-2,320,12,19.24,False
2025-06-15,GJLS: IBUKU IBU IBU,a9e141baa8b4ec825325397b16eeaae3,BOGOR,-1,826,15,31.55,False
2025-06-15,HI-FIVE,a9e141baa8b4ec825325397b16eeaae3,BOGOR,-2,34,2,8.32,False
2025-06-15,TAK INGIN USAI DI SINI,a9e141baa8b4ec825325397b16eeaae3,BOGOR,-2,282,10,19.14,False
2025-06-15,GAZA,b4972b48997defae8304bc9c41220c7c,BEKASI,-2,378,10,21.74,False
2025-06-15,GJLS: IBUKU IBU IBU,b4972b48997defae8304bc9c41220c7c,BEKASI,-1,1387,20,35.12,False
2025-06-15,HI-FIVE,b4972b48997defae8304bc9c41220c7c,BEKASI,-2,66,5,9.66,False
2025-06-15,TAK INGIN USAI DI SINI,b4972b48997defae8304bc9c41220c7c,BEKASI,-2,124,8,9.58,False
2025-06-15,GAZA,b704e8b10f13e14494b5a7a0ba39d9d9,JAKARTA,-2,202,6,23.75,False
2025-06-15,GJLS: IBUKU IBU IBU,b704e8b10f13e14494b5a7a0ba39d9d9,JAKARTA,-1,1014,20,31.67,False
2025-06-15,HI-FIVE,b704e8b10f13e14494b5a7a0ba39d9d9,JAKARTA,-2,236,15,13.58,False
2025-06-15,TAK INGIN USAI DI SINI,b704e8b10f13e14494b5a7a0ba39d9d9,JAKARTA,-2,87,3,23.35,False
2025-06-15,JALAN PULANG,c4a19cbeb409639c836e4304976db0aa,BANDUNG,-4,146,1,100.0,False
2025-06-15,JODOH 3 BUJANG,da96492ebd43c4a193238d6c3205cc40,PEKANBARU,-11,71,1,55.62,False
2025-06-15,GAZA,e67d818ee0546f3b33d0ba2083ed4db5,BEKASI,-2,227,8,14.31,False
2025-06-15,GJLS: IBUKU IBU IBU,e67d818ee0546f3b33d0ba2083ed4db5,BEKASI,-1,586,10,26.99,False
2025-06-15,TAK INGIN USAI DI SINI,e67d818ee0546f3b33d0ba2083ed4db5,BEKASI,-2,188,6,20.82,False
2025-06-15,GJLS: IBUKU IBU IBU,e989d8fdc91de7e6ffbb72a2f5ac79f6,DEPOK,-1,115,2,41.08,False
2025-06-15,TAK INGIN USAI DI SINI,e989d8fdc91de7e6ffbb72a2f5ac79f6,DEPOK,-2,54,3,13.39,False
2025-06-15,GJLS: IBUKU IBU IBU,ef2896a95abe2a2b4cfee245dc1e36ec,CIKARANG,-1,132,5,18.69,False
2025-06-15,JODOH 3 BUJANG,f292a4101ca0420357a2d18b3a013e5f,PALU,-11,138,1,100.0,True
2025-06-15,ASSALAMUALAIKUM BAITULLAH,f54d37fc4c4d4b285aa3601041abc938,BOGOR,-32,139,1,100.0,True
2025-06-15,GAZA,f54d37fc4c4d4b285aa3601041abc938,BOGOR,-2,274,10,15.66,False
2025-06-15,GJLS: IBUKU IBU IBU,f54d37fc4c4d4b285aa3601041abc938,BOGOR,-1,928,14,35.81,False
2025-06-15,HI-FIVE,f54d37fc4c4d4b285aa3601041abc938,BOGOR,-2,57,6,6.18,False
2025-06-15,TAK INGIN USAI DI SINI,f54d37fc4c4d4b285aa3601041abc938,BOGOR,-2,373,12,15.6,False
2025-06-15,JODOH 3 BUJANG,fcf80028ec9bbf8efaee3932e529a78f,INDRAMAYU,-11,166,1,100.0,False
2025-06-16,HI-FIVE,015555fbcd8faef6b55a854605df0a87,SURABAYA,-1,72,2,25.24,False
2025-06-16,HI-FIVE,0191582d75f94a412c0fa12d36bcee3f,SURABAYA,-1,31,2,14.04,False
2025-06-16,TAK INGIN USAI DI SINI,0191582d75f94a412c0fa12d36bcee3f,SURABAYA,-1,118,3,22.05,False
2025-06-16,TAK INGIN USAI DI SINI,0318cab65e5a4dbb61243ab4747fb621,SINGKAWANG,-1,88,5,11.65,False
2025-06-16,TAK INGIN USAI DI SINI,04a2de432a8901363a05137a8e8de1d2,MAMUJU,-1,283,5,22.26,False
2025-06-16,GAZA,073b764928864ed8fa0b6b115bfdd685,BATAM,-1,42,2,11.44,False
2025-06-16,TAK INGIN USAI DI SINI,073b764928864ed8fa0b6b115bfdd685,BATAM,-1,132,5,15.75,False
2025-06-16,TAK INGIN USAI DI SINI,1240789770bc04e7d26e5fa31c075ced,MALANG,-1,37,2,7.8,False
2025-06-16,TAK INGIN USAI DI SINI,25e1c125bdd513aa2355a8e558a1a908,KEDIRI,-1,68,3,17.5,False
2025-06-16,GAZA,26a644178fbdb277dc3c50997f6df7fe,PALEMBANG,-1,141,3,45.41,False
2025-06-16,TAK INGIN USAI DI SINI,26a644178fbdb277dc3c50997f6df7fe,PALEMBANG,-1,150,5,12.98,False
2025-06-16,HI-FIVE,29fc89ab155e9f202326046c2e0023bb,MAKASSAR,-1,27,3,6.18,False
2025-06-16,TAK INGIN USAI DI SINI,29fc89ab155e9f202326046c2e0023bb,MAKASSAR,-1,261,10,14.81,False
2025-06-16,TAK INGIN USAI DI SINI,2e0ec493a87e740511b7b565386c06fe,SORONG,-1,51,3,13.87,False
2025-06-16,HI-FIVE,3c41b96b56b0aab1ed5fc5e703499730,BALIKPAPAN,-1,10,1,4.12,False
2025-06-16,TAK INGIN USAI DI SINI,3c41b96b56b0aab1ed5fc5e703499730,BALIKPAPAN,-1,90,3,13.87,False
2025-06-16,GAZA,3cc167017755a0197f18f93595c9ae85,JAMBI,-1,57,2,21.12,False
2025-06-16,GAZA,3f6093566521149f8e37fa4e3fafe7cc,PADANG,-1,31,3,8.32,False
2025-06-16,TAK INGIN USAI DI SINI,3f6093566521149f8e37fa4e3fafe7cc,PADANG,-1,373,10,23.18,False
2025-06-16,TAK INGIN USAI DI SINI,45f553cca86b28fedd6115abdd0ae734,KUALA KAPUAS,-1,88,5,8.82,False
2025-06-16,GAZA,494c8f1916a97efe3390ba9dbab6ce7d,LAMPUNG,-1,192,5,29.4,False
2025-06-16,HI-FIVE,494c8f1916a97efe3390ba9dbab6ce7d,LAMPUNG,-1,18,1,12.36,False
2025-06-16,TAK INGIN USAI DI SINI,494c8f1916a97efe3390ba9dbab6ce7d,LAMPUNG,-1,75,5,11.33,False
2025-06-16,TAK INGIN USAI DI SINI,4a4c71e99772e87c9e35a56acd8be21e,TERNATE,-1,175,5,22.26,False
2025-06-16,HI-FIVE,4fc3fc370b299876663c7d5c90595853,BANJARMASIN,-1,19,2,6.76,False
2025-06-16,TAK INGIN USAI DI SINI,4fc3fc370b299876663c7d5c90595853,BANJARMASIN,-1,159,5,24.93,False
2025-06-16,GAZA,541130ea8083a789df5d15bbfe13055a,MAKASSAR,-1,74,3,20.3,False
2025-06-16,TAK INGIN USAI DI SINI,541130ea8083a789df5d15bbfe13055a,MAKASSAR,-1,195,5,14.01,False
2025-06-16,TAK INGIN USAI DI SINI,580919d632e55fd9736ae1a2ac6ed0c5,BATAM,-1,103,5,13.73,False
2025-06-16,HI-FIVE,592095e0ddc2c230cf3002d72e9bac41,MANOKWARI,-1,12,1,6.3,False
2025-06-16,TAK INGIN USAI DI SINI,592095e0ddc2c230cf3002d72e9bac41,MANOKWARI,-1,141,4,19.06,False
2025-06-16,TAK INGIN USAI DI SINI,5a894958f375392ce7981be2eb9a26be,JEMBER,-1,46,1,26.0,False
2025-06-16,TAK INGIN USAI DI SINI,7114d91eccf418326f7a9a05943c04e1,JAMBI,-1,352,10,23.5,False
2025-06-16,TAK INGIN USAI DI SINI,7995e00051a2fe6aeed7cfdbe0378c01,TIMIKA,-1,132,5,14.42,False
2025-06-16,TAK INGIN USAI DI SINI,8188326fb0a403be03ea632997c8a959,GORONTALO,-1,81,5,12.6,False
2025-06-16,TAK INGIN USAI DI SINI,81c620b2538435926cbbf15745ef5901,MADIUN,-1,95,5,9.24,False
2025-06-16,TAK INGIN USAI DI SINI,9158e16be84a6db4d63d3289099f119b,JAYAPURA,-1,57,2,23.69,False
2025-06-16,GAZA,919c7b9859d8ce7cab47dab2463e7fab,MAKASSAR,-1,53,3,9.8,False
2025-06-16,TAK INGIN USAI DI SINI,919c7b9859d8ce7cab47dab2463e7fab,MAKASSAR,-1,354,9,17.85,False
2025-06-16,TAK INGIN USAI DI SINI,92e94ed55b4de8feaff9462a66e2dbd7,PEKANBARU,-1,189,8,11.42,False
2025-06-16,HI-FIVE,981569adf232c53afe751c8c660db8d9,BATAM,-1,62,2,20.6,False
2025-06-16,TAK INGIN USAI DI SINI,981569adf232c53afe751c8c660db8d9,BATAM,-1,90,3,20.3,False
2025-06-16,TAK INGIN USAI DI SINI,9aab42397bbc1d1cdb49f7044dc990f0,PALEMBANG,-1,186,5,27.09,False
2025-06-16,GAZA,9f0564f5cabe643e4dbb08b80d3cc241,PONTIANAK,-1,101,2,26.52,False
2025-06-16,TAK INGIN USAI DI SINI,9f0564f5cabe643e4dbb08b80d3cc241,PONTIANAK,-1,149,3,26.69,False
2025-06-16,TAK INGIN USAI DI SINI,a55554e941cb93c23d1522f88fd0d004,DUMAI,-1,69,2,25.24,False
2025-06-16,TAK INGIN USAI DI SINI,a691dd0d8274fa85ecdc7d5ad6df1628,LAMPUNG,-1,200,5,24.1,False
2025-06-16,TAK INGIN USAI DI SINI,a6d19ebcb27f61cbf41a6552fbf68676,SIDOARJO,-1,16,2,5.67,False
2025-06-16,GAZA,a9d508d218799f9dc69bb4aefc122cb3,MANADO,-1,24,1,27.81,False
2025-06-16,HI-FIVE,a9d508d218799f9dc69bb4aefc122cb3,MANADO,-1,26,2,11.03,False
2025-06-16,TAK INGIN USAI DI SINI,a9d508d218799f9dc69bb4aefc122cb3,MANADO,-1,222,8,21.71,False
2025-06-16,TAK INGIN USAI DI SINI,afbb3b11f728a54ad1eb3ca34f602779,KENDARI,-1,190,5,18.93,False
2025-06-16,TAK INGIN USAI DI SINI,be8de71502987819afd4c2ceea71c539,GRESIK,-1,99,5,16.17,False
2025-06-16,GAZA,bf33cc26f29bf266a83e35901fa80c9c,AMBON,-1,114,5,15.24,False
2025-06-16,TAK INGIN USAI DI SINI,bf33cc26f29bf266a83e35901fa80c9c,AMBON,-1,285,5,33.18,False
2025-06-16,TAK INGIN USAI DI SINI,cb2a49a747f8989ee0356ec7ac354177,BENGKULU,-1,160,5,23.28,False
2025-06-16,TAK INGIN USAI DI SINI,d297f2f746c4fd2723f3202fafcbfa1a,BONDOWOSO,-1,98,5,7.21,False
2025-06-16,HI-FIVE,da6b584c30e784d15b54ad124a760b19,SAMARINDA,-1,36,2,10.92,False
2025-06-16,GAZA,da96492ebd43c4a193238d6c3205cc40,PEKANBARU,-1,97,2,38.63,False
2025-06-16,HI-FIVE,da96492ebd43c4a193238d6c3205cc40,PEKANBARU,-1,26,1,22.88,False
2025-06-16,TAK INGIN USAI DI SINI,da96492ebd43c4a193238d6c3205cc40,PEKANBARU,-1,248,7,16.5,False
2025-06-16,GAZA,e7ec114c2ec166155149062023617e8b,SAMARINDA,-1,95,3,23.0,False
2025-06-16,TAK INGIN USAI DI SINI,e7ec114c2ec166155149062023617e8b,SAMARINDA,-1,87,4,18.28,False
2025-06-16,GAZA,e8965581e1be78ac9a3145b6983ff6ec,SURABAYA,-1,36,2,14.56,False
2025-06-16,TAK INGIN USAI DI SINI,e8965581e1be78ac9a3145b6983ff6ec,SURABAYA,-1,128,4,23.18,False
2025-06-16,TAK INGIN USAI DI SINI,e939d818a5192f48fc4b73102e3aa4b9,PALANGKARAYA,-1,77,3,11.09,False
2025-06-16,TAK INGIN USAI DI SINI,f292a4101ca0420357a2d18b3a013e5f,PALU,-1,225,5,30.28,False
2025-06-16,TAK INGIN USAI DI SINI,f3a9ac312f7bc4e2467a1bf02a6aa1e9,LAMPUNG,-1,49,2,16.64,False
2025-06-16,TAK INGIN USAI DI SINI,f7734bb329cacfe21ce854ae822b6115,TANJUNG PINANG,-1,49,2,14.42,False
2025-06-16,TAK INGIN USAI DI SINI,fbaf4d5f0c18dc603a21aef31da59ee6,SAMARINDA,-1,189,5,27.51,False
2025-06-17,28 YEARS LATER,4ed104ac0de10ba7eef50158603e0b32,JAKARTA,-1,643,2,100.0,False
2025-06-17,ASSALAMUALAIKUM BEIJING 2: LOST IN NINGXIA,8d2e05da5624875993cb8580c88334a9,CIREBON,-2,70,1,100.0,False
2025-06-17,ANGEL POL,8dbfb7aeb4ed822b358347332ba630af,JAKARTA,-2,1343,3,100.0,False
2025-06-18,ASSALAMUALAIKUM BAITULLAH,108f9a4d181f12fd1b7e3c9adae38478,TANGERANG,-29,126,1,100.0,False
2025-06-18,ASSALAMUALAIKUM BEIJING 2: LOST IN NINGXIA,108f9a4d181f12fd1b7e3c9adae38478,TANGERANG,-1,195,1,100.0,False
2025-06-18,ASSALAMUALAIKUM BEIJING 2: LOST IN NINGXIA,15c7dc37db27dd76f38cc419107f7c48,KARAWANG,-1,101,1,100.0,False
2025-06-18,ASSALAMUALAIKUM BAITULLAH,312cd6ebdd3af9ac55f7b3d31ecab9c2,BOGOR,-29,125,1,100.0,False
2025-06-18,ASSALAMUALAIKUM BAITULLAH,4ed104ac0de10ba7eef50158603e0b32,JAKARTA,-29,126,1,100.0,False
2025-06-18,ASSALAMUALAIKUM BAITULLAH,6b88b1af662b72fbfa35004a8edfe2e9,DEPOK,-29,139,1,100.0,True
2025-06-18,ASSALAMUALAIKUM BAITULLAH,862442166e956fe0e8355db8852d9440,TANGERANG,-29,129,1,100.0,False
2025-06-18,ANGEL POL,8d2e05da5624875993cb8580c88334a9,CIREBON,-1,147,1,100.0,False
2025-06-18,ASSALAMUALAIKUM BAITULLAH,8dbfb7aeb4ed822b358347332ba630af,JAKARTA,-29,154,1,100.0,False
2025-06-18,RABI JIWO,8dbfb7aeb4ed822b358347332ba630af,JAKARTA,-8,527,1,100.0,False
2025-06-18,ASSALAMUALAIKUM BAITULLAH,b704e8b10f13e14494b5a7a0ba39d9d9,JAKARTA,-29,327,2,100.0,False
2025-06-18,ANGEL POL,c4a19cbeb409639c836e4304976db0aa,BANDUNG,-1,111,1,100.0,False
2025-06-18,ASSALAMUALAIKUM BAITULLAH,f54d37fc4c4d4b285aa3601041abc938,BOGOR,-29,135,1,100.0,True
2025-06-19,JODOH 3 BUJANG,8dbfb7aeb4ed822b358347332ba630af,JAKARTA,-7,1343,3,100.0,False
2025-06-20,JODOH 3 BUJANG,29fc89ab155e9f202326046c2e0023bb,MAKASSAR,-6,539,2,100.0,False
2025-06-21,ASSALAMUALAIKUM BAITULLAH,0191582d75f94a412c0fa12d36bcee3f,SURABAYA,-26,168,1,100.0,False
2025-06-21,ASSALAMUALAIKUM BAITULLAH,218c50fa4df90b3241e39ff8ffb41102,SOLO,-26,153,1,100.0,False
2025-06-21,ASSALAMUALAIKUM BAITULLAH,4e12b237c826209f7ddc5b29a96380b6,BEKASI,-26,122,1,100.0,False
2025-06-21,ASSALAMUALAIKUM BAITULLAH,4ed104ac0de10ba7eef50158603e0b32,JAKARTA,-26,425,3,100.0,False
2025-06-21,ASSALAMUALAIKUM BAITULLAH,541130ea8083a789df5d15bbfe13055a,MAKASSAR,-26,112,1,100.0,False
2025-06-21,ASSALAMUALAIKUM BAITULLAH,5b8eaa351fae8e6d1e759e814d74c1c5,MEDAN,-26,126,1,100.0,False
2025-06-21,ASSALAMUALAIKUM BAITULLAH,8dbfb7aeb4ed822b358347332ba630af,JAKARTA,-26,315,2,100.0,False
2025-06-21,WARKOP DKI KARTUN,8dbfb7aeb4ed822b358347332ba630af,JAKARTA,-5,1652,4,100.0,False
2025-06-21,JODOH 3 BUJANG,afbb3b11f728a54ad1eb3ca34f602779,KENDARI,-5,202,1,100.0,False
2025-06-21,ASSALAMUALAIKUM BAITULLAH,dc77e7e26c0e5e3a5c44ec2de0cedbde,DENPASAR,-26,116,1,100.0,False
2025-06-21,ASSALAMUALAIKUM BAITULLAH,e67d818ee0546f3b33d0ba2083ed4db5,BEKASI,-26,137,1,100.0,True
2025-06-22,WARKOP DKI KARTUN,218c50fa4df90b3241e39ff8ffb41102,SOLO,-4,191,1,100.0,False
2025-06-22,WARKOP DKI KARTUN,e8965581e1be78ac9a3145b6983ff6ec,SURABAYA,-4,183,1,100.0,False
2025-06-23,WARKOP DKI KARTUN,312cd6ebdd3af9ac55f7b3d31ecab9c2,BOGOR,-3,220,1,100.0,False
2025-06-23,NOISE,4ed104ac0de10ba7eef50158603e0b32,JAKARTA,-4,93,1,76.22,False
2025-06-23,LORONG KOST,8dbfb7aeb4ed822b358347332ba630af,JAKARTA,-3,1369,3,100.0,False
2025-06-23,M3GAN 2.0,b704e8b10f13e14494b5a7a0ba39d9d9,JAKARTA,-2,464,2,100.0,False
2025-06-23,JODOH 3 BUJANG,f292a4101ca0420357a2d18b3a013e5f,PALU,-3,222,1,100.0,False
2025-06-23,WARKOP DKI KARTUN,f3a9ac312f7bc4e2467a1bf02a6aa1e9,LAMPUNG,-3,177,1,100.0,False
2025-06-24,JODOH 3 BUJANG,3c41b96b56b0aab1ed5fc5e703499730,BALIKPAPAN,-2,214,1,100.0,False
2025-06-24,LORONG KOST,4e12b237c826209f7ddc5b29a96380b6,BEKASI,-2,229,1,100.0,False
2025-06-24,WARKOP DKI KARTUN,52eed153a88a6bdcb46cbb266a07cba2,TANGERANG,-2,192,1,100.0,False
2025-06-24,WARKOP DKI KARTUN,541130ea8083a789df5d15bbfe13055a,MAKASSAR,-2,189,1,100.0,False
2025-06-24,F1 THE MOVIE,8dbfb7aeb4ed822b358347332ba630af,JAKARTA,-1,1197,3,100.0,False
2025-06-24,NARIK SUKMO,8dbfb7aeb4ed822b358347332ba630af,JAKARTA,-9,826,2,100.0,False
2025-06-24,F1 THE MOVIE,b704e8b10f13e14494b5a7a0ba39d9d9,JAKARTA,-1,3799,21,100.0,False
2025-06-25,ASSALAMUALAIKUM BAITULLAH,0191582d75f94a412c0fa12d36bcee3f,SURABAYA,-22,170,1,100.0,False
2025-06-25,ASSALAMUALAIKUM BAITULLAH,108f9a4d181f12fd1b7e3c9adae38478,TANGERANG,-22,150,1,100.0,False
2025-06-25,ASSALAMUALAIKUM BAITULLAH,312cd6ebdd3af9ac55f7b3d31ecab9c2,BOGOR,-22,125,1,100.0,False
2025-06-25,ASSALAMUALAIKUM BAITULLAH,35de0354d956048d1c9c49ff069eaa55,MEDAN,-22,161,1,100.0,False
2025-06-25,WARKOP DKI KARTUN,35de0354d956048d1c9c49ff069eaa55,MEDAN,-1,176,1,100.0,False
2025-06-25,ASSALAMUALAIKUM BAITULLAH,3f6093566521149f8e37fa4e3fafe7cc,PADANG,-22,72,1,100.0,False
2025-06-25,ASSALAMUALAIKUM BAITULLAH,4a4c71e99772e87c9e35a56acd8be21e,TERNATE,-22,160,1,100.0,False
2025-06-25,ASSALAMUALAIKUM BAITULLAH,4ba87a86e02dd8a810032db35bf13c51,BENGKULU,-22,74,1,100.0,False
2025-06-25,ASSALAMUALAIKUM BAITULLAH,4e12b237c826209f7ddc5b29a96380b6,BEKASI,-22,184,1,100.0,False
2025-06-25,ASSALAMUALAIKUM BAITULLAH,4eb26b1058266dc50a63dc875e4d8846,MATARAM,-22,125,1,100.0,False
2025-06-25,ASSALAMUALAIKUM BAITULLAH,4ed104ac0de10ba7eef50158603e0b32,JAKARTA,-22,617,4,100.0,False
2025-06-25,ASSALAMUALAIKUM BAITULLAH,4fc3fc370b299876663c7d5c90595853,BANJARMASIN,-22,147,1,100.0,False
2025-06-25,ASSALAMUALAIKUM BAITULLAH,5b8eaa351fae8e6d1e759e814d74c1c5,MEDAN,-22,132,1,100.0,True
2025-06-25,ASSALAMUALAIKUM BAITULLAH,6b88b1af662b72fbfa35004a8edfe2e9,DEPOK,-22,139,1,100.0,True
2025-06-25,LORONG KOST,6b88b1af662b72fbfa35004a8edfe2e9,DEPOK,-1,187,1,100.0,False
2025-06-25,ASSALAMUALAIKUM BAITULLAH,7114d91eccf418326f7a9a05943c04e1,JAMBI,-22,150,1,100.0,False
2025-06-25,ASSALAMUALAIKUM BAITULLAH,8d2e05da5624875993cb8580c88334a9,CIREBON,-22,151,1,100.0,False
2025-06-25,ASSALAMUALAIKUM BAITULLAH,8dbfb7aeb4ed822b358347332ba630af,JAKARTA,-22,295,2,100.0,False
2025-06-25,ASSALAMUALAIKUM BAITULLAH,9aab42397bbc1d1cdb49f7044dc990f0,PALEMBANG,-22,151,1,100.0,False
2025-06-25,WARKOP DKI KARTUN,9aab42397bbc1d1cdb49f7044dc990f0,PALEMBANG,-1,203,1,100.0,False
2025-06-25,ASSALAMUALAIKUM BAITULLAH,a691dd0d8274fa85ecdc7d5ad6df1628,LAMPUNG,-22,125,1,100.0,False
2025-06-25,ASSALAMUALAIKUM BAITULLAH,b4972b48997defae8304bc9c41220c7c,BEKASI,-22,139,1,100.0,True
2025-06-25,ASSALAMUALAIKUM BAITULLAH,b704e8b10f13e14494b5a7a0ba39d9d9,JAKARTA,-22,141,1,100.0,False
2025-06-25,ASSALAMUALAIKUM BAITULLAH,c4a19cbeb409639c836e4304976db0aa,BANDUNG,-22,277,2,100.0,False
2025-06-25,ASSALAMUALAIKUM BAITULLAH,d1918db937d26e9e4ccd3e17e1ff0e2d,SUMEDANG,-22,157,1,100.0,False
2025-06-25,ASSALAMUALAIKUM BAITULLAH,d33850e3698903061b4c18886ce00c9d,GARUT,-22,162,1,100.0,False
2025-06-25,ASSALAMUALAIKUM BAITULLAH,f54d37fc4c4d4b285aa3601041abc938,BOGOR,-22,150,1,100.0,False
2025-06-25,JODOH 3 BUJANG,fbaf4d5f0c18dc603a21aef31da59ee6,SAMARINDA,-1,142,1,100.0,False
2025-06-26,ASSALAMUALAIKUM BAITULLAH,0191582d75f94a412c0fa12d36bcee3f,SURABAYA,-21,170,1,100.0,False
2025-06-26,ASSALAMUALAIKUM BAITULLAH,29fc89ab155e9f202326046c2e0023bb,MAKASSAR,-21,137,1,100.0,True
2025-06-26,ASSALAMUALAIKUM BAITULLAH,3744d5b8753c9cc72700ce7927fa0df3,SIDOARJO,-21,132,1,100.0,True
2025-06-26,ASSALAMUALAIKUM BAITULLAH,3acdf298dab1b92bbaaad74d86c0c40a,SEMARANG,-21,127,1,100.0,False
2025-06-26,ASSALAMUALAIKUM BAITULLAH,541130ea8083a789df5d15bbfe13055a,MAKASSAR,-21,111,1,100.0,False
2025-06-26,ASSALAMUALAIKUM BAITULLAH,5a894958f375392ce7981be2eb9a26be,JEMBER,-21,133,1,100.0,True
2025-06-26,ASSALAMUALAIKUM BAITULLAH,8750b9ee0b0c6c6afcfcb2a05e60efc0,BANDUNG,-21,204,1,100.0,False
2025-06-26,SERIBU BAYANG PURNAMA,8dbfb7aeb4ed822b358347332ba630af,JAKARTA,-7,2384,17,100.0,False
2025-06-26,ASSALAMUALAIKUM BAITULLAH,bf33cc26f29bf266a83e35901fa80c9c,AMBON,-21,150,1,100.0,False
2025-06-26,ASSALAMUALAIKUM BAITULLAH,c4a19cbeb409639c836e4304976db0aa,BANDUNG,-21,112,1,100.0,False
2025-06-26,ASSALAMUALAIKUM BAITULLAH,dc77e7e26c0e5e3a5c44ec2de0cedbde,DENPASAR,-21,125,1,100.0,False
2025-06-26,ASSALAMUALAIKUM BAITULLAH,ecace029de4a6bd4ae872928509cd71d,TASIKMALAYA,-21,153,1,100.0,False
2025-06-26,ASSALAMUALAIKUM BAITULLAH,f292a4101ca0420357a2d18b3a013e5f,PALU,-21,148,1,100.0,False
2025-06-27,EJEN ALI: THE MOVIE 2,0191582d75f94a412c0fa12d36bcee3f,SURABAYA,-1,633,4,88.66,False
2025-06-27,EJEN ALI: THE MOVIE 2,17e1e7da761f72bbb4e039ba08cc0ba0,SEMARANG,-1,207,5,37.59,False
2025-06-27,EJEN ALI: THE MOVIE 2,26a644178fbdb277dc3c50997f6df7fe,PALEMBANG,-1,449,5,69.72,False
2025-06-27,EJEN ALI: THE MOVIE 2,3f6093566521149f8e37fa4e3fafe7cc,PADANG,-1,251,3,71.05,False
2025-06-27,EJEN ALI: THE MOVIE 2,541130ea8083a789df5d15bbfe13055a,MAKASSAR,-1,435,5,58.59,False
2025-06-27,EJEN ALI: THE MOVIE 2,580919d632e55fd9736ae1a2ac6ed0c5,BATAM,-1,454,5,62.61,False
2025-06-27,EJEN ALI: THE MOVIE 2,5b8eaa351fae8e6d1e759e814d74c1c5,MEDAN,-1,190,5,27.66,False
2025-06-27,EJEN ALI: THE MOVIE 2,6b88b1af662b72fbfa35004a8edfe2e9,DEPOK,-1,481,5,57.47,False
2025-06-27,EJEN ALI: THE MOVIE 2,7cade3ea25dae25fdb8c56776676b0c7,CILEGON,-1,129,2,35.02,False
2025-06-27,EJEN ALI: THE MOVIE 2,862442166e956fe0e8355db8852d9440,TANGERANG,-1,400,5,43.26,False
2025-06-27,EJEN ALI: THE MOVIE 2,8750b9ee0b0c6c6afcfcb2a05e60efc0,BANDUNG,-1,266,5,43.26,False
2025-06-27,EJEN ALI: THE MOVIE 2,8dbfb7aeb4ed822b358347332ba630af,JAKARTA,-1,144,2,59.8,False
2025-06-27,NARIK SUKMO,8dbfb7aeb4ed822b358347332ba630af,JAKARTA,-6,279,2,100.0,False
2025-06-27,EJEN ALI: THE MOVIE 2,92e94ed55b4de8feaff9462a66e2dbd7,PEKANBARU,-1,275,5,39.55,False
2025-06-27,EJEN ALI: THE MOVIE 2,a616a546264044ed616bc2bdf2d9f7fc,YOGYAKARTA,-1,245,2,100.0,False
2025-06-27,EJEN ALI: THE MOVIE 2,afbb3b11f728a54ad1eb3ca34f602779,KENDARI,-1,108,2,27.3,False
2025-06-27,EJEN ALI: THE MOVIE 2,b4972b48997defae8304bc9c41220c7c,BEKASI,-1,659,5,49.09,False
2025-06-27,EJEN ALI: THE MOVIE 2,c4a19cbeb409639c836e4304976db0aa,BANDUNG,-1,92,5,10.09,False
2025-06-27,EJEN ALI: THE MOVIE 2,c71a18e33d4b7c73c8124c65fc3e6f1c,MANADO,-1,118,2,48.88,False
2025-06-27,EJEN ALI: THE MOVIE 2,d1918db937d26e9e4ccd3e17e1ff0e2d,SUMEDANG,-1,96,5,11.74,False
2025-06-27,EJEN ALI: THE MOVIE 2,e3edf631650eb304cf386709b98005f6,DENPASAR,-1,113,3,27.12,False
2025-06-28,ASSALAMUALAIKUM BAITULLAH,108f9a4d181f12fd1b7e3c9adae38478,TANGERANG,-19,181,1,100.0,False
2025-06-28,ASSALAMUALAIKUM BAITULLAH,4ed104ac0de10ba7eef50158603e0b32,JAKARTA,-19,180,1,100.0,False
2025-06-28,ASSALAMUALAIKUM BAITULLAH,8dbfb7aeb4ed822b358347332ba630af,JAKARTA,-19,154,1,100.0,False
2025-06-28,SORE ISTRI DARI MASA DEPAN,b704e8b10f13e14494b5a7a0ba39d9d9,JAKARTA,-12,75,1,100.0,False
2025-06-29,SORE ISTRI DARI MASA DEPAN,b704e8b10f13e14494b5a7a0ba39d9d9,JAKARTA,-11,148,2,100.0,False
2025-07-01,AGEN +62,8dbfb7aeb4ed822b358347332ba630af,JAKARTA,-2,1999,5,100.0,False
2025-07-02,SORE ISTRI DARI MASA DEPAN,4ed104ac0de10ba7eef50158603e0b32,JAKARTA,-8,82,2,100.0,False
2025-07-02,SORE ISTRI DARI MASA DEPAN,b704e8b10f13e14494b5a7a0ba39d9d9,JAKARTA,-8,3318,14,100.0,False
2025-07-03,"BELIEVE - TAKDIR, MIMPI, KEBERANIAN",108f9a4d181f12fd1b7e3c9adae38478,TANGERANG,-21,152,1,100.0,False
2025-07-03,"BELIEVE - TAKDIR, MIMPI, KEBERANIAN",4e12b237c826209f7ddc5b29a96380b6,BEKASI,-21,346,2,100.0,False
2025-07-03,BAD GENIUS,4ed104ac0de10ba7eef50158603e0b32,JAKARTA,-1,93,1,77.7,False
2025-07-03,"BELIEVE - TAKDIR, MIMPI, KEBERANIAN",4ed104ac0de10ba7eef50158603e0b32,JAKARTA,-21,521,3,100.0,False
2025-07-03,"BELIEVE - TAKDIR, MIMPI, KEBERANIAN",52eed153a88a6bdcb46cbb266a07cba2,TANGERANG,-21,166,1,84.24,False
2025-07-03,"BELIEVE - TAKDIR, MIMPI, KEBERANIAN",6b88b1af662b72fbfa35004a8edfe2e9,DEPOK,-21,290,2,100.0,False
2025-07-03,"BELIEVE - TAKDIR, MIMPI, KEBERANIAN",7cade3ea25dae25fdb8c56776676b0c7,CILEGON,-21,158,1,100.0,False
2025-07-03,"BELIEVE - TAKDIR, MIMPI, KEBERANIAN",862442166e956fe0e8355db8852d9440,TANGERANG,-21,139,1,100.0,True
2025-07-03,"BELIEVE - TAKDIR, MIMPI, KEBERANIAN",8750b9ee0b0c6c6afcfcb2a05e60efc0,BANDUNG,-21,128,1,100.0,False
2025-07-03,"BELIEVE - TAKDIR, MIMPI, KEBERANIAN",8dbfb7aeb4ed822b358347332ba630af,JAKARTA,-21,835,5,100.0,False
2025-07-03,HOTEL SAKURA,8dbfb7aeb4ed822b358347332ba630af,JAKARTA,-7,1343,3,100.0,False
2025-07-03,"BELIEVE - TAKDIR, MIMPI, KEBERANIAN",a9e141baa8b4ec825325397b16eeaae3,BOGOR,-21,199,1,100.0,False
2025-07-03,"BELIEVE - TAKDIR, MIMPI, KEBERANIAN",b704e8b10f13e14494b5a7a0ba39d9d9,JAKARTA,-21,340,2,100.0,False
2025-07-03,"BELIEVE - TAKDIR, MIMPI, KEBERANIAN",c4a19cbeb409639c836e4304976db0aa,BANDUNG,-21,363,2,100.0,False
2025-07-03,"BELIEVE - TAKDIR, MIMPI, KEBERANIAN",f54d37fc4c4d4b285aa3601041abc938,BOGOR,-21,174,1,100.0,False
2025-07-04,"BELIEVE - TAKDIR, MIMPI, KEBERANIAN",0191582d75f94a412c0fa12d36bcee3f,SURABAYA,-20,406,3,100.0,False
2025-07-04,SELEPAS TAHLIL,0191582d75f94a412c0fa12d36bcee3f,SURABAYA,-6,168,1,100.0,False
2025-07-04,"BELIEVE - TAKDIR, MIMPI, KEBERANIAN",108f9a4d181f12fd1b7e3c9adae38478,TANGERANG,-20,154,1,100.0,False
2025-07-04,"BELIEVE - TAKDIR, MIMPI, KEBERANIAN",1240789770bc04e7d26e5fa31c075ced,MALANG,-20,177,1,100.0,False
2025-07-04,"BELIEVE - TAKDIR, MIMPI, KEBERANIAN",14b63ff2b104903ead7d884f25382e57,MALANG,-20,134,1,100.0,True
2025-07-04,"BELIEVE - TAKDIR, MIMPI, KEBERANIAN",218c50fa4df90b3241e39ff8ffb41102,SOLO,-20,319,2,100.0,False
2025-07-04,SELEPAS TAHLIL,218c50fa4df90b3241e39ff8ffb41102,SOLO,-6,153,1,100.0,False
2025-07-04,"BELIEVE - TAKDIR, MIMPI, KEBERANIAN",26a644178fbdb277dc3c50997f6df7fe,PALEMBANG,-20,135,1,100.0,True
2025-07-04,"BELIEVE - TAKDIR, MIMPI, KEBERANIAN",29fc89ab155e9f202326046c2e0023bb,MAKASSAR,-20,176,1,100.0,False
2025-07-04,"BELIEVE - TAKDIR, MIMPI, KEBERANIAN",2e0ec493a87e740511b7b565386c06fe,SORONG,-20,172,1,100.0,False
2025-07-04,"BELIEVE - TAKDIR, MIMPI, KEBERANIAN",35de0354d956048d1c9c49ff069eaa55,MEDAN,-20,176,1,100.0,False
2025-07-04,"BELIEVE - TAKDIR, MIMPI, KEBERANIAN",3acdf298dab1b92bbaaad74d86c0c40a,SEMARANG,-20,343,2,100.0,False
2025-07-04,SELEPAS TAHLIL,3acdf298dab1b92bbaaad74d86c0c40a,SEMARANG,-6,82,1,100.0,False
2025-07-04,"BELIEVE - TAKDIR, MIMPI, KEBERANIAN",3c41b96b56b0aab1ed5fc5e703499730,BALIKPAPAN,-20,185,1,100.0,False
2025-07-04,SELEPAS TAHLIL,3c41b96b56b0aab1ed5fc5e703499730,BALIKPAPAN,-6,166,1,100.0,False
2025-07-04,"BELIEVE - TAKDIR, MIMPI, KEBERANIAN",3f6093566521149f8e37fa4e3fafe7cc,PADANG,-20,297,2,100.0,False
2025-07-04,"BELIEVE - TAKDIR, MIMPI, KEBERANIAN",4e12b237c826209f7ddc5b29a96380b6,BEKASI,-20,343,2,100.0,False
2025-07-04,"BELIEVE - TAKDIR, MIMPI, KEBERANIAN",4eb26b1058266dc50a63dc875e4d8846,MATARAM,-20,181,1,100.0,False
2025-07-04,"BELIEVE - TAKDIR, MIMPI, KEBERANIAN",4ed104ac0de10ba7eef50158603e0b32,JAKARTA,-20,516,3,100.0,False
2025-07-04,SELEPAS TAHLIL,4ed104ac0de10ba7eef50158603e0b32,JAKARTA,-6,134,1,100.0,True
2025-07-04,"BELIEVE - TAKDIR, MIMPI, KEBERANIAN",4fc3fc370b299876663c7d5c90595853,BANJARMASIN,-20,177,1,100.0,False
2025-07-04,"BELIEVE - TAKDIR, MIMPI, KEBERANIAN",52eed153a88a6bdcb46cbb266a07cba2,TANGERANG,-20,163,1,100.0,False
2025-07-04,"BELIEVE - TAKDIR, MIMPI, KEBERANIAN",5b8eaa351fae8e6d1e759e814d74c1c5,MEDAN,-20,177,1,100.0,False
2025-07-04,"BELIEVE - TAKDIR, MIMPI, KEBERANIAN",5ff7565cdb056b4bdcb43d0ea2b5380d,KUPANG,-20,141,1,100.0,False
2025-07-04,"BELIEVE - TAKDIR, MIMPI, KEBERANIAN",6b88b1af662b72fbfa35004a8edfe2e9,DEPOK,-20,296,2,100.0,False
2025-07-04,"BELIEVE - TAKDIR, MIMPI, KEBERANIAN",7cade3ea25dae25fdb8c56776676b0c7,CILEGON,-20,157,1,100.0,False
2025-07-04,"BELIEVE - TAKDIR, MIMPI, KEBERANIAN",81c620b2538435926cbbf15745ef5901,MADIUN,-20,166,1,100.0,False
2025-07-04,"BELIEVE - TAKDIR, MIMPI, KEBERANIAN",862442166e956fe0e8355db8852d9440,TANGERANG,-20,138,1,100.0,True
2025-07-04,"BELIEVE - TAKDIR, MIMPI, KEBERANIAN",8750b9ee0b0c6c6afcfcb2a05e60efc0,BANDUNG,-20,129,1,100.0,False
2025-07-04,SELEPAS TAHLIL,8750b9ee0b0c6c6afcfcb2a05e60efc0,BANDUNG,-6,122,1,100.0,False
2025-07-04,"BELIEVE - TAKDIR, MIMPI, KEBERANIAN",8d2e05da5624875993cb8580c88334a9,CIREBON,-20,311,2,100.0,False
2025-07-04,"BELIEVE - TAKDIR, MIMPI, KEBERANIAN",8dbfb7aeb4ed822b358347332ba630af,JAKARTA,-20,852,5,100.0,False
2025-07-04,"BELIEVE - TAKDIR, MIMPI, KEBERANIAN",9158e16be84a6db4d63d3289099f119b,JAYAPURA,-20,141,1,100.0,False
2025-07-04,"BELIEVE - TAKDIR, MIMPI, KEBERANIAN",919c7b9859d8ce7cab47dab2463e7fab,MAKASSAR,-20,191,1,100.0,False
2025-07-04,"BELIEVE - TAKDIR, MIMPI, KEBERANIAN",92e94ed55b4de8feaff9462a66e2dbd7,PEKANBARU,-20,168,1,100.0,False
2025-07-04,"BELIEVE - TAKDIR, MIMPI, KEBERANIAN",9aab42397bbc1d1cdb49f7044dc990f0,PALEMBANG,-20,205,1,100.0,False
2025-07-04,SELEPAS TAHLIL,9aab42397bbc1d1cdb49f7044dc990f0,PALEMBANG,-6,134,1,100.0,True
2025-07-04,"BELIEVE - TAKDIR, MIMPI, KEBERANIAN",9cc7970100d8e4c2202f08cb78c6eb20,YOGYAKARTA,-20,144,1,100.0,False
2025-07-04,SELEPAS TAHLIL,9cc7970100d8e4c2202f08cb78c6eb20,YOGYAKARTA,-6,144,1,100.0,False
2025-07-04,"BELIEVE - TAKDIR, MIMPI, KEBERANIAN",a616a546264044ed616bc2bdf2d9f7fc,YOGYAKARTA,-20,329,2,100.0,False
2025-07-04,"BELIEVE - TAKDIR, MIMPI, KEBERANIAN",a691dd0d8274fa85ecdc7d5ad6df1628,LAMPUNG,-20,166,1,100.0,False
2025-07-04,SELEPAS TAHLIL,a691dd0d8274fa85ecdc7d5ad6df1628,LAMPUNG,-6,124,1,100.0,False
2025-07-04,"BELIEVE - TAKDIR, MIMPI, KEBERANIAN",a6d19ebcb27f61cbf41a6552fbf68676,SIDOARJO,-20,150,1,100.0,False
2025-07-04,"BELIEVE - TAKDIR, MIMPI, KEBERANIAN",a9e141baa8b4ec825325397b16eeaae3,BOGOR,-20,201,1,100.0,False
2025-07-04,SELEPAS TAHLIL,b4972b48997defae8304bc9c41220c7c,BEKASI,-6,141,1,100.0,False
2025-07-04,"BELIEVE - TAKDIR, MIMPI, KEBERANIAN",b704e8b10f13e14494b5a7a0ba39d9d9,JAKARTA,-20,337,2,100.0,False
2025-07-04,SELEPAS TAHLIL,be8de71502987819afd4c2ceea71c539,GRESIK,-6,123,1,100.0,False
2025-07-04,"BELIEVE - TAKDIR, MIMPI, KEBERANIAN",c4a19cbeb409639c836e4304976db0aa,BANDUNG,-20,363,2,100.0,False
2025-07-04,"BELIEVE - TAKDIR, MIMPI, KEBERANIAN",c71a18e33d4b7c73c8124c65fc3e6f1c,MANADO,-20,164,1,100.0,False
2025-07-04,"BELIEVE - TAKDIR, MIMPI, KEBERANIAN",da96492ebd43c4a193238d6c3205cc40,PEKANBARU,-20,176,1,100.0,False
2025-07-04,SELEPAS TAHLIL,da96492ebd43c4a193238d6c3205cc40,PEKANBARU,-6,129,1,100.0,False
2025-07-04,"BELIEVE - TAKDIR, MIMPI, KEBERANIAN",dc77e7e26c0e5e3a5c44ec2de0cedbde,DENPASAR,-20,185,1,100.0,False
2025-07-04,"BELIEVE - TAKDIR, MIMPI, KEBERANIAN",e3edf631650eb304cf386709b98005f6,DENPASAR,-20,148,1,100.0,False
2025-07-04,"BELIEVE - TAKDIR, MIMPI, KEBERANIAN",ea7df0c99b450ecdea38cf34ae1f158f,KISARAN,-20,146,1,100.0,False
2025-07-04,"BELIEVE - TAKDIR, MIMPI, KEBERANIAN",f292a4101ca0420357a2d18b3a013e5f,PALU,-20,151,1,100.0,False
2025-07-04,"BELIEVE - TAKDIR, MIMPI, KEBERANIAN",f3a9ac312f7bc4e2467a1bf02a6aa1e9,LAMPUNG,-20,176,1,100.0,False
2025-07-04,"BELIEVE - TAKDIR, MIMPI, KEBERANIAN",f54d37fc4c4d4b285aa3601041abc938,BOGOR,-20,176,1,100.0,False
2025-07-04,SELEPAS TAHLIL,f54d37fc4c4d4b285aa3601041abc938,BOGOR,-6,134,1,100.0,True
2025-07-05,"BELIEVE - TAKDIR, MIMPI, KEBERANIAN",0191582d75f94a412c0fa12d36bcee3f,SURABAYA,-19,406,3,100.0,False
2025-07-05,"BELIEVE - TAKDIR, MIMPI, KEBERANIAN",108f9a4d181f12fd1b7e3c9adae38478,TANGERANG,-19,155,1,100.0,False
2025-07-05,"BELIEVE - TAKDIR, MIMPI, KEBERANIAN",1240789770bc04e7d26e5fa31c075ced,MALANG,-19,176,1,100.0,False
2025-07-05,"BELIEVE - TAKDIR, MIMPI, KEBERANIAN",14b63ff2b104903ead7d884f25382e57,MALANG,-19,135,1,100.0,True
2025-07-05,"BELIEVE - TAKDIR, MIMPI, KEBERANIAN",218c50fa4df90b3241e39ff8ffb41102,SOLO,-19,316,2,100.0,False
2025-07-05,"BELIEVE - TAKDIR, MIMPI, KEBERANIAN",26a644178fbdb277dc3c50997f6df7fe,PALEMBANG,-19,134,1,100.0,True
2025-07-05,"BELIEVE - TAKDIR, MIMPI, KEBERANIAN",29fc89ab155e9f202326046c2e0023bb,MAKASSAR,-19,176,1,100.0,False
2025-07-05,"BELIEVE - TAKDIR, MIMPI, KEBERANIAN",2e0ec493a87e740511b7b565386c06fe,SORONG,-19,171,1,100.0,False
2025-07-05,"BELIEVE - TAKDIR, MIMPI, KEBERANIAN",35de0354d956048d1c9c49ff069eaa55,MEDAN,-19,176,1,100.0,False
2025-07-05,"BELIEVE - TAKDIR, MIMPI, KEBERANIAN",3acdf298dab1b92bbaaad74d86c0c40a,SEMARANG,-19,343,2,100.0,False
2025-07-05,"BELIEVE - TAKDIR, MIMPI, KEBERANIAN",3c41b96b56b0aab1ed5fc5e703499730,BALIKPAPAN,-19,187,1,100.0,False
2025-07-05,"BELIEVE - TAKDIR, MIMPI, KEBERANIAN",3f6093566521149f8e37fa4e3fafe7cc,PADANG,-19,297,2,100.0,False
2025-07-05,"BELIEVE - TAKDIR, MIMPI, KEBERANIAN",4e12b237c826209f7ddc5b29a96380b6,BEKASI,-19,343,2,100.0,False
2025-07-05,"BELIEVE - TAKDIR, MIMPI, KEBERANIAN",4eb26b1058266dc50a63dc875e4d8846,MATARAM,-19,179,1,100.0,False
2025-07-05,"BELIEVE - TAKDIR, MIMPI, KEBERANIAN",4ed104ac0de10ba7eef50158603e0b32,JAKARTA,-19,526,3,100.0,False
2025-07-05,PANGGIL AKU AYAH,4ed104ac0de10ba7eef50158603e0b32,JAKARTA,-33,126,1,100.0,False
2025-07-05,"BELIEVE - TAKDIR, MIMPI, KEBERANIAN",4fc3fc370b299876663c7d5c90595853,BANJARMASIN,-19,176,1,100.0,False
2025-07-05,"BELIEVE - TAKDIR, MIMPI, KEBERANIAN",52eed153a88a6bdcb46cbb266a07cba2,TANGERANG,-19,163,1,100.0,False
2025-07-05,"BELIEVE - TAKDIR, MIMPI, KEBERANIAN",5b8eaa351fae8e6d1e759e814d74c1c5,MEDAN,-19,176,1,100.0,False
2025-07-05,"BELIEVE - TAKDIR, MIMPI, KEBERANIAN",5ff7565cdb056b4bdcb43d0ea2b5380d,KUPANG,-19,141,1,100.0,False
2025-07-05,"BELIEVE - TAKDIR, MIMPI, KEBERANIAN",6b88b1af662b72fbfa35004a8edfe2e9,DEPOK,-19,296,2,100.0,False
2025-07-05,"BELIEVE - TAKDIR, MIMPI, KEBERANIAN",7cade3ea25dae25fdb8c56776676b0c7,CILEGON,-19,158,1,100.0,False
2025-07-05,"BELIEVE - TAKDIR, MIMPI, KEBERANIAN",81c620b2538435926cbbf15745ef5901,MADIUN,-19,168,1,100.0,False
2025-07-05,"BELIEVE - TAKDIR, MIMPI, KEBERANIAN",862442166e956fe0e8355db8852d9440,TANGERANG,-19,138,1,100.0,True
2025-07-05,"BELIEVE - TAKDIR, MIMPI, KEBERANIAN",8750b9ee0b0c6c6afcfcb2a05e60efc0,BANDUNG,-19,128,1,100.0,False
2025-07-05,"BELIEVE - TAKDIR, MIMPI, KEBERANIAN",8d2e05da5624875993cb8580c88334a9,CIREBON,-19,308,2,100.0,False
2025-07-05,"BELIEVE - TAKDIR, MIMPI, KEBERANIAN",8dbfb7aeb4ed822b358347332ba630af,JAKARTA,-19,835,5,100.0,False
2025-07-05,"BELIEVE - TAKDIR, MIMPI, KEBERANIAN",9158e16be84a6db4d63d3289099f119b,JAYAPURA,-19,141,1,100.0,False
2025-07-05,"BELIEVE - TAKDIR, MIMPI, KEBERANIAN",919c7b9859d8ce7cab47dab2463e7fab,MAKASSAR,-19,190,1,100.0,False
2025-07-05,"BELIEVE - TAKDIR, MIMPI, KEBERANIAN",92e94ed55b4de8feaff9462a66e2dbd7,PEKANBARU,-19,166,1,100.0,False
2025-07-05,"BELIEVE - TAKDIR, MIMPI, KEBERANIAN",9aab42397bbc1d1cdb49f7044dc990f0,PALEMBANG,-19,205,1,100.0,False
2025-07-05,"BELIEVE - TAKDIR, MIMPI, KEBERANIAN",9cc7970100d8e4c2202f08cb78c6eb20,YOGYAKARTA,-19,142,1,100.0,False
2025-07-05,"BELIEVE - TAKDIR, MIMPI, KEBERANIAN",a616a546264044ed616bc2bdf2d9f7fc,YOGYAKARTA,-19,329,2,100.0,False
2025-07-05,"BELIEVE - TAKDIR, MIMPI, KEBERANIAN",a691dd0d8274fa85ecdc7d5ad6df1628,LAMPUNG,-19,165,1,100.0,False
2025-07-05,"BELIEVE - TAKDIR, MIMPI, KEBERANIAN",a6d19ebcb27f61cbf41a6552fbf68676,SIDOARJO,-19,153,1,100.0,False
2025-07-05,"BELIEVE - TAKDIR, MIMPI, KEBERANIAN",a9e141baa8b4ec825325397b16eeaae3,BOGOR,-19,201,1,100.0,False
2025-07-05,"BELIEVE - TAKDIR, MIMPI, KEBERANIAN",b704e8b10f13e14494b5a7a0ba39d9d9,JAKARTA,-19,340,2,100.0,False
2025-07-05,SORE ISTRI DARI MASA DEPAN,b704e8b10f13e14494b5a7a0ba39d9d9,JAKARTA,-5,201,1,100.0,False
2025-07-05,"BELIEVE - TAKDIR, MIMPI, KEBERANIAN",c4a19cbeb409639c836e4304976db0aa,BANDUNG,-19,363,2,100.0,False
2025-07-05,"BELIEVE - TAKDIR, MIMPI, KEBERANIAN",c71a18e33d4b7c73c8124c65fc3e6f1c,MANADO,-19,166,1,100.0,False
2025-07-05,"BELIEVE - TAKDIR, MIMPI, KEBERANIAN",da96492ebd43c4a193238d6c3205cc40,PEKANBARU,-19,177,1,100.0,False
2025-07-05,"BELIEVE - TAKDIR, MIMPI, KEBERANIAN",dc77e7e26c0e5e3a5c44ec2de0cedbde,DENPASAR,-19,187,1,100.0,False
2025-07-05,"BELIEVE - TAKDIR, MIMPI, KEBERANIAN",e3edf631650eb304cf386709b98005f6,DENPASAR,-19,151,1,100.0,False
2025-07-05,"BELIEVE - TAKDIR, MIMPI, KEBERANIAN",ea7df0c99b450ecdea38cf34ae1f158f,KISARAN,-19,146,1,100.0,False
2025-07-05,"BELIEVE - TAKDIR, MIMPI, KEBERANIAN",f292a4101ca0420357a2d18b3a013e5f,PALU,-19,148,1,100.0,False
2025-07-05,"BELIEVE - TAKDIR, MIMPI, KEBERANIAN",f3a9ac312f7bc4e2467a1bf02a6aa1e9,LAMPUNG,-19,174,1,100.0,False
2025-07-05,"BELIEVE - TAKDIR, MIMPI, KEBERANIAN",f54d37fc4c4d4b285aa3601041abc938,BOGOR,-19,177,1,100.0,False
2025-07-06,"BELIEVE - TAKDIR, MIMPI, KEBERANIAN",0191582d75f94a412c0fa12d36bcee3f,SURABAYA,-18,406,3,100.0,False
2025-07-06,BERTAUT RINDU: SEMUA IMPIAN BERHAK DIRAYAKAN,0191582d75f94a412c0fa12d36bcee3f,SURABAYA,-25,170,1,100.0,False
2025-07-06,"BELIEVE - TAKDIR, MIMPI, KEBERANIAN",108f9a4d181f12fd1b7e3c9adae38478,TANGERANG,-18,154,1,100.0,False
2025-07-06,"BELIEVE - TAKDIR, MIMPI, KEBERANIAN",1240789770bc04e7d26e5fa31c075ced,MALANG,-18,174,1,100.0,False
2025-07-06,"BELIEVE - TAKDIR, MIMPI, KEBERANIAN",14b63ff2b104903ead7d884f25382e57,MALANG,-18,134,1,100.0,True
2025-07-06,"BELIEVE - TAKDIR, MIMPI, KEBERANIAN",218c50fa4df90b3241e39ff8ffb41102,SOLO,-18,319,2,100.0,False
2025-07-06,"BELIEVE - TAKDIR, MIMPI, KEBERANIAN",26a644178fbdb277dc3c50997f6df7fe,PALEMBANG,-18,137,1,100.0,True
2025-07-06,"BELIEVE - TAKDIR, MIMPI, KEBERANIAN",29fc89ab155e9f202326046c2e0023bb,MAKASSAR,-18,178,1,100.0,False
2025-07-06,"BELIEVE - TAKDIR, MIMPI, KEBERANIAN",2e0ec493a87e740511b7b565386c06fe,SORONG,-18,171,1,100.0,False
2025-07-06,"BELIEVE - TAKDIR, MIMPI, KEBERANIAN",35de0354d956048d1c9c49ff069eaa55,MEDAN,-18,176,1,100.0,False
2025-07-06,"BELIEVE - TAKDIR, MIMPI, KEBERANIAN",3acdf298dab1b92bbaaad74d86c0c40a,SEMARANG,-18,346,2,100.0,False
2025-07-06,"BELIEVE - TAKDIR, MIMPI, KEBERANIAN",3c41b96b56b0aab1ed5fc5e703499730,BALIKPAPAN,-18,187,1,100.0,False
2025-07-06,"BELIEVE - TAKDIR, MIMPI, KEBERANIAN",3f6093566521149f8e37fa4e3fafe7cc,PADANG,-18,300,2,100.0,False
2025-07-06,"BELIEVE - TAKDIR, MIMPI, KEBERANIAN",4e12b237c826209f7ddc5b29a96380b6,BEKASI,-18,343,2,100.0,False
2025-07-06,"BELIEVE - TAKDIR, MIMPI, KEBERANIAN",4eb26b1058266dc50a63dc875e4d8846,MATARAM,-18,181,1,100.0,False
2025-07-06,"BELIEVE - TAKDIR, MIMPI, KEBERANIAN",4ed104ac0de10ba7eef50158603e0b32,JAKARTA,-18,521,3,100.0,False
2025-07-06,KITAB SIJJIN & ILLIYYIN,4ed104ac0de10ba7eef50158603e0b32,JAKARTA,-11,239,2,100.0,False
2025-07-06,"BELIEVE - TAKDIR, MIMPI, KEBERANIAN",4fc3fc370b299876663c7d5c90595853,BANJARMASIN,-18,176,1,100.0,False
2025-07-06,"BELIEVE - TAKDIR, MIMPI, KEBERANIAN",52eed153a88a6bdcb46cbb266a07cba2,TANGERANG,-18,166,1,100.0,False
2025-07-06,"BELIEVE - TAKDIR, MIMPI, KEBERANIAN",5b8eaa351fae8e6d1e759e814d74c1c5,MEDAN,-18,174,1,100.0,False
2025-07-06,"BELIEVE - TAKDIR, MIMPI, KEBERANIAN",5ff7565cdb056b4bdcb43d0ea2b5380d,KUPANG,-18,141,1,100.0,False
2025-07-06,"BELIEVE - TAKDIR, MIMPI, KEBERANIAN",6b88b1af662b72fbfa35004a8edfe2e9,DEPOK,-18,296,2,100.0,False
2025-07-06,"BELIEVE - TAKDIR, MIMPI, KEBERANIAN",7cade3ea25dae25fdb8c56776676b0c7,CILEGON,-18,158,1,100.0,False
2025-07-06,KITAB SIJJIN & ILLIYYIN,7cade3ea25dae25fdb8c56776676b0c7,CILEGON,-11,132,1,100.0,True
2025-07-06,"BELIEVE - TAKDIR, MIMPI, KEBERANIAN",81c620b2538435926cbbf15745ef5901,MADIUN,-18,168,1,100.0,False
2025-07-06,"BELIEVE - TAKDIR, MIMPI, KEBERANIAN",862442166e956fe0e8355db8852d9440,TANGERANG,-18,138,1,100.0,True
2025-07-06,"BELIEVE - TAKDIR, MIMPI, KEBERANIAN",8750b9ee0b0c6c6afcfcb2a05e60efc0,BANDUNG,-18,128,1,100.0,False
2025-07-06,"BELIEVE - TAKDIR, MIMPI, KEBERANIAN",8d2e05da5624875993cb8580c88334a9,CIREBON,-18,305,2,100.0,False
2025-07-06,"BELIEVE - TAKDIR, MIMPI, KEBERANIAN",8dbfb7aeb4ed822b358347332ba630af,JAKARTA,-18,852,5,100.0,False
2025-07-06,KITAB SIJJIN & ILLIYYIN,8dbfb7aeb4ed822b358347332ba630af,JAKARTA,-11,125,1,100.0,False
2025-07-06,SELEPAS TAHLIL,8dbfb7aeb4ed822b358347332ba630af,JAKARTA,-4,945,3,100.0,False
2025-07-06,"BELIEVE - TAKDIR, MIMPI, KEBERANIAN",9158e16be84a6db4d63d3289099f119b,JAYAPURA,-18,139,1,100.0,True
2025-07-06,"BELIEVE - TAKDIR, MIMPI, KEBERANIAN",919c7b9859d8ce7cab47dab2463e7fab,MAKASSAR,-18,193,1,100.0,False
2025-07-06,"BELIEVE - TAKDIR, MIMPI, KEBERANIAN",92e94ed55b4de8feaff9462a66e2dbd7,PEKANBARU,-18,166,1,100.0,False
2025-07-06,"BELIEVE - TAKDIR, MIMPI, KEBERANIAN",9aab42397bbc1d1cdb49f7044dc990f0,PALEMBANG,-18,201,1,100.0,False
2025-07-06,"BELIEVE - TAKDIR, MIMPI, KEBERANIAN",9cc7970100d8e4c2202f08cb78c6eb20,YOGYAKARTA,-18,144,1,100.0,False
2025-07-06,"BELIEVE - TAKDIR, MIMPI, KEBERANIAN",a616a546264044ed616bc2bdf2d9f7fc,YOGYAKARTA,-18,322,2,100.0,False
2025-07-06,"BELIEVE - TAKDIR, MIMPI, KEBERANIAN",a691dd0d8274fa85ecdc7d5ad6df1628,LAMPUNG,-18,166,1,100.0,False
2025-07-06,"BELIEVE - TAKDIR, MIMPI, KEBERANIAN",a6d19ebcb27f61cbf41a6552fbf68676,SIDOARJO,-18,153,1,100.0,False
2025-07-06,"BELIEVE - TAKDIR, MIMPI, KEBERANIAN",a9e141baa8b4ec825325397b16eeaae3,BOGOR,-18,199,1,100.0,False
2025-07-06,KAMPUNG JABANG MAYIT: RITUAL MAUT,b4972b48997defae8304bc9c41220c7c,BEKASI,-18,176,1,100.0,False
2025-07-06,"BELIEVE - TAKDIR, MIMPI, KEBERANIAN",b704e8b10f13e14494b5a7a0ba39d9d9,JAKARTA,-18,340,2,100.0,False
2025-07-06,SORE ISTRI DARI MASA DEPAN,b704e8b10f13e14494b5a7a0ba39d9d9,JAKARTA,-4,149,2,100.0,False
2025-07-06,"BELIEVE - TAKDIR, MIMPI, KEBERANIAN",c4a19cbeb409639c836e4304976db0aa,BANDUNG,-18,363,2,100.0,False
2025-07-06,"BELIEVE - TAKDIR, MIMPI, KEBERANIAN",c71a18e33d4b7c73c8124c65fc3e6f1c,MANADO,-18,164,1,100.0,False
2025-07-06,"BELIEVE - TAKDIR, MIMPI, KEBERANIAN",da96492ebd43c4a193238d6c3205cc40,PEKANBARU,-18,177,1,100.0,False
2025-07-06,"BELIEVE - TAKDIR, MIMPI, KEBERANIAN",dc77e7e26c0e5e3a5c44ec2de0cedbde,DENPASAR,-18,187,1,100.0,False
2025-07-06,"BELIEVE - TAKDIR, MIMPI, KEBERANIAN",e3edf631650eb304cf386709b98005f6,DENPASAR,-18,150,1,100.0,False
2025-07-06,"BELIEVE - TAKDIR, MIMPI, KEBERANIAN",ea7df0c99b450ecdea38cf34ae1f158f,KISARAN,-18,148,1,100.0,False
2025-07-06,"BELIEVE - TAKDIR, MIMPI, KEBERANIAN",f292a4101ca0420357a2d18b3a013e5f,PALU,-18,148,1,100.0,False
2025-07-06,"BELIEVE - TAKDIR, MIMPI, KEBERANIAN",f3a9ac312f7bc4e2467a1bf02a6aa1e9,LAMPUNG,-18,176,1,100.0,False
2025-07-06,"BELIEVE - TAKDIR, MIMPI, KEBERANIAN",f54d37fc4c4d4b285aa3601041abc938,BOGOR,-18,176,1,100.0,False
2025-07-06,KITAB SIJJIN & ILLIYYIN,f54d37fc4c4d4b285aa3601041abc938,BOGOR,-11,116,1,100.0,False
2025-07-07,"BELIEVE - TAKDIR, MIMPI, KEBERANIAN",0191582d75f94a412c0fa12d36bcee3f,SURABAYA,-17,414,3,100.0,False
2025-07-07,"BELIEVE - TAKDIR, MIMPI, KEBERANIAN",108f9a4d181f12fd1b7e3c9adae38478,TANGERANG,-17,155,1,100.0,False
2025-07-07,"BELIEVE - TAKDIR, MIMPI, KEBERANIAN",1240789770bc04e7d26e5fa31c075ced,MALANG,-17,174,1,100.0,False
2025-07-07,"BELIEVE - TAKDIR, MIMPI, KEBERANIAN",14b63ff2b104903ead7d884f25382e57,MALANG,-17,137,1,100.0,True
2025-07-07,"BELIEVE - TAKDIR, MIMPI, KEBERANIAN",218c50fa4df90b3241e39ff8ffb41102,SOLO,-17,316,2,100.0,False
2025-07-07,"BELIEVE - TAKDIR, MIMPI, KEBERANIAN",26a644178fbdb277dc3c50997f6df7fe,PALEMBANG,-17,135,1,100.0,True
2025-07-07,"BELIEVE - TAKDIR, MIMPI, KEBERANIAN",29fc89ab155e9f202326046c2e0023bb,MAKASSAR,-17,180,1,100.0,False
2025-07-07,"BELIEVE - TAKDIR, MIMPI, KEBERANIAN",2e0ec493a87e740511b7b565386c06fe,SORONG,-17,169,1,100.0,False
2025-07-07,"BELIEVE - TAKDIR, MIMPI, KEBERANIAN",35de0354d956048d1c9c49ff069eaa55,MEDAN,-17,176,1,100.0,False
2025-07-07,"BELIEVE - TAKDIR, MIMPI, KEBERANIAN",3acdf298dab1b92bbaaad74d86c0c40a,SEMARANG,-17,350,2,100.0,False
2025-07-07,"BELIEVE - TAKDIR, MIMPI, KEBERANIAN",3c41b96b56b0aab1ed5fc5e703499730,BALIKPAPAN,-17,189,1,100.0,False
2025-07-07,"BELIEVE - TAKDIR, MIMPI, KEBERANIAN",3f6093566521149f8e37fa4e3fafe7cc,PADANG,-17,300,2,100.0,False
2025-07-07,"BELIEVE - TAKDIR, MIMPI, KEBERANIAN",4e12b237c826209f7ddc5b29a96380b6,BEKASI,-17,346,2,100.0,False
2025-07-07,"BELIEVE - TAKDIR, MIMPI, KEBERANIAN",4eb26b1058266dc50a63dc875e4d8846,MATARAM,-17,177,1,100.0,False
2025-07-07,"BELIEVE - TAKDIR, MIMPI, KEBERANIAN",4ed104ac0de10ba7eef50158603e0b32,JAKARTA,-17,521,3,100.0,False
2025-07-07,"BELIEVE - TAKDIR, MIMPI, KEBERANIAN",4fc3fc370b299876663c7d5c90595853,BANJARMASIN,-17,176,1,100.0,False
2025-07-07,"BELIEVE - TAKDIR, MIMPI, KEBERANIAN",52eed153a88a6bdcb46cbb266a07cba2,TANGERANG,-17,166,1,100.0,False
2025-07-07,"BELIEVE - TAKDIR, MIMPI, KEBERANIAN",5b8eaa351fae8e6d1e759e814d74c1c5,MEDAN,-17,177,1,100.0,False
2025-07-07,"BELIEVE - TAKDIR, MIMPI, KEBERANIAN",5ff7565cdb056b4bdcb43d0ea2b5380d,KUPANG,-17,138,1,100.0,True
2025-07-07,"BELIEVE - TAKDIR, MIMPI, KEBERANIAN",6b88b1af662b72fbfa35004a8edfe2e9,DEPOK,-17,296,2,100.0,False
2025-07-07,"BELIEVE - TAKDIR, MIMPI, KEBERANIAN",7cade3ea25dae25fdb8c56776676b0c7,CILEGON,-17,157,1,100.0,False
2025-07-07,"BELIEVE - TAKDIR, MIMPI, KEBERANIAN",81c620b2538435926cbbf15745ef5901,MADIUN,-17,166,1,100.0,False
2025-07-07,"BELIEVE - TAKDIR, MIMPI, KEBERANIAN",862442166e956fe0e8355db8852d9440,TANGERANG,-17,138,1,100.0,True
2025-07-07,"BELIEVE - TAKDIR, MIMPI, KEBERANIAN",8750b9ee0b0c6c6afcfcb2a05e60efc0,BANDUNG,-17,129,1,100.0,False
2025-07-07,"BELIEVE - TAKDIR, MIMPI, KEBERANIAN",8d2e05da5624875993cb8580c88334a9,CIREBON,-17,308,2,100.0,False
2025-07-07,"BELIEVE - TAKDIR, MIMPI, KEBERANIAN",8dbfb7aeb4ed822b358347332ba630af,JAKARTA,-17,852,5,100.0,False
2025-07-07,"BELIEVE - TAKDIR, MIMPI, KEBERANIAN",9158e16be84a6db4d63d3289099f119b,JAYAPURA,-17,139,1,100.0,True
2025-07-07,"BELIEVE - TAKDIR, MIMPI, KEBERANIAN",919c7b9859d8ce7cab47dab2463e7fab,MAKASSAR,-17,190,1,100.0,False
2025-07-07,"BELIEVE - TAKDIR, MIMPI, KEBERANIAN",92e94ed55b4de8feaff9462a66e2dbd7,PEKANBARU,-17,166,1,100.0,False
2025-07-07,"BELIEVE - TAKDIR, MIMPI, KEBERANIAN",9aab42397bbc1d1cdb49f7044dc990f0,PALEMBANG,-17,201,1,100.0,False
2025-07-07,"BELIEVE - TAKDIR, MIMPI, KEBERANIAN",9cc7970100d8e4c2202f08cb78c6eb20,YOGYAKARTA,-17,142,1,100.0,False
2025-07-07,"BELIEVE - TAKDIR, MIMPI, KEBERANIAN",a616a546264044ed616bc2bdf2d9f7fc,YOGYAKARTA,-17,322,2,100.0,False
2025-07-07,"BELIEVE - TAKDIR, MIMPI, KEBERANIAN",a691dd0d8274fa85ecdc7d5ad6df1628,LAMPUNG,-17,166,1,100.0,False
2025-07-07,"BELIEVE - TAKDIR, MIMPI, KEBERANIAN",a6d19ebcb27f61cbf41a6552fbf68676,SIDOARJO,-17,150,1,100.0,False
2025-07-07,"BELIEVE - TAKDIR, MIMPI, KEBERANIAN",a9e141baa8b4ec825325397b16eeaae3,BOGOR,-17,199,1,100.0,False
2025-07-07,"BELIEVE - TAKDIR, MIMPI, KEBERANIAN",b704e8b10f13e14494b5a7a0ba39d9d9,JAKARTA,-17,739,4,100.0,False
2025-07-07,"BELIEVE - TAKDIR, MIMPI, KEBERANIAN",c4a19cbeb409639c836e4304976db0aa,BANDUNG,-17,359,2,100.0,False
2025-07-07,"BELIEVE - TAKDIR, MIMPI, KEBERANIAN",c71a18e33d4b7c73c8124c65fc3e6f1c,MANADO,-17,163,1,100.0,False
2025-07-07,"BELIEVE - TAKDIR, MIMPI, KEBERANIAN",da96492ebd43c4a193238d6c3205cc40,PEKANBARU,-17,174,1,100.0,False
2025-07-07,"BELIEVE - TAKDIR, MIMPI, KEBERANIAN",dc77e7e26c0e5e3a5c44ec2de0cedbde,DENPASAR,-17,187,1,100.0,False
2025-07-07,"BELIEVE - TAKDIR, MIMPI, KEBERANIAN",e3edf631650eb304cf386709b98005f6,DENPASAR,-17,150,1,100.0,False
2025-07-07,"BELIEVE - TAKDIR, MIMPI, KEBERANIAN",ea7df0c99b450ecdea38cf34ae1f158f,KISARAN,-17,149,1,100.0,False
2025-07-07,"BELIEVE - TAKDIR, MIMPI, KEBERANIAN",f292a4101ca0420357a2d18b3a013e5f,PALU,-17,150,1,100.0,False
2025-07-07,"BELIEVE - TAKDIR, MIMPI, KEBERANIAN",f3a9ac312f7bc4e2467a1bf02a6aa1e9,LAMPUNG,-17,177,1,100.0,False
2025-07-07,"BELIEVE - TAKDIR, MIMPI, KEBERANIAN",f54d37fc4c4d4b285aa3601041abc938,BOGOR,-17,176,1,100.0,False
2025-07-08,"BELIEVE - TAKDIR, MIMPI, KEBERANIAN",0191582d75f94a412c0fa12d36bcee3f,SURABAYA,-16,406,3,100.0,False
2025-07-08,SUPERMAN (IMAX 2D),0191582d75f94a412c0fa12d36bcee3f,SURABAYA,-1,338,1,87.15,False
2025-07-08,"BELIEVE - TAKDIR, MIMPI, KEBERANIAN",108f9a4d181f12fd1b7e3c9adae38478,TANGERANG,-16,155,1,100.0,False
2025-07-08,SUPERMAN (IMAX 2D),108f9a4d181f12fd1b7e3c9adae38478,TANGERANG,-1,282,1,94.64,False
2025-07-08,"BELIEVE - TAKDIR, MIMPI, KEBERANIAN",1240789770bc04e7d26e5fa31c075ced,MALANG,-16,174,1,100.0,False
2025-07-08,"BELIEVE - TAKDIR, MIMPI, KEBERANIAN",14b63ff2b104903ead7d884f25382e57,MALANG,-16,137,1,100.0,True
2025-07-08,SUPERMAN (IMAX 2D),19f506af810fe579721721d058f6b243,MEDAN,-1,562,2,90.48,False
2025-07-08,"BELIEVE - TAKDIR, MIMPI, KEBERANIAN",218c50fa4df90b3241e39ff8ffb41102,SOLO,-16,319,2,100.0,False
2025-07-08,"BELIEVE - TAKDIR, MIMPI, KEBERANIAN",26a644178fbdb277dc3c50997f6df7fe,PALEMBANG,-16,135,1,100.0,True
2025-07-08,"BELIEVE - TAKDIR, MIMPI, KEBERANIAN",29fc89ab155e9f202326046c2e0023bb,MAKASSAR,-16,176,1,100.0,False
2025-07-08,"BELIEVE - TAKDIR, MIMPI, KEBERANIAN",2e0ec493a87e740511b7b565386c06fe,SORONG,-16,172,1,100.0,False
2025-07-08,SUPERMAN (IMAX 2D),312cd6ebdd3af9ac55f7b3d31ecab9c2,BOGOR,-1,256,1,77.25,False
2025-07-08,"BELIEVE - TAKDIR, MIMPI, KEBERANIAN",35de0354d956048d1c9c49ff069eaa55,MEDAN,-16,174,1,100.0,False
2025-07-08,"BELIEVE - TAKDIR, MIMPI, KEBERANIAN",3acdf298dab1b92bbaaad74d86c0c40a,SEMARANG,-16,350,2,100.0,False
2025-07-08,SUPERMAN (IMAX 2D),3acdf298dab1b92bbaaad74d86c0c40a,SEMARANG,-1,263,1,100.0,False
2025-07-08,"BELIEVE - TAKDIR, MIMPI, KEBERANIAN",3c41b96b56b0aab1ed5fc5e703499730,BALIKPAPAN,-16,189,1,100.0,False
2025-07-08,"BELIEVE - TAKDIR, MIMPI, KEBERANIAN",3f6093566521149f8e37fa4e3fafe7cc,PADANG,-16,295,2,100.0,False
2025-07-08,"BELIEVE - TAKDIR, MIMPI, KEBERANIAN",4e12b237c826209f7ddc5b29a96380b6,BEKASI,-16,343,2,100.0,False
2025-07-08,"BELIEVE - TAKDIR, MIMPI, KEBERANIAN",4eb26b1058266dc50a63dc875e4d8846,MATARAM,-16,177,1,100.0,False
2025-07-08,"BELIEVE - TAKDIR, MIMPI, KEBERANIAN",4ed104ac0de10ba7eef50158603e0b32,JAKARTA,-16,521,3,100.0,False
2025-07-08,SORE ISTRI DARI MASA DEPAN,4ed104ac0de10ba7eef50158603e0b32,JAKARTA,-2,137,1,100.0,True
2025-07-08,"BELIEVE - TAKDIR, MIMPI, KEBERANIAN",4fc3fc370b299876663c7d5c90595853,BANJARMASIN,-16,177,1,100.0,False
2025-07-08,"BELIEVE - TAKDIR, MIMPI, KEBERANIAN",52eed153a88a6bdcb46cbb266a07cba2,TANGERANG,-16,166,1,100.0,False
2025-07-08,SUPERMAN (IMAX 2D),52eed153a88a6bdcb46cbb266a07cba2,TANGERANG,-1,283,1,85.28,False
2025-07-08,"BELIEVE - TAKDIR, MIMPI, KEBERANIAN",5b8eaa351fae8e6d1e759e814d74c1c5,MEDAN,-16,174,1,100.0,False
2025-07-08,"BELIEVE - TAKDIR, MIMPI, KEBERANIAN",5ff7565cdb056b4bdcb43d0ea2b5380d,KUPANG,-16,138,1,100.0,True
2025-07-08,"BELIEVE - TAKDIR, MIMPI, KEBERANIAN",6b88b1af662b72fbfa35004a8edfe2e9,DEPOK,-16,290,2,100.0,False
2025-07-08,SUPERMAN,6b88b1af662b72fbfa35004a8edfe2e9,DEPOK,-1,428,2,100.0,False
2025-07-08,SUPERMAN (IMAX 2D),6b88b1af662b72fbfa35004a8edfe2e9,DEPOK,-1,1042,3,92.01,False
2025-07-08,SUPERMAN (IMAX 2D),716ede53fbca27fbe1c1a55d6667c2b5,CIKARANG,-1,120,1,30.9,False
2025-07-08,"BELIEVE - TAKDIR, MIMPI, KEBERANIAN",7cade3ea25dae25fdb8c56776676b0c7,CILEGON,-16,158,1,100.0,False
2025-07-08,"BELIEVE - TAKDIR, MIMPI, KEBERANIAN",81c620b2538435926cbbf15745ef5901,MADIUN,-16,165,1,100.0,False
2025-07-08,"BELIEVE - TAKDIR, MIMPI, KEBERANIAN",862442166e956fe0e8355db8852d9440,TANGERANG,-16,139,1,100.0,True
2025-07-08,SUPERMAN (IMAX 2D),862442166e956fe0e8355db8852d9440,TANGERANG,-1,651,2,93.98,False
2025-07-08,"BELIEVE - TAKDIR, MIMPI, KEBERANIAN",8750b9ee0b0c6c6afcfcb2a05e60efc0,BANDUNG,-16,128,1,100.0,False
2025-07-08,"BELIEVE - TAKDIR, MIMPI, KEBERANIAN",8d2e05da5624875993cb8580c88334a9,CIREBON,-16,305,2,100.0,False
2025-07-08,ARTI CINTA,8dbfb7aeb4ed822b358347332ba630af,JAKARTA,-9,1343,3,100.0,False
2025-07-08,"BELIEVE - TAKDIR, MIMPI, KEBERANIAN",8dbfb7aeb4ed822b358347332ba630af,JAKARTA,-16,843,5,100.0,False
2025-07-08,SUPERMAN (IMAX 2D),8dbfb7aeb4ed822b358347332ba630af,JAKARTA,-1,873,2,96.08,False
2025-07-08,"BELIEVE - TAKDIR, MIMPI, KEBERANIAN",9158e16be84a6db4d63d3289099f119b,JAYAPURA,-16,141,1,100.0,False
2025-07-08,"BELIEVE - TAKDIR, MIMPI, KEBERANIAN",919c7b9859d8ce7cab47dab2463e7fab,MAKASSAR,-16,191,1,100.0,False
2025-07-08,"BELIEVE - TAKDIR, MIMPI, KEBERANIAN",92e94ed55b4de8feaff9462a66e2dbd7,PEKANBARU,-16,165,1,100.0,False
2025-07-08,"BELIEVE - TAKDIR, MIMPI, KEBERANIAN",9aab42397bbc1d1cdb49f7044dc990f0,PALEMBANG,-16,201,1,100.0,False
2025-07-08,"BELIEVE - TAKDIR, MIMPI, KEBERANIAN",9cc7970100d8e4c2202f08cb78c6eb20,YOGYAKARTA,-16,142,1,100.0,False
2025-07-08,"BELIEVE - TAKDIR, MIMPI, KEBERANIAN",a616a546264044ed616bc2bdf2d9f7fc,YOGYAKARTA,-16,329,2,100.0,False
2025-07-08,"BELIEVE - TAKDIR, MIMPI, KEBERANIAN",a691dd0d8274fa85ecdc7d5ad6df1628,LAMPUNG,-16,168,1,100.0,False
2025-07-08,"BELIEVE - TAKDIR, MIMPI, KEBERANIAN",a6d19ebcb27f61cbf41a6552fbf68676,SIDOARJO,-16,150,1,100.0,False
2025-07-08,"BELIEVE - TAKDIR, MIMPI, KEBERANIAN",a9e141baa8b4ec825325397b16eeaae3,BOGOR,-16,201,1,100.0,False
2025-07-08,SUPERMAN (IMAX 2D),a9e141baa8b4ec825325397b16eeaae3,BOGOR,-1,272,1,86.32,False
2025-07-08,SUPERMAN (IMAX 2D),b4972b48997defae8304bc9c41220c7c,BEKASI,-1,353,1,90.48,False
2025-07-08,"BELIEVE - TAKDIR, MIMPI, KEBERANIAN",b704e8b10f13e14494b5a7a0ba39d9d9,JAKARTA,-16,340,2,100.0,False
2025-07-08,SUPERMAN (IMAX 2D),b704e8b10f13e14494b5a7a0ba39d9d9,JAKARTA,-1,267,1,95.55,False
2025-07-08,"BELIEVE - TAKDIR, MIMPI, KEBERANIAN",c4a19cbeb409639c836e4304976db0aa,BANDUNG,-16,363,2,100.0,False
2025-07-08,SUPERMAN (IMAX 2D),c4a19cbeb409639c836e4304976db0aa,BANDUNG,-1,365,1,87.15,False
2025-07-08,"BELIEVE - TAKDIR, MIMPI, KEBERANIAN",c71a18e33d4b7c73c8124c65fc3e6f1c,MANADO,-16,166,1,100.0,False
2025-07-08,"BELIEVE - TAKDIR, MIMPI, KEBERANIAN",da96492ebd43c4a193238d6c3205cc40,PEKANBARU,-16,174,1,100.0,False
2025-07-08,"BELIEVE - TAKDIR, MIMPI, KEBERANIAN",dc77e7e26c0e5e3a5c44ec2de0cedbde,DENPASAR,-16,187,1,100.0,False
2025-07-08,SUPERMAN (IMAX 2D),dc77e7e26c0e5e3a5c44ec2de0cedbde,DENPASAR,-1,266,1,99.75,False
2025-07-08,"BELIEVE - TAKDIR, MIMPI, KEBERANIAN",e3edf631650eb304cf386709b98005f6,DENPASAR,-16,151,1,100.0,False
2025-07-08,SUPERMAN (IMAX 2D),e8965581e1be78ac9a3145b6983ff6ec,SURABAYA,-1,399,1,90.48,False
2025-07-08,"BELIEVE - TAKDIR, MIMPI, KEBERANIAN",ea7df0c99b450ecdea38cf34ae1f158f,KISARAN,-16,148,1,100.0,False
2025-07-08,"BELIEVE - TAKDIR, MIMPI, KEBERANIAN",f292a4101ca0420357a2d18b3a013e5f,PALU,-16,151,1,100.0,False
2025-07-08,"BELIEVE - TAKDIR, MIMPI, KEBERANIAN",f3a9ac312f7bc4e2467a1bf02a6aa1e9,LAMPUNG,-16,176,1,100.0,False
2025-07-08,"BELIEVE - TAKDIR, MIMPI, KEBERANIAN",f54d37fc4c4d4b285aa3601041abc938,BOGOR,-16,177,1,100.0,False
2025-07-09,ASSALAMUALAIKUM BAITULLAH,0191582d75f94a412c0fa12d36bcee3f,SURABAYA,-8,168,1,100.0,False
2025-07-09,"BELIEVE - TAKDIR, MIMPI, KEBERANIAN",0191582d75f94a412c0fa12d36bcee3f,SURABAYA,-15,414,3,100.0,False
2025-07-09,ASSALAMUALAIKUM BAITULLAH,108f9a4d181f12fd1b7e3c9adae38478,TANGERANG,-8,197,1,100.0,False
2025-07-09,"BELIEVE - TAKDIR, MIMPI, KEBERANIAN",108f9a4d181f12fd1b7e3c9adae38478,TANGERANG,-15,154,1,100.0,False
2025-07-09,"BELIEVE - TAKDIR, MIMPI, KEBERANIAN",1240789770bc04e7d26e5fa31c075ced,MALANG,-15,176,1,100.0,False
2025-07-09,"BELIEVE - TAKDIR, MIMPI, KEBERANIAN",14b63ff2b104903ead7d884f25382e57,MALANG,-15,137,1,100.0,True
2025-07-09,ASSALAMUALAIKUM BAITULLAH,218c50fa4df90b3241e39ff8ffb41102,SOLO,-8,152,1,100.0,False
2025-07-09,"BELIEVE - TAKDIR, MIMPI, KEBERANIAN",218c50fa4df90b3241e39ff8ffb41102,SOLO,-15,316,2,100.0,False
2025-07-09,"BELIEVE - TAKDIR, MIMPI, KEBERANIAN",26a644178fbdb277dc3c50997f6df7fe,PALEMBANG,-15,135,1,100.0,True
2025-07-09,"BELIEVE - TAKDIR, MIMPI, KEBERANIAN",29fc89ab155e9f202326046c2e0023bb,MAKASSAR,-15,180,1,100.0,False
2025-07-09,"BELIEVE - TAKDIR, MIMPI, KEBERANIAN",2e0ec493a87e740511b7b565386c06fe,SORONG,-15,171,1,100.0,False
2025-07-09,ASSALAMUALAIKUM BAITULLAH,35de0354d956048d1c9c49ff069eaa55,MEDAN,-8,118,1,100.0,False
2025-07-09,"BELIEVE - TAKDIR, MIMPI, KEBERANIAN",35de0354d956048d1c9c49ff069eaa55,MEDAN,-15,177,1,100.0,False
2025-07-09,ASSALAMUALAIKUM BAITULLAH,3acdf298dab1b92bbaaad74d86c0c40a,SEMARANG,-8,127,1,100.0,False
2025-07-09,"BELIEVE - TAKDIR, MIMPI, KEBERANIAN",3acdf298dab1b92bbaaad74d86c0c40a,SEMARANG,-15,350,2,100.0,False
2025-07-09,"BELIEVE - TAKDIR, MIMPI, KEBERANIAN",3c41b96b56b0aab1ed5fc5e703499730,BALIKPAPAN,-15,187,1,100.0,False
2025-07-09,"BELIEVE - TAKDIR, MIMPI, KEBERANIAN",3f6093566521149f8e37fa4e3fafe7cc,PADANG,-15,300,2,100.0,False
2025-07-09,"BELIEVE - TAKDIR, MIMPI, KEBERANIAN",4e12b237c826209f7ddc5b29a96380b6,BEKASI,-15,343,2,100.0,False
2025-07-09,"BELIEVE - TAKDIR, MIMPI, KEBERANIAN",4eb26b1058266dc50a63dc875e4d8846,MATARAM,-15,181,1,100.0,False
2025-07-09,ASSALAMUALAIKUM BAITULLAH,4ed104ac0de10ba7eef50158603e0b32,JAKARTA,-8,135,1,100.0,True
2025-07-09,"BELIEVE - TAKDIR, MIMPI, KEBERANIAN",4ed104ac0de10ba7eef50158603e0b32,JAKARTA,-15,521,3,100.0,False
2025-07-09,SORE ISTRI DARI MASA DEPAN,4ed104ac0de10ba7eef50158603e0b32,JAKARTA,-1,515,2,100.0,False
2025-07-09,"BELIEVE - TAKDIR, MIMPI, KEBERANIAN",4fc3fc370b299876663c7d5c90595853,BANJARMASIN,-15,176,1,100.0,False
2025-07-09,"BELIEVE - TAKDIR, MIMPI, KEBERANIAN",52eed153a88a6bdcb46cbb266a07cba2,TANGERANG,-15,164,1,100.0,False
2025-07-09,ASSALAMUALAIKUM BAITULLAH,580919d632e55fd9736ae1a2ac6ed0c5,BATAM,-8,127,1,100.0,False
2025-07-09,"BELIEVE - TAKDIR, MIMPI, KEBERANIAN",5b8eaa351fae8e6d1e759e814d74c1c5,MEDAN,-15,174,1,100.0,False
2025-07-09,"BELIEVE - TAKDIR, MIMPI, KEBERANIAN",5ff7565cdb056b4bdcb43d0ea2b5380d,KUPANG,-15,141,1,100.0,False
2025-07-09,"BELIEVE - TAKDIR, MIMPI, KEBERANIAN",6b88b1af662b72fbfa35004a8edfe2e9,DEPOK,-15,290,2,100.0,False
2025-07-09,"BELIEVE - TAKDIR, MIMPI, KEBERANIAN",7cade3ea25dae25fdb8c56776676b0c7,CILEGON,-15,160,1,100.0,False
2025-07-09,"BELIEVE - TAKDIR, MIMPI, KEBERANIAN",81c620b2538435926cbbf15745ef5901,MADIUN,-15,166,1,100.0,False
2025-07-09,"BELIEVE - TAKDIR, MIMPI, KEBERANIAN",862442166e956fe0e8355db8852d9440,TANGERANG,-15,138,1,100.0,True
2025-07-09,"BELIEVE - TAKDIR, MIMPI, KEBERANIAN",8750b9ee0b0c6c6afcfcb2a05e60efc0,BANDUNG,-15,130,1,100.0,True
2025-07-09,"BELIEVE - TAKDIR, MIMPI, KEBERANIAN",8d2e05da5624875993cb8580c88334a9,CIREBON,-15,305,2,100.0,False
2025-07-09,"BELIEVE - TAKDIR, MIMPI, KEBERANIAN",8dbfb7aeb4ed822b358347332ba630af,JAKARTA,-15,852,5,100.0,False
2025-07-09,KITAB SIJJIN & ILLIYYIN,8dbfb7aeb4ed822b358347332ba630af,JAKARTA,-8,1135,3,100.0,False
2025-07-09,"BELIEVE - TAKDIR, MIMPI, KEBERANIAN",9158e16be84a6db4d63d3289099f119b,JAYAPURA,-15,139,1,100.0,True
2025-07-09,"BELIEVE - TAKDIR, MIMPI, KEBERANIAN",919c7b9859d8ce7cab47dab2463e7fab,MAKASSAR,-15,193,1,100.0,False
2025-07-09,"BELIEVE - TAKDIR, MIMPI, KEBERANIAN",92e94ed55b4de8feaff9462a66e2dbd7,PEKANBARU,-15,168,1,100.0,False
2025-07-09,ASSALAMUALAIKUM BAITULLAH,9aab42397bbc1d1cdb49f7044dc990f0,PALEMBANG,-8,137,1,100.0,True
2025-07-09,"BELIEVE - TAKDIR, MIMPI, KEBERANIAN",9aab42397bbc1d1cdb49f7044dc990f0,PALEMBANG,-15,201,1,100.0,False
2025-07-09,ASSALAMUALAIKUM BAITULLAH,9cc7970100d8e4c2202f08cb78c6eb20,YOGYAKARTA,-8,142,1,100.0,False
2025-07-09,"BELIEVE - TAKDIR, MIMPI, KEBERANIAN",9cc7970100d8e4c2202f08cb78c6eb20,YOGYAKARTA,-15,142,1,100.0,False
2025-07-09,"BELIEVE - TAKDIR, MIMPI, KEBERANIAN",a616a546264044ed616bc2bdf2d9f7fc,YOGYAKARTA,-15,329,2,100.0,False
2025-07-09,ASSALAMUALAIKUM BAITULLAH,a691dd0d8274fa85ecdc7d5ad6df1628,LAMPUNG,-8,123,1,100.0,False
2025-07-09,"BELIEVE - TAKDIR, MIMPI, KEBERANIAN",a691dd0d8274fa85ecdc7d5ad6df1628,LAMPUNG,-15,168,1,100.0,False
2025-07-09,"BELIEVE - TAKDIR, MIMPI, KEBERANIAN",a6d19ebcb27f61cbf41a6552fbf68676,SIDOARJO,-15,150,1,100.0,False
2025-07-09,"BELIEVE - TAKDIR, MIMPI, KEBERANIAN",a9e141baa8b4ec825325397b16eeaae3,BOGOR,-15,201,1,100.0,False
2025-07-09,"BELIEVE - TAKDIR, MIMPI, KEBERANIAN",b704e8b10f13e14494b5a7a0ba39d9d9,JAKARTA,-15,343,2,100.0,False
2025-07-09,KAMPUNG JABANG MAYIT: RITUAL MAUT,b704e8b10f13e14494b5a7a0ba39d9d9,JAKARTA,-15,140,1,100.0,True
2025-07-09,"BELIEVE - TAKDIR, MIMPI, KEBERANIAN",c4a19cbeb409639c836e4304976db0aa,BANDUNG,-15,359,2,100.0,False
2025-07-09,"BELIEVE - TAKDIR, MIMPI, KEBERANIAN",c71a18e33d4b7c73c8124c65fc3e6f1c,MANADO,-15,164,1,100.0,False
2025-07-09,"BELIEVE - TAKDIR, MIMPI, KEBERANIAN",da96492ebd43c4a193238d6c3205cc40,PEKANBARU,-15,174,1,100.0,False
2025-07-09,"BELIEVE - TAKDIR, MIMPI, KEBERANIAN",dc77e7e26c0e5e3a5c44ec2de0cedbde,DENPASAR,-15,185,1,100.0,False
2025-07-09,"BELIEVE - TAKDIR, MIMPI, KEBERANIAN",e3edf631650eb304cf386709b98005f6,DENPASAR,-15,150,1,100.0,False
2025-07-09,"BELIEVE - TAKDIR, MIMPI, KEBERANIAN",ea7df0c99b450ecdea38cf34ae1f158f,KISARAN,-15,148,1,100.0,False
2025-07-09,"BELIEVE - TAKDIR, MIMPI, KEBERANIAN",f292a4101ca0420357a2d18b3a013e5f,PALU,-15,151,1,100.0,False
2025-07-09,"BELIEVE - TAKDIR, MIMPI, KEBERANIAN",f3a9ac312f7bc4e2467a1bf02a6aa1e9,LAMPUNG,-15,176,1,100.0,False
2025-07-09,"BELIEVE - TAKDIR, MIMPI, KEBERANIAN",f54d37fc4c4d4b285aa3601041abc938,BOGOR,-15,176,1,100.0,False
2025-07-10,"BELIEVE - TAKDIR, MIMPI, KEBERANIAN",0191582d75f94a412c0fa12d36bcee3f,SURABAYA,-14,398,3,100.0,False
2025-07-10,"BELIEVE - TAKDIR, MIMPI, KEBERANIAN",108f9a4d181f12fd1b7e3c9adae38478,TANGERANG,-14,154,1,100.0,False
2025-07-10,"BELIEVE - TAKDIR, MIMPI, KEBERANIAN",1240789770bc04e7d26e5fa31c075ced,MALANG,-14,176,1,100.0,False
2025-07-10,"BELIEVE - TAKDIR, MIMPI, KEBERANIAN",14b63ff2b104903ead7d884f25382e57,MALANG,-14,135,1,100.0,True
2025-07-10,"BELIEVE - TAKDIR, MIMPI, KEBERANIAN",19f506af810fe579721721d058f6b243,MEDAN,-14,42,1,100.0,False
2025-07-10,"BELIEVE - TAKDIR, MIMPI, KEBERANIAN",218c50fa4df90b3241e39ff8ffb41102,SOLO,-14,316,2,100.0,False
2025-07-10,"BELIEVE - TAKDIR, MIMPI, KEBERANIAN",26a644178fbdb277dc3c50997f6df7fe,PALEMBANG,-14,134,1,100.0,True
2025-07-10,"BELIEVE - TAKDIR, MIMPI, KEBERANIAN",29fc89ab155e9f202326046c2e0023bb,MAKASSAR,-14,180,1,100.0,False
2025-07-10,"BELIEVE - TAKDIR, MIMPI, KEBERANIAN",2e0ec493a87e740511b7b565386c06fe,SORONG,-14,169,1,100.0,False
2025-07-10,"BELIEVE - TAKDIR, MIMPI, KEBERANIAN",35de0354d956048d1c9c49ff069eaa55,MEDAN,-14,177,1,100.0,False
2025-07-10,ASSALAMUALAIKUM BAITULLAH,3744d5b8753c9cc72700ce7927fa0df3,SIDOARJO,-7,122,1,100.0,False
2025-07-10,"BELIEVE - TAKDIR, MIMPI, KEBERANIAN",3acdf298dab1b92bbaaad74d86c0c40a,SEMARANG,-14,346,2,100.0,False
2025-07-10,ASSALAMUALAIKUM BAITULLAH,3c41b96b56b0aab1ed5fc5e703499730,BALIKPAPAN,-7,187,1,100.0,False
2025-07-10,"BELIEVE - TAKDIR, MIMPI, KEBERANIAN",3c41b96b56b0aab1ed5fc5e703499730,BALIKPAPAN,-14,185,1,100.0,False
2025-07-10,"BELIEVE - TAKDIR, MIMPI, KEBERANIAN",3f6093566521149f8e37fa4e3fafe7cc,PADANG,-14,297,2,100.0,False
2025-07-10,ASSALAMUALAIKUM BAITULLAH,4e12b237c826209f7ddc5b29a96380b6,BEKASI,-7,184,1,100.0,False
2025-07-10,"BELIEVE - TAKDIR, MIMPI, KEBERANIAN",4e12b237c826209f7ddc5b29a96380b6,BEKASI,-14,343,2,100.0,False
2025-07-10,"BELIEVE - TAKDIR, MIMPI, KEBERANIAN",4eb26b1058266dc50a63dc875e4d8846,MATARAM,-14,179,1,100.0,False
2025-07-10,"BELIEVE - TAKDIR, MIMPI, KEBERANIAN",4ed104ac0de10ba7eef50158603e0b32,JAKARTA,-14,521,3,100.0,False
2025-07-10,ASSALAMUALAIKUM BAITULLAH,4fc3fc370b299876663c7d5c90595853,BANJARMASIN,-7,129,1,100.0,False
2025-07-10,"BELIEVE - TAKDIR, MIMPI, KEBERANIAN",4fc3fc370b299876663c7d5c90595853,BANJARMASIN,-14,174,1,100.0,False
2025-07-10,"BELIEVE - TAKDIR, MIMPI, KEBERANIAN",52eed153a88a6bdcb46cbb266a07cba2,TANGERANG,-14,163,1,100.0,False
2025-07-10,ASSALAMUALAIKUM BAITULLAH,541130ea8083a789df5d15bbfe13055a,MAKASSAR,-7,111,1,100.0,False
2025-07-10,KITAB SIJJIN & ILLIYYIN,5a894958f375392ce7981be2eb9a26be,JEMBER,-7,93,1,100.0,False
2025-07-10,"BELIEVE - TAKDIR, MIMPI, KEBERANIAN",5b8eaa351fae8e6d1e759e814d74c1c5,MEDAN,-14,177,1,100.0,False
2025-07-10,"BELIEVE - TAKDIR, MIMPI, KEBERANIAN",5ff7565cdb056b4bdcb43d0ea2b5380d,KUPANG,-14,139,1,100.0,True
2025-07-10,"BELIEVE - TAKDIR, MIMPI, KEBERANIAN",6b88b1af662b72fbfa35004a8edfe2e9,DEPOK,-14,290,2,100.0,False
2025-07-10,ASSALAMUALAIKUM BAITULLAH,7114d91eccf418326f7a9a05943c04e1,JAMBI,-7,133,1,100.0,True
2025-07-10,ASSALAMUALAIKUM BAITULLAH,7c271f1e1351e6433b202d77b88012c2,CIREBON,-7,180,1,100.0,False
2025-07-10,"BELIEVE - TAKDIR, MIMPI, KEBERANIAN",7cade3ea25dae25fdb8c56776676b0c7,CILEGON,-14,158,1,100.0,False
2025-07-10,"BELIEVE - TAKDIR, MIMPI, KEBERANIAN",81c620b2538435926cbbf15745ef5901,MADIUN,-14,165,1,100.0,False
2025-07-10,"BELIEVE - TAKDIR, MIMPI, KEBERANIAN",862442166e956fe0e8355db8852d9440,TANGERANG,-14,141,1,100.0,False
2025-07-10,"BELIEVE - TAKDIR, MIMPI, KEBERANIAN",8750b9ee0b0c6c6afcfcb2a05e60efc0,BANDUNG,-14,129,1,100.0,False
2025-07-10,"BELIEVE - TAKDIR, MIMPI, KEBERANIAN",8d2e05da5624875993cb8580c88334a9,CIREBON,-14,308,2,100.0,False
2025-07-10,ASSALAMUALAIKUM BAITULLAH,8dbfb7aeb4ed822b358347332ba630af,JAKARTA,-7,1961,5,100.0,False
2025-07-10,"BELIEVE - TAKDIR, MIMPI, KEBERANIAN",8dbfb7aeb4ed822b358347332ba630af,JAKARTA,-14,852,5,100.0,False
2025-07-10,"BELIEVE - TAKDIR, MIMPI, KEBERANIAN",9158e16be84a6db4d63d3289099f119b,JAYAPURA,-14,141,1,100.0,False
2025-07-10,"BELIEVE - TAKDIR, MIMPI, KEBERANIAN",919c7b9859d8ce7cab47dab2463e7fab,MAKASSAR,-14,193,1,100.0,False
2025-07-10,"BELIEVE - TAKDIR, MIMPI, KEBERANIAN",92e94ed55b4de8feaff9462a66e2dbd7,PEKANBARU,-14,168,1,100.0,False
2025-07-10,"BELIEVE - TAKDIR, MIMPI, KEBERANIAN",9aab42397bbc1d1cdb49f7044dc990f0,PALEMBANG,-14,203,1,100.0,False
2025-07-10,"BELIEVE - TAKDIR, MIMPI, KEBERANIAN",9cc7970100d8e4c2202f08cb78c6eb20,YOGYAKARTA,-14,144,1,100.0,False
2025-07-10,ASSALAMUALAIKUM BAITULLAH,9f0564f5cabe643e4dbb08b80d3cc241,PONTIANAK,-7,173,1,100.0,False
2025-07-10,"BELIEVE - TAKDIR, MIMPI, KEBERANIAN",a616a546264044ed616bc2bdf2d9f7fc,YOGYAKARTA,-14,322,2,100.0,False
2025-07-10,"BELIEVE - TAKDIR, MIMPI, KEBERANIAN",a691dd0d8274fa85ecdc7d5ad6df1628,LAMPUNG,-14,168,1,100.0,False
2025-07-10,"BELIEVE - TAKDIR, MIMPI, KEBERANIAN",a6d19ebcb27f61cbf41a6552fbf68676,SIDOARJO,-14,150,1,100.0,False
2025-07-10,ASSALAMUALAIKUM BAITULLAH,a9d508d218799f9dc69bb4aefc122cb3,MANADO,-7,116,1,100.0,False
2025-07-10,"BELIEVE - TAKDIR, MIMPI, KEBERANIAN",a9e141baa8b4ec825325397b16eeaae3,BOGOR,-14,199,1,100.0,False
2025-07-10,"BELIEVE - TAKDIR, MIMPI, KEBERANIAN",b704e8b10f13e14494b5a7a0ba39d9d9,JAKARTA,-14,343,2,100.0,False
2025-07-10,"BELIEVE - TAKDIR, MIMPI, KEBERANIAN",c4a19cbeb409639c836e4304976db0aa,BANDUNG,-14,359,2,100.0,False
2025-07-10,"BELIEVE - TAKDIR, MIMPI, KEBERANIAN",c71a18e33d4b7c73c8124c65fc3e6f1c,MANADO,-14,166,1,100.0,False
2025-07-10,KITAB SIJJIN & ILLIYYIN,d1918db937d26e9e4ccd3e17e1ff0e2d,SUMEDANG,-7,123,1,100.0,False
2025-07-10,KITAB SIJJIN & ILLIYYIN,d33850e3698903061b4c18886ce00c9d,GARUT,-7,134,1,100.0,True
2025-07-10,ASSALAMUALAIKUM BAITULLAH,da96492ebd43c4a193238d6c3205cc40,PEKANBARU,-7,128,1,100.0,False
2025-07-10,"BELIEVE - TAKDIR, MIMPI, KEBERANIAN",da96492ebd43c4a193238d6c3205cc40,PEKANBARU,-14,174,1,100.0,False
2025-07-10,"BELIEVE - TAKDIR, MIMPI, KEBERANIAN",dc77e7e26c0e5e3a5c44ec2de0cedbde,DENPASAR,-14,183,1,100.0,False
2025-07-10,"BELIEVE - TAKDIR, MIMPI, KEBERANIAN",e3edf631650eb304cf386709b98005f6,DENPASAR,-14,148,1,100.0,False
2025-07-10,KITAB SIJJIN & ILLIYYIN,e67d818ee0546f3b33d0ba2083ed4db5,BEKASI,-7,149,1,100.0,False
2025-07-10,"BELIEVE - TAKDIR, MIMPI, KEBERANIAN",ea7df0c99b450ecdea38cf34ae1f158f,KISARAN,-14,149,1,100.0,False
2025-07-10,"BELIEVE - TAKDIR, MIMPI, KEBERANIAN",f292a4101ca0420357a2d18b3a013e5f,PALU,-14,150,1,100.0,False
2025-07-10,"BELIEVE - TAKDIR, MIMPI, KEBERANIAN",f3a9ac312f7bc4e2467a1bf02a6aa1e9,LAMPUNG,-14,174,1,100.0,False
2025-07-10,"BELIEVE - TAKDIR, MIMPI, KEBERANIAN",f54d37fc4c4d4b285aa3601041abc938,BOGOR,-14,177,1,100.0,False
2025-07-11,"BELIEVE - TAKDIR, MIMPI, KEBERANIAN",0191582d75f94a412c0fa12d36bcee3f,SURABAYA,-13,414,3,100.0,False
2025-07-11,"BELIEVE - TAKDIR, MIMPI, KEBERANIAN",108f9a4d181f12fd1b7e3c9adae38478,TANGERANG,-13,154,1,100.0,False
2025-07-11,"BELIEVE - TAKDIR, MIMPI, KEBERANIAN",1240789770bc04e7d26e5fa31c075ced,MALANG,-13,174,1,100.0,False
2025-07-11,ASSALAMUALAIKUM BAITULLAH,14b63ff2b104903ead7d884f25382e57,MALANG,-6,126,1,100.0,False
2025-07-11,"BELIEVE - TAKDIR, MIMPI, KEBERANIAN",14b63ff2b104903ead7d884f25382e57,MALANG,-13,135,1,100.0,True
2025-07-11,ASSALAMUALAIKUM BAITULLAH,15c7dc37db27dd76f38cc419107f7c48,KARAWANG,-6,134,1,100.0,True
2025-07-11,"BELIEVE - TAKDIR, MIMPI, KEBERANIAN",218c50fa4df90b3241e39ff8ffb41102,SOLO,-13,316,2,100.0,False
2025-07-11,"BELIEVE - TAKDIR, MIMPI, KEBERANIAN",26a644178fbdb277dc3c50997f6df7fe,PALEMBANG,-13,137,1,100.0,True
2025-07-11,KITAB SIJJIN & ILLIYYIN,26a644178fbdb277dc3c50997f6df7fe,PALEMBANG,-6,107,1,100.0,False
2025-07-11,"BELIEVE - TAKDIR, MIMPI, KEBERANIAN",29fc89ab155e9f202326046c2e0023bb,MAKASSAR,-13,176,1,100.0,False
2025-07-11,"BELIEVE - TAKDIR, MIMPI, KEBERANIAN",2e0ec493a87e740511b7b565386c06fe,SORONG,-13,172,1,100.0,False
2025-07-11,"BELIEVE - TAKDIR, MIMPI, KEBERANIAN",35de0354d956048d1c9c49ff069eaa55,MEDAN,-13,176,1,100.0,False
2025-07-11,"BELIEVE - TAKDIR, MIMPI, KEBERANIAN",3acdf298dab1b92bbaaad74d86c0c40a,SEMARANG,-13,350,2,100.0,False
2025-07-11,"BELIEVE - TAKDIR, MIMPI, KEBERANIAN",3c41b96b56b0aab1ed5fc5e703499730,BALIKPAPAN,-13,189,1,100.0,False
2025-07-11,ASSALAMUALAIKUM BAITULLAH,3f6093566521149f8e37fa4e3fafe7cc,PADANG,-6,121,1,100.0,False
2025-07-11,"BELIEVE - TAKDIR, MIMPI, KEBERANIAN",3f6093566521149f8e37fa4e3fafe7cc,PADANG,-13,297,2,100.0,False
2025-07-11,KITAB SIJJIN & ILLIYYIN,3f6093566521149f8e37fa4e3fafe7cc,PADANG,-6,123,1,100.0,False
2025-07-11,KITAB SIJJIN & ILLIYYIN,490346a8a068ba7d2e3764714c6d5323,BANDUNG,-6,159,1,100.0,False
2025-07-11,"BELIEVE - TAKDIR, MIMPI, KEBERANIAN",4e12b237c826209f7ddc5b29a96380b6,BEKASI,-13,346,2,100.0,False
2025-07-11,"BELIEVE - TAKDIR, MIMPI, KEBERANIAN",4eb26b1058266dc50a63dc875e4d8846,MATARAM,-13,179,1,100.0,False
2025-07-11,"BELIEVE - TAKDIR, MIMPI, KEBERANIAN",4ed104ac0de10ba7eef50158603e0b32,JAKARTA,-13,526,3,100.0,False
2025-07-11,BRIDE HARD,4ed104ac0de10ba7eef50158603e0b32,JAKARTA,-7,98,1,77.7,False
2025-07-11,"BELIEVE - TAKDIR, MIMPI, KEBERANIAN",4fc3fc370b299876663c7d5c90595853,BANJARMASIN,-13,174,1,100.0,False
2025-07-11,"BELIEVE - TAKDIR, MIMPI, KEBERANIAN",52eed153a88a6bdcb46cbb266a07cba2,TANGERANG,-13,166,1,100.0,False
2025-07-11,"BELIEVE - TAKDIR, MIMPI, KEBERANIAN",5b8eaa351fae8e6d1e759e814d74c1c5,MEDAN,-13,176,1,100.0,False
2025-07-11,"BELIEVE - TAKDIR, MIMPI, KEBERANIAN",5ff7565cdb056b4bdcb43d0ea2b5380d,KUPANG,-13,139,1,100.0,True
2025-07-11,"BELIEVE - TAKDIR, MIMPI, KEBERANIAN",6b88b1af662b72fbfa35004a8edfe2e9,DEPOK,-13,296,2,100.0,False
2025-07-11,KITAB SIJJIN & ILLIYYIN,7114d91eccf418326f7a9a05943c04e1,JAMBI,-6,151,1,100.0,False
2025-07-11,"BELIEVE - TAKDIR, MIMPI, KEBERANIAN",7cade3ea25dae25fdb8c56776676b0c7,CILEGON,-13,157,1,100.0,False
2025-07-11,"BELIEVE - TAKDIR, MIMPI, KEBERANIAN",81c620b2538435926cbbf15745ef5901,MADIUN,-13,166,1,100.0,False
2025-07-11,"BELIEVE - TAKDIR, MIMPI, KEBERANIAN",862442166e956fe0e8355db8852d9440,TANGERANG,-13,141,1,100.0,False
2025-07-11,"BELIEVE - TAKDIR, MIMPI, KEBERANIAN",8750b9ee0b0c6c6afcfcb2a05e60efc0,BANDUNG,-13,130,1,100.0,True
2025-07-11,"BELIEVE - TAKDIR, MIMPI, KEBERANIAN",8d2e05da5624875993cb8580c88334a9,CIREBON,-13,305,2,100.0,False
2025-07-11,"BELIEVE - TAKDIR, MIMPI, KEBERANIAN",8dbfb7aeb4ed822b358347332ba630af,JAKARTA,-13,925,7,100.0,False
2025-07-11,"BELIEVE - TAKDIR, MIMPI, KEBERANIAN",9158e16be84a6db4d63d3289099f119b,JAYAPURA,-13,141,1,100.0,False
2025-07-11,"BELIEVE - TAKDIR, MIMPI, KEBERANIAN",919c7b9859d8ce7cab47dab2463e7fab,MAKASSAR,-13,190,1,100.0,False
2025-07-11,"BELIEVE - TAKDIR, MIMPI, KEBERANIAN",92e94ed55b4de8feaff9462a66e2dbd7,PEKANBARU,-13,166,1,100.0,False
2025-07-11,"BELIEVE - TAKDIR, MIMPI, KEBERANIAN",9aab42397bbc1d1cdb49f7044dc990f0,PALEMBANG,-13,205,1,100.0,False
2025-07-11,"BELIEVE - TAKDIR, MIMPI, KEBERANIAN",9cc7970100d8e4c2202f08cb78c6eb20,YOGYAKARTA,-13,144,1,100.0,False
2025-07-11,"BELIEVE - TAKDIR, MIMPI, KEBERANIAN",a616a546264044ed616bc2bdf2d9f7fc,YOGYAKARTA,-13,326,2,100.0,False
2025-07-11,"BELIEVE - TAKDIR, MIMPI, KEBERANIAN",a691dd0d8274fa85ecdc7d5ad6df1628,LAMPUNG,-13,166,1,100.0,False
2025-07-11,"BELIEVE - TAKDIR, MIMPI, KEBERANIAN",a6d19ebcb27f61cbf41a6552fbf68676,SIDOARJO,-13,153,1,100.0,False
2025-07-11,"BELIEVE - TAKDIR, MIMPI, KEBERANIAN",a9e141baa8b4ec825325397b16eeaae3,BOGOR,-13,201,1,100.0,False
2025-07-11,"BELIEVE - TAKDIR, MIMPI, KEBERANIAN",b704e8b10f13e14494b5a7a0ba39d9d9,JAKARTA,-13,337,2,100.0,False
2025-07-11,"BELIEVE - TAKDIR, MIMPI, KEBERANIAN",c4a19cbeb409639c836e4304976db0aa,BANDUNG,-13,366,2,100.0,False
2025-07-11,"BELIEVE - TAKDIR, MIMPI, KEBERANIAN",c71a18e33d4b7c73c8124c65fc3e6f1c,MANADO,-13,163,1,100.0,False
2025-07-11,"BELIEVE - TAKDIR, MIMPI, KEBERANIAN",da96492ebd43c4a193238d6c3205cc40,PEKANBARU,-13,177,1,100.0,False
2025-07-11,"BELIEVE - TAKDIR, MIMPI, KEBERANIAN",dc77e7e26c0e5e3a5c44ec2de0cedbde,DENPASAR,-13,183,1,100.0,False
2025-07-11,"BELIEVE - TAKDIR, MIMPI, KEBERANIAN",e3edf631650eb304cf386709b98005f6,DENPASAR,-13,148,1,100.0,False
2025-07-11,"BELIEVE - TAKDIR, MIMPI, KEBERANIAN",ea7df0c99b450ecdea38cf34ae1f158f,KISARAN,-13,149,1,100.0,False
2025-07-11,ASSALAMUALAIKUM BAITULLAH,ecace029de4a6bd4ae872928509cd71d,TASIKMALAYA,-6,150,1,100.0,False
2025-07-11,"BELIEVE - TAKDIR, MIMPI, KEBERANIAN",f292a4101ca0420357a2d18b3a013e5f,PALU,-13,150,1,100.0,False
2025-07-11,"BELIEVE - TAKDIR, MIMPI, KEBERANIAN",f3a9ac312f7bc4e2467a1bf02a6aa1e9,LAMPUNG,-13,176,1,100.0,False
2025-07-11,"BELIEVE - TAKDIR, MIMPI, KEBERANIAN",f54d37fc4c4d4b285aa3601041abc938,BOGOR,-13,174,1,100.0,False
2025-07-12,"BELIEVE - TAKDIR, MIMPI, KEBERANIAN",0191582d75f94a412c0fa12d36bcee3f,SURABAYA,-12,406,3,100.0,False
2025-07-12,KITAB SIJJIN & ILLIYYIN,0318cab65e5a4dbb61243ab4747fb621,SINGKAWANG,-5,137,1,100.0,True
2025-07-12,"BELIEVE - TAKDIR, MIMPI, KEBERANIAN",108f9a4d181f12fd1b7e3c9adae38478,TANGERANG,-12,154,1,100.0,False
2025-07-12,"BELIEVE - TAKDIR, MIMPI, KEBERANIAN",1240789770bc04e7d26e5fa31c075ced,MALANG,-12,177,1,100.0,False
2025-07-12,"BELIEVE - TAKDIR, MIMPI, KEBERANIAN",14b63ff2b104903ead7d884f25382e57,MALANG,-12,137,1,100.0,True
2025-07-12,"BELIEVE - TAKDIR, MIMPI, KEBERANIAN",218c50fa4df90b3241e39ff8ffb41102,SOLO,-12,313,2,100.0,False
2025-07-12,"BELIEVE - TAKDIR, MIMPI, KEBERANIAN",26a644178fbdb277dc3c50997f6df7fe,PALEMBANG,-12,135,1,100.0,True
2025-07-12,"BELIEVE - TAKDIR, MIMPI, KEBERANIAN",29fc89ab155e9f202326046c2e0023bb,MAKASSAR,-12,180,1,100.0,False
2025-07-12,"BELIEVE - TAKDIR, MIMPI, KEBERANIAN",2e0ec493a87e740511b7b565386c06fe,SORONG,-12,171,1,100.0,False
2025-07-12,"BELIEVE - TAKDIR, MIMPI, KEBERANIAN",35de0354d956048d1c9c49ff069eaa55,MEDAN,-12,174,1,100.0,False
2025-07-12,"BELIEVE - TAKDIR, MIMPI, KEBERANIAN",3acdf298dab1b92bbaaad74d86c0c40a,SEMARANG,-12,350,2,100.0,False
2025-07-12,"BELIEVE - TAKDIR, MIMPI, KEBERANIAN",3c41b96b56b0aab1ed5fc5e703499730,BALIKPAPAN,-12,189,1,100.0,False
2025-07-12,"BELIEVE - TAKDIR, MIMPI, KEBERANIAN",3f6093566521149f8e37fa4e3fafe7cc,PADANG,-12,295,2,100.0,False
2025-07-12,KITAB SIJJIN & ILLIYYIN,4a4c71e99772e87c9e35a56acd8be21e,TERNATE,-5,124,1,100.0,False
2025-07-12,"BELIEVE - TAKDIR, MIMPI, KEBERANIAN",4e12b237c826209f7ddc5b29a96380b6,BEKASI,-12,346,2,100.0,False
2025-07-12,"BELIEVE - TAKDIR, MIMPI, KEBERANIAN",4eb26b1058266dc50a63dc875e4d8846,MATARAM,-12,181,1,100.0,False
2025-07-12,"BELIEVE - TAKDIR, MIMPI, KEBERANIAN",4ed104ac0de10ba7eef50158603e0b32,JAKARTA,-12,521,3,100.0,False
2025-07-12,"BELIEVE - TAKDIR, MIMPI, KEBERANIAN",4fc3fc370b299876663c7d5c90595853,BANJARMASIN,-12,176,1,100.0,False
2025-07-12,KITAB SIJJIN & ILLIYYIN,4fc3fc370b299876663c7d5c90595853,BANJARMASIN,-5,130,1,100.0,True
2025-07-12,"BELIEVE - TAKDIR, MIMPI, KEBERANIAN",52eed153a88a6bdcb46cbb266a07cba2,TANGERANG,-12,163,1,100.0,False
2025-07-12,"BELIEVE - TAKDIR, MIMPI, KEBERANIAN",5b8eaa351fae8e6d1e759e814d74c1c5,MEDAN,-12,177,1,100.0,False
2025-07-12,"BELIEVE - TAKDIR, MIMPI, KEBERANIAN",5ff7565cdb056b4bdcb43d0ea2b5380d,KUPANG,-12,139,1,100.0,True
2025-07-12,"BELIEVE - TAKDIR, MIMPI, KEBERANIAN",6b88b1af662b72fbfa35004a8edfe2e9,DEPOK,-12,290,2,100.0,False
2025-07-12,"BELIEVE - TAKDIR, MIMPI, KEBERANIAN",7cade3ea25dae25fdb8c56776676b0c7,CILEGON,-12,157,1,100.0,False
2025-07-12,KITAB SIJJIN & ILLIYYIN,8188326fb0a403be03ea632997c8a959,GORONTALO,-5,116,1,100.0,False
2025-07-12,"BELIEVE - TAKDIR, MIMPI, KEBERANIAN",81c620b2538435926cbbf15745ef5901,MADIUN,-12,166,1,100.0,False
2025-07-12,"BELIEVE - TAKDIR, MIMPI, KEBERANIAN",862442166e956fe0e8355db8852d9440,TANGERANG,-12,138,1,100.0,True
2025-07-12,"BELIEVE - TAKDIR, MIMPI, KEBERANIAN",8750b9ee0b0c6c6afcfcb2a05e60efc0,BANDUNG,-12,130,1,100.0,True
2025-07-12,"BELIEVE - TAKDIR, MIMPI, KEBERANIAN",8d2e05da5624875993cb8580c88334a9,CIREBON,-12,305,2,100.0,False
2025-07-12,"BELIEVE - TAKDIR, MIMPI, KEBERANIAN",8dbfb7aeb4ed822b358347332ba630af,JAKARTA,-12,852,5,100.0,False
2025-07-12,GERBANG SETAN,8dbfb7aeb4ed822b358347332ba630af,JAKARTA,-5,1146,3,100.0,False
2025-07-12,"BELIEVE - TAKDIR, MIMPI, KEBERANIAN",9158e16be84a6db4d63d3289099f119b,JAYAPURA,-12,138,1,100.0,True
2025-07-12,"BELIEVE - TAKDIR, MIMPI, KEBERANIAN",919c7b9859d8ce7cab47dab2463e7fab,MAKASSAR,-12,191,1,100.0,False
2025-07-12,"BELIEVE - TAKDIR, MIMPI, KEBERANIAN",92e94ed55b4de8feaff9462a66e2dbd7,PEKANBARU,-12,166,1,100.0,False
2025-07-12,"BELIEVE - TAKDIR, MIMPI, KEBERANIAN",9aab42397bbc1d1cdb49f7044dc990f0,PALEMBANG,-12,205,1,100.0,False
2025-07-12,"BELIEVE - TAKDIR, MIMPI, KEBERANIAN",9cc7970100d8e4c2202f08cb78c6eb20,YOGYAKARTA,-12,142,1,100.0,False
2025-07-12,"BELIEVE - TAKDIR, MIMPI, KEBERANIAN",a616a546264044ed616bc2bdf2d9f7fc,YOGYAKARTA,-12,326,2,100.0,False
2025-07-12,"BELIEVE - TAKDIR, MIMPI, KEBERANIAN",a691dd0d8274fa85ecdc7d5ad6df1628,LAMPUNG,-12,168,1,100.0,False
2025-07-12,"BELIEVE - TAKDIR, MIMPI, KEBERANIAN",a6d19ebcb27f61cbf41a6552fbf68676,SIDOARJO,-12,153,1,100.0,False
2025-07-12,"BELIEVE - TAKDIR, MIMPI, KEBERANIAN",a9e141baa8b4ec825325397b16eeaae3,BOGOR,-12,199,1,100.0,False
2025-07-12,"BELIEVE - TAKDIR, MIMPI, KEBERANIAN",b704e8b10f13e14494b5a7a0ba39d9d9,JAKARTA,-12,337,2,100.0,False
2025-07-12,ASSALAMUALAIKUM BAITULLAH,c4a19cbeb409639c836e4304976db0aa,BANDUNG,-5,295,2,100.0,False
2025-07-12,"BELIEVE - TAKDIR, MIMPI, KEBERANIAN",c4a19cbeb409639c836e4304976db0aa,BANDUNG,-12,817,5,100.0,False
2025-07-12,"BELIEVE - TAKDIR, MIMPI, KEBERANIAN",c71a18e33d4b7c73c8124c65fc3e6f1c,MANADO,-12,163,1,100.0,False
2025-07-12,"BELIEVE - TAKDIR, MIMPI, KEBERANIAN",da96492ebd43c4a193238d6c3205cc40,PEKANBARU,-12,174,1,100.0,False
2025-07-12,"BELIEVE - TAKDIR, MIMPI, KEBERANIAN",dc77e7e26c0e5e3a5c44ec2de0cedbde,DENPASAR,-12,183,1,100.0,False
2025-07-12,"BELIEVE - TAKDIR, MIMPI, KEBERANIAN",e3edf631650eb304cf386709b98005f6,DENPASAR,-12,150,1,100.0,False
2025-07-12,"BELIEVE - TAKDIR, MIMPI, KEBERANIAN",ea7df0c99b450ecdea38cf34ae1f158f,KISARAN,-12,149,1,100.0,False
2025-07-12,"BELIEVE - TAKDIR, MIMPI, KEBERANIAN",f292a4101ca0420357a2d18b3a013e5f,PALU,-12,150,1,100.0,False
2025-07-12,KITAB SIJJIN & ILLIYYIN,f292a4101ca0420357a2d18b3a013e5f,PALU,-5,139,1,100.0,True
2025-07-12,"BELIEVE - TAKDIR, MIMPI, KEBERANIAN",f3a9ac312f7bc4e2467a1bf02a6aa1e9,LAMPUNG,-12,177,1,100.0,False
2025-07-12,"BELIEVE - TAKDIR, MIMPI, KEBERANIAN",f54d37fc4c4d4b285aa3601041abc938,BOGOR,-12,177,1,100.0,False
2025-07-12,KITAB SIJJIN & ILLIYYIN,fcf80028ec9bbf8efaee3932e529a78f,INDRAMAYU,-5,165,1,100.0,False
2025-07-13,"BELIEVE - TAKDIR, MIMPI, KEBERANIAN",0191582d75f94a412c0fa12d36bcee3f,SURABAYA,-11,406,3,100.0,False
2025-07-13,"BELIEVE - TAKDIR, MIMPI, KEBERANIAN",108f9a4d181f12fd1b7e3c9adae38478,TANGERANG,-11,154,1,100.0,False
2025-07-13,"BELIEVE - TAKDIR, MIMPI, KEBERANIAN",1240789770bc04e7d26e5fa31c075ced,MALANG,-11,174,1,100.0,False
2025-07-13,"BELIEVE - TAKDIR, MIMPI, KEBERANIAN",14b63ff2b104903ead7d884f25382e57,MALANG,-11,135,1,100.0,True
2025-07-13,KITAB SIJJIN & ILLIYYIN,202dbf4df0e433f092fca1aa8162c400,TARAKAN,-4,134,1,100.0,True
2025-07-13,"BELIEVE - TAKDIR, MIMPI, KEBERANIAN",218c50fa4df90b3241e39ff8ffb41102,SOLO,-11,313,2,100.0,False
2025-07-13,"BELIEVE - TAKDIR, MIMPI, KEBERANIAN",26a644178fbdb277dc3c50997f6df7fe,PALEMBANG,-11,135,1,100.0,True
2025-07-13,"BELIEVE - TAKDIR, MIMPI, KEBERANIAN",29fc89ab155e9f202326046c2e0023bb,MAKASSAR,-11,178,1,100.0,False
2025-07-13,"BELIEVE - TAKDIR, MIMPI, KEBERANIAN",2e0ec493a87e740511b7b565386c06fe,SORONG,-11,172,1,100.0,False
2025-07-13,"BELIEVE - TAKDIR, MIMPI, KEBERANIAN",35de0354d956048d1c9c49ff069eaa55,MEDAN,-11,176,1,100.0,False
2025-07-13,"BELIEVE - TAKDIR, MIMPI, KEBERANIAN",3acdf298dab1b92bbaaad74d86c0c40a,SEMARANG,-11,343,2,100.0,False
2025-07-13,"BELIEVE - TAKDIR, MIMPI, KEBERANIAN",3c41b96b56b0aab1ed5fc5e703499730,BALIKPAPAN,-11,185,1,100.0,False
2025-07-13,KITAB SIJJIN & ILLIYYIN,3c41b96b56b0aab1ed5fc5e703499730,BALIKPAPAN,-4,164,1,100.0,False
2025-07-13,"BELIEVE - TAKDIR, MIMPI, KEBERANIAN",3f6093566521149f8e37fa4e3fafe7cc,PADANG,-11,295,2,100.0,False
2025-07-13,"BELIEVE - TAKDIR, MIMPI, KEBERANIAN",4e12b237c826209f7ddc5b29a96380b6,BEKASI,-11,346,2,100.0,False
2025-07-13,"BELIEVE - TAKDIR, MIMPI, KEBERANIAN",4eb26b1058266dc50a63dc875e4d8846,MATARAM,-11,181,1,100.0,False
2025-07-13,"BELIEVE - TAKDIR, MIMPI, KEBERANIAN",4ed104ac0de10ba7eef50158603e0b32,JAKARTA,-11,516,3,100.0,False
2025-07-13,"BELIEVE - TAKDIR, MIMPI, KEBERANIAN",4fc3fc370b299876663c7d5c90595853,BANJARMASIN,-11,176,1,100.0,False
2025-07-13,"BELIEVE - TAKDIR, MIMPI, KEBERANIAN",52eed153a88a6bdcb46cbb266a07cba2,TANGERANG,-11,163,1,100.0,False
2025-07-13,"BELIEVE - TAKDIR, MIMPI, KEBERANIAN",5b8eaa351fae8e6d1e759e814d74c1c5,MEDAN,-11,176,1,100.0,False
2025-07-13,"BELIEVE - TAKDIR, MIMPI, KEBERANIAN",5ff7565cdb056b4bdcb43d0ea2b5380d,KUPANG,-11,138,1,100.0,True
2025-07-13,"BELIEVE - TAKDIR, MIMPI, KEBERANIAN",6b88b1af662b72fbfa35004a8edfe2e9,DEPOK,-11,290,2,100.0,False
2025-07-13,KITAB SIJJIN & ILLIYYIN,6b88b1af662b72fbfa35004a8edfe2e9,DEPOK,-4,139,1,100.0,True
2025-07-13,"BELIEVE - TAKDIR, MIMPI, KEBERANIAN",7cade3ea25dae25fdb8c56776676b0c7,CILEGON,-11,157,1,100.0,False
2025-07-13,"BELIEVE - TAKDIR, MIMPI, KEBERANIAN",81c620b2538435926cbbf15745ef5901,MADIUN,-11,166,1,100.0,False
2025-07-13,"BELIEVE - TAKDIR, MIMPI, KEBERANIAN",862442166e956fe0e8355db8852d9440,TANGERANG,-11,141,1,100.0,False
2025-07-13,"BELIEVE - TAKDIR, MIMPI, KEBERANIAN",8750b9ee0b0c6c6afcfcb2a05e60efc0,BANDUNG,-11,128,1,100.0,False
2025-07-13,"BELIEVE - TAKDIR, MIMPI, KEBERANIAN",8d2e05da5624875993cb8580c88334a9,CIREBON,-11,311,2,100.0,False
2025-07-13,"BELIEVE - TAKDIR, MIMPI, KEBERANIAN",8dbfb7aeb4ed822b358347332ba630af,JAKARTA,-11,843,5,100.0,False
2025-07-13,"BELIEVE - TAKDIR, MIMPI, KEBERANIAN",9158e16be84a6db4d63d3289099f119b,JAYAPURA,-11,138,1,100.0,True
2025-07-13,KITAB SIJJIN & ILLIYYIN,9158e16be84a6db4d63d3289099f119b,JAYAPURA,-4,122,1,100.0,False
2025-07-13,"BELIEVE - TAKDIR, MIMPI, KEBERANIAN",919c7b9859d8ce7cab47dab2463e7fab,MAKASSAR,-11,190,1,100.0,False
2025-07-13,"BELIEVE - TAKDIR, MIMPI, KEBERANIAN",92e94ed55b4de8feaff9462a66e2dbd7,PEKANBARU,-11,165,1,100.0,False
2025-07-13,"BELIEVE - TAKDIR, MIMPI, KEBERANIAN",9aab42397bbc1d1cdb49f7044dc990f0,PALEMBANG,-11,203,1,100.0,False
2025-07-13,"BELIEVE - TAKDIR, MIMPI, KEBERANIAN",9cc7970100d8e4c2202f08cb78c6eb20,YOGYAKARTA,-11,144,1,100.0,False
2025-07-13,"BELIEVE - TAKDIR, MIMPI, KEBERANIAN",a616a546264044ed616bc2bdf2d9f7fc,YOGYAKARTA,-11,322,2,100.0,False
2025-07-13,"BELIEVE - TAKDIR, MIMPI, KEBERANIAN",a691dd0d8274fa85ecdc7d5ad6df1628,LAMPUNG,-11,165,1,100.0,False
2025-07-13,"BELIEVE - TAKDIR, MIMPI, KEBERANIAN",a6d19ebcb27f61cbf41a6552fbf68676,SIDOARJO,-11,152,1,100.0,False
2025-07-13,"BELIEVE - TAKDIR, MIMPI, KEBERANIAN",a9e141baa8b4ec825325397b16eeaae3,BOGOR,-11,199,1,100.0,False
2025-07-13,KITAB SIJJIN & ILLIYYIN,a9e141baa8b4ec825325397b16eeaae3,BOGOR,-4,134,1,100.0,True
2025-07-13,"BELIEVE - TAKDIR, MIMPI, KEBERANIAN",b704e8b10f13e14494b5a7a0ba39d9d9,JAKARTA,-11,340,2,100.0,False
2025-07-13,KITAB SIJJIN & ILLIYYIN,bf33cc26f29bf266a83e35901fa80c9c,AMBON,-4,150,1,100.0,False
2025-07-13,"BELIEVE - TAKDIR, MIMPI, KEBERANIAN",c4a19cbeb409639c836e4304976db0aa,BANDUNG,-11,508,3,100.0,False
2025-07-13,BERTAUT RINDU: SEMUA IMPIAN BERHAK DIRAYAKAN,c4a19cbeb409639c836e4304976db0aa,BANDUNG,-18,232,2,100.0,False
2025-07-13,"BELIEVE - TAKDIR, MIMPI, KEBERANIAN",c71a18e33d4b7c73c8124c65fc3e6f1c,MANADO,-11,163,1,100.0,False
2025-07-13,"BELIEVE - TAKDIR, MIMPI, KEBERANIAN",da96492ebd43c4a193238d6c3205cc40,PEKANBARU,-11,174,1,100.0,False
2025-07-13,"BELIEVE - TAKDIR, MIMPI, KEBERANIAN",dc77e7e26c0e5e3a5c44ec2de0cedbde,DENPASAR,-11,185,1,100.0,False
2025-07-13,"BELIEVE - TAKDIR, MIMPI, KEBERANIAN",e3edf631650eb304cf386709b98005f6,DENPASAR,-11,150,1,100.0,False
2025-07-13,"BELIEVE - TAKDIR, MIMPI, KEBERANIAN",ea7df0c99b450ecdea38cf34ae1f158f,KISARAN,-11,148,1,100.0,False
2025-07-13,"BELIEVE - TAKDIR, MIMPI, KEBERANIAN",f292a4101ca0420357a2d18b3a013e5f,PALU,-11,151,1,100.0,False
2025-07-13,"BELIEVE - TAKDIR, MIMPI, KEBERANIAN",f3a9ac312f7bc4e2467a1bf02a6aa1e9,LAMPUNG,-11,177,1,100.0,False
2025-07-13,ASSALAMUALAIKUM BAITULLAH,f54d37fc4c4d4b285aa3601041abc938,BOGOR,-4,290,2,100.0,False
2025-07-13,"BELIEVE - TAKDIR, MIMPI, KEBERANIAN",f54d37fc4c4d4b285aa3601041abc938,BOGOR,-11,177,1,100.0,False
2025-07-13,KITAB SIJJIN & ILLIYYIN,fbaf4d5f0c18dc603a21aef31da59ee6,SAMARINDA,-4,144,1,100.0,False
2025-07-14,"BELIEVE - TAKDIR, MIMPI, KEBERANIAN",0191582d75f94a412c0fa12d36bcee3f,SURABAYA,-10,410,3,100.0,False
2025-07-14,"BELIEVE - TAKDIR, MIMPI, KEBERANIAN",108f9a4d181f12fd1b7e3c9adae38478,TANGERANG,-10,154,1,100.0,False
2025-07-14,"BELIEVE - TAKDIR, MIMPI, KEBERANIAN",1240789770bc04e7d26e5fa31c075ced,MALANG,-10,174,1,100.0,False
2025-07-14,"BELIEVE - TAKDIR, MIMPI, KEBERANIAN",14b63ff2b104903ead7d884f25382e57,MALANG,-10,134,1,100.0,True
2025-07-14,"BELIEVE - TAKDIR, MIMPI, KEBERANIAN",218c50fa4df90b3241e39ff8ffb41102,SOLO,-10,313,2,100.0,False
2025-07-14,"BELIEVE - TAKDIR, MIMPI, KEBERANIAN",26a644178fbdb277dc3c50997f6df7fe,PALEMBANG,-10,137,1,100.0,True
2025-07-14,"BELIEVE - TAKDIR, MIMPI, KEBERANIAN",29fc89ab155e9f202326046c2e0023bb,MAKASSAR,-10,176,1,100.0,False
2025-07-14,"BELIEVE - TAKDIR, MIMPI, KEBERANIAN",2e0ec493a87e740511b7b565386c06fe,SORONG,-10,172,1,100.0,False
2025-07-14,"BELIEVE - TAKDIR, MIMPI, KEBERANIAN",35de0354d956048d1c9c49ff069eaa55,MEDAN,-10,176,1,100.0,False
2025-07-14,"BELIEVE - TAKDIR, MIMPI, KEBERANIAN",3acdf298dab1b92bbaaad74d86c0c40a,SEMARANG,-10,346,2,100.0,False
2025-07-14,"BELIEVE - TAKDIR, MIMPI, KEBERANIAN",3c41b96b56b0aab1ed5fc5e703499730,BALIKPAPAN,-10,185,1,100.0,False
2025-07-14,"BELIEVE - TAKDIR, MIMPI, KEBERANIAN",3f6093566521149f8e37fa4e3fafe7cc,PADANG,-10,297,2,100.0,False
2025-07-14,"BELIEVE - TAKDIR, MIMPI, KEBERANIAN",4e12b237c826209f7ddc5b29a96380b6,BEKASI,-10,343,2,100.0,False
2025-07-14,"BELIEVE - TAKDIR, MIMPI, KEBERANIAN",4eb26b1058266dc50a63dc875e4d8846,MATARAM,-10,181,1,100.0,False
2025-07-14,"BELIEVE - TAKDIR, MIMPI, KEBERANIAN",4ed104ac0de10ba7eef50158603e0b32,JAKARTA,-10,557,4,100.0,False
2025-07-14,"BELIEVE - TAKDIR, MIMPI, KEBERANIAN",4fc3fc370b299876663c7d5c90595853,BANJARMASIN,-10,177,1,100.0,False
2025-07-14,"BELIEVE - TAKDIR, MIMPI, KEBERANIAN",52eed153a88a6bdcb46cbb266a07cba2,TANGERANG,-10,163,1,100.0,False
2025-07-14,"BELIEVE - TAKDIR, MIMPI, KEBERANIAN",5b8eaa351fae8e6d1e759e814d74c1c5,MEDAN,-10,177,1,100.0,False
2025-07-14,"BELIEVE - TAKDIR, MIMPI, KEBERANIAN",5ff7565cdb056b4bdcb43d0ea2b5380d,KUPANG,-10,138,1,100.0,True
2025-07-14,"BELIEVE - TAKDIR, MIMPI, KEBERANIAN",6b88b1af662b72fbfa35004a8edfe2e9,DEPOK,-10,296,2,100.0,False
2025-07-14,"BELIEVE - TAKDIR, MIMPI, KEBERANIAN",7cade3ea25dae25fdb8c56776676b0c7,CILEGON,-10,160,1,100.0,False
2025-07-14,"BELIEVE - TAKDIR, MIMPI, KEBERANIAN",81c620b2538435926cbbf15745ef5901,MADIUN,-10,168,1,100.0,False
2025-07-14,"BELIEVE - TAKDIR, MIMPI, KEBERANIAN",862442166e956fe0e8355db8852d9440,TANGERANG,-10,138,1,100.0,True
2025-07-14,"BELIEVE - TAKDIR, MIMPI, KEBERANIAN",8750b9ee0b0c6c6afcfcb2a05e60efc0,BANDUNG,-10,128,1,100.0,False
2025-07-14,"BELIEVE - TAKDIR, MIMPI, KEBERANIAN",8d2e05da5624875993cb8580c88334a9,CIREBON,-10,308,2,100.0,False
2025-07-14,"BELIEVE - TAKDIR, MIMPI, KEBERANIAN",8dbfb7aeb4ed822b358347332ba630af,JAKARTA,-10,980,6,100.0,False
2025-07-14,"BELIEVE - TAKDIR, MIMPI, KEBERANIAN",9158e16be84a6db4d63d3289099f119b,JAYAPURA,-10,138,1,100.0,True
2025-07-14,"BELIEVE - TAKDIR, MIMPI, KEBERANIAN",919c7b9859d8ce7cab47dab2463e7fab,MAKASSAR,-10,191,1,100.0,False
2025-07-14,"BELIEVE - TAKDIR, MIMPI, KEBERANIAN",92e94ed55b4de8feaff9462a66e2dbd7,PEKANBARU,-10,166,1,100.0,False
2025-07-14,"BELIEVE - TAKDIR, MIMPI, KEBERANIAN",9aab42397bbc1d1cdb49f7044dc990f0,PALEMBANG,-10,203,1,100.0,False
2025-07-14,"BELIEVE - TAKDIR, MIMPI, KEBERANIAN",9cc7970100d8e4c2202f08cb78c6eb20,YOGYAKARTA,-10,141,1,100.0,False
2025-07-14,"BELIEVE - TAKDIR, MIMPI, KEBERANIAN",a616a546264044ed616bc2bdf2d9f7fc,YOGYAKARTA,-10,322,2,100.0,False
2025-07-14,"BELIEVE - TAKDIR, MIMPI, KEBERANIAN",a691dd0d8274fa85ecdc7d5ad6df1628,LAMPUNG,-10,166,1,100.0,False
2025-07-14,"BELIEVE - TAKDIR, MIMPI, KEBERANIAN",a6d19ebcb27f61cbf41a6552fbf68676,SIDOARJO,-10,152,1,100.0,False
2025-07-14,"BELIEVE - TAKDIR, MIMPI, KEBERANIAN",a9e141baa8b4ec825325397b16eeaae3,BOGOR,-10,201,1,100.0,False
2025-07-14,"BELIEVE - TAKDIR, MIMPI, KEBERANIAN",b704e8b10f13e14494b5a7a0ba39d9d9,JAKARTA,-10,340,2,100.0,False
2025-07-14,"BELIEVE - TAKDIR, MIMPI, KEBERANIAN",c4a19cbeb409639c836e4304976db0aa,BANDUNG,-10,363,2,100.0,False
2025-07-14,"BELIEVE - TAKDIR, MIMPI, KEBERANIAN",c71a18e33d4b7c73c8124c65fc3e6f1c,MANADO,-10,164,1,100.0,False
2025-07-14,"BELIEVE - TAKDIR, MIMPI, KEBERANIAN",da96492ebd43c4a193238d6c3205cc40,PEKANBARU,-10,177,1,100.0,False
2025-07-14,"BELIEVE - TAKDIR, MIMPI, KEBERANIAN",dc77e7e26c0e5e3a5c44ec2de0cedbde,DENPASAR,-10,185,1,100.0,False
2025-07-14,"BELIEVE - TAKDIR, MIMPI, KEBERANIAN",e3edf631650eb304cf386709b98005f6,DENPASAR,-10,151,1,100.0,False
2025-07-14,"BELIEVE - TAKDIR, MIMPI, KEBERANIAN",ea7df0c99b450ecdea38cf34ae1f158f,KISARAN,-10,149,1,100.0,False
2025-07-14,"BELIEVE - TAKDIR, MIMPI, KEBERANIAN",f292a4101ca0420357a2d18b3a013e5f,PALU,-10,151,1,100.0,False
2025-07-14,"BELIEVE - TAKDIR, MIMPI, KEBERANIAN",f3a9ac312f7bc4e2467a1bf02a6aa1e9,LAMPUNG,-10,177,1,100.0,False
2025-07-14,"BELIEVE - TAKDIR, MIMPI, KEBERANIAN",f54d37fc4c4d4b285aa3601041abc938,BOGOR,-10,176,1,100.0,False
2025-07-15,"BELIEVE - TAKDIR, MIMPI, KEBERANIAN",0191582d75f94a412c0fa12d36bcee3f,SURABAYA,-9,406,3,100.0,False
2025-07-15,"BELIEVE - TAKDIR, MIMPI, KEBERANIAN",108f9a4d181f12fd1b7e3c9adae38478,TANGERANG,-9,152,1,100.0,False
2025-07-15,"BELIEVE - TAKDIR, MIMPI, KEBERANIAN",1240789770bc04e7d26e5fa31c075ced,MALANG,-9,176,1,100.0,False
2025-07-15,"BELIEVE - TAKDIR, MIMPI, KEBERANIAN",14b63ff2b104903ead7d884f25382e57,MALANG,-9,135,1,100.0,True
2025-07-15,"BELIEVE - TAKDIR, MIMPI, KEBERANIAN",218c50fa4df90b3241e39ff8ffb41102,SOLO,-9,316,2,100.0,False
2025-07-15,"BELIEVE - TAKDIR, MIMPI, KEBERANIAN",26a644178fbdb277dc3c50997f6df7fe,PALEMBANG,-9,137,1,100.0,True
2025-07-15,"BELIEVE - TAKDIR, MIMPI, KEBERANIAN",29fc89ab155e9f202326046c2e0023bb,MAKASSAR,-9,178,1,100.0,False
2025-07-15,"BELIEVE - TAKDIR, MIMPI, KEBERANIAN",2e0ec493a87e740511b7b565386c06fe,SORONG,-9,171,1,100.0,False
2025-07-15,"BELIEVE - TAKDIR, MIMPI, KEBERANIAN",35de0354d956048d1c9c49ff069eaa55,MEDAN,-9,174,1,100.0,False
2025-07-15,"BELIEVE - TAKDIR, MIMPI, KEBERANIAN",3acdf298dab1b92bbaaad74d86c0c40a,SEMARANG,-9,350,2,100.0,False
2025-07-15,"BELIEVE - TAKDIR, MIMPI, KEBERANIAN",3c41b96b56b0aab1ed5fc5e703499730,BALIKPAPAN,-9,185,1,100.0,False
2025-07-15,"BELIEVE - TAKDIR, MIMPI, KEBERANIAN",3f6093566521149f8e37fa4e3fafe7cc,PADANG,-9,297,2,100.0,False
2025-07-15,"BELIEVE - TAKDIR, MIMPI, KEBERANIAN",4e12b237c826209f7ddc5b29a96380b6,BEKASI,-9,346,2,100.0,False
2025-07-15,"BELIEVE - TAKDIR, MIMPI, KEBERANIAN",4eb26b1058266dc50a63dc875e4d8846,MATARAM,-9,177,1,100.0,False
2025-07-15,"BELIEVE - TAKDIR, MIMPI, KEBERANIAN",4ed104ac0de10ba7eef50158603e0b32,JAKARTA,-9,521,3,100.0,False
2025-07-15,"BELIEVE - TAKDIR, MIMPI, KEBERANIAN",4fc3fc370b299876663c7d5c90595853,BANJARMASIN,-9,174,1,100.0,False
2025-07-15,"BELIEVE - TAKDIR, MIMPI, KEBERANIAN",52eed153a88a6bdcb46cbb266a07cba2,TANGERANG,-9,164,1,100.0,False
2025-07-15,"BELIEVE - TAKDIR, MIMPI, KEBERANIAN",5ff7565cdb056b4bdcb43d0ea2b5380d,KUPANG,-9,141,1,100.0,False
2025-07-15,"BELIEVE - TAKDIR, MIMPI, KEBERANIAN",6b88b1af662b72fbfa35004a8edfe2e9,DEPOK,-9,293,2,100.0,False
2025-07-15,"BELIEVE - TAKDIR, MIMPI, KEBERANIAN",7cade3ea25dae25fdb8c56776676b0c7,CILEGON,-9,157,1,100.0,False
2025-07-15,"BELIEVE - TAKDIR, MIMPI, KEBERANIAN",81c620b2538435926cbbf15745ef5901,MADIUN,-9,168,1,100.0,False
2025-07-15,"BELIEVE - TAKDIR, MIMPI, KEBERANIAN",862442166e956fe0e8355db8852d9440,TANGERANG,-9,141,1,100.0,False
2025-07-15,"BELIEVE - TAKDIR, MIMPI, KEBERANIAN",8750b9ee0b0c6c6afcfcb2a05e60efc0,BANDUNG,-9,129,1,100.0,False
2025-07-15,"BELIEVE - TAKDIR, MIMPI, KEBERANIAN",8d2e05da5624875993cb8580c88334a9,CIREBON,-9,311,2,100.0,False
2025-07-15,"BELIEVE - TAKDIR, MIMPI, KEBERANIAN",8dbfb7aeb4ed822b358347332ba630af,JAKARTA,-9,989,6,100.0,False
2025-07-15,"BELIEVE - TAKDIR, MIMPI, KEBERANIAN",9158e16be84a6db4d63d3289099f119b,JAYAPURA,-9,141,1,100.0,False
2025-07-15,"BELIEVE - TAKDIR, MIMPI, KEBERANIAN",919c7b9859d8ce7cab47dab2463e7fab,MAKASSAR,-9,193,1,100.0,False
2025-07-15,"BELIEVE - TAKDIR, MIMPI, KEBERANIAN",92e94ed55b4de8feaff9462a66e2dbd7,PEKANBARU,-9,165,1,100.0,False
2025-07-15,"BELIEVE - TAKDIR, MIMPI, KEBERANIAN",9aab42397bbc1d1cdb49f7044dc990f0,PALEMBANG,-9,201,1,100.0,False
2025-07-15,"BELIEVE - TAKDIR, MIMPI, KEBERANIAN",9cc7970100d8e4c2202f08cb78c6eb20,YOGYAKARTA,-9,141,1,100.0,False
2025-07-15,"BELIEVE - TAKDIR, MIMPI, KEBERANIAN",a616a546264044ed616bc2bdf2d9f7fc,YOGYAKARTA,-9,326,2,100.0,False
2025-07-15,"BELIEVE - TAKDIR, MIMPI, KEBERANIAN",a691dd0d8274fa85ecdc7d5ad6df1628,LAMPUNG,-9,168,1,100.0,False
2025-07-15,"BELIEVE - TAKDIR, MIMPI, KEBERANIAN",a6d19ebcb27f61cbf41a6552fbf68676,SIDOARJO,-9,150,1,100.0,False
2025-07-15,"BELIEVE - TAKDIR, MIMPI, KEBERANIAN",a9e141baa8b4ec825325397b16eeaae3,BOGOR,-9,201,1,100.0,False
2025-07-15,"BELIEVE - TAKDIR, MIMPI, KEBERANIAN",b704e8b10f13e14494b5a7a0ba39d9d9,JAKARTA,-9,343,2,100.0,False
2025-07-15,I KNOW WHAT YOU DID LAST SUMMER,b704e8b10f13e14494b5a7a0ba39d9d9,JAKARTA,-1,416,2,100.0,False
2025-07-15,"BELIEVE - TAKDIR, MIMPI, KEBERANIAN",c4a19cbeb409639c836e4304976db0aa,BANDUNG,-9,366,2,100.0,False
2025-07-15,"BELIEVE - TAKDIR, MIMPI, KEBERANIAN",c71a18e33d4b7c73c8124c65fc3e6f1c,MANADO,-9,166,1,100.0,False
2025-07-15,"BELIEVE - TAKDIR, MIMPI, KEBERANIAN",da96492ebd43c4a193238d6c3205cc40,PEKANBARU,-9,176,1,100.0,False
2025-07-15,"BELIEVE - TAKDIR, MIMPI, KEBERANIAN",dc77e7e26c0e5e3a5c44ec2de0cedbde,DENPASAR,-9,187,1,100.0,False
2025-07-15,"BELIEVE - TAKDIR, MIMPI, KEBERANIAN",e3edf631650eb304cf386709b98005f6,DENPASAR,-9,148,1,100.0,False
2025-07-15,"BELIEVE - TAKDIR, MIMPI, KEBERANIAN",ea7df0c99b450ecdea38cf34ae1f158f,KISARAN,-9,149,1,100.0,False
2025-07-15,"BELIEVE - TAKDIR, MIMPI, KEBERANIAN",f292a4101ca0420357a2d18b3a013e5f,PALU,-9,148,1,100.0,False
2025-07-15,"BELIEVE - TAKDIR, MIMPI, KEBERANIAN",f3a9ac312f7bc4e2467a1bf02a6aa1e9,LAMPUNG,-9,177,1,100.0,False
2025-07-15,"BELIEVE - TAKDIR, MIMPI, KEBERANIAN",f54d37fc4c4d4b285aa3601041abc938,BOGOR,-9,177,1,100.0,False
2025-07-16,"BELIEVE - TAKDIR, MIMPI, KEBERANIAN",0191582d75f94a412c0fa12d36bcee3f,SURABAYA,-8,410,3,100.0,False
2025-07-16,"BELIEVE - TAKDIR, MIMPI, KEBERANIAN",108f9a4d181f12fd1b7e3c9adae38478,TANGERANG,-8,154,1,100.0,False
2025-07-16,"BELIEVE - TAKDIR, MIMPI, KEBERANIAN",1240789770bc04e7d26e5fa31c075ced,MALANG,-8,177,1,100.0,False
2025-07-16,"BELIEVE - TAKDIR, MIMPI, KEBERANIAN",14b63ff2b104903ead7d884f25382e57,MALANG,-8,135,1,100.0,True
2025-07-16,"BELIEVE - TAKDIR, MIMPI, KEBERANIAN",218c50fa4df90b3241e39ff8ffb41102,SOLO,-8,319,2,100.0,False
2025-07-16,"BELIEVE - TAKDIR, MIMPI, KEBERANIAN",26a644178fbdb277dc3c50997f6df7fe,PALEMBANG,-8,137,1,100.0,True
2025-07-16,"BELIEVE - TAKDIR, MIMPI, KEBERANIAN",29fc89ab155e9f202326046c2e0023bb,MAKASSAR,-8,178,1,100.0,False
2025-07-16,"BELIEVE - TAKDIR, MIMPI, KEBERANIAN",2e0ec493a87e740511b7b565386c06fe,SORONG,-8,169,1,100.0,False
2025-07-16,"BELIEVE - TAKDIR, MIMPI, KEBERANIAN",35de0354d956048d1c9c49ff069eaa55,MEDAN,-8,174,1,100.0,False
2025-07-16,"BELIEVE - TAKDIR, MIMPI, KEBERANIAN",3acdf298dab1b92bbaaad74d86c0c40a,SEMARANG,-8,346,2,100.0,False
2025-07-16,"BELIEVE - TAKDIR, MIMPI, KEBERANIAN",3c41b96b56b0aab1ed5fc5e703499730,BALIKPAPAN,-8,189,1,100.0,False
2025-07-16,"BELIEVE - TAKDIR, MIMPI, KEBERANIAN",3f6093566521149f8e37fa4e3fafe7cc,PADANG,-8,297,2,100.0,False
2025-07-16,"BELIEVE - TAKDIR, MIMPI, KEBERANIAN",4e12b237c826209f7ddc5b29a96380b6,BEKASI,-8,350,2,100.0,False
2025-07-16,"BELIEVE - TAKDIR, MIMPI, KEBERANIAN",4eb26b1058266dc50a63dc875e4d8846,MATARAM,-8,179,1,100.0,False
2025-07-16,"BELIEVE - TAKDIR, MIMPI, KEBERANIAN",4ed104ac0de10ba7eef50158603e0b32,JAKARTA,-8,693,5,100.0,False
2025-07-16,GERBANG SETAN,4ed104ac0de10ba7eef50158603e0b32,JAKARTA,-1,159,1,100.0,False
2025-07-16,"BELIEVE - TAKDIR, MIMPI, KEBERANIAN",4fc3fc370b299876663c7d5c90595853,BANJARMASIN,-8,176,1,100.0,False
2025-07-16,"BELIEVE - TAKDIR, MIMPI, KEBERANIAN",52eed153a88a6bdcb46cbb266a07cba2,TANGERANG,-8,163,1,100.0,False
2025-07-16,"BELIEVE - TAKDIR, MIMPI, KEBERANIAN",5b8eaa351fae8e6d1e759e814d74c1c5,MEDAN,-8,146,1,99.91,False
2025-07-16,"BELIEVE - TAKDIR, MIMPI, KEBERANIAN",5ff7565cdb056b4bdcb43d0ea2b5380d,KUPANG,-8,138,1,100.0,True
2025-07-16,"BELIEVE - TAKDIR, MIMPI, KEBERANIAN",6b88b1af662b72fbfa35004a8edfe2e9,DEPOK,-8,296,2,100.0,False
2025-07-16,"BELIEVE - TAKDIR, MIMPI, KEBERANIAN",7cade3ea25dae25fdb8c56776676b0c7,CILEGON,-8,160,1,100.0,False
2025-07-16,"BELIEVE - TAKDIR, MIMPI, KEBERANIAN",81c620b2538435926cbbf15745ef5901,MADIUN,-8,166,1,100.0,False
2025-07-16,"BELIEVE - TAKDIR, MIMPI, KEBERANIAN",862442166e956fe0e8355db8852d9440,TANGERANG,-8,139,1,100.0,True
2025-07-16,BERTAUT RINDU: SEMUA IMPIAN BERHAK DIRAYAKAN,862442166e956fe0e8355db8852d9440,TANGERANG,-15,128,1,100.0,False
2025-07-16,"BELIEVE - TAKDIR, MIMPI, KEBERANIAN",8750b9ee0b0c6c6afcfcb2a05e60efc0,BANDUNG,-8,129,1,100.0,False
2025-07-16,"BELIEVE - TAKDIR, MIMPI, KEBERANIAN",8d2e05da5624875993cb8580c88334a9,CIREBON,-8,311,2,100.0,False
2025-07-16,"BELIEVE - TAKDIR, MIMPI, KEBERANIAN",8dbfb7aeb4ed822b358347332ba630af,JAKARTA,-8,843,5,100.0,False
2025-07-16,"BELIEVE - TAKDIR, MIMPI, KEBERANIAN",9158e16be84a6db4d63d3289099f119b,JAYAPURA,-8,141,1,100.0,False
2025-07-16,"BELIEVE - TAKDIR, MIMPI, KEBERANIAN",919c7b9859d8ce7cab47dab2463e7fab,MAKASSAR,-8,190,1,100.0,False
2025-07-16,"BELIEVE - TAKDIR, MIMPI, KEBERANIAN",92e94ed55b4de8feaff9462a66e2dbd7,PEKANBARU,-8,165,1,100.0,False
2025-07-16,"BELIEVE - TAKDIR, MIMPI, KEBERANIAN",9aab42397bbc1d1cdb49f7044dc990f0,PALEMBANG,-8,205,1,100.0,False
2025-07-16,"BELIEVE - TAKDIR, MIMPI, KEBERANIAN",9cc7970100d8e4c2202f08cb78c6eb20,YOGYAKARTA,-8,142,1,100.0,False
2025-07-16,"BELIEVE - TAKDIR, MIMPI, KEBERANIAN",a616a546264044ed616bc2bdf2d9f7fc,YOGYAKARTA,-8,322,2,100.0,False
2025-07-16,"BELIEVE - TAKDIR, MIMPI, KEBERANIAN",a691dd0d8274fa85ecdc7d5ad6df1628,LAMPUNG,-8,165,1,100.0,False
2025-07-16,"BELIEVE - TAKDIR, MIMPI, KEBERANIAN",a6d19ebcb27f61cbf41a6552fbf68676,SIDOARJO,-8,153,1,100.0,False
2025-07-16,"BELIEVE - TAKDIR, MIMPI, KEBERANIAN",a9e141baa8b4ec825325397b16eeaae3,BOGOR,-8,197,1,100.0,False
2025-07-16,"BELIEVE - TAKDIR, MIMPI, KEBERANIAN",b704e8b10f13e14494b5a7a0ba39d9d9,JAKARTA,-8,340,2,100.0,False
2025-07-16,"BELIEVE - TAKDIR, MIMPI, KEBERANIAN",c4a19cbeb409639c836e4304976db0aa,BANDUNG,-8,359,2,100.0,False
2025-07-16,"BELIEVE - TAKDIR, MIMPI, KEBERANIAN",c71a18e33d4b7c73c8124c65fc3e6f1c,MANADO,-8,164,1,100.0,False
2025-07-16,"BELIEVE - TAKDIR, MIMPI, KEBERANIAN",da96492ebd43c4a193238d6c3205cc40,PEKANBARU,-8,174,1,100.0,False
2025-07-16,"BELIEVE - TAKDIR, MIMPI, KEBERANIAN",dc77e7e26c0e5e3a5c44ec2de0cedbde,DENPASAR,-8,187,1,100.0,False
2025-07-16,"BELIEVE - TAKDIR, MIMPI, KEBERANIAN",e3edf631650eb304cf386709b98005f6,DENPASAR,-8,151,1,100.0,False
2025-07-16,"BELIEVE - TAKDIR, MIMPI, KEBERANIAN",ea7df0c99b450ecdea38cf34ae1f158f,KISARAN,-8,146,1,100.0,False
2025-07-16,"BELIEVE - TAKDIR, MIMPI, KEBERANIAN",f292a4101ca0420357a2d18b3a013e5f,PALU,-8,150,1,100.0,False
2025-07-16,"BELIEVE - TAKDIR, MIMPI, KEBERANIAN",f3a9ac312f7bc4e2467a1bf02a6aa1e9,LAMPUNG,-8,176,1,100.0,False
2025-07-16,"BELIEVE - TAKDIR, MIMPI, KEBERANIAN",f54d37fc4c4d4b285aa3601041abc938,BOGOR,-8,177,1,100.0,False
2025-07-17,"BELIEVE - TAKDIR, MIMPI, KEBERANIAN",0191582d75f94a412c0fa12d36bcee3f,SURABAYA,-7,285,2,100.0,False
2025-07-17,"BELIEVE - TAKDIR, MIMPI, KEBERANIAN",218c50fa4df90b3241e39ff8ffb41102,SOLO,-7,319,2,100.0,False
2025-07-17,"BELIEVE - TAKDIR, MIMPI, KEBERANIAN",2e0ec493a87e740511b7b565386c06fe,SORONG,-7,171,1,100.0,False
2025-07-17,"BELIEVE - TAKDIR, MIMPI, KEBERANIAN",35de0354d956048d1c9c49ff069eaa55,MEDAN,-7,177,1,100.0,False
2025-07-17,"BELIEVE - TAKDIR, MIMPI, KEBERANIAN",3f6093566521149f8e37fa4e3fafe7cc,PADANG,-7,122,1,100.0,False
2025-07-17,"BELIEVE - TAKDIR, MIMPI, KEBERANIAN",4ed104ac0de10ba7eef50158603e0b32,JAKARTA,-7,315,2,100.0,False
2025-07-17,"BELIEVE - TAKDIR, MIMPI, KEBERANIAN",81c620b2538435926cbbf15745ef5901,MADIUN,-7,168,1,100.0,False
2025-07-17,"BELIEVE - TAKDIR, MIMPI, KEBERANIAN",8dbfb7aeb4ed822b358347332ba630af,JAKARTA,-7,480,3,100.0,False
2025-07-17,"BELIEVE - TAKDIR, MIMPI, KEBERANIAN",a691dd0d8274fa85ecdc7d5ad6df1628,LAMPUNG,-7,166,1,100.0,False
2025-07-17,"BELIEVE - TAKDIR, MIMPI, KEBERANIAN",a6d19ebcb27f61cbf41a6552fbf68676,SIDOARJO,-7,153,1,100.0,False
2025-07-17,BERTAUT RINDU: SEMUA IMPIAN BERHAK DIRAYAKAN,b4972b48997defae8304bc9c41220c7c,BEKASI,-14,168,1,100.0,False
2025-07-17,"BELIEVE - TAKDIR, MIMPI, KEBERANIAN",b704e8b10f13e14494b5a7a0ba39d9d9,JAKARTA,-7,343,2,100.0,False
2025-07-17,"BELIEVE - TAKDIR, MIMPI, KEBERANIAN",c71a18e33d4b7c73c8124c65fc3e6f1c,MANADO,-7,163,1,100.0,False
2025-07-17,"BELIEVE - TAKDIR, MIMPI, KEBERANIAN",ea7df0c99b450ecdea38cf34ae1f158f,KISARAN,-7,148,1,100.0,False
2025-07-17,"BELIEVE - TAKDIR, MIMPI, KEBERANIAN",f3a9ac312f7bc4e2467a1bf02a6aa1e9,LAMPUNG,-7,177,1,100.0,False
2025-07-18,"BELIEVE - TAKDIR, MIMPI, KEBERANIAN",0191582d75f94a412c0fa12d36bcee3f,SURABAYA,-6,406,3,100.0,False
2025-07-18,"BELIEVE - TAKDIR, MIMPI, KEBERANIAN",218c50fa4df90b3241e39ff8ffb41102,SOLO,-6,316,2,100.0,False
2025-07-18,"BELIEVE - TAKDIR, MIMPI, KEBERANIAN",2e0ec493a87e740511b7b565386c06fe,SORONG,-6,169,1,100.0,False
2025-07-18,"BELIEVE - TAKDIR, MIMPI, KEBERANIAN",35de0354d956048d1c9c49ff069eaa55,MEDAN,-6,176,1,100.0,False
2025-07-18,"BELIEVE - TAKDIR, MIMPI, KEBERANIAN",3acdf298dab1b92bbaaad74d86c0c40a,SEMARANG,-6,138,1,100.0,True
2025-07-18,"BELIEVE - TAKDIR, MIMPI, KEBERANIAN",4ed104ac0de10ba7eef50158603e0b32,JAKARTA,-6,3058,15,100.0,False
2025-07-18,"BELIEVE - TAKDIR, MIMPI, KEBERANIAN",52eed153a88a6bdcb46cbb266a07cba2,TANGERANG,-6,139,1,100.0,True
2025-07-18,"BELIEVE - TAKDIR, MIMPI, KEBERANIAN",6b88b1af662b72fbfa35004a8edfe2e9,DEPOK,-6,132,1,100.0,True
2025-07-18,"BELIEVE - TAKDIR, MIMPI, KEBERANIAN",81c620b2538435926cbbf15745ef5901,MADIUN,-6,166,1,100.0,False
2025-07-18,"BELIEVE - TAKDIR, MIMPI, KEBERANIAN",88d0ee0029bee810e1d0fe37f73e2d3b,SOLO,-6,174,1,100.0,False
2025-07-18,"BELIEVE - TAKDIR, MIMPI, KEBERANIAN",8dbfb7aeb4ed822b358347332ba630af,JAKARTA,-6,476,3,100.0,False
2025-07-18,BERTAUT RINDU: SEMUA IMPIAN BERHAK DIRAYAKAN,8dbfb7aeb4ed822b358347332ba630af,JAKARTA,-13,153,1,100.0,False
2025-07-18,"BELIEVE - TAKDIR, MIMPI, KEBERANIAN",a616a546264044ed616bc2bdf2d9f7fc,YOGYAKARTA,-6,138,1,100.0,True
2025-07-18,"BELIEVE - TAKDIR, MIMPI, KEBERANIAN",a6d19ebcb27f61cbf41a6552fbf68676,SIDOARJO,-6,150,1,100.0,False
2025-07-18,"BELIEVE - TAKDIR, MIMPI, KEBERANIAN",b4972b48997defae8304bc9c41220c7c,BEKASI,-6,138,1,100.0,True
2025-07-18,"BELIEVE - TAKDIR, MIMPI, KEBERANIAN",b704e8b10f13e14494b5a7a0ba39d9d9,JAKARTA,-6,343,2,100.0,False
2025-07-18,"BELIEVE - TAKDIR, MIMPI, KEBERANIAN",c4a19cbeb409639c836e4304976db0aa,BANDUNG,-6,122,1,100.0,False
2025-07-18,"BELIEVE - TAKDIR, MIMPI, KEBERANIAN",c71a18e33d4b7c73c8124c65fc3e6f1c,MANADO,-6,164,1,100.0,False
2025-07-18,"BELIEVE - TAKDIR, MIMPI, KEBERANIAN",ea7df0c99b450ecdea38cf34ae1f158f,KISARAN,-6,146,1,100.0,False
2025-07-18,"BELIEVE - TAKDIR, MIMPI, KEBERANIAN",f3a9ac312f7bc4e2467a1bf02a6aa1e9,LAMPUNG,-6,176,1,100.0,False
2025-07-18,"BELIEVE - TAKDIR, MIMPI, KEBERANIAN",f54d37fc4c4d4b285aa3601041abc938,BOGOR,-6,138,1,100.0,True
2025-07-19,"BELIEVE - TAKDIR, MIMPI, KEBERANIAN",0191582d75f94a412c0fa12d36bcee3f,SURABAYA,-5,414,3,100.0,False
2025-07-19,"BELIEVE - TAKDIR, MIMPI, KEBERANIAN",218c50fa4df90b3241e39ff8ffb41102,SOLO,-5,313,2,100.0,False
2025-07-19,LYORA: PENANTIAN BUAH HATI,218c50fa4df90b3241e39ff8ffb41102,SOLO,-19,166,1,100.0,False
2025-07-19,"BELIEVE - TAKDIR, MIMPI, KEBERANIAN",2e0ec493a87e740511b7b565386c06fe,SORONG,-5,171,1,100.0,False
2025-07-19,"BELIEVE - TAKDIR, MIMPI, KEBERANIAN",35de0354d956048d1c9c49ff069eaa55,MEDAN,-5,177,1,100.0,False
2025-07-19,"BELIEVE - TAKDIR, MIMPI, KEBERANIAN",4ed104ac0de10ba7eef50158603e0b32,JAKARTA,-5,318,2,100.0,False
2025-07-19,"BELIEVE - TAKDIR, MIMPI, KEBERANIAN",81c620b2538435926cbbf15745ef5901,MADIUN,-5,168,1,100.0,False
2025-07-19,"BELIEVE - TAKDIR, MIMPI, KEBERANIAN",8dbfb7aeb4ed822b358347332ba630af,JAKARTA,-5,639,4,100.0,False
2025-07-19,"BELIEVE - TAKDIR, MIMPI, KEBERANIAN",a691dd0d8274fa85ecdc7d5ad6df1628,LAMPUNG,-5,166,1,100.0,False
2025-07-19,"BELIEVE - TAKDIR, MIMPI, KEBERANIAN",a6d19ebcb27f61cbf41a6552fbf68676,SIDOARJO,-5,153,1,100.0,False
2025-07-19,"BELIEVE - TAKDIR, MIMPI, KEBERANIAN",b704e8b10f13e14494b5a7a0ba39d9d9,JAKARTA,-5,343,2,100.0,False
2025-07-19,"BELIEVE - TAKDIR, MIMPI, KEBERANIAN",c71a18e33d4b7c73c8124c65fc3e6f1c,MANADO,-5,164,1,100.0,False
2025-07-19,"BELIEVE - TAKDIR, MIMPI, KEBERANIAN",ea7df0c99b450ecdea38cf34ae1f158f,KISARAN,-5,149,1,100.0,False
2025-07-19,"BELIEVE - TAKDIR, MIMPI, KEBERANIAN",f3a9ac312f7bc4e2467a1bf02a6aa1e9,LAMPUNG,-5,176,1,100.0,False
2025-07-20,"BELIEVE - TAKDIR, MIMPI, KEBERANIAN",1240789770bc04e7d26e5fa31c075ced,MALANG,-4,176,1,100.0,False
2025-07-20,"BELIEVE - TAKDIR, MIMPI, KEBERANIAN",14b63ff2b104903ead7d884f25382e57,MALANG,-4,137,1,100.0,True
2025-07-20,"BELIEVE - TAKDIR, MIMPI, KEBERANIAN",218c50fa4df90b3241e39ff8ffb41102,SOLO,-4,319,2,100.0,False
2025-07-20,"BELIEVE - TAKDIR, MIMPI, KEBERANIAN",29fc89ab155e9f202326046c2e0023bb,MAKASSAR,-4,180,1,100.0,False
2025-07-20,"BELIEVE - TAKDIR, MIMPI, KEBERANIAN",35de0354d956048d1c9c49ff069eaa55,MEDAN,-4,177,1,100.0,False
2025-07-20,"BELIEVE - TAKDIR, MIMPI, KEBERANIAN",4e12b237c826209f7ddc5b29a96380b6,BEKASI,-4,184,1,100.0,False
2025-07-20,"BELIEVE - TAKDIR, MIMPI, KEBERANIAN",4ed104ac0de10ba7eef50158603e0b32,JAKARTA,-4,372,2,100.0,False
2025-07-20,"BELIEVE - TAKDIR, MIMPI, KEBERANIAN",81c620b2538435926cbbf15745ef5901,MADIUN,-4,166,1,100.0,False
2025-07-20,"BELIEVE - TAKDIR, MIMPI, KEBERANIAN",8750b9ee0b0c6c6afcfcb2a05e60efc0,BANDUNG,-4,128,1,100.0,False
2025-07-20,"BELIEVE - TAKDIR, MIMPI, KEBERANIAN",8d2e05da5624875993cb8580c88334a9,CIREBON,-4,160,1,100.0,False
2025-07-20,"BELIEVE - TAKDIR, MIMPI, KEBERANIAN",8dbfb7aeb4ed822b358347332ba630af,JAKARTA,-4,504,2,100.0,False
2025-07-20,"BELIEVE - TAKDIR, MIMPI, KEBERANIAN",9158e16be84a6db4d63d3289099f119b,JAYAPURA,-4,131,1,100.0,True
2025-07-20,"BELIEVE - TAKDIR, MIMPI, KEBERANIAN",9cc7970100d8e4c2202f08cb78c6eb20,YOGYAKARTA,-4,142,1,100.0,False
2025-07-20,BERTAUT RINDU: SEMUA IMPIAN BERHAK DIRAYAKAN,9cc7970100d8e4c2202f08cb78c6eb20,YOGYAKARTA,-11,141,1,100.0,False
2025-07-20,"BELIEVE - TAKDIR, MIMPI, KEBERANIAN",a616a546264044ed616bc2bdf2d9f7fc,YOGYAKARTA,-4,322,2,100.0,False
2025-07-20,"BELIEVE - TAKDIR, MIMPI, KEBERANIAN",a691dd0d8274fa85ecdc7d5ad6df1628,LAMPUNG,-4,165,1,100.0,False
2025-07-20,"BELIEVE - TAKDIR, MIMPI, KEBERANIAN",a9e141baa8b4ec825325397b16eeaae3,BOGOR,-4,199,1,100.0,False
2025-07-20,"BELIEVE - TAKDIR, MIMPI, KEBERANIAN",b704e8b10f13e14494b5a7a0ba39d9d9,JAKARTA,-4,1274,6,100.0,False
2025-07-20,"BELIEVE - TAKDIR, MIMPI, KEBERANIAN",c4a19cbeb409639c836e4304976db0aa,BANDUNG,-4,366,2,100.0,False
2025-07-20,"BELIEVE - TAKDIR, MIMPI, KEBERANIAN",c71a18e33d4b7c73c8124c65fc3e6f1c,MANADO,-4,166,1,100.0,False
2025-07-21,"BELIEVE - TAKDIR, MIMPI, KEBERANIAN",0191582d75f94a412c0fa12d36bcee3f,SURABAYA,-3,289,2,100.0,False
2025-07-21,"BELIEVE - TAKDIR, MIMPI, KEBERANIAN",1240789770bc04e7d26e5fa31c075ced,MALANG,-3,174,1,100.0,False
2025-07-21,"BELIEVE - TAKDIR, MIMPI, KEBERANIAN",14b63ff2b104903ead7d884f25382e57,MALANG,-3,134,1,100.0,True
2025-07-21,"BELIEVE - TAKDIR, MIMPI, KEBERANIAN",218c50fa4df90b3241e39ff8ffb41102,SOLO,-3,319,2,100.0,False
2025-07-21,"BELIEVE - TAKDIR, MIMPI, KEBERANIAN",26a644178fbdb277dc3c50997f6df7fe,PALEMBANG,-3,137,1,100.0,True
2025-07-21,"BELIEVE - TAKDIR, MIMPI, KEBERANIAN",29fc89ab155e9f202326046c2e0023bb,MAKASSAR,-3,180,1,100.0,False
2025-07-21,DOTI - TUMBAL ILMU HITAM,29fc89ab155e9f202326046c2e0023bb,MAKASSAR,-3,176,1,100.0,False
2025-07-21,"BELIEVE - TAKDIR, MIMPI, KEBERANIAN",35de0354d956048d1c9c49ff069eaa55,MEDAN,-3,174,1,100.0,False
2025-07-21,"BELIEVE - TAKDIR, MIMPI, KEBERANIAN",4e12b237c826209f7ddc5b29a96380b6,BEKASI,-3,188,1,100.0,False
2025-07-21,"BELIEVE - TAKDIR, MIMPI, KEBERANIAN",4ed104ac0de10ba7eef50158603e0b32,JAKARTA,-3,369,2,100.0,False
2025-07-21,GHOST TRAIN,4ed104ac0de10ba7eef50158603e0b32,JAKARTA,-4,93,1,76.96,False
2025-07-21,"BELIEVE - TAKDIR, MIMPI, KEBERANIAN",4fc3fc370b299876663c7d5c90595853,BANJARMASIN,-3,174,1,100.0,False
2025-07-21,"BELIEVE - TAKDIR, MIMPI, KEBERANIAN",5ff7565cdb056b4bdcb43d0ea2b5380d,KUPANG,-3,141,1,100.0,False
2025-07-21,"BELIEVE - TAKDIR, MIMPI, KEBERANIAN",81c620b2538435926cbbf15745ef5901,MADIUN,-3,166,1,100.0,False
2025-07-21,"BELIEVE - TAKDIR, MIMPI, KEBERANIAN",8750b9ee0b0c6c6afcfcb2a05e60efc0,BANDUNG,-3,130,1,100.0,True
2025-07-21,"BELIEVE - TAKDIR, MIMPI, KEBERANIAN",8d2e05da5624875993cb8580c88334a9,CIREBON,-3,160,1,100.0,False
2025-07-21,"BELIEVE - TAKDIR, MIMPI, KEBERANIAN",8dbfb7aeb4ed822b358347332ba630af,JAKARTA,-3,321,2,100.0,False
2025-07-21,GAK NYANGKA..!!,8dbfb7aeb4ed822b358347332ba630af,JAKARTA,-3,522,1,100.0,False
2025-07-21,"BELIEVE - TAKDIR, MIMPI, KEBERANIAN",9158e16be84a6db4d63d3289099f119b,JAYAPURA,-3,138,1,100.0,True
2025-07-21,"BELIEVE - TAKDIR, MIMPI, KEBERANIAN",919c7b9859d8ce7cab47dab2463e7fab,MAKASSAR,-3,193,1,100.0,False
2025-07-21,"BELIEVE - TAKDIR, MIMPI, KEBERANIAN",9cc7970100d8e4c2202f08cb78c6eb20,YOGYAKARTA,-3,141,1,100.0,False
2025-07-21,"BELIEVE - TAKDIR, MIMPI, KEBERANIAN",a616a546264044ed616bc2bdf2d9f7fc,YOGYAKARTA,-3,326,2,100.0,False
2025-07-21,"BELIEVE - TAKDIR, MIMPI, KEBERANIAN",a9e141baa8b4ec825325397b16eeaae3,BOGOR,-3,201,1,100.0,False
2025-07-21,"BELIEVE - TAKDIR, MIMPI, KEBERANIAN",b704e8b10f13e14494b5a7a0ba39d9d9,JAKARTA,-3,168,1,100.0,False
2025-07-21,"BELIEVE - TAKDIR, MIMPI, KEBERANIAN",c4a19cbeb409639c836e4304976db0aa,BANDUNG,-3,366,2,100.0,False
2025-07-21,"BELIEVE - TAKDIR, MIMPI, KEBERANIAN",da96492ebd43c4a193238d6c3205cc40,PEKANBARU,-3,177,1,100.0,False
2025-07-21,"BELIEVE - TAKDIR, MIMPI, KEBERANIAN",dc77e7e26c0e5e3a5c44ec2de0cedbde,DENPASAR,-3,187,1,100.0,False
2025-07-21,"BELIEVE - TAKDIR, MIMPI, KEBERANIAN",f3a9ac312f7bc4e2467a1bf02a6aa1e9,LAMPUNG,-3,176,1,100.0,False
2025-07-22,"BELIEVE - TAKDIR, MIMPI, KEBERANIAN",0191582d75f94a412c0fa12d36bcee3f,SURABAYA,-2,289,2,100.0,False
2025-07-22,"BELIEVE - TAKDIR, MIMPI, KEBERANIAN",1240789770bc04e7d26e5fa31c075ced,MALANG,-2,177,1,100.0,False
2025-07-22,"BELIEVE - TAKDIR, MIMPI, KEBERANIAN",14b63ff2b104903ead7d884f25382e57,MALANG,-2,137,1,100.0,True
2025-07-22,"BELIEVE - TAKDIR, MIMPI, KEBERANIAN",218c50fa4df90b3241e39ff8ffb41102,SOLO,-2,319,2,100.0,False
2025-07-22,"BELIEVE - TAKDIR, MIMPI, KEBERANIAN",26a644178fbdb277dc3c50997f6df7fe,PALEMBANG,-2,135,1,100.0,True
2025-07-22,"BELIEVE - TAKDIR, MIMPI, KEBERANIAN",35de0354d956048d1c9c49ff069eaa55,MEDAN,-2,177,1,100.0,False
2025-07-22,"BELIEVE - TAKDIR, MIMPI, KEBERANIAN",3c41b96b56b0aab1ed5fc5e703499730,BALIKPAPAN,-2,189,1,100.0,False
2025-07-22,"BELIEVE - TAKDIR, MIMPI, KEBERANIAN",4e12b237c826209f7ddc5b29a96380b6,BEKASI,-2,188,1,100.0,False
2025-07-22,"BELIEVE - TAKDIR, MIMPI, KEBERANIAN",4eb26b1058266dc50a63dc875e4d8846,MATARAM,-2,177,1,100.0,False
2025-07-22,"BELIEVE - TAKDIR, MIMPI, KEBERANIAN",4ed104ac0de10ba7eef50158603e0b32,JAKARTA,-2,304,2,100.0,False
2025-07-22,"BELIEVE - TAKDIR, MIMPI, KEBERANIAN",4fc3fc370b299876663c7d5c90595853,BANJARMASIN,-2,177,1,100.0,False
2025-07-22,"BELIEVE - TAKDIR, MIMPI, KEBERANIAN",5ff7565cdb056b4bdcb43d0ea2b5380d,KUPANG,-2,141,1,100.0,False
2025-07-22,"BELIEVE - TAKDIR, MIMPI, KEBERANIAN",81c620b2538435926cbbf15745ef5901,MADIUN,-2,168,1,100.0,False
2025-07-22,"BELIEVE - TAKDIR, MIMPI, KEBERANIAN",8750b9ee0b0c6c6afcfcb2a05e60efc0,BANDUNG,-2,128,1,100.0,False
2025-07-22,"BELIEVE - TAKDIR, MIMPI, KEBERANIAN",8d2e05da5624875993cb8580c88334a9,CIREBON,-2,157,1,100.0,False
2025-07-22,THE FANTASTIC FOUR: FIRST STEPS (IMAX 2D),8dbfb7aeb4ed822b358347332ba630af,JAKARTA,-1,1186,3,100.0,False
2025-07-22,"BELIEVE - TAKDIR, MIMPI, KEBERANIAN",9158e16be84a6db4d63d3289099f119b,JAYAPURA,-2,141,1,100.0,False
2025-07-22,"BELIEVE - TAKDIR, MIMPI, KEBERANIAN",919c7b9859d8ce7cab47dab2463e7fab,MAKASSAR,-2,193,1,100.0,False
2025-07-22,"BELIEVE - TAKDIR, MIMPI, KEBERANIAN",9cc7970100d8e4c2202f08cb78c6eb20,YOGYAKARTA,-2,141,1,100.0,False
2025-07-22,"BELIEVE - TAKDIR, MIMPI, KEBERANIAN",a616a546264044ed616bc2bdf2d9f7fc,YOGYAKARTA,-2,326,2,100.0,False
2025-07-22,"BELIEVE - TAKDIR, MIMPI, KEBERANIAN",a9e141baa8b4ec825325397b16eeaae3,BOGOR,-2,199,1,100.0,False
2025-07-22,"BELIEVE - TAKDIR, MIMPI, KEBERANIAN",b704e8b10f13e14494b5a7a0ba39d9d9,JAKARTA,-2,343,2,100.0,False
2025-07-22,THE FANTASTIC FOUR: FIRST STEPS,b704e8b10f13e14494b5a7a0ba39d9d9,JAKARTA,-1,3727,21,100.0,False
2025-07-22,"BELIEVE - TAKDIR, MIMPI, KEBERANIAN",c4a19cbeb409639c836e4304976db0aa,BANDUNG,-2,359,2,100.0,False
2025-07-22,"BELIEVE - TAKDIR, MIMPI, KEBERANIAN",c71a18e33d4b7c73c8124c65fc3e6f1c,MANADO,-2,166,1,100.0,False
2025-07-22,"BELIEVE - TAKDIR, MIMPI, KEBERANIAN",da96492ebd43c4a193238d6c3205cc40,PEKANBARU,-2,177,1,100.0,False
2025-07-22,"BELIEVE - TAKDIR, MIMPI, KEBERANIAN",dc77e7e26c0e5e3a5c44ec2de0cedbde,DENPASAR,-2,183,1,100.0,False
2025-07-23,"BELIEVE - TAKDIR, MIMPI, KEBERANIAN",0191582d75f94a412c0fa12d36bcee3f,SURABAYA,-1,280,2,100.0,False
2025-07-23,"BELIEVE - TAKDIR, MIMPI, KEBERANIAN",1240789770bc04e7d26e5fa31c075ced,MALANG,-1,125,1,100.0,False
2025-07-23,"BELIEVE - TAKDIR, MIMPI, KEBERANIAN",14b63ff2b104903ead7d884f25382e57,MALANG,-1,134,1,100.0,True
2025-07-23,"BELIEVE - TAKDIR, MIMPI, KEBERANIAN",218c50fa4df90b3241e39ff8ffb41102,SOLO,-1,316,2,100.0,False
2025-07-23,"BELIEVE - TAKDIR, MIMPI, KEBERANIAN",26a644178fbdb277dc3c50997f6df7fe,PALEMBANG,-1,135,1,100.0,True
2025-07-23,"BELIEVE - TAKDIR, MIMPI, KEBERANIAN",3c41b96b56b0aab1ed5fc5e703499730,BALIKPAPAN,-1,189,1,100.0,False
2025-07-23,"BELIEVE - TAKDIR, MIMPI, KEBERANIAN",3f6093566521149f8e37fa4e3fafe7cc,PADANG,-1,123,1,100.0,False
2025-07-23,"BELIEVE - TAKDIR, MIMPI, KEBERANIAN",4e12b237c826209f7ddc5b29a96380b6,BEKASI,-1,184,1,100.0,False
2025-07-23,"BELIEVE - TAKDIR, MIMPI, KEBERANIAN",4eb26b1058266dc50a63dc875e4d8846,MATARAM,-1,177,1,100.0,False
2025-07-23,"BELIEVE - TAKDIR, MIMPI, KEBERANIAN",4ed104ac0de10ba7eef50158603e0b32,JAKARTA,-1,516,3,100.0,False
2025-07-23,PANGGIL AKU AYAH,4ed104ac0de10ba7eef50158603e0b32,JAKARTA,-15,390,3,100.0,False
2025-07-23,"BELIEVE - TAKDIR, MIMPI, KEBERANIAN",81c620b2538435926cbbf15745ef5901,MADIUN,-1,168,1,100.0,False
2025-07-23,"BELIEVE - TAKDIR, MIMPI, KEBERANIAN",8750b9ee0b0c6c6afcfcb2a05e60efc0,BANDUNG,-1,130,1,100.0,True
2025-07-23,"BELIEVE - TAKDIR, MIMPI, KEBERANIAN",8d2e05da5624875993cb8580c88334a9,CIREBON,-1,158,1,100.0,False
2025-07-23,BERTAUT RINDU: SEMUA IMPIAN BERHAK DIRAYAKAN,8dbfb7aeb4ed822b358347332ba630af,JAKARTA,-8,2190,5,100.0,False
2025-07-23,PANGGIL AKU AYAH,8dbfb7aeb4ed822b358347332ba630af,JAKARTA,-15,104,1,100.0,False
2025-07-23,"BELIEVE - TAKDIR, MIMPI, KEBERANIAN",9158e16be84a6db4d63d3289099f119b,JAYAPURA,-1,141,1,100.0,False
2025-07-23,LYORA: PENANTIAN BUAH HATI,919c7b9859d8ce7cab47dab2463e7fab,MAKASSAR,-15,138,1,100.0,True
2025-07-23,"BELIEVE - TAKDIR, MIMPI, KEBERANIAN",9cc7970100d8e4c2202f08cb78c6eb20,YOGYAKARTA,-1,142,1,100.0,False
2025-07-23,"BELIEVE - TAKDIR, MIMPI, KEBERANIAN",a616a546264044ed616bc2bdf2d9f7fc,YOGYAKARTA,-1,281,2,100.0,False
2025-07-23,"BELIEVE - TAKDIR, MIMPI, KEBERANIAN",a9e141baa8b4ec825325397b16eeaae3,BOGOR,-1,201,1,100.0,False
2025-07-23,"BELIEVE - TAKDIR, MIMPI, KEBERANIAN",b704e8b10f13e14494b5a7a0ba39d9d9,JAKARTA,-1,170,1,100.0,False
2025-07-23,PANGGIL AKU AYAH,b704e8b10f13e14494b5a7a0ba39d9d9,JAKARTA,-15,75,1,100.0,False
2025-07-23,"BELIEVE - TAKDIR, MIMPI, KEBERANIAN",c4a19cbeb409639c836e4304976db0aa,BANDUNG,-1,662,3,100.0,False
2025-07-23,"BELIEVE - TAKDIR, MIMPI, KEBERANIAN",f54d37fc4c4d4b285aa3601041abc938,BOGOR,-1,174,1,100.0,False
2025-07-24,PANGGIL AKU AYAH,4e12b237c826209f7ddc5b29a96380b6,BEKASI,-14,245,2,100.0,False
2025-07-24,PANGGIL AKU AYAH,6b88b1af662b72fbfa35004a8edfe2e9,DEPOK,-14,142,1,100.0,False
2025-07-24,SIHIR PELAKOR,8dbfb7aeb4ed822b358347332ba630af,JAKARTA,-7,1369,3,100.0,False
2025-07-24,PANGGIL AKU AYAH,a9e141baa8b4ec825325397b16eeaae3,BOGOR,-14,133,1,100.0,True
2025-07-24,LYORA: PENANTIAN BUAH HATI,b704e8b10f13e14494b5a7a0ba39d9d9,JAKARTA,-14,75,1,100.0,False
2025-07-24,PANGGIL AKU AYAH,f54d37fc4c4d4b285aa3601041abc938,BOGOR,-14,143,1,100.0,False
2025-07-25,REGO NYOWO,4ed104ac0de10ba7eef50158603e0b32,JAKARTA,-6,42,1,100.0,False
2025-07-25,REGO NYOWO,b704e8b10f13e14494b5a7a0ba39d9d9,JAKARTA,-6,2069,9,100.0,False
2025-07-26,OMNISCIENT READER: THE PROPHECY,015555fbcd8faef6b55a854605df0a87,SURABAYA,-4,94,1,67.6,False
2025-07-26,OMNISCIENT READER: THE PROPHECY,0191582d75f94a412c0fa12d36bcee3f,SURABAYA,-4,260,2,84.46,False
2025-07-26,OMNISCIENT READER: THE PROPHECY,0318cab65e5a4dbb61243ab4747fb621,SINGKAWANG,-4,120,1,82.16,False
2025-07-26,OMNISCIENT READER: THE PROPHECY,15c7dc37db27dd76f38cc419107f7c48,KARAWANG,-4,67,1,52.0,False
2025-07-26,OMNISCIENT READER: THE PROPHECY,17e1e7da761f72bbb4e039ba08cc0ba0,SEMARANG,-4,93,1,58.24,False
2025-07-26,OMNISCIENT READER: THE PROPHECY,26a644178fbdb277dc3c50997f6df7fe,PALEMBANG,-4,69,1,52.5,False
2025-07-26,OMNISCIENT READER: THE PROPHECY,35de0354d956048d1c9c49ff069eaa55,MEDAN,-4,93,1,60.32,False
2025-07-26,OMNISCIENT READER: THE PROPHECY,3acdf298dab1b92bbaaad74d86c0c40a,SEMARANG,-4,119,1,77.7,False
2025-07-26,OMNISCIENT READER: THE PROPHECY,3c41b96b56b0aab1ed5fc5e703499730,BALIKPAPAN,-4,172,1,83.2,False
2025-07-26,OMNISCIENT READER: THE PROPHECY,3cc167017755a0197f18f93595c9ae85,JAMBI,-4,78,1,58.71,False
2025-07-26,OMNISCIENT READER: THE PROPHECY,3f6093566521149f8e37fa4e3fafe7cc,PADANG,-4,58,1,48.41,False
2025-07-26,OMNISCIENT READER: THE PROPHECY,494c8f1916a97efe3390ba9dbab6ce7d,LAMPUNG,-4,123,1,87.55,False
2025-07-26,OMNISCIENT READER: THE PROPHECY,4a4c71e99772e87c9e35a56acd8be21e,TERNATE,-4,119,1,92.7,False
2025-07-26,BERTAUT RINDU: SEMUA IMPIAN BERHAK DIRAYAKAN,4e12b237c826209f7ddc5b29a96380b6,BEKASI,-5,186,1,100.0,False
2025-07-26,OMNISCIENT READER: THE PROPHECY,4eb26b1058266dc50a63dc875e4d8846,MATARAM,-4,52,1,38.85,False
2025-07-26,OMNISCIENT READER: THE PROPHECY,4ed104ac0de10ba7eef50158603e0b32,JAKARTA,-4,503,5,66.99,False
2025-07-26,OMNISCIENT READER: THE PROPHECY,4fc3fc370b299876663c7d5c90595853,BANJARMASIN,-4,143,1,98.8,False
2025-07-26,OMNISCIENT READER: THE PROPHECY,52eed153a88a6bdcb46cbb266a07cba2,TANGERANG,-4,262,2,74.03,False
2025-07-26,BERTAUT RINDU: SEMUA IMPIAN BERHAK DIRAYAKAN,541130ea8083a789df5d15bbfe13055a,MAKASSAR,-5,111,1,100.0,False
2025-07-26,OMNISCIENT READER: THE PROPHECY,541130ea8083a789df5d15bbfe13055a,MAKASSAR,-4,71,1,47.84,False
2025-07-26,OMNISCIENT READER: THE PROPHECY,57d37d0d839b9dff6f87d6b5d5b679cc,SOLO,-4,103,1,62.83,False
2025-07-26,OMNISCIENT READER: THE PROPHECY,580919d632e55fd9736ae1a2ac6ed0c5,BATAM,-4,131,1,89.61,True
2025-07-26,LYORA: PENANTIAN BUAH HATI,5b8eaa351fae8e6d1e759e814d74c1c5,MEDAN,-12,127,1,100.0,False
2025-07-26,OMNISCIENT READER: THE PROPHECY,5b8eaa351fae8e6d1e759e814d74c1c5,MEDAN,-4,33,1,24.15,False
2025-07-26,OMNISCIENT READER: THE PROPHECY,6b88b1af662b72fbfa35004a8edfe2e9,DEPOK,-4,82,1,63.0,False
2025-07-26,OMNISCIENT READER: THE PROPHECY,716ede53fbca27fbe1c1a55d6667c2b5,CIKARANG,-4,51,1,28.35,False
2025-07-26,OMNISCIENT READER: THE PROPHECY,7cade3ea25dae25fdb8c56776676b0c7,CILEGON,-4,88,1,66.15,False
2025-07-26,OMNISCIENT READER: THE PROPHECY,8188326fb0a403be03ea632997c8a959,GORONTALO,-4,54,1,47.25,False
2025-07-26,OMNISCIENT READER: THE PROPHECY,862442166e956fe0e8355db8852d9440,TANGERANG,-4,240,2,55.13,False
2025-07-26,OMNISCIENT READER: THE PROPHECY,8d2e05da5624875993cb8580c88334a9,CIREBON,-4,36,1,25.2,False
2025-07-26,OMNISCIENT READER: THE PROPHECY,8dbfb7aeb4ed822b358347332ba630af,JAKARTA,-4,300,3,66.15,False
2025-07-26,SIHIR PELAKOR,8dbfb7aeb4ed822b358347332ba630af,JAKARTA,-5,154,1,100.0,False
2025-07-26,OMNISCIENT READER: THE PROPHECY,9158e16be84a6db4d63d3289099f119b,JAYAPURA,-4,122,1,90.64,False
2025-07-26,OMNISCIENT READER: THE PROPHECY,919c7b9859d8ce7cab47dab2463e7fab,MAKASSAR,-4,166,1,89.25,False
2025-07-26,OMNISCIENT READER: THE PROPHECY,a616a546264044ed616bc2bdf2d9f7fc,YOGYAKARTA,-4,69,1,57.2,False
2025-07-26,OMNISCIENT READER: THE PROPHECY,a6d19ebcb27f61cbf41a6552fbf68676,SIDOARJO,-4,41,1,31.5,False
2025-07-26,OMNISCIENT READER: THE PROPHECY,a9e141baa8b4ec825325397b16eeaae3,BOGOR,-4,68,1,35.7,False
2025-07-26,OMNISCIENT READER: THE PROPHECY,afbb3b11f728a54ad1eb3ca34f602779,KENDARI,-4,184,1,91.67,False
2025-07-26,OMNISCIENT READER: THE PROPHECY,b4972b48997defae8304bc9c41220c7c,BEKASI,-4,123,1,46.2,False
2025-07-26,OMNISCIENT READER: THE PROPHECY,b704e8b10f13e14494b5a7a0ba39d9d9,JAKARTA,-4,319,3,62.4,False
2025-07-26,OMNISCIENT READER: THE PROPHECY,be8de71502987819afd4c2ceea71c539,GRESIK,-4,43,1,28.84,False
2025-07-26,OMNISCIENT READER: THE PROPHECY,c4a19cbeb409639c836e4304976db0aa,BANDUNG,-4,150,2,46.28,False
2025-07-26,OMNISCIENT READER: THE PROPHECY,c71a18e33d4b7c73c8124c65fc3e6f1c,MANADO,-4,104,1,83.43,False
2025-07-26,OMNISCIENT READER: THE PROPHECY,d33850e3698903061b4c18886ce00c9d,GARUT,-4,69,1,53.55,False
2025-07-26,OMNISCIENT READER: THE PROPHECY,da96492ebd43c4a193238d6c3205cc40,PEKANBARU,-4,100,1,59.28,False
2025-07-26,OMNISCIENT READER: THE PROPHECY,e3edf631650eb304cf386709b98005f6,DENPASAR,-4,139,1,97.76,True
2025-07-26,OMNISCIENT READER: THE PROPHECY,e7ec114c2ec166155149062023617e8b,SAMARINDA,-4,127,1,93.73,False
2025-07-26,OMNISCIENT READER: THE PROPHECY,e989d8fdc91de7e6ffbb72a2f5ac79f6,DEPOK,-4,60,1,36.4,False
2025-07-26,OMNISCIENT READER: THE PROPHECY,f292a4101ca0420357a2d18b3a013e5f,PALU,-4,121,1,89.61,False
2025-07-26,BERTAUT RINDU: SEMUA IMPIAN BERHAK DIRAYAKAN,f54d37fc4c4d4b285aa3601041abc938,BOGOR,-5,135,1,100.0,True
2025-07-26,OMNISCIENT READER: THE PROPHECY,f54d37fc4c4d4b285aa3601041abc938,BOGOR,-4,142,2,46.35,False
2025-07-26,OMNISCIENT READER: THE PROPHECY,f7734bb329cacfe21ce854ae822b6115,TANJUNG PINANG,-4,94,1,73.84,False
2025-07-27,OMNISCIENT READER: THE PROPHECY,015555fbcd8faef6b55a854605df0a87,SURABAYA,-3,43,1,30.45,False
2025-07-27,OMNISCIENT READER: THE PROPHECY,0191582d75f94a412c0fa12d36bcee3f,SURABAYA,-3,191,2,68.64,False
2025-07-27,OMNISCIENT READER: THE PROPHECY,0318cab65e5a4dbb61243ab4747fb621,SINGKAWANG,-3,36,1,24.72,False
2025-07-27,OMNISCIENT READER: THE PROPHECY,15c7dc37db27dd76f38cc419107f7c48,KARAWANG,-3,73,1,57.2,False
2025-07-27,OMNISCIENT READER: THE PROPHECY,17e1e7da761f72bbb4e039ba08cc0ba0,SEMARANG,-3,59,1,37.44,False
2025-07-27,OMNISCIENT READER: THE PROPHECY,26a644178fbdb277dc3c50997f6df7fe,PALEMBANG,-3,51,1,38.11,False
2025-07-27,OMNISCIENT READER: THE PROPHECY,35de0354d956048d1c9c49ff069eaa55,MEDAN,-3,49,1,32.24,False
2025-07-27,OMNISCIENT READER: THE PROPHECY,3acdf298dab1b92bbaaad74d86c0c40a,SEMARANG,-3,43,1,28.35,False
2025-07-27,OMNISCIENT READER: THE PROPHECY,3c41b96b56b0aab1ed5fc5e703499730,BALIKPAPAN,-3,61,1,29.12,False
2025-07-27,OMNISCIENT READER: THE PROPHECY,3cc167017755a0197f18f93595c9ae85,JAMBI,-3,79,1,60.9,False
2025-07-27,OMNISCIENT READER: THE PROPHECY,3f6093566521149f8e37fa4e3fafe7cc,PADANG,-3,66,1,55.65,False
2025-07-27,OMNISCIENT READER: THE PROPHECY,494c8f1916a97efe3390ba9dbab6ce7d,LAMPUNG,-3,44,1,31.5,False
2025-07-27,OMNISCIENT READER: THE PROPHECY,4a4c71e99772e87c9e35a56acd8be21e,TERNATE,-3,111,1,86.32,False
2025-07-27,OMNISCIENT READER: THE PROPHECY,4eb26b1058266dc50a63dc875e4d8846,MATARAM,-3,45,1,33.6,False
2025-07-27,OMNISCIENT READER: THE PROPHECY,4ed104ac0de10ba7eef50158603e0b32,JAKARTA,-3,212,5,30.45,False
2025-07-27,PANGGIL AKU AYAH,4ed104ac0de10ba7eef50158603e0b32,JAKARTA,-11,396,2,100.0,False
2025-07-27,OMNISCIENT READER: THE PROPHECY,4fc3fc370b299876663c7d5c90595853,BANJARMASIN,-3,109,1,76.96,False
2025-07-27,OMNISCIENT READER: THE PROPHECY,52eed153a88a6bdcb46cbb266a07cba2,TANGERANG,-3,165,2,47.84,False
2025-07-27,OMNISCIENT READER: THE PROPHECY,541130ea8083a789df5d15bbfe13055a,MAKASSAR,-3,78,1,53.04,False
2025-07-27,OMNISCIENT READER: THE PROPHECY,57d37d0d839b9dff6f87d6b5d5b679cc,SOLO,-3,42,1,26.0,False
2025-07-27,OMNISCIENT READER: THE PROPHECY,580919d632e55fd9736ae1a2ac6ed0c5,BATAM,-3,65,1,44.72,False
2025-07-27,OMNISCIENT READER: THE PROPHECY,5b8eaa351fae8e6d1e759e814d74c1c5,MEDAN,-3,41,1,30.45,False
2025-07-27,OMNISCIENT READER: THE PROPHECY,6b88b1af662b72fbfa35004a8edfe2e9,DEPOK,-3,66,1,50.96,False
2025-07-27,OMNISCIENT READER: THE PROPHECY,716ede53fbca27fbe1c1a55d6667c2b5,CIKARANG,-3,35,1,18.72,False
2025-07-27,OMNISCIENT READER: THE PROPHECY,7cade3ea25dae25fdb8c56776676b0c7,CILEGON,-3,78,1,58.24,False
2025-07-27,OMNISCIENT READER: THE PROPHECY,8188326fb0a403be03ea632997c8a959,GORONTALO,-3,64,1,56.65,False
2025-07-27,OMNISCIENT READER: THE PROPHECY,862442166e956fe0e8355db8852d9440,TANGERANG,-3,155,2,39.9,False
2025-07-27,OMNISCIENT READER: THE PROPHECY,8d2e05da5624875993cb8580c88334a9,CIREBON,-3,8,1,5.2,False
2025-07-27,OMNISCIENT READER: THE PROPHECY,8dbfb7aeb4ed822b358347332ba630af,JAKARTA,-3,194,3,45.07,False
2025-07-27,TINGGAL MENINGGAL,8dbfb7aeb4ed822b358347332ba630af,JAKARTA,-18,151,1,100.0,False
2025-07-27,OMNISCIENT READER: THE PROPHECY,9158e16be84a6db4d63d3289099f119b,JAYAPURA,-3,49,1,36.05,False
2025-07-27,OMNISCIENT READER: THE PROPHECY,919c7b9859d8ce7cab47dab2463e7fab,MAKASSAR,-3,69,1,37.8,False
2025-07-27,OMNISCIENT READER: THE PROPHECY,a616a546264044ed616bc2bdf2d9f7fc,YOGYAKARTA,-3,79,1,64.89,False
2025-07-27,OMNISCIENT READER: THE PROPHECY,a6d19ebcb27f61cbf41a6552fbf68676,SIDOARJO,-3,16,1,11.33,False
2025-07-27,OMNISCIENT READER: THE PROPHECY,afbb3b11f728a54ad1eb3ca34f602779,KENDARI,-3,69,1,33.99,False
2025-07-27,OMNISCIENT READER: THE PROPHECY,b4972b48997defae8304bc9c41220c7c,BEKASI,-3,38,1,14.56,False
2025-07-27,OMNISCIENT READER: THE PROPHECY,b704e8b10f13e14494b5a7a0ba39d9d9,JAKARTA,-3,161,3,32.24,False
2025-07-27,THE BAD GUYS 2,b704e8b10f13e14494b5a7a0ba39d9d9,JAKARTA,-5,541,2,100.0,False
2025-07-27,OMNISCIENT READER: THE PROPHECY,be8de71502987819afd4c2ceea71c539,GRESIK,-3,48,1,32.55,False
2025-07-27,OMNISCIENT READER: THE PROPHECY,c4a19cbeb409639c836e4304976db0aa,BANDUNG,-3,127,2,42.53,False
2025-07-27,OMNISCIENT READER: THE PROPHECY,c71a18e33d4b7c73c8124c65fc3e6f1c,MANADO,-3,81,1,64.89,False
2025-07-27,OMNISCIENT READER: THE PROPHECY,d33850e3698903061b4c18886ce00c9d,GARUT,-3,87,1,66.56,False
2025-07-27,OMNISCIENT READER: THE PROPHECY,da96492ebd43c4a193238d6c3205cc40,PEKANBARU,-3,30,1,17.85,False
2025-07-27,OMNISCIENT READER: THE PROPHECY,e3edf631650eb304cf386709b98005f6,DENPASAR,-3,86,1,60.9,False
2025-07-27,OMNISCIENT READER: THE PROPHECY,e7ec114c2ec166155149062023617e8b,SAMARINDA,-3,65,1,47.38,False
2025-07-27,OMNISCIENT READER: THE PROPHECY,e989d8fdc91de7e6ffbb72a2f5ac79f6,DEPOK,-3,71,1,43.05,False
2025-07-27,OMNISCIENT READER: THE PROPHECY,f292a4101ca0420357a2d18b3a013e5f,PALU,-3,111,1,82.4,False
2025-07-27,OMNISCIENT READER: THE PROPHECY,f54d37fc4c4d4b285aa3601041abc938,BOGOR,-3,65,2,22.66,False
2025-07-27,SIHIR PELAKOR,f54d37fc4c4d4b285aa3601041abc938,BOGOR,-4,153,1,100.0,False
2025-07-27,OMNISCIENT READER: THE PROPHECY,f7734bb329cacfe21ce854ae822b6115,TANJUNG PINANG,-3,85,1,66.15,False
2025-07-28,PANGGIL AKU AYAH,0191582d75f94a412c0fa12d36bcee3f,SURABAYA,-10,128,1,100.0,False
2025-07-28,PANGGIL AKU AYAH,8750b9ee0b0c6c6afcfcb2a05e60efc0,BANDUNG,-10,129,1,100.0,False
2025-07-28,THE NAKED GUN,b704e8b10f13e14494b5a7a0ba39d9d9,JAKARTA,-2,507,2,100.0,False
2025-07-29,LYORA: PENANTIAN BUAH HATI,0191582d75f94a412c0fa12d36bcee3f,SURABAYA,-9,124,1,100.0,False
2025-07-29,PANGGIL AKU AYAH,108f9a4d181f12fd1b7e3c9adae38478,TANGERANG,-9,152,1,100.0,False
2025-07-29,PANGGIL AKU AYAH,8750b9ee0b0c6c6afcfcb2a05e60efc0,BANDUNG,-9,129,1,100.0,False
2025-07-29,PAMALI: TUMBAL,8dbfb7aeb4ed822b358347332ba630af,JAKARTA,-9,1980,5,100.0,False
2025-07-29,PANGGIL AKU AYAH,b704e8b10f13e14494b5a7a0ba39d9d9,JAKARTA,-9,83,2,100.0,False
2025-07-30,PANGGIL AKU AYAH,15c7dc37db27dd76f38cc419107f7c48,KARAWANG,-8,114,1,100.0,False
2025-07-30,PANGGIL AKU AYAH,4e12b237c826209f7ddc5b29a96380b6,BEKASI,-8,124,1,100.0,False
2025-07-30,PANGGIL AKU AYAH,7cade3ea25dae25fdb8c56776676b0c7,CILEGON,-8,132,1,100.0,True
2025-07-30,PANGGIL AKU AYAH,8dbfb7aeb4ed822b358347332ba630af,JAKARTA,-8,1961,5,100.0,False
2025-07-30,PANGGIL AKU AYAH,c877324e95024e707ae23f0aed947e15,SEMARANG,-8,134,1,100.0,True
2025-07-31,PANGGIL AKU AYAH,3afae5dea7356f64f70605334bef46a7,CIANJUR,-7,160,1,100.0,False
2025-07-31,LYORA: PENANTIAN BUAH HATI,4ed104ac0de10ba7eef50158603e0b32,JAKARTA,-7,1918,8,100.0,False
2025-07-31,PANGGIL AKU AYAH,716ede53fbca27fbe1c1a55d6667c2b5,CIKARANG,-7,124,1,100.0,False
2025-07-31,PANGGIL AKU AYAH,8d2e05da5624875993cb8580c88334a9,CIREBON,-7,124,1,100.0,False
2025-07-31,PANGGIL AKU AYAH,a616a546264044ed616bc2bdf2d9f7fc,YOGYAKARTA,-7,125,1,100.0,False
2025-07-31,LYORA: PENANTIAN BUAH HATI,b704e8b10f13e14494b5a7a0ba39d9d9,JAKARTA,-7,166,4,100.0,False
2025-07-31,PANGGIL AKU AYAH,e989d8fdc91de7e6ffbb72a2f5ac79f6,DEPOK,-7,152,1,100.0,False
2025-07-31,PANGGIL AKU AYAH,ecace029de4a6bd4ae872928509cd71d,TASIKMALAYA,-7,143,1,100.0,False
2025-08-01,PAMALI: TUMBAL,4ed104ac0de10ba7eef50158603e0b32,JAKARTA,-6,320,2,100.0,False
2025-08-01,PANGGIL AKU AYAH,4ed104ac0de10ba7eef50158603e0b32,JAKARTA,-6,139,1,100.0,True
2025-08-01,WEAPONS,4ed104ac0de10ba7eef50158603e0b32,JAKARTA,-5,83,2,100.0,False
2025-08-01,THE SUN GAZER: CINTA DARI LANGIT,52eed153a88a6bdcb46cbb266a07cba2,TANGERANG,-20,143,1,100.0,False
2025-08-01,TINGGAL MENINGGAL,8dbfb7aeb4ed822b358347332ba630af,JAKARTA,-13,151,1,100.0,False
2025-08-01,LYORA: PENANTIAN BUAH HATI,c4a19cbeb409639c836e4304976db0aa,BANDUNG,-6,122,1,100.0,False
2025-08-02,LYORA: PENANTIAN BUAH HATI,4e12b237c826209f7ddc5b29a96380b6,BEKASI,-5,282,1,100.0,False
2025-08-02,PAMALI: TUMBAL,4ed104ac0de10ba7eef50158603e0b32,JAKARTA,-5,310,2,100.0,False
2025-08-02,TINGGAL MENINGGAL,9cc7970100d8e4c2202f08cb78c6eb20,YOGYAKARTA,-12,141,1,100.0,False
2025-08-02,TINGGAL MENINGGAL,a691dd0d8274fa85ecdc7d5ad6df1628,LAMPUNG,-12,124,1,100.0,False
2025-08-02,TINGGAL MENINGGAL,b704e8b10f13e14494b5a7a0ba39d9d9,JAKARTA,-12,70,1,97.76,False
2025-08-02,PAMALI: TUMBAL,f54d37fc4c4d4b285aa3601041abc938,BOGOR,-5,453,2,100.0,False
2025-08-03,PANGGIL AKU AYAH,312cd6ebdd3af9ac55f7b3d31ecab9c2,BOGOR,-4,125,1,100.0,False
2025-08-03,PANGGIL AKU AYAH,541130ea8083a789df5d15bbfe13055a,MAKASSAR,-4,111,1,100.0,False
2025-08-03,PANGGIL AKU AYAH,7114d91eccf418326f7a9a05943c04e1,JAMBI,-4,133,1,100.0,True
2025-08-03,PANGGIL AKU AYAH,862442166e956fe0e8355db8852d9440,TANGERANG,-4,129,1,100.0,False
2025-08-03,PANGGIL AKU AYAH,88d0ee0029bee810e1d0fe37f73e2d3b,SOLO,-4,174,1,100.0,False
2025-08-03,PANGGIL AKU AYAH,8d2e05da5624875993cb8580c88334a9,CIREBON,-4,70,1,100.0,False
2025-08-03,PANGGIL AKU AYAH,8dbfb7aeb4ed822b358347332ba630af,JAKARTA,-4,154,1,100.0,False
2025-08-03,PANGGIL AKU AYAH,9f0564f5cabe643e4dbb08b80d3cc241,PONTIANAK,-4,173,1,100.0,False
2025-08-03,PANGGIL AKU AYAH,a691dd0d8274fa85ecdc7d5ad6df1628,LAMPUNG,-4,124,1,100.0,False
2025-08-03,PANGGIL AKU AYAH,bf33cc26f29bf266a83e35901fa80c9c,AMBON,-4,151,1,100.0,False
2025-08-03,PANGGIL AKU AYAH,cb2a49a747f8989ee0356ec7ac354177,BENGKULU,-4,141,1,100.0,False
2025-08-03,PANGGIL AKU AYAH,dc77e7e26c0e5e3a5c44ec2de0cedbde,DENPASAR,-4,114,1,100.0,False
2025-08-03,PANGGIL AKU AYAH,e8965581e1be78ac9a3145b6983ff6ec,SURABAYA,-4,183,1,100.0,False
2025-08-03,PANGGIL AKU AYAH,ecace029de4a6bd4ae872928509cd71d,TASIKMALAYA,-4,150,1,100.0,False
2025-08-03,PANGGIL AKU AYAH,efe899b321b96d852776427476f14a06,YOGYAKARTA,-4,174,1,100.0,False
2025-08-04,PANGGIL AKU AYAH,25e1c125bdd513aa2355a8e558a1a908,KEDIRI,-3,123,1,100.0,False
2025-08-04,PANGGIL AKU AYAH,26a644178fbdb277dc3c50997f6df7fe,PALEMBANG,-3,106,1,100.0,False
2025-08-04,MY DAUGHTER IS A ZOMBIE,4ed104ac0de10ba7eef50158603e0b32,JAKARTA,-4,228,1,76.96,False
2025-08-04,PANGGIL AKU AYAH,5a894958f375392ce7981be2eb9a26be,JEMBER,-3,94,1,100.0,False
2025-08-04,PANGGIL AKU AYAH,a691dd0d8274fa85ecdc7d5ad6df1628,LAMPUNG,-3,124,1,100.0,False
2025-08-04,PANGGIL AKU AYAH,be8de71502987819afd4c2ceea71c539,GRESIK,-3,125,1,100.0,False
2025-08-04,PANGGIL AKU AYAH,d1918db937d26e9e4ccd3e17e1ff0e2d,SUMEDANG,-3,124,1,100.0,False
2025-08-04,PANGGIL AKU AYAH,fcf80028ec9bbf8efaee3932e529a78f,INDRAMAYU,-3,165,1,100.0,False
2025-08-05,PANGGIL AKU AYAH,3f6093566521149f8e37fa4e3fafe7cc,PADANG,-2,73,1,100.0,False
2025-08-05,PANGGIL AKU AYAH,541130ea8083a789df5d15bbfe13055a,MAKASSAR,-2,114,1,100.0,False
2025-08-05,PANGGIL AKU AYAH,57d37d0d839b9dff6f87d6b5d5b679cc,SOLO,-2,139,1,100.0,True
2025-08-05,PANGGIL AKU AYAH,8188326fb0a403be03ea632997c8a959,GORONTALO,-2,116,1,100.0,False
2025-08-05,LYORA: PENANTIAN BUAH HATI,862442166e956fe0e8355db8852d9440,TANGERANG,-2,141,1,100.0,False
2025-08-05,PANGGIL AKU AYAH,a6d19ebcb27f61cbf41a6552fbf68676,SIDOARJO,-2,139,1,100.0,True
2025-08-05,WEAPONS,b704e8b10f13e14494b5a7a0ba39d9d9,JAKARTA,-1,538,2,100.0,False
2025-08-05,PANGGIL AKU AYAH,c48b7a4426e8cbee3f7dbfe8b87d1d89,PEKALONGAN,-2,124,1,100.0,False
2025-08-05,PANGGIL AKU AYAH,fbaf4d5f0c18dc603a21aef31da59ee6,SAMARINDA,-2,141,1,100.0,False
2025-08-06,PANGGIL AKU AYAH,1240789770bc04e7d26e5fa31c075ced,MALANG,-1,125,1,100.0,False
2025-08-06,PANGGIL AKU AYAH,26d1d720bc7e60c1b1a56630e3ba2c5d,GARUT,-1,159,1,100.0,False
2025-08-06,PANGGIL AKU AYAH,35de0354d956048d1c9c49ff069eaa55,MEDAN,-1,127,1,100.0,False
2025-08-06,PANGGIL AKU AYAH,3afae5dea7356f64f70605334bef46a7,CIANJUR,-1,160,1,100.0,False
2025-08-06,PANGGIL AKU AYAH,62447bb073160adcf6d6022240a3663c,KLATEN,-1,138,1,100.0,True
2025-08-06,TINGGAL MENINGGAL,8dbfb7aeb4ed822b358347332ba630af,JAKARTA,-8,312,1,100.0,False
2025-08-06,PANGGIL AKU AYAH,9f0564f5cabe643e4dbb08b80d3cc241,PONTIANAK,-1,185,1,100.0,False
2025-08-06,PANGGIL AKU AYAH,c4a19cbeb409639c836e4304976db0aa,BANDUNG,-1,113,1,100.0,False
2025-08-06,PANGGIL AKU AYAH,c71a18e33d4b7c73c8124c65fc3e6f1c,MANADO,-1,126,1,100.0,False
2025-08-06,PANGGIL AKU AYAH,c877324e95024e707ae23f0aed947e15,SEMARANG,-1,137,1,100.0,True
2025-08-06,PANGGIL AKU AYAH,dc77e7e26c0e5e3a5c44ec2de0cedbde,DENPASAR,-1,130,1,100.0,True
2025-08-06,PANGGIL AKU AYAH,ecace029de4a6bd4ae872928509cd71d,TASIKMALAYA,-1,146,1,100.0,False
2025-08-07,"LA TAHZAN: CINTA, DOSA, LUKA...",8dbfb7aeb4ed822b358347332ba630af,JAKARTA,-7,2478,6,100.0,False
2025-08-08,MATERIALISTS,4ed104ac0de10ba7eef50158603e0b32,JAKARTA,-12,82,2,100.0,False
2025-08-08,THE SUN GAZER: CINTA DARI LANGIT,4ed104ac0de10ba7eef50158603e0b32,JAKARTA,-13,206,1,100.0,False
2025-08-08,TINGGAL MENINGGAL,8dbfb7aeb4ed822b358347332ba630af,JAKARTA,-6,2478,6,100.0,False
2025-08-08,MATERIALISTS,b704e8b10f13e14494b5a7a0ba39d9d9,JAKARTA,-12,1861,8,100.0,False
2025-08-09,TINGGAL MENINGGAL,dc77e7e26c0e5e3a5c44ec2de0cedbde,DENPASAR,-5,114,1,100.0,False
2025-08-10,"LA TAHZAN: CINTA, DOSA, LUKA...",015555fbcd8faef6b55a854605df0a87,SURABAYA,-4,306,6,27.12,False
2025-08-10,"LA TAHZAN: CINTA, DOSA, LUKA...",0191582d75f94a412c0fa12d36bcee3f,SURABAYA,-4,321,5,27.19,False
2025-08-10,"LA TAHZAN: CINTA, DOSA, LUKA...",0318cab65e5a4dbb61243ab4747fb621,SINGKAWANG,-4,45,1,21.84,False
2025-08-10,"LA TAHZAN: CINTA, DOSA, LUKA...",04a2de432a8901363a05137a8e8de1d2,MAMUJU,-4,134,1,53.55,True
2025-08-10,"LA TAHZAN: CINTA, DOSA, LUKA...",073b764928864ed8fa0b6b115bfdd685,BATAM,-4,98,2,20.09,False
2025-08-10,"LA TAHZAN: CINTA, DOSA, LUKA...",0a8777c6c78e2d102bdf459f8550cf93,PANGKAL PINANG,-4,112,1,54.08,False
2025-08-10,"LA TAHZAN: CINTA, DOSA, LUKA...",108f9a4d181f12fd1b7e3c9adae38478,TANGERANG,-4,274,9,15.22,False
2025-08-10,"LA TAHZAN: CINTA, DOSA, LUKA...",1240789770bc04e7d26e5fa31c075ced,MALANG,-4,93,2,22.36,False
2025-08-10,"LA TAHZAN: CINTA, DOSA, LUKA...",14b63ff2b104903ead7d884f25382e57,MALANG,-4,57,1,31.2,False
2025-08-10,"LA TAHZAN: CINTA, DOSA, LUKA...",15c7dc37db27dd76f38cc419107f7c48,KARAWANG,-4,70,1,32.55,False
2025-08-10,"LA TAHZAN: CINTA, DOSA, LUKA...",17e1e7da761f72bbb4e039ba08cc0ba0,SEMARANG,-4,62,2,18.03,False
2025-08-10,"LA TAHZAN: CINTA, DOSA, LUKA...",19f506af810fe579721721d058f6b243,MEDAN,-4,74,1,43.05,False
2025-08-10,"LA TAHZAN: CINTA, DOSA, LUKA...",202dbf4df0e433f092fca1aa8162c400,TARAKAN,-4,97,1,75.19,False
2025-08-10,"LA TAHZAN: CINTA, DOSA, LUKA...",218c50fa4df90b3241e39ff8ffb41102,SOLO,-4,70,2,18.2,False
2025-08-10,"LA TAHZAN: CINTA, DOSA, LUKA...",2318d3c719302ff137eb1b53fb32f0c8,KARAWANG,-4,40,1,21.84,False
2025-08-10,"LA TAHZAN: CINTA, DOSA, LUKA...",25e1c125bdd513aa2355a8e558a1a908,KEDIRI,-4,23,1,17.68,False
2025-08-10,"LA TAHZAN: CINTA, DOSA, LUKA...",26a644178fbdb277dc3c50997f6df7fe,PALEMBANG,-4,119,2,26.78,False
2025-08-10,"LA TAHZAN: CINTA, DOSA, LUKA...",26d1d720bc7e60c1b1a56630e3ba2c5d,GARUT,-4,77,1,27.81,False
2025-08-10,"LA TAHZAN: CINTA, DOSA, LUKA...",29fc89ab155e9f202326046c2e0023bb,MAKASSAR,-4,150,2,27.04,False
2025-08-10,"LA TAHZAN: CINTA, DOSA, LUKA...",2e0ec493a87e740511b7b565386c06fe,SORONG,-4,94,1,56.65,False
2025-08-10,"LA TAHZAN: CINTA, DOSA, LUKA...",312cd6ebdd3af9ac55f7b3d31ecab9c2,BOGOR,-4,81,1,34.32,False
2025-08-10,"LA TAHZAN: CINTA, DOSA, LUKA...",35de0354d956048d1c9c49ff069eaa55,MEDAN,-4,93,2,20.48,False
2025-08-10,"LA TAHZAN: CINTA, DOSA, LUKA...",3744d5b8753c9cc72700ce7927fa0df3,SIDOARJO,-4,47,1,36.05,False
2025-08-10,"LA TAHZAN: CINTA, DOSA, LUKA...",3acdf298dab1b92bbaaad74d86c0c40a,SEMARANG,-4,180,5,17.3,False
2025-08-10,"LA TAHZAN: CINTA, DOSA, LUKA...",3afae5dea7356f64f70605334bef46a7,CIANJUR,-4,89,1,39.52,False
2025-08-10,"LA TAHZAN: CINTA, DOSA, LUKA...",3c41b96b56b0aab1ed5fc5e703499730,BALIKPAPAN,-4,95,2,13.52,False
2025-08-10,"LA TAHZAN: CINTA, DOSA, LUKA...",3cc167017755a0197f18f93595c9ae85,JAMBI,-4,48,1,22.05,False
2025-08-10,"LA TAHZAN: CINTA, DOSA, LUKA...",3f6093566521149f8e37fa4e3fafe7cc,PADANG,-4,63,2,22.05,False
2025-08-10,"LA TAHZAN: CINTA, DOSA, LUKA...",45f553cca86b28fedd6115abdd0ae734,KUALA KAPUAS,-4,87,1,42.64,False
2025-08-10,"LA TAHZAN: CINTA, DOSA, LUKA...",490346a8a068ba7d2e3764714c6d5323,BANDUNG,-4,217,2,53.03,False
2025-08-10,"LA TAHZAN: CINTA, DOSA, LUKA...",494c8f1916a97efe3390ba9dbab6ce7d,LAMPUNG,-4,103,3,22.88,False
2025-08-10,"LA TAHZAN: CINTA, DOSA, LUKA...",4a4c71e99772e87c9e35a56acd8be21e,TERNATE,-4,88,1,43.68,False
2025-08-10,"LA TAHZAN: CINTA, DOSA, LUKA...",4ba87a86e02dd8a810032db35bf13c51,BENGKULU,-4,33,1,16.8,False
2025-08-10,"LA TAHZAN: CINTA, DOSA, LUKA...",4e12b237c826209f7ddc5b29a96380b6,BEKASI,-4,198,5,21.42,False
2025-08-10,"LA TAHZAN: CINTA, DOSA, LUKA...",4eb26b1058266dc50a63dc875e4d8846,MATARAM,-4,27,1,10.4,False
2025-08-10,"LA TAHZAN: CINTA, DOSA, LUKA...",4ed104ac0de10ba7eef50158603e0b32,JAKARTA,-4,530,14,19.43,False
2025-08-10,LABINAK,4ed104ac0de10ba7eef50158603e0b32,JAKARTA,-11,137,1,100.0,True
2025-08-10,"LA TAHZAN: CINTA, DOSA, LUKA...",4fc3fc370b299876663c7d5c90595853,BANJARMASIN,-4,194,1,90.48,False
2025-08-10,"LA TAHZAN: CINTA, DOSA, LUKA...",52eed153a88a6bdcb46cbb266a07cba2,TANGERANG,-4,111,3,13.39,False
2025-08-10,"LA TAHZAN: CINTA, DOSA, LUKA...",53b77c875c67b68561415f23065e6e8d,PADANG,-4,56,1,21.84,False
2025-08-10,"LA TAHZAN: CINTA, DOSA, LUKA...",541130ea8083a789df5d15bbfe13055a,MAKASSAR,-4,121,2,27.3,False
2025-08-10,"LA TAHZAN: CINTA, DOSA, LUKA...",57d37d0d839b9dff6f87d6b5d5b679cc,SOLO,-4,63,1,39.14,False
2025-08-10,"LA TAHZAN: CINTA, DOSA, LUKA...",580919d632e55fd9736ae1a2ac6ed0c5,BATAM,-4,76,2,19.06,False
2025-08-10,"LA TAHZAN: CINTA, DOSA, LUKA...",592095e0ddc2c230cf3002d72e9bac41,MANOKWARI,-4,99,1,49.35,False
2025-08-10,"LA TAHZAN: CINTA, DOSA, LUKA...",5a894958f375392ce7981be2eb9a26be,JEMBER,-4,13,1,7.28,False
2025-08-10,"LA TAHZAN: CINTA, DOSA, LUKA...",5b8eaa351fae8e6d1e759e814d74c1c5,MEDAN,-4,261,6,25.55,False
2025-08-10,"LA TAHZAN: CINTA, DOSA, LUKA...",5ff7565cdb056b4bdcb43d0ea2b5380d,KUPANG,-4,20,1,14.7,False
2025-08-10,"LA TAHZAN: CINTA, DOSA, LUKA...",62447bb073160adcf6d6022240a3663c,KLATEN,-4,38,1,22.05,False
2025-08-10,"LA TAHZAN: CINTA, DOSA, LUKA...",6b88b1af662b72fbfa35004a8edfe2e9,DEPOK,-4,247,6,22.05,False
2025-08-10,"LA TAHZAN: CINTA, DOSA, LUKA...",7114d91eccf418326f7a9a05943c04e1,JAMBI,-4,82,2,23.18,False
2025-08-10,"LA TAHZAN: CINTA, DOSA, LUKA...",716ede53fbca27fbe1c1a55d6667c2b5,CIKARANG,-4,88,2,21.0,False
2025-08-10,"LA TAHZAN: CINTA, DOSA, LUKA...",7995e00051a2fe6aeed7cfdbe0378c01,TIMIKA,-4,96,1,52.5,False
2025-08-10,"LA TAHZAN: CINTA, DOSA, LUKA...",7c271f1e1351e6433b202d77b88012c2,CIREBON,-4,96,1,31.93,False
2025-08-10,"LA TAHZAN: CINTA, DOSA, LUKA...",7cade3ea25dae25fdb8c56776676b0c7,CILEGON,-4,145,3,26.78,False
2025-08-10,"LA TAHZAN: CINTA, DOSA, LUKA...",8188326fb0a403be03ea632997c8a959,GORONTALO,-4,87,1,54.6,False
2025-08-10,"LA TAHZAN: CINTA, DOSA, LUKA...",81c620b2538435926cbbf15745ef5901,MADIUN,-4,80,1,39.9,False
2025-08-10,"LA TAHZAN: CINTA, DOSA, LUKA...",862442166e956fe0e8355db8852d9440,TANGERANG,-4,155,3,18.88,False
2025-08-10,"LA TAHZAN: CINTA, DOSA, LUKA...",8750b9ee0b0c6c6afcfcb2a05e60efc0,BANDUNG,-4,137,4,18.03,False
2025-08-10,"LA TAHZAN: CINTA, DOSA, LUKA...",88d0ee0029bee810e1d0fe37f73e2d3b,SOLO,-4,58,1,22.05,False
2025-08-10,"LA TAHZAN: CINTA, DOSA, LUKA...",8d2e05da5624875993cb8580c88334a9,CIREBON,-4,99,2,23.4,False
2025-08-10,"LA TAHZAN: CINTA, DOSA, LUKA...",8dbfb7aeb4ed822b358347332ba630af,JAKARTA,-4,658,16,19.57,False
2025-08-10,TINGGAL MENINGGAL,8dbfb7aeb4ed822b358347332ba630af,JAKARTA,-4,151,1,100.0,False
2025-08-10,"LA TAHZAN: CINTA, DOSA, LUKA...",9158e16be84a6db4d63d3289099f119b,JAYAPURA,-4,123,1,46.35,False
2025-08-10,"LA TAHZAN: CINTA, DOSA, LUKA...",919c7b9859d8ce7cab47dab2463e7fab,MAKASSAR,-4,141,2,32.45,False
2025-08-10,"LA TAHZAN: CINTA, DOSA, LUKA...",92e94ed55b4de8feaff9462a66e2dbd7,PEKANBARU,-4,68,2,17.16,False
2025-08-10,"LA TAHZAN: CINTA, DOSA, LUKA...",9715c9bc57db04a2506acfdab71ec1c6,RANTAU PRAPAT,-4,63,1,34.65,False
2025-08-10,"LA TAHZAN: CINTA, DOSA, LUKA...",981569adf232c53afe751c8c660db8d9,BATAM,-4,24,1,8.32,False
2025-08-10,"LA TAHZAN: CINTA, DOSA, LUKA...",9aab42397bbc1d1cdb49f7044dc990f0,PALEMBANG,-4,138,2,29.93,False
2025-08-10,"LA TAHZAN: CINTA, DOSA, LUKA...",9cc7970100d8e4c2202f08cb78c6eb20,YOGYAKARTA,-4,51,1,16.8,False
2025-08-10,"LA TAHZAN: CINTA, DOSA, LUKA...",9d67ea34034038d9a33cf7ac63b7ac65,PEMATANG SIANTAR,-4,23,1,9.36,False
2025-08-10,"LA TAHZAN: CINTA, DOSA, LUKA...",9eb47624e1e418bfac8b4fcc3a44a36b,DENPASAR,-4,18,1,11.55,False
2025-08-10,"LA TAHZAN: CINTA, DOSA, LUKA...",9f0564f5cabe643e4dbb08b80d3cc241,PONTIANAK,-4,203,1,69.3,False
2025-08-10,"LA TAHZAN: CINTA, DOSA, LUKA...",a09b9ee7f937939ee25c24ef8c2e91be,BALIKPAPAN,-4,43,1,31.2,False
2025-08-10,"LA TAHZAN: CINTA, DOSA, LUKA...",a55554e941cb93c23d1522f88fd0d004,DUMAI,-4,53,1,22.66,False
2025-08-10,"LA TAHZAN: CINTA, DOSA, LUKA...",a616a546264044ed616bc2bdf2d9f7fc,YOGYAKARTA,-4,103,2,21.63,False
2025-08-10,"LA TAHZAN: CINTA, DOSA, LUKA...",a691dd0d8274fa85ecdc7d5ad6df1628,LAMPUNG,-4,150,1,63.86,False
2025-08-10,"LA TAHZAN: CINTA, DOSA, LUKA...",a9d508d218799f9dc69bb4aefc122cb3,MANADO,-4,82,2,14.94,False
2025-08-10,"LA TAHZAN: CINTA, DOSA, LUKA...",a9e141baa8b4ec825325397b16eeaae3,BOGOR,-4,235,6,22.88,False
2025-08-10,"LA TAHZAN: CINTA, DOSA, LUKA...",afbb3b11f728a54ad1eb3ca34f602779,KENDARI,-4,72,1,23.92,False
2025-08-10,"LA TAHZAN: CINTA, DOSA, LUKA...",b2539b1f80254243391774489b1328aa,ROKAN HILIR,-4,97,1,46.2,False
2025-08-10,"LA TAHZAN: CINTA, DOSA, LUKA...",b4972b48997defae8304bc9c41220c7c,BEKASI,-4,280,5,22.25,False
2025-08-10,"LA TAHZAN: CINTA, DOSA, LUKA...",b704e8b10f13e14494b5a7a0ba39d9d9,JAKARTA,-4,148,6,14.42,False
2025-08-10,"LA TAHZAN: CINTA, DOSA, LUKA...",be8de71502987819afd4c2ceea71c539,GRESIK,-4,80,1,41.2,False
2025-08-10,"LA TAHZAN: CINTA, DOSA, LUKA...",bf33cc26f29bf266a83e35901fa80c9c,AMBON,-4,102,1,42.23,False
2025-08-10,"LA TAHZAN: CINTA, DOSA, LUKA...",c35e24eefa840ac2009279f1efc52288,BONTANG,-4,111,1,38.11,False
2025-08-10,"LA TAHZAN: CINTA, DOSA, LUKA...",c48b7a4426e8cbee3f7dbfe8b87d1d89,PEKALONGAN,-4,103,2,28.35,False
2025-08-10,"LA TAHZAN: CINTA, DOSA, LUKA...",c4a19cbeb409639c836e4304976db0aa,BANDUNG,-4,349,6,27.39,False
2025-08-10,LABINAK,c4a19cbeb409639c836e4304976db0aa,BANDUNG,-11,142,1,100.0,False
2025-08-10,"LA TAHZAN: CINTA, DOSA, LUKA...",c877324e95024e707ae23f0aed947e15,SEMARANG,-4,82,2,28.6,False
2025-08-10,"LA TAHZAN: CINTA, DOSA, LUKA...",cb2a49a747f8989ee0356ec7ac354177,BENGKULU,-4,89,1,38.11,False
2025-08-10,"LA TAHZAN: CINTA, DOSA, LUKA...",d1918db937d26e9e4ccd3e17e1ff0e2d,SUMEDANG,-4,38,1,22.05,False
2025-08-10,"LA TAHZAN: CINTA, DOSA, LUKA...",d297f2f746c4fd2723f3202fafcbfa1a,BONDOWOSO,-4,88,1,35.7,False
2025-08-10,"LA TAHZAN: CINTA, DOSA, LUKA...",d33850e3698903061b4c18886ce00c9d,GARUT,-4,51,1,32.24,False
2025-08-10,"LA TAHZAN: CINTA, DOSA, LUKA...",da6b584c30e784d15b54ad124a760b19,SAMARINDA,-4,77,1,49.44,False
2025-08-10,"LA TAHZAN: CINTA, DOSA, LUKA...",da96492ebd43c4a193238d6c3205cc40,PEKANBARU,-4,105,2,17.85,False
2025-08-10,"LA TAHZAN: CINTA, DOSA, LUKA...",dc77e7e26c0e5e3a5c44ec2de0cedbde,DENPASAR,-4,124,3,24.15,False
2025-08-10,"LA TAHZAN: CINTA, DOSA, LUKA...",e3edf631650eb304cf386709b98005f6,DENPASAR,-4,33,2,8.84,False
2025-08-10,"LA TAHZAN: CINTA, DOSA, LUKA...",e67d818ee0546f3b33d0ba2083ed4db5,BEKASI,-4,134,2,33.28,False
2025-08-10,"LA TAHZAN: CINTA, DOSA, LUKA...",e7ec114c2ec166155149062023617e8b,SAMARINDA,-4,66,1,38.85,False
2025-08-10,"LA TAHZAN: CINTA, DOSA, LUKA...",e8965581e1be78ac9a3145b6983ff6ec,SURABAYA,-4,177,4,26.27,False
2025-08-10,"LA TAHZAN: CINTA, DOSA, LUKA...",e939d818a5192f48fc4b73102e3aa4b9,PALANGKARAYA,-4,63,1,22.66,False
2025-08-10,"LA TAHZAN: CINTA, DOSA, LUKA...",e989d8fdc91de7e6ffbb72a2f5ac79f6,DEPOK,-4,188,3,28.08,False
2025-08-10,"LA TAHZAN: CINTA, DOSA, LUKA...",ea7df0c99b450ecdea38cf34ae1f158f,KISARAN,-4,55,1,37.8,False
2025-08-10,"LA TAHZAN: CINTA, DOSA, LUKA...",ecace029de4a6bd4ae872928509cd71d,TASIKMALAYA,-4,191,2,43.26,False
2025-08-10,"LA TAHZAN: CINTA, DOSA, LUKA...",ef2896a95abe2a2b4cfee245dc1e36ec,CIKARANG,-4,33,1,23.69,False
2025-08-10,"LA TAHZAN: CINTA, DOSA, LUKA...",efe899b321b96d852776427476f14a06,YOGYAKARTA,-4,66,1,38.11,False
2025-08-10,"LA TAHZAN: CINTA, DOSA, LUKA...",f292a4101ca0420357a2d18b3a013e5f,PALU,-4,88,1,40.17,False
2025-08-10,"LA TAHZAN: CINTA, DOSA, LUKA...",f3a9ac312f7bc4e2467a1bf02a6aa1e9,LAMPUNG,-4,41,1,15.75,False
2025-08-10,"LA TAHZAN: CINTA, DOSA, LUKA...",f54d37fc4c4d4b285aa3601041abc938,BOGOR,-4,241,4,29.64,False
2025-08-10,"LA TAHZAN: CINTA, DOSA, LUKA...",f7734bb329cacfe21ce854ae822b6115,TANJUNG PINANG,-4,71,1,38.48,False
2025-08-10,"LA TAHZAN: CINTA, DOSA, LUKA...",fbaf4d5f0c18dc603a21aef31da59ee6,SAMARINDA,-4,59,1,26.0,False
2025-08-10,"LA TAHZAN: CINTA, DOSA, LUKA...",fcf80028ec9bbf8efaee3932e529a78f,INDRAMAYU,-4,139,1,65.1,True
2025-08-11,PANGGILAN DARI KUBUR,4ed104ac0de10ba7eef50158603e0b32,JAKARTA,-3,83,2,100.0,False
2025-08-11,PANGGILAN DARI KUBUR,b704e8b10f13e14494b5a7a0ba39d9d9,JAKARTA,-3,929,4,100.0,False
2025-08-11,TINGGAL MENINGGAL,b704e8b10f13e14494b5a7a0ba39d9d9,JAKARTA,-3,70,1,98.7,False
2025-08-12,LABINAK,4ed104ac0de10ba7eef50158603e0b32,JAKARTA,-9,1887,6,100.0,False
2025-08-12,PANGGILAN DARI KUBUR,4ed104ac0de10ba7eef50158603e0b32,JAKARTA,-2,159,1,100.0,False
2025-08-12,TINGGAL MENINGGAL,8dbfb7aeb4ed822b358347332ba630af,JAKARTA,-2,151,1,100.0,False
2025-08-12,THE SUN GAZER: CINTA DARI LANGIT,f54d37fc4c4d4b285aa3601041abc938,BOGOR,-9,177,1,100.0,False
2025-08-13,HANYA NAMAMU DALAM DOAKU,4ed104ac0de10ba7eef50158603e0b32,JAKARTA,-8,82,2,100.0,False
2025-08-13,TINGGAL MENINGGAL,4ed104ac0de10ba7eef50158603e0b32,JAKARTA,-1,133,1,98.88,True
2025-08-13,GEREJA SETAN,a9e141baa8b4ec825325397b16eeaae3,BOGOR,-29,268,1,100.0,False
2025-08-13,HANYA NAMAMU DALAM DOAKU,b704e8b10f13e14494b5a7a0ba39d9d9,JAKARTA,-8,2852,12,100.0,False
2025-08-14,GEREJA SETAN,4ed104ac0de10ba7eef50158603e0b32,JAKARTA,-28,520,2,100.0,False
2025-08-14,DEMON SLAYER -KIMETSU NO YAIBA- THE MOVIE: INFINITY CASTLE,b704e8b10f13e14494b5a7a0ba39d9d9,JAKARTA,-1,801,3,99.22,False
2025-08-15,THE SHADOWS EDGE,4ed104ac0de10ba7eef50158603e0b32,JAKARTA,-5,99,1,78.0,False
2025-08-15,LABINAK,4fc3fc370b299876663c7d5c90595853,BANJARMASIN,-6,130,1,100.0,True
2025-08-15,LABINAK,541130ea8083a789df5d15bbfe13055a,MAKASSAR,-6,97,1,66.15,False
2025-08-15,LABINAK,6b88b1af662b72fbfa35004a8edfe2e9,DEPOK,-6,135,1,100.0,True
2025-08-15,LEBIH DARI SELAMANYA,8dbfb7aeb4ed822b358347332ba630af,JAKARTA,-13,148,1,100.0,False
2025-08-15,LABINAK,b4972b48997defae8304bc9c41220c7c,BEKASI,-6,177,1,100.0,False
2025-08-15,HANYA NAMAMU DALAM DOAKU,ecace029de4a6bd4ae872928509cd71d,TASIKMALAYA,-6,152,1,100.0,False
2025-08-16,LABINAK,218c50fa4df90b3241e39ff8ffb41102,SOLO,-5,166,1,100.0,False
2025-08-16,HANYA NAMAMU DALAM DOAKU,29fc89ab155e9f202326046c2e0023bb,MAKASSAR,-5,135,1,100.0,True
2025-08-16,HANYA NAMAMU DALAM DOAKU,4ed104ac0de10ba7eef50158603e0b32,JAKARTA,-5,134,1,100.0,True
2025-08-16,HANYA NAMAMU DALAM DOAKU,4fc3fc370b299876663c7d5c90595853,BANJARMASIN,-5,146,1,100.0,False
2025-08-16,HANYA NAMAMU DALAM DOAKU,57d37d0d839b9dff6f87d6b5d5b679cc,SOLO,-5,132,1,96.82,True
2025-08-16,HANYA NAMAMU DALAM DOAKU,6b88b1af662b72fbfa35004a8edfe2e9,DEPOK,-5,281,2,100.0,False
2025-08-16,HANYA NAMAMU DALAM DOAKU,88d0ee0029bee810e1d0fe37f73e2d3b,SOLO,-5,176,1,100.0,False
2025-08-16,LABINAK,8d2e05da5624875993cb8580c88334a9,CIREBON,-5,148,1,100.0,False
2025-08-16,LABINAK,9cc7970100d8e4c2202f08cb78c6eb20,YOGYAKARTA,-5,191,1,100.0,False
2025-08-16,HANYA NAMAMU DALAM DOAKU,a616a546264044ed616bc2bdf2d9f7fc,YOGYAKARTA,-5,153,1,100.0,False
2025-08-16,HANYA NAMAMU DALAM DOAKU,b4972b48997defae8304bc9c41220c7c,BEKASI,-5,138,1,100.0,True
2025-08-16,LABINAK,bf33cc26f29bf266a83e35901fa80c9c,AMBON,-5,150,1,100.0,False
2025-08-16,HANYA NAMAMU DALAM DOAKU,c877324e95024e707ae23f0aed947e15,SEMARANG,-5,134,1,100.0,True
2025-08-16,LABINAK,f3a9ac312f7bc4e2467a1bf02a6aa1e9,LAMPUNG,-5,111,1,100.0,False
2025-08-16,HANYA NAMAMU DALAM DOAKU,fbaf4d5f0c18dc603a21aef31da59ee6,SAMARINDA,-5,152,1,100.0,False
2025-08-17,LABINAK,3acdf298dab1b92bbaaad74d86c0c40a,SEMARANG,-4,135,1,100.0,True
2025-08-17,LABINAK,4ed104ac0de10ba7eef50158603e0b32,JAKARTA,-4,172,1,100.0,False
2025-08-17,LABINAK,9f0564f5cabe643e4dbb08b80d3cc241,PONTIANAK,-4,170,1,100.0,False
2025-08-19,LABINAK,8dbfb7aeb4ed822b358347332ba630af,JAKARTA,-2,153,1,100.0,False
2025-08-20,LEBIH DARI SELAMANYA,8dbfb7aeb4ed822b358347332ba630af,JAKARTA,-8,1896,4,100.0,False
2025-08-21,DRACULA: A LOVE TALE,4ed104ac0de10ba7eef50158603e0b32,JAKARTA,-8,94,1,77.7,False
2025-08-21,PENCARIAN TERAKHIR,8dbfb7aeb4ed822b358347332ba630af,JAKARTA,-7,1343,3,100.0,False
2025-08-22,RED SONJA,4ed104ac0de10ba7eef50158603e0b32,JAKARTA,-21,94,1,77.7,False
2025-08-22,PANJI TENGKORAK,8dbfb7aeb4ed822b358347332ba630af,JAKARTA,-6,2841,7,100.0,False
2025-08-23,ANDAI IBU TIDAK MENIKAH DENGAN AYAH,0191582d75f94a412c0fa12d36bcee3f,SURABAYA,-12,292,2,100.0,False
2025-08-23,PENCARIAN TERAKHIR,0191582d75f94a412c0fa12d36bcee3f,SURABAYA,-5,121,1,72.8,False
2025-08-23,PENCARIAN TERAKHIR,073b764928864ed8fa0b6b115bfdd685,BATAM,-5,113,1,69.3,False
2025-08-23,ANDAI IBU TIDAK MENIKAH DENGAN AYAH,218c50fa4df90b3241e39ff8ffb41102,SOLO,-12,126,1,97.65,False
2025-08-23,PENCARIAN TERAKHIR,218c50fa4df90b3241e39ff8ffb41102,SOLO,-5,81,1,55.12,False
2025-08-23,ANDAI IBU TIDAK MENIKAH DENGAN AYAH,312cd6ebdd3af9ac55f7b3d31ecab9c2,BOGOR,-12,127,1,100.0,False
2025-08-23,PENCARIAN TERAKHIR,3afae5dea7356f64f70605334bef46a7,CIANJUR,-5,109,1,64.48,False
2025-08-23,PENCARIAN TERAKHIR,490346a8a068ba7d2e3764714c6d5323,BANDUNG,-5,150,1,94.76,False
2025-08-23,ANDAI IBU TIDAK MENIKAH DENGAN AYAH,4e12b237c826209f7ddc5b29a96380b6,BEKASI,-12,188,1,100.0,False
2025-08-23,PANJI TENGKORAK,4ed104ac0de10ba7eef50158603e0b32,JAKARTA,-5,172,1,100.0,False
2025-08-23,ANDAI IBU TIDAK MENIKAH DENGAN AYAH,4fc3fc370b299876663c7d5c90595853,BANJARMASIN,-12,128,1,100.0,False
2025-08-23,PENCARIAN TERAKHIR,4fc3fc370b299876663c7d5c90595853,BANJARMASIN,-5,98,1,66.95,False
2025-08-23,ANDAI IBU TIDAK MENIKAH DENGAN AYAH,57d37d0d839b9dff6f87d6b5d5b679cc,SOLO,-12,132,1,98.7,True
2025-08-23,ANDAI IBU TIDAK MENIKAH DENGAN AYAH,6b88b1af662b72fbfa35004a8edfe2e9,DEPOK,-12,301,2,100.0,False
2025-08-23,ANDAI IBU TIDAK MENIKAH DENGAN AYAH,7114d91eccf418326f7a9a05943c04e1,JAMBI,-12,132,1,100.0,True
2025-08-23,PENCARIAN TERAKHIR,862442166e956fe0e8355db8852d9440,TANGERANG,-5,80,1,53.56,False
2025-08-23,ANDAI IBU TIDAK MENIKAH DENGAN AYAH,88d0ee0029bee810e1d0fe37f73e2d3b,SOLO,-12,174,1,100.0,False
2025-08-23,ANDAI IBU TIDAK MENIKAH DENGAN AYAH,8d2e05da5624875993cb8580c88334a9,CIREBON,-12,274,2,100.0,False
2025-08-23,PENCARIAN TERAKHIR,8d2e05da5624875993cb8580c88334a9,CIREBON,-5,90,1,76.65,False
2025-08-23,PENCARIAN TERAKHIR,8dbfb7aeb4ed822b358347332ba630af,JAKARTA,-5,187,1,99.75,False
2025-08-23,PENCARIAN TERAKHIR,919c7b9859d8ce7cab47dab2463e7fab,MAKASSAR,-5,88,1,48.41,False
2025-08-23,PENCARIAN TERAKHIR,9aab42397bbc1d1cdb49f7044dc990f0,PALEMBANG,-5,151,1,100.0,False
2025-08-23,ANDAI IBU TIDAK MENIKAH DENGAN AYAH,9eb47624e1e418bfac8b4fcc3a44a36b,DENPASAR,-12,144,1,97.85,False
2025-08-23,PENCARIAN TERAKHIR,9f0564f5cabe643e4dbb08b80d3cc241,PONTIANAK,-5,127,1,71.76,False
2025-08-23,LEBIH DARI SELAMANYA,a616a546264044ed616bc2bdf2d9f7fc,YOGYAKARTA,-5,193,1,100.0,False
2025-08-23,ANDAI IBU TIDAK MENIKAH DENGAN AYAH,a691dd0d8274fa85ecdc7d5ad6df1628,LAMPUNG,-12,123,1,100.0,False
2025-08-23,PENCARIAN TERAKHIR,a691dd0d8274fa85ecdc7d5ad6df1628,LAMPUNG,-5,140,1,85.49,True
2025-08-23,PENCARIAN TERAKHIR,a9d508d218799f9dc69bb4aefc122cb3,MANADO,-5,53,1,40.95,False
2025-08-23,ANDAI IBU TIDAK MENIKAH DENGAN AYAH,a9e141baa8b4ec825325397b16eeaae3,BOGOR,-12,137,1,100.0,True
2025-08-23,PENCARIAN TERAKHIR,a9e141baa8b4ec825325397b16eeaae3,BOGOR,-5,127,1,97.76,False
2025-08-23,ANDAI IBU TIDAK MENIKAH DENGAN AYAH,bf33cc26f29bf266a83e35901fa80c9c,AMBON,-12,150,1,100.0,False
2025-08-23,PENCARIAN TERAKHIR,bf33cc26f29bf266a83e35901fa80c9c,AMBON,-5,109,1,75.92,False
2025-08-23,PENCARIAN TERAKHIR,c48b7a4426e8cbee3f7dbfe8b87d1d89,PEKALONGAN,-5,41,1,28.35,False
2025-08-23,LEBIH DARI SELAMANYA,c4a19cbeb409639c836e4304976db0aa,BANDUNG,-5,199,1,100.0,False
2025-08-23,PENCARIAN TERAKHIR,c877324e95024e707ae23f0aed947e15,SEMARANG,-5,80,1,50.96,False
2025-08-23,PENCARIAN TERAKHIR,d1918db937d26e9e4ccd3e17e1ff0e2d,SUMEDANG,-5,61,1,39.52,False
2025-08-23,ANDAI IBU TIDAK MENIKAH DENGAN AYAH,d33850e3698903061b4c18886ce00c9d,GARUT,-12,137,1,100.0,True
2025-08-23,ANDAI IBU TIDAK MENIKAH DENGAN AYAH,da96492ebd43c4a193238d6c3205cc40,PEKANBARU,-12,141,1,100.0,False
2025-08-23,PENCARIAN TERAKHIR,dc77e7e26c0e5e3a5c44ec2de0cedbde,DENPASAR,-5,98,1,68.25,False
2025-08-23,ANDAI IBU TIDAK MENIKAH DENGAN AYAH,e67d818ee0546f3b33d0ba2083ed4db5,BEKASI,-12,171,1,100.0,False
2025-08-23,LEBIH DARI SELAMANYA,e8965581e1be78ac9a3145b6983ff6ec,SURABAYA,-5,250,1,100.0,False
2025-08-23,ANDAI IBU TIDAK MENIKAH DENGAN AYAH,ecace029de4a6bd4ae872928509cd71d,TASIKMALAYA,-12,152,1,100.0,False
2025-08-23,PENCARIAN TERAKHIR,ecace029de4a6bd4ae872928509cd71d,TASIKMALAYA,-5,60,1,28.84,False
2025-08-23,ANDAI IBU TIDAK MENIKAH DENGAN AYAH,f54d37fc4c4d4b285aa3601041abc938,BOGOR,-12,134,1,100.0,True
2025-08-23,ANDAI IBU TIDAK MENIKAH DENGAN AYAH,fcf80028ec9bbf8efaee3932e529a78f,INDRAMAYU,-12,168,1,100.0,False
2025-08-24,ANDAI IBU TIDAK MENIKAH DENGAN AYAH,14b63ff2b104903ead7d884f25382e57,MALANG,-11,135,1,100.0,True
2025-08-24,ANDAI IBU TIDAK MENIKAH DENGAN AYAH,202dbf4df0e433f092fca1aa8162c400,TARAKAN,-11,124,1,100.0,False
2025-08-24,ANDAI IBU TIDAK MENIKAH DENGAN AYAH,26a644178fbdb277dc3c50997f6df7fe,PALEMBANG,-11,137,1,100.0,True
2025-08-24,ANDAI IBU TIDAK MENIKAH DENGAN AYAH,29fc89ab155e9f202326046c2e0023bb,MAKASSAR,-11,137,1,100.0,True
2025-08-24,ANDAI IBU TIDAK MENIKAH DENGAN AYAH,35de0354d956048d1c9c49ff069eaa55,MEDAN,-11,115,1,100.0,False
2025-08-24,ANDAI IBU TIDAK MENIKAH DENGAN AYAH,3acdf298dab1b92bbaaad74d86c0c40a,SEMARANG,-11,263,2,100.0,False
2025-08-24,ANDAI IBU TIDAK MENIKAH DENGAN AYAH,3afae5dea7356f64f70605334bef46a7,CIANJUR,-11,160,1,100.0,False
2025-08-24,ANDAI IBU TIDAK MENIKAH DENGAN AYAH,3f6093566521149f8e37fa4e3fafe7cc,PADANG,-11,123,1,100.0,False
2025-08-24,ANDAI IBU TIDAK MENIKAH DENGAN AYAH,490346a8a068ba7d2e3764714c6d5323,BANDUNG,-11,162,1,100.0,False
2025-08-24,ANDAI IBU TIDAK MENIKAH DENGAN AYAH,4ed104ac0de10ba7eef50158603e0b32,JAKARTA,-11,282,2,100.0,False
2025-08-24,ANDAI IBU TIDAK MENIKAH DENGAN AYAH,52eed153a88a6bdcb46cbb266a07cba2,TANGERANG,-11,145,1,100.0,False
2025-08-24,ANDAI IBU TIDAK MENIKAH DENGAN AYAH,541130ea8083a789df5d15bbfe13055a,MAKASSAR,-11,113,1,100.0,False
2025-08-24,ANDAI IBU TIDAK MENIKAH DENGAN AYAH,716ede53fbca27fbe1c1a55d6667c2b5,CIKARANG,-11,123,1,100.0,False
2025-08-24,ANDAI IBU TIDAK MENIKAH DENGAN AYAH,7cade3ea25dae25fdb8c56776676b0c7,CILEGON,-11,269,2,100.0,False
2025-08-24,ANDAI IBU TIDAK MENIKAH DENGAN AYAH,862442166e956fe0e8355db8852d9440,TANGERANG,-11,141,1,100.0,False
2025-08-24,ANDAI IBU TIDAK MENIKAH DENGAN AYAH,8dbfb7aeb4ed822b358347332ba630af,JAKARTA,-11,353,2,100.0,False
2025-08-24,LEBIH DARI SELAMANYA,8dbfb7aeb4ed822b358347332ba630af,JAKARTA,-4,151,1,100.0,False
2025-08-24,ANDAI IBU TIDAK MENIKAH DENGAN AYAH,9cc7970100d8e4c2202f08cb78c6eb20,YOGYAKARTA,-11,144,1,100.0,False
2025-08-24,ANDAI IBU TIDAK MENIKAH DENGAN AYAH,9f0564f5cabe643e4dbb08b80d3cc241,PONTIANAK,-11,173,1,100.0,False
2025-08-24,ANDAI IBU TIDAK MENIKAH DENGAN AYAH,a616a546264044ed616bc2bdf2d9f7fc,YOGYAKARTA,-11,153,1,100.0,False
2025-08-24,PENCARIAN TERAKHIR,a691dd0d8274fa85ecdc7d5ad6df1628,LAMPUNG,-4,166,1,100.0,False
2025-08-24,ANDAI IBU TIDAK MENIKAH DENGAN AYAH,a9d508d218799f9dc69bb4aefc122cb3,MANADO,-11,129,1,100.0,False
2025-08-24,DRACULA: A LOVE TALE,b704e8b10f13e14494b5a7a0ba39d9d9,JAKARTA,-5,42,1,100.0,False
2025-08-24,ANDAI IBU TIDAK MENIKAH DENGAN AYAH,c4a19cbeb409639c836e4304976db0aa,BANDUNG,-11,142,1,100.0,False
2025-08-24,ANDAI IBU TIDAK MENIKAH DENGAN AYAH,d1918db937d26e9e4ccd3e17e1ff0e2d,SUMEDANG,-11,124,1,100.0,False
2025-08-24,ANDAI IBU TIDAK MENIKAH DENGAN AYAH,efe899b321b96d852776427476f14a06,YOGYAKARTA,-11,176,1,100.0,False
2025-08-25,RELAY,4ed104ac0de10ba7eef50158603e0b32,JAKARTA,-2,100,1,77.25,False
2025-08-26,PANJI TENGKORAK,862442166e956fe0e8355db8852d9440,TANGERANG,-2,129,1,100.0,False
2025-08-27,PANJI TENGKORAK,312cd6ebdd3af9ac55f7b3d31ecab9c2,BOGOR,-1,126,1,100.0,False
2025-08-29,THE CONJURING: LAST RITES (IMAX 2D),19f506af810fe579721721d058f6b243,MEDAN,-5,655,2,100.0,False
2025-08-29,SUKMA,4ed104ac0de10ba7eef50158603e0b32,JAKARTA,-13,139,1,100.0,True
2025-08-30,MENJELANG MAGRIB 2: WANITA YANG DI RANTAI,8dbfb7aeb4ed822b358347332ba630af,JAKARTA,-5,1044,2,100.0,False
2025-08-30,DIA BUKAN IBU,a9e141baa8b4ec825325397b16eeaae3,BOGOR,-26,348,2,100.0,False
2025-08-30,ANDAI IBU TIDAK MENIKAH DENGAN AYAH,b704e8b10f13e14494b5a7a0ba39d9d9,JAKARTA,-5,1430,6,100.0,False
2025-09-01,AGAPE THE UNCONDITIONAL LOVE,b704e8b10f13e14494b5a7a0ba39d9d9,JAKARTA,-3,205,1,100.0,False
2025-09-02,THE CONJURING: LAST RITES (IMAX 2D),b704e8b10f13e14494b5a7a0ba39d9d9,JAKARTA,-1,582,2,100.0,False
2025-09-05,GEREJA SETAN,8dbfb7aeb4ed822b358347332ba630af,JAKARTA,-6,1157,3,100.0,False
2025-09-05,SUKMA,9cc7970100d8e4c2202f08cb78c6eb20,YOGYAKARTA,-6,881,4,100.0,False
2025-09-06,GEREJA SETAN,0191582d75f94a412c0fa12d36bcee3f,SURABAYA,-5,312,1,100.0,False
2025-09-06,SUKMA,218c50fa4df90b3241e39ff8ffb41102,SOLO,-5,499,2,100.0,False
2025-09-07,SUKMA,3acdf298dab1b92bbaaad74d86c0c40a,SEMARANG,-4,281,2,100.0,False
2025-09-07,DIA BUKAN IBU,4ed104ac0de10ba7eef50158603e0b32,JAKARTA,-18,169,1,100.0,False
2025-09-07,DIA BUKAN IBU,8dbfb7aeb4ed822b358347332ba630af,JAKARTA,-18,180,1,100.0,False
2025-09-08,GEREJA SETAN,015555fbcd8faef6b55a854605df0a87,SURABAYA,-3,247,1,100.0,False
2025-09-08,GEREJA SETAN,1240789770bc04e7d26e5fa31c075ced,MALANG,-3,229,1,100.0,False
2025-09-08,DIA BUKAN IBU,4e12b237c826209f7ddc5b29a96380b6,BEKASI,-17,162,1,100.0,False
2025-09-08,MAMA: PESAN DARI NERAKA,8dbfb7aeb4ed822b358347332ba630af,JAKARTA,-3,1044,2,100.0,False
2025-09-08,DIA BUKAN IBU,b4972b48997defae8304bc9c41220c7c,BEKASI,-17,177,1,100.0,False
2025-09-08,SUKMA,b704e8b10f13e14494b5a7a0ba39d9d9,JAKARTA,-3,2038,11,100.0,False
2025-09-09,SUKMA,4ed104ac0de10ba7eef50158603e0b32,JAKARTA,-2,412,2,100.0,False
2025-09-09,THE LONG WALK,4ed104ac0de10ba7eef50158603e0b32,JAKARTA,-1,131,1,77.25,True
2025-09-09,GEREJA SETAN,5b8eaa351fae8e6d1e759e814d74c1c5,MEDAN,-2,355,2,100.0,False
2025-09-09,DIA BUKAN IBU,8d2e05da5624875993cb8580c88334a9,CIREBON,-16,148,1,100.0,False
2025-09-10,DIA BUKAN IBU,490346a8a068ba7d2e3764714c6d5323,BANDUNG,-15,236,1,100.0,False
2025-09-10,PEREMPUAN PEMBAWA SIAL,8dbfb7aeb4ed822b358347332ba630af,JAKARTA,-8,1668,4,100.0,False
2025-09-10,DIA BUKAN IBU,c4a19cbeb409639c836e4304976db0aa,BANDUNG,-15,132,1,100.0,True
2025-09-10,SUKMA,f54d37fc4c4d4b285aa3601041abc938,BOGOR,-1,326,2,100.0,False
2025-09-11,DILANJUTKAN SALAH DISUDAHI PERIH,4ed104ac0de10ba7eef50158603e0b32,JAKARTA,-14,240,1,100.0,False
2025-09-11,JADI TUH BARANG,4ed104ac0de10ba7eef50158603e0b32,JAKARTA,-7,3290,16,100.0,False
2025-09-11,MARYAM: JANJI DAN JIWA YANG TERIKAT,4ed104ac0de10ba7eef50158603e0b32,JAKARTA,-7,83,2,100.0,False
2025-09-11,PEREMPUAN PEMBAWA SIAL,4ed104ac0de10ba7eef50158603e0b32,JAKARTA,-7,135,1,100.0,True
2025-09-11,PEREMPUAN PEMBAWA SIAL,4fc3fc370b299876663c7d5c90595853,BANJARMASIN,-7,129,1,100.0,False
2025-09-11,JADI TUH BARANG,b704e8b10f13e14494b5a7a0ba39d9d9,JAKARTA,-7,165,4,100.0,False
2025-09-11,MARYAM: JANJI DAN JIWA YANG TERIKAT,b704e8b10f13e14494b5a7a0ba39d9d9,JAKARTA,-7,2079,9,100.0,False
2025-09-12,DILANJUTKAN SALAH DISUDAHI PERIH,312cd6ebdd3af9ac55f7b3d31ecab9c2,BOGOR,-13,229,1,100.0,False
2025-09-12,THARAE: THE EXORCIST,4ed104ac0de10ba7eef50158603e0b32,JAKARTA,-5,98,1,76.96,False
2025-09-12,MARYAM: JANJI DAN JIWA YANG TERIKAT,8d2e05da5624875993cb8580c88334a9,CIREBON,-6,151,1,100.0,False
2025-09-12,DIA BUKAN IBU,8dbfb7aeb4ed822b358347332ba630af,JAKARTA,-13,2270,6,100.0,False
2025-09-12,MARYAM: JANJI DAN JIWA YANG TERIKAT,9cc7970100d8e4c2202f08cb78c6eb20,YOGYAKARTA,-6,141,1,100.0,False
2025-09-12,DILANJUTKAN SALAH DISUDAHI PERIH,f54d37fc4c4d4b285aa3601041abc938,BOGOR,-13,683,3,100.0,False
2025-09-13,MARYAM: JANJI DAN JIWA YANG TERIKAT,073b764928864ed8fa0b6b115bfdd685,BATAM,-5,137,1,100.0,True
2025-09-13,PEREMPUAN PEMBAWA SIAL,541130ea8083a789df5d15bbfe13055a,MAKASSAR,-5,113,1,100.0,False
2025-09-13,DIA BUKAN IBU,6b88b1af662b72fbfa35004a8edfe2e9,DEPOK,-12,181,1,100.0,False
2025-09-13,DILANJUTKAN SALAH DISUDAHI PERIH,6b88b1af662b72fbfa35004a8edfe2e9,DEPOK,-12,406,3,96.03,False
2025-09-13,PEREMPUAN PEMBAWA SIAL,e7ec114c2ec166155149062023617e8b,SAMARINDA,-5,141,1,100.0,False
2025-09-13,DIA BUKAN IBU,e989d8fdc91de7e6ffbb72a2f5ac79f6,DEPOK,-12,187,1,100.0,False
2025-09-13,PEREMPUAN PEMBAWA SIAL,f54d37fc4c4d4b285aa3601041abc938,BOGOR,-5,137,1,100.0,True
2025-09-14,DILANJUTKAN SALAH DISUDAHI PERIH,108f9a4d181f12fd1b7e3c9adae38478,TANGERANG,-11,1179,4,100.0,False
2025-09-14,DILANJUTKAN SALAH DISUDAHI PERIH,862442166e956fe0e8355db8852d9440,TANGERANG,-11,544,2,100.0,False
2025-09-14,DIA BUKAN IBU,8dbfb7aeb4ed822b358347332ba630af,JAKARTA,-11,266,1,100.0,False
2025-09-14,MARYAM: JANJI DAN JIWA YANG TERIKAT,a9e141baa8b4ec825325397b16eeaae3,BOGOR,-4,135,1,100.0,True
2025-09-15,DIA BUKAN IBU,108f9a4d181f12fd1b7e3c9adae38478,TANGERANG,-10,204,1,100.0,False
2025-09-15,MARYAM: JANJI DAN JIWA YANG TERIKAT,3acdf298dab1b92bbaaad74d86c0c40a,SEMARANG,-3,110,1,92.4,False
2025-09-15,AFTERBURN,4ed104ac0de10ba7eef50158603e0b32,JAKARTA,-2,94,1,76.22,False
2025-09-15,DILANJUTKAN SALAH DISUDAHI PERIH,4ed104ac0de10ba7eef50158603e0b32,JAKARTA,-10,102,1,100.0,False
2025-09-15,MARYAM: JANJI DAN JIWA YANG TERIKAT,4fc3fc370b299876663c7d5c90595853,BANJARMASIN,-3,129,1,100.0,False
2025-09-15,DIA BUKAN IBU,52eed153a88a6bdcb46cbb266a07cba2,TANGERANG,-10,195,1,100.0,False
2025-09-15,DILANJUTKAN SALAH DISUDAHI PERIH,b704e8b10f13e14494b5a7a0ba39d9d9,JAKARTA,-10,250,2,91.52,False
2025-09-15,MARYAM: JANJI DAN JIWA YANG TERIKAT,b704e8b10f13e14494b5a7a0ba39d9d9,JAKARTA,-3,74,1,100.0,False
2025-09-15,MARYAM: JANJI DAN JIWA YANG TERIKAT,d33850e3698903061b4c18886ce00c9d,GARUT,-3,135,1,100.0,True
2025-09-16,JADI TUH BARANG,108f9a4d181f12fd1b7e3c9adae38478,TANGERANG,-2,256,2,100.0,False
2025-09-16,JADI TUH BARANG,4e12b237c826209f7ddc5b29a96380b6,BEKASI,-2,184,1,100.0,False
2025-09-16,JADI TUH BARANG,4ed104ac0de10ba7eef50158603e0b32,JAKARTA,-2,809,6,100.0,False
2025-09-16,JADI TUH BARANG,52eed153a88a6bdcb46cbb266a07cba2,TANGERANG,-2,412,3,100.0,False
2025-09-16,JADI TUH BARANG,5b8eaa351fae8e6d1e759e814d74c1c5,MEDAN,-2,297,2,100.0,False
2025-09-16,JADI TUH BARANG,6b88b1af662b72fbfa35004a8edfe2e9,DEPOK,-2,267,2,100.0,False
2025-09-16,JADI TUH BARANG,7cade3ea25dae25fdb8c56776676b0c7,CILEGON,-2,261,1,100.0,False
2025-09-16,JADI TUH BARANG,862442166e956fe0e8355db8852d9440,TANGERANG,-2,289,2,100.0,False
2025-09-16,JADI TUH BARANG,8dbfb7aeb4ed822b358347332ba630af,JAKARTA,-2,828,6,100.0,False
2025-09-16,JADI TUH BARANG,a9e141baa8b4ec825325397b16eeaae3,BOGOR,-2,458,3,100.0,False
2025-09-16,DILANJUTKAN SALAH DISUDAHI PERIH,b4972b48997defae8304bc9c41220c7c,BEKASI,-9,584,1,100.0,False
2025-09-16,JADI TUH BARANG,b4972b48997defae8304bc9c41220c7c,BEKASI,-2,138,1,100.0,True
2025-09-16,JADI TUH BARANG,b704e8b10f13e14494b5a7a0ba39d9d9,JAKARTA,-2,392,3,100.0,False
2025-09-16,DILANJUTKAN SALAH DISUDAHI PERIH,e67d818ee0546f3b33d0ba2083ed4db5,BEKASI,-9,128,1,100.0,False
2025-09-16,JADI TUH BARANG,e67d818ee0546f3b33d0ba2083ed4db5,BEKASI,-2,128,1,100.0,False
2025-09-16,JADI TUH BARANG,ef2896a95abe2a2b4cfee245dc1e36ec,CIKARANG,-2,133,1,100.0,True
2025-09-16,JADI TUH BARANG,f54d37fc4c4d4b285aa3601041abc938,BOGOR,-2,254,2,100.0,False
2025-09-17,JADI TUH BARANG,015555fbcd8faef6b55a854605df0a87,SURABAYA,-1,179,1,0.0,False
2025-09-17,JADI TUH BARANG,0191582d75f94a412c0fa12d36bcee3f,SURABAYA,-1,128,1,0.0,False
2025-09-17,JADI TUH BARANG,0318cab65e5a4dbb61243ab4747fb621,SINGKAWANG,-1,135,1,0.0,True
2025-09-17,JADI TUH BARANG,25e1c125bdd513aa2355a8e558a1a908,KEDIRI,-1,125,1,0.0,False
2025-09-17,JADI TUH BARANG,26a644178fbdb277dc3c50997f6df7fe,PALEMBANG,-1,200,1,0.0,False
2025-09-17,JADI TUH BARANG,26d1d720bc7e60c1b1a56630e3ba2c5d,GARUT,-1,159,1,0.0,False
2025-09-17,JADI TUH BARANG,29fc89ab155e9f202326046c2e0023bb,MAKASSAR,-1,137,1,0.0,True
2025-09-17,JADI TUH BARANG,2e0ec493a87e740511b7b565386c06fe,SORONG,-1,126,1,0.0,False
2025-09-17,JADI TUH BARANG,3acdf298dab1b92bbaaad74d86c0c40a,SEMARANG,-1,127,1,0.0,False
2025-09-17,JADI TUH BARANG,3c41b96b56b0aab1ed5fc5e703499730,BALIKPAPAN,-1,185,1,0.0,False
2025-09-17,JADI TUH BARANG,3cc167017755a0197f18f93595c9ae85,JAMBI,-1,74,1,0.0,False
2025-09-17,JADI TUH BARANG,3f6093566521149f8e37fa4e3fafe7cc,PADANG,-1,74,1,0.0,False
2025-09-17,JADI TUH BARANG,494c8f1916a97efe3390ba9dbab6ce7d,LAMPUNG,-1,175,1,0.0,False
2025-09-17,JADI TUH BARANG,4a4c71e99772e87c9e35a56acd8be21e,TERNATE,-1,123,1,0.0,False
2025-09-17,JADI TUH BARANG,4ba87a86e02dd8a810032db35bf13c51,BENGKULU,-1,74,1,0.0,False
2025-09-17,JADI TUH BARANG,4eb26b1058266dc50a63dc875e4d8846,MATARAM,-1,127,1,0.0,False
2025-09-17,JADI TUH BARANG,4fc3fc370b299876663c7d5c90595853,BANJARMASIN,-1,133,1,0.0,True
2025-09-17,JADI TUH BARANG,541130ea8083a789df5d15bbfe13055a,MAKASSAR,-1,113,1,0.0,False
2025-09-17,JADI TUH BARANG,5a894958f375392ce7981be2eb9a26be,JEMBER,-1,94,1,0.0,False
2025-09-17,JADI TUH BARANG,5b8eaa351fae8e6d1e759e814d74c1c5,MEDAN,-1,223,2,0.0,False
2025-09-17,JADI TUH BARANG,8188326fb0a403be03ea632997c8a959,GORONTALO,-1,118,1,0.0,False
2025-09-17,JADI TUH BARANG,8750b9ee0b0c6c6afcfcb2a05e60efc0,BANDUNG,-1,249,2,0.0,False
2025-09-17,JADI TUH BARANG,88d0ee0029bee810e1d0fe37f73e2d3b,SOLO,-1,177,1,0.0,False
2025-09-17,JADI TUH BARANG,8d2e05da5624875993cb8580c88334a9,CIREBON,-1,125,1,0.0,False
2025-09-17,DILANJUTKAN SALAH DISUDAHI PERIH,8dbfb7aeb4ed822b358347332ba630af,JAKARTA,-8,1999,5,0.0,False
2025-09-17,JADI TUH BARANG,9715c9bc57db04a2506acfdab71ec1c6,RANTAU PRAPAT,-1,133,1,0.0,True
2025-09-17,JADI TUH BARANG,981569adf232c53afe751c8c660db8d9,BATAM,-1,150,1,0.0,False
2025-09-17,JADI TUH BARANG,a616a546264044ed616bc2bdf2d9f7fc,YOGYAKARTA,-1,138,1,0.0,True
2025-09-17,JADI TUH BARANG,a6d19ebcb27f61cbf41a6552fbf68676,SIDOARJO,-1,139,1,0.0,True
2025-09-17,JADI TUH BARANG,a9d508d218799f9dc69bb4aefc122cb3,MANADO,-1,130,1,0.0,True
2025-09-17,JADI TUH BARANG,c4a19cbeb409639c836e4304976db0aa,BANDUNG,-1,368,3,0.0,False
2025-09-17,JADI TUH BARANG,d1918db937d26e9e4ccd3e17e1ff0e2d,SUMEDANG,-1,124,1,0.0,False
2025-09-17,JADI TUH BARANG,da96492ebd43c4a193238d6c3205cc40,PEKANBARU,-1,113,1,0.0,False
2025-09-17,JADI TUH BARANG,e3edf631650eb304cf386709b98005f6,DENPASAR,-1,115,1,0.0,False
2025-09-17,JADI TUH BARANG,e7ec114c2ec166155149062023617e8b,SAMARINDA,-1,101,1,0.0,False
2025-09-17,JADI TUH BARANG,e8965581e1be78ac9a3145b6983ff6ec,SURABAYA,-1,123,1,0.0,False
2025-09-17,JADI TUH BARANG,ea7df0c99b450ecdea38cf34ae1f158f,KISARAN,-1,132,1,0.0,True
2025-09-17,JADI TUH BARANG,f3a9ac312f7bc4e2467a1bf02a6aa1e9,LAMPUNG,-1,109,1,0.0,False
2025-09-18,A BIG BOLD BEAUTIFUL JOURNEY,4ed104ac0de10ba7eef50158603e0b32,JAKARTA,-1,630,2,100.0,False
2025-09-19,DIA BUKAN IBU,6b88b1af662b72fbfa35004a8edfe2e9,DEPOK,-6,160,1,100.0,False
2025-09-19,ONE BATTLE AFTER ANOTHER (IMAX 2D),8dbfb7aeb4ed822b358347332ba630af,JAKARTA,-5,790,2,100.0,False
2025-09-19,DILANJUTKAN SALAH DISUDAHI PERIH,c4a19cbeb409639c836e4304976db0aa,BANDUNG,-6,558,3,100.0,False
2025-09-20,DILANJUTKAN SALAH DISUDAHI PERIH,8d2e05da5624875993cb8580c88334a9,CIREBON,-5,260,2,97.24,False
2025-09-20,KANG SOLAH FROM KANG MAK X NENEK GAYUNG,8dbfb7aeb4ed822b358347332ba630af,JAKARTA,-5,2841,7,100.0,False
2025-09-20,GABBYS DOLLHOUSE: THE MOVIE,b704e8b10f13e14494b5a7a0ba39d9d9,JAKARTA,-6,236,1,100.0,False
2025-09-21,KANG SOLAH FROM KANG MAK X NENEK GAYUNG,4ed104ac0de10ba7eef50158603e0b32,JAKARTA,-4,316,2,100.0,False
2025-09-21,DILANJUTKAN SALAH DISUDAHI PERIH,9cc7970100d8e4c2202f08cb78c6eb20,YOGYAKARTA,-4,299,1,100.0,False
2025-09-21,DILANJUTKAN SALAH DISUDAHI PERIH,a616a546264044ed616bc2bdf2d9f7fc,YOGYAKARTA,-4,293,1,100.0,False
2025-09-22,DILANJUTKAN SALAH DISUDAHI PERIH,25e1c125bdd513aa2355a8e558a1a908,KEDIRI,-3,107,1,89.25,False
2025-09-22,KANG SOLAH FROM KANG MAK X NENEK GAYUNG,52eed153a88a6bdcb46cbb266a07cba2,TANGERANG,-3,145,1,100.0,False
2025-09-22,KANG SOLAH FROM KANG MAK X NENEK GAYUNG,862442166e956fe0e8355db8852d9440,TANGERANG,-3,151,1,100.0,False
2025-09-22,DILANJUTKAN SALAH DISUDAHI PERIH,88d0ee0029bee810e1d0fe37f73e2d3b,SOLO,-3,272,1,100.0,False
2025-09-23,DILANJUTKAN SALAH DISUDAHI PERIH,88d0ee0029bee810e1d0fe37f73e2d3b,SOLO,-2,6,1,2.1,False
2025-09-23,KANG SOLAH FROM KANG MAK X NENEK GAYUNG,b4972b48997defae8304bc9c41220c7c,BEKASI,-2,179,1,100.0,False
2025-09-24,DILANJUTKAN SALAH DISUDAHI PERIH,015555fbcd8faef6b55a854605df0a87,SURABAYA,-1,181,1,100.0,False
2025-09-24,DILANJUTKAN SALAH DISUDAHI PERIH,0191582d75f94a412c0fa12d36bcee3f,SURABAYA,-1,284,1,100.0,False
2025-09-24,KANG SOLAH FROM KANG MAK X NENEK GAYUNG,312cd6ebdd3af9ac55f7b3d31ecab9c2,BOGOR,-1,145,1,100.0,False
2025-09-24,KANG SOLAH FROM KANG MAK X NENEK GAYUNG,a9e141baa8b4ec825325397b16eeaae3,BOGOR,-1,271,2,100.0,False
2025-09-24,DILANJUTKAN SALAH DISUDAHI PERIH,e8965581e1be78ac9a3145b6983ff6ec,SURABAYA,-1,734,3,100.0,False
