movie_title,cinema_ids,tipe,y2,y3,s,tot,ptot,e,sh3,fgrow,nz,level_ratio,pred_ratio,sbin
28 YEARS LATER,04a2de432a8901363a05137a8e8de1d2,D2+D3,83.0,85.0,56.0,188.0,318.56374683266114,0.3330707827363804,3.0,0.7294117647058823,3,0.31596638655462184,0.5354012551809431,"(30.0, 1000000000.0]"
28 YEARS LATER,45f553cca86b28fedd6115abdd0ae734,D2+D3,56.0,64.0,40.0,159.0,227.10449069456578,0.2896357726607812,3.0,0.7294117647058823,3,0.3549107142857143,0.5069296667289415,"(30.0, 1000000000.0]"
28 YEARS LATER,4ba87a86e02dd8a810032db35bf13c51,hanya_D3,0.0,35.0,11.666666666666666,86.0,138.03315196137697,1.434351595883044,5.0,0.7294117647058823,2,0.35102040816326535,0.5634006202505183,"(10.0, 30.0]"
28 YEARS LATER,c71a18e33d4b7c73c8124c65fc3e6f1c,D2+D3,147.0,69.0,72.0,143.0,316.1483714006952,0.3435483559537604,2.0,0.7294117647058823,3,0.2960662525879917,0.65455149358322,"(30.0, 1000000000.0]"
A MINECRAFT MOVIE (IMAX 2D),52eed153a88a6bdcb46cbb266a07cba2,D2+D3,130.0,165.0,98.33333333333333,1530.0,1023.9119597809292,1.3379430149050993,5.0,1.2307692307692308,5,1.3246753246753247,0.8865038612821897,"(30.0, 1000000000.0]"
A MINECRAFT MOVIE (IMAX 2D),6b88b1af662b72fbfa35004a8edfe2e9,D2+D3,172.0,186.0,119.33333333333333,1440.0,1201.7979706012175,0.9435058741230294,5.0,1.2307692307692308,5,1.1059907834101383,0.9230399159763575,"(30.0, 1000000000.0]"
A MINECRAFT MOVIE (IMAX 2D),b704e8b10f13e14494b5a7a0ba39d9d9,D2+D3,64.0,52.0,38.666666666666664,513.0,374.1129506964033,1.1831137008836552,5.0,1.2307692307692308,5,1.4093406593406594,1.0277828315835256,"(30.0, 1000000000.0]"
AFTERBURN,c48b7a4426e8cbee3f7dbfe8b87d1d89,hanya_D3,0.0,13.0,4.333333333333333,55.0,50.20008370124354,0.5267989128610492,3.0,0.7875,4,0.6043956043956044,0.5516492714422367,"(2.0, 5.0]"
AFTERBURN,df7f047e9886cfa1c0892c97f15d4146,D2+D3,29.0,19.0,16.0,63.0,49.38861481294694,0.1959607031117058,2.0,0.7875,4,0.47368421052631576,0.37134296851839804,"(10.0, 30.0]"
ANAK MEDAN: COCOK KO RASA???,19f506af810fe579721721d058f6b243,D2+D3,277.0,494.0,257.0,3159.0,2066.292883789578,0.6073969517567662,5.0,0.6666666666666666,7,0.9135338345864662,0.5975398738547073,"(30.0, 1000000000.0]"
ANAK MEDAN: COCOK KO RASA???,9715c9bc57db04a2506acfdab71ec1c6,D2+D3,224.0,556.0,260.0,3289.0,1853.2050659841511,0.7973353965422133,5.0,0.6666666666666666,7,0.8450668036998972,0.4761575195231632,"(30.0, 1000000000.0]"
ANDAI IBU TIDAK MENIKAH DENGAN AYAH,0318cab65e5a4dbb61243ab4747fb621,D2+D3,277.0,233.0,170.0,1170.0,968.1166009186352,0.20779697191232796,5.0,1.0594059405940595,7,0.7173513182096873,0.5935724101279186,"(30.0, 1000000000.0]"
ANDAI IBU TIDAK MENIKAH DENGAN AYAH,218c50fa4df90b3241e39ff8ffb41102,D2+D3,321.0,301.0,207.33333333333334,1730.0,1332.3946523830548,0.3067220473868798,5.0,1.0594059405940595,7,0.8210726150925486,0.6323657581314925,"(30.0, 1000000000.0]"
ANDAI IBU TIDAK MENIKAH DENGAN AYAH,7995e00051a2fe6aeed7cfdbe0378c01,D2+D3,157.0,148.0,101.66666666666667,1103.0,747.8660059265617,0.5421973044834603,3.0,1.0594059405940595,7,1.0646718146718148,0.7218783840989977,"(30.0, 1000000000.0]"
ANDAI IBU TIDAK MENIKAH DENGAN AYAH,a09b9ee7f937939ee25c24ef8c2e91be,D2+D3,71.0,59.0,43.333333333333336,414.0,172.55910652217023,0.8294272377744484,2.0,1.0594059405940595,7,1.0024213075060533,0.41781865985997635,"(30.0, 1000000000.0]"
ANDAI IBU TIDAK MENIKAH DENGAN AYAH,a6d19ebcb27f61cbf41a6552fbf68676,D2+D3,75.0,45.0,40.0,422.0,135.28947343795474,1.6252275683544555,2.0,1.0594059405940595,5,1.3396825396825396,0.42949039186652294,"(30.0, 1000000000.0]"
ANDAI IBU TIDAK MENIKAH DENGAN AYAH,b2539b1f80254243391774489b1328aa,D2+D3,222.0,173.0,131.66666666666666,882.0,641.3405930637128,0.26926250442973026,2.0,1.0594059405940595,7,0.7283236994219653,0.5295958654531072,"(30.0, 1000000000.0]"
ASSALAMUALAIKUM BAITULLAH,04a2de432a8901363a05137a8e8de1d2,D2+D3,228.0,355.0,194.33333333333334,951.0,1386.4963775024694,0.329405447544981,5.0,1.1318681318681318,6,0.38269617706237424,0.5579462283712151,"(30.0, 1000000000.0]"
ASSALAMUALAIKUM BAITULLAH,14b63ff2b104903ead7d884f25382e57,D2+D3,85.0,63.0,49.333333333333336,50.0,184.06704685169092,0.3882250391458231,3.0,1.1318681318681318,2,0.11337868480725624,0.4173855937680066,"(30.0, 1000000000.0]"
ASSALAMUALAIKUM BAITULLAH,202dbf4df0e433f092fca1aa8162c400,hanya_D3,0.0,102.0,34.0,463.0,412.78009729258736,1.142520968623748,5.0,1.1318681318681318,4,0.6484593837535013,0.5781233855638478,"(30.0, 1000000000.0]"
ASSALAMUALAIKUM BAITULLAH,26d1d720bc7e60c1b1a56630e3ba2c5d,D2+D3,90.0,116.0,68.66666666666667,276.0,380.09843766819176,0.3030601308800267,5.0,1.1318681318681318,4,0.33990147783251234,0.46810152422191104,"(30.0, 1000000000.0]"
ASSALAMUALAIKUM BAITULLAH,2e0ec493a87e740511b7b565386c06fe,hanya_D3,0.0,99.0,33.0,284.0,329.3836433841021,0.3025536457952816,3.0,1.1318681318681318,4,0.4098124098124098,0.475301072704332,"(30.0, 1000000000.0]"
ASSALAMUALAIKUM BAITULLAH,3744d5b8753c9cc72700ce7927fa0df3,D2+D3,154.0,197.0,117.0,948.0,698.6123070220125,0.31412920701213237,5.0,1.1318681318681318,7,0.687454677302393,0.5066079093705674,"(30.0, 1000000000.0]"
ASSALAMUALAIKUM BAITULLAH,3cc167017755a0197f18f93595c9ae85,D2+D3,145.0,185.0,110.0,956.0,767.0789306954607,0.4497651591063258,5.0,1.1318681318681318,7,0.7382239382239383,0.5923389426219774,"(30.0, 1000000000.0]"
ASSALAMUALAIKUM BAITULLAH,9715c9bc57db04a2506acfdab71ec1c6,D2+D3,100.0,102.0,67.33333333333333,616.0,307.3329497550152,0.6643317365768899,3.0,1.1318681318681318,7,0.8627450980392157,0.4304383049790129,"(30.0, 1000000000.0]"
ASSALAMUALAIKUM BAITULLAH,981569adf232c53afe751c8c660db8d9,D2+D3,124.0,130.0,84.66666666666667,92.0,554.515869790329,0.7803979805236148,5.0,1.1318681318681318,1,0.1010989010989011,0.6093580986706912,"(30.0, 1000000000.0]"
ASSALAMUALAIKUM BAITULLAH,cb2a49a747f8989ee0356ec7ac354177,D2+D3,200.0,268.0,156.0,1021.0,1041.5717115325242,0.1407570686134638,5.0,1.1318681318681318,7,0.5442430703624733,0.5552088014565694,"(30.0, 1000000000.0]"
ASSALAMUALAIKUM BAITULLAH,d297f2f746c4fd2723f3202fafcbfa1a,D2+D3,104.0,183.0,95.66666666666667,775.0,589.0856978266291,0.5837460610131914,3.0,1.1318681318681318,5,0.6049960967993755,0.459863932729609,"(30.0, 1000000000.0]"
ASSALAMUALAIKUM BAITULLAH,f3a9ac312f7bc4e2467a1bf02a6aa1e9,D2+D3,155.0,190.0,115.0,379.0,809.1342865705204,0.5343283062987831,5.0,1.1318681318681318,4,0.2849624060150376,0.6083716440379853,"(30.0, 1000000000.0]"
ASSALAMUALAIKUM BAITULLAH,fbaf4d5f0c18dc603a21aef31da59ee6,D2+D3,112.0,177.0,96.33333333333333,809.0,827.6984057683488,0.44546422024867355,5.0,1.1318681318681318,6,0.6529459241323649,0.6680374542117424,"(30.0, 1000000000.0]"
BAD GENIUS,312cd6ebdd3af9ac55f7b3d31ecab9c2,D2+D3,16.0,23.0,13.0,15.0,16.16946880564504,0.09555510438073726,1.0,0.6,1,0.09316770186335403,0.10043148326487601,"(10.0, 30.0]"
BAD GENIUS,efe899b321b96d852776427476f14a06,hanya_D3,0.0,42.0,14.0,16.0,27.970771180715058,0.1221507263338271,2.0,0.6,1,0.05442176870748299,0.09513867748542537,"(10.0, 30.0]"
BAD GENIUS,f54d37fc4c4d4b285aa3601041abc938,D2+D3,25.0,5.0,10.0,0.0,0.15927382071337268,0.002275340295905324,1.0,0.6,0,0.0,0.004550680591810648,"(5.0, 10.0]"
BALLERINA,0318cab65e5a4dbb61243ab4747fb621,D2+D3,171.0,330.0,167.0,308.0,592.7532238172688,0.5911996789753314,5.0,0.9423076923076923,1,0.13333333333333333,0.2566031271936229,"(30.0, 1000000000.0]"
BALLERINA,09ff932202ae245655ae248642132086,hanya_D3,0.0,77.0,25.666666666666668,71.0,117.65846610982976,0.8401232470312322,2.0,0.9423076923076923,1,0.13172541743970315,0.21829028962862665,"(10.0, 30.0]"
BALLERINA,14b63ff2b104903ead7d884f25382e57,hanya_D3,0.0,328.0,109.33333333333333,323.0,653.0215108382225,1.006163142799459,5.0,0.9423076923076923,2,0.1406794425087108,0.28441703433720494,"(30.0, 1000000000.0]"
BALLERINA,53b77c875c67b68561415f23065e6e8d,hanya_D3,0.0,28.0,9.333333333333334,27.0,37.300305057456534,0.5401496363632473,2.0,0.9423076923076923,2,0.13775510204081634,0.19030767886457414,"(5.0, 10.0]"
BALLERINA,5a894958f375392ce7981be2eb9a26be,hanya_D3,0.0,231.0,77.0,205.0,419.5831237134352,0.9289312714867325,5.0,0.9423076923076923,2,0.12677798392084105,0.2594824512760886,"(30.0, 1000000000.0]"
BALLERINA,7995e00051a2fe6aeed7cfdbe0378c01,hanya_D3,0.0,160.0,53.333333333333336,269.0,332.3506389622915,0.8980115733401485,2.0,0.9423076923076923,2,0.24017857142857144,0.2967416419306174,"(30.0, 1000000000.0]"
BALLERINA,79d0a75ad3523955b8d0e01198d6e9c9,hanya_D3,0.0,40.0,13.333333333333334,0.0,46.80803263724595,1.1702008159311486,2.0,0.9423076923076923,0,0.0,0.16717154513302127,"(10.0, 30.0]"
BALLERINA,d297f2f746c4fd2723f3202fafcbfa1a,hanya_D3,0.0,90.0,30.0,62.0,157.7975387917215,1.0644170976857945,2.0,0.9423076923076923,1,0.09841269841269842,0.25047228379638337,"(10.0, 30.0]"
BALLERINA,df7f047e9886cfa1c0892c97f15d4146,hanya_D3,0.0,70.0,23.333333333333332,23.0,97.41175617638103,1.0630250882340149,2.0,0.9423076923076923,1,0.04693877551020408,0.1987995024007776,"(10.0, 30.0]"
"BELIEVE - TAKDIR, MIMPI, KEBERANIAN",25e1c125bdd513aa2355a8e558a1a908,D2+D3,109.0,201.0,103.33333333333333,1115.0,792.5918342806093,0.44572557472726826,5.0,1.0736842105263158,7,0.7924662402274342,0.5633204223742782,"(30.0, 1000000000.0]"
"BELIEVE - TAKDIR, MIMPI, KEBERANIAN",26d1d720bc7e60c1b1a56630e3ba2c5d,D2+D3,227.0,237.0,154.66666666666666,1034.0,1020.7231275465529,0.21370689049514327,3.0,1.0736842105263158,7,0.6232670283303196,0.6152640913481331,"(30.0, 1000000000.0]"
"BELIEVE - TAKDIR, MIMPI, KEBERANIAN",3afae5dea7356f64f70605334bef46a7,D2+D3,592.0,125.0,239.0,348.0,1236.9150906457126,0.5313300003859609,5.0,1.0736842105263158,5,0.39771428571428574,1.413617246452243,"(30.0, 1000000000.0]"
"BELIEVE - TAKDIR, MIMPI, KEBERANIAN",3cc167017755a0197f18f93595c9ae85,D2+D3,74.0,260.0,111.33333333333333,697.0,1090.0667464596454,0.5043628055512986,4.0,1.0736842105263158,7,0.38296703296703294,0.5989377727800249,"(30.0, 1000000000.0]"
"BELIEVE - TAKDIR, MIMPI, KEBERANIAN",7995e00051a2fe6aeed7cfdbe0378c01,D2+D3,287.0,208.0,165.0,1746.0,1254.7525398074313,0.47971413454396006,3.0,1.0736842105263158,7,1.1991758241758241,0.861780590527082,"(30.0, 1000000000.0]"
"BELIEVE - TAKDIR, MIMPI, KEBERANIAN",9715c9bc57db04a2506acfdab71ec1c6,D2+D3,101.0,107.0,69.33333333333333,920.0,591.6441314851043,0.8331763661632927,5.0,1.0736842105263158,7,1.2283044058744992,0.7899120580575492,"(30.0, 1000000000.0]"
"BELIEVE - TAKDIR, MIMPI, KEBERANIAN",981569adf232c53afe751c8c660db8d9,D2+D3,40.0,78.0,39.333333333333336,427.0,451.4956258933113,0.7776176469574649,2.0,1.0736842105263158,6,0.782051282051282,0.8269150657386652,"(30.0, 1000000000.0]"
BERTAUT RINDU: SEMUA IMPIAN BERHAK DIRAYAKAN,073b764928864ed8fa0b6b115bfdd685,D2+D3,33.0,21.0,18.0,0.0,31.239917880392593,0.247935856193592,2.0,1.0701754385964912,0,0.0,0.21251644816593598,"(10.0, 30.0]"
BERTAUT RINDU: SEMUA IMPIAN BERHAK DIRAYAKAN,3c41b96b56b0aab1ed5fc5e703499730,D2+D3,15.0,14.0,9.666666666666666,0.0,21.403545011266896,0.3163085469645354,2.0,1.0701754385964912,0,0.0,0.21840352052313158,"(5.0, 10.0]"
BERTAUT RINDU: SEMUA IMPIAN BERHAK DIRAYAKAN,45f553cca86b28fedd6115abdd0ae734,D2+D3,48.0,17.0,21.666666666666668,0.0,5.7207148938255195,0.03771899929994848,2.0,1.0701754385964912,0,0.0,0.04807323440189512,"(10.0, 30.0]"
BERTAUT RINDU: SEMUA IMPIAN BERHAK DIRAYAKAN,8750b9ee0b0c6c6afcfcb2a05e60efc0,D2+D3,54.0,36.0,30.0,16.0,82.8608254367616,0.3183848830321981,5.0,1.0701754385964912,1,0.06349206349206349,0.32881279935222857,"(10.0, 30.0]"
BERTAUT RINDU: SEMUA IMPIAN BERHAK DIRAYAKAN,be8de71502987819afd4c2ceea71c539,D2+D3,28.0,42.0,23.333333333333332,39.0,73.21116744901454,0.20945612723886448,2.0,1.0701754385964912,2,0.13265306122448978,0.2490175763571923,"(10.0, 30.0]"
BERTAUT RINDU: SEMUA IMPIAN BERHAK DIRAYAKAN,d1918db937d26e9e4ccd3e17e1ff0e2d,D2+D3,156.0,74.0,76.66666666666667,43.0,136.2883948503259,0.17382930717452028,5.0,1.0701754385964912,2,0.08301158301158301,0.26310500936356346,"(30.0, 1000000000.0]"
BERTAUT RINDU: SEMUA IMPIAN BERHAK DIRAYAKAN,e67d818ee0546f3b33d0ba2083ed4db5,D2+D3,19.0,22.0,13.666666666666666,29.0,44.19726373227191,0.22534033258349,2.0,1.0701754385964912,2,0.18831168831168832,0.28699521904072667,"(10.0, 30.0]"
BERTAUT RINDU: SEMUA IMPIAN BERHAK DIRAYAKAN,e8965581e1be78ac9a3145b6983ff6ec,D2+D3,104.0,7.0,37.0,0.0,1.9608049106881342,0.007570675330842216,4.0,1.0701754385964912,0,0.0,0.040016426748737434,"(30.0, 1000000000.0]"
BERTAUT RINDU: SEMUA IMPIAN BERHAK DIRAYAKAN,ef2896a95abe2a2b4cfee245dc1e36ec,D2+D3,10.0,30.0,13.333333333333334,34.0,56.68978973267137,0.3624035672296824,3.0,1.0701754385964912,2,0.16190476190476188,0.2699513796793875,"(10.0, 30.0]"
BRIDE HARD,0191582d75f94a412c0fa12d36bcee3f,D2+D3,259.0,163.0,140.66666666666666,228.0,163.57599545298456,0.11179292958607742,8.0,1.3235294117647058,3,0.19982471516213846,0.14336195920506972,"(30.0, 1000000000.0]"
BRIDE HARD,0318cab65e5a4dbb61243ab4747fb621,D2+D3,16.0,7.0,7.666666666666667,8.0,1.4236376565844409,0.12737667775845266,1.0,1.3235294117647058,2,0.16326530612244897,0.029053829726213076,"(5.0, 10.0]"
BRIDE HARD,14b63ff2b104903ead7d884f25382e57,D2+D3,16.0,24.0,13.333333333333334,7.0,13.29549161859983,0.0674516959135696,1.0,1.3235294117647058,1,0.041666666666666664,0.07913983106309422,"(10.0, 30.0]"
BRIDE HARD,19f506af810fe579721721d058f6b243,D2+D3,45.0,46.0,30.333333333333332,14.0,32.13650101986662,0.08541523243265284,2.0,1.3235294117647058,1,0.043478260869565216,0.09980279819834355,"(30.0, 1000000000.0]"
BRIDE HARD,26a644178fbdb277dc3c50997f6df7fe,D2+D3,24.0,42.0,22.0,39.0,34.68541025382217,0.08477241156681466,2.0,1.3235294117647058,2,0.13265306122448978,0.11797758589735433,"(10.0, 30.0]"
BRIDE HARD,35de0354d956048d1c9c49ff069eaa55,D2+D3,32.0,35.0,22.333333333333332,15.0,27.88486173174917,0.10580525509720205,2.0,1.3235294117647058,1,0.061224489795918366,0.11381576217040477,"(10.0, 30.0]"
BRIDE HARD,3cc167017755a0197f18f93595c9ae85,D2+D3,14.0,11.0,8.333333333333334,10.0,4.777234996293595,0.13524815753570868,1.0,1.3235294117647058,1,0.12987012987012989,0.06204201293887786,"(5.0, 10.0]"
BRIDE HARD,4eb26b1058266dc50a63dc875e4d8846,D2+D3,15.0,19.0,11.333333333333334,0.0,10.47670847020116,0.13205935046472048,2.0,1.3235294117647058,0,0.0,0.07877224413685083,"(10.0, 30.0]"
BRIDE HARD,4fc3fc370b299876663c7d5c90595853,D2+D3,35.0,23.0,19.333333333333332,21.0,18.499786584337432,0.08004818267847,2.0,1.3235294117647058,2,0.13043478260869565,0.11490550673501511,"(10.0, 30.0]"
BRIDE HARD,541130ea8083a789df5d15bbfe13055a,D2+D3,25.0,23.0,16.0,4.0,14.346275543778114,0.0923774602123046,1.0,1.3235294117647058,1,0.024844720496894408,0.08910730151414978,"(10.0, 30.0]"
BRIDE HARD,8d2e05da5624875993cb8580c88334a9,D2+D3,25.0,7.0,10.666666666666666,0.0,1.4303412219567853,0.019156355651206946,2.0,1.3235294117647058,0,0.0,0.029190637182791534,"(10.0, 30.0]"
BRIDE HARD,9aab42397bbc1d1cdb49f7044dc990f0,D2+D3,25.0,2.0,9.0,0.0,0.45557482587551,0.007231346442468414,1.0,1.3235294117647058,0,0.0,0.03254105899110786,"(5.0, 10.0]"
BRIDE HARD,9f0564f5cabe643e4dbb08b80d3cc241,hanya_D3,0.0,36.0,12.0,25.0,31.08747836842705,0.3030023054678878,2.0,1.3235294117647058,1,0.09920634920634921,0.12336300939852005,"(10.0, 30.0]"
BRIDE HARD,a691dd0d8274fa85ecdc7d5ad6df1628,D2+D3,12.0,11.0,7.666666666666667,8.0,5.156513492359531,0.09954521532655017,1.0,1.3235294117647058,1,0.10389610389610389,0.06696770769298092,"(5.0, 10.0]"
BRIDE HARD,a9e141baa8b4ec825325397b16eeaae3,D2+D3,57.0,18.0,25.0,0.0,12.047374945756525,0.06884214254718014,1.0,1.3235294117647058,0,0.0,0.09561408687108354,"(10.0, 30.0]"
BRIDE HARD,be8de71502987819afd4c2ceea71c539,D2+D3,9.0,7.0,5.333333333333333,0.0,2.2342257249832422,0.05984533191919399,1.0,1.3235294117647058,0,0.0,0.04559644336700495,"(5.0, 10.0]"
BRIDE HARD,bf33cc26f29bf266a83e35901fa80c9c,D2+D3,36.0,28.0,21.333333333333332,14.0,17.005089363897106,0.08684925344045087,1.0,1.3235294117647058,1,0.07142857142857142,0.08676066001988318,"(10.0, 30.0]"
BRIDE HARD,cb2a49a747f8989ee0356ec7ac354177,D2+D3,22.0,8.0,10.0,0.0,1.9925560985130768,0.02846508712161538,1.0,1.3235294117647058,0,0.0,0.03558135890201923,"(5.0, 10.0]"
BRIDE HARD,dc77e7e26c0e5e3a5c44ec2de0cedbde,D2+D3,28.0,12.0,13.333333333333334,7.0,4.945974586874912,0.042939657363318263,1.0,1.3235294117647058,1,0.08333333333333333,0.058880649843748946,"(10.0, 30.0]"
BRIDE HARD,e3edf631650eb304cf386709b98005f6,D2+D3,21.0,14.0,11.666666666666666,36.0,7.981227376599476,0.3624633688052392,1.0,1.3235294117647058,2,0.3673469387755102,0.08144109567958649,"(10.0, 30.0]"
BRIDE HARD,f7734bb329cacfe21ce854ae822b6115,D2+D3,4.0,4.0,2.6666666666666665,0.0,1.5718894231001712,0.08420836195179489,1.0,1.3235294117647058,0,0.0,0.05613890796786326,"(2.0, 5.0]"
DASIM,2318d3c719302ff137eb1b53fb32f0c8,D2+D3,43.0,53.0,32.0,258.0,106.84794473336217,0.6933047112389882,3.0,1.0674157303370786,5,0.6954177897574123,0.2879998510333212,"(30.0, 1000000000.0]"
DASIM,26d1d720bc7e60c1b1a56630e3ba2c5d,D2+D3,43.0,45.0,29.333333333333332,179.0,85.67138621555904,0.47417455122946667,3.0,1.0674157303370786,4,0.5682539682539682,0.27197265465256837,"(10.0, 30.0]"
DASIM,3cc167017755a0197f18f93595c9ae85,D2+D3,95.0,49.0,48.0,125.0,136.04763443619078,0.08198098667680735,2.0,1.0674157303370786,3,0.3644314868804665,0.3966403336332093,"(30.0, 1000000000.0]"
DASIM,4ba87a86e02dd8a810032db35bf13c51,D2+D3,45.0,31.0,25.333333333333332,236.0,58.400965473364955,1.043100471816358,2.0,1.0674157303370786,5,1.087557603686636,0.2691288731491473,"(10.0, 30.0]"
DASIM,580919d632e55fd9736ae1a2ac6ed0c5,D2+D3,115.0,189.0,101.33333333333333,390.0,652.3462556997048,0.5698744503426038,5.0,1.0674157303370786,4,0.29478458049886624,0.49308107006780405,"(30.0, 1000000000.0]"
DASIM,592095e0ddc2c230cf3002d72e9bac41,D2+D3,71.0,66.0,45.666666666666664,153.0,168.3924817452687,0.23887318492184548,3.0,1.0674157303370786,3,0.33116883116883117,0.3644858912235253,"(30.0, 1000000000.0]"
DASIM,9715c9bc57db04a2506acfdab71ec1c6,D2+D3,93.0,98.0,63.666666666666664,328.0,332.45753113008846,0.3037607520017778,5.0,1.0674157303370786,4,0.478134110787172,0.4846319695773884,"(30.0, 1000000000.0]"
DASIM,ef2896a95abe2a2b4cfee245dc1e36ec,D2+D3,35.0,87.0,40.666666666666664,340.0,173.0480624494769,0.6329125290132864,3.0,1.0674157303370786,6,0.5582922824302134,0.28415116986777816,"(30.0, 1000000000.0]"
DRACULA: A LOVE TALE,1240789770bc04e7d26e5fa31c075ced,hanya_D3,0.0,16.0,5.333333333333333,145.0,7.484267546627764,3.687748257847063,2.0,0.9101123595505618,6,1.2946428571428572,0.06682381738060504,"(5.0, 10.0]"
DRACULA: A LOVE TALE,9715c9bc57db04a2506acfdab71ec1c6,hanya_D3,0.0,32.0,10.666666666666666,48.0,20.214533406021953,0.38492869566485843,2.0,0.9101123595505618,3,0.21428571428571427,0.09024345270545515,"(10.0, 30.0]"
DRACULA: A LOVE TALE,a9d508d218799f9dc69bb4aefc122cb3,hanya_D3,0.0,15.0,5.0,253.0,9.134862759114016,6.981896831918755,4.0,0.9101123595505618,5,2.40952380952381,0.08699869294394301,"(2.0, 5.0]"
EJEN ALI: THE MOVIE 2,15c7dc37db27dd76f38cc419107f7c48,D2+D3,163.0,90.0,84.33333333333333,798.0,135.84432645310397,1.1216640432753744,5.0,1.1475409836065573,7,1.2666666666666666,0.21562591500492695,"(30.0, 1000000000.0]"
EJEN ALI: THE MOVIE 2,25e1c125bdd513aa2355a8e558a1a908,D2+D3,41.0,10.0,17.0,0.0,0.40806864964470946,0.003429148316342096,2.0,1.1475409836065573,0,0.0,0.005829552137781564,"(10.0, 30.0]"
EJEN ALI: THE MOVIE 2,35de0354d956048d1c9c49ff069eaa55,D2+D3,56.0,65.0,40.333333333333336,921.0,100.93573469158906,2.9045959810215263,2.0,1.1475409836065573,7,2.0241758241758245,0.22183677954195397,"(30.0, 1000000000.0]"
EJEN ALI: THE MOVIE 2,490346a8a068ba7d2e3764714c6d5323,hanya_D3,0.0,108.0,36.0,1088.0,195.15127457524918,3.7555340209482138,7.0,1.1475409836065573,6,1.439153439153439,0.2581366065810174,"(30.0, 1000000000.0]"
EJEN ALI: THE MOVIE 2,4ba87a86e02dd8a810032db35bf13c51,D2+D3,176.0,161.0,112.33333333333333,1202.0,411.167102686155,1.0057222093859834,7.0,1.1475409836065573,7,1.0665483584738245,0.364833276562693,"(30.0, 1000000000.0]"
EJEN ALI: THE MOVIE 2,c877324e95024e707ae23f0aed947e15,D2+D3,160.0,141.0,100.33333333333333,928.0,293.9660689129733,0.9027535800954344,6.0,1.1475409836065573,7,0.9402228976697062,0.2978379624244917,"(30.0, 1000000000.0]"
EJEN ALI: THE MOVIE 2,d33850e3698903061b4c18886ce00c9d,D2+D3,190.0,202.0,130.66666666666666,1203.0,394.0144186672949,0.8844594548098089,5.0,1.1475409836065573,7,0.8507779349363508,0.2786523470065735,"(30.0, 1000000000.0]"
EJEN ALI: THE MOVIE 2,dc77e7e26c0e5e3a5c44ec2de0cedbde,D2+D3,72.0,74.0,48.666666666666664,940.0,134.99101544323642,2.3630400720844333,2.0,1.1475409836065573,7,1.8146718146718146,0.2606004159135838,"(30.0, 1000000000.0]"
EJEN ALI: THE MOVIE 2,ecace029de4a6bd4ae872928509cd71d,D2+D3,222.0,294.0,172.0,1378.0,977.792805069369,0.33374994238366495,10.0,1.1475409836065573,7,0.6695821185617105,0.4751179810832697,"(30.0, 1000000000.0]"
EJEN ALI: THE MOVIE 2,f7734bb329cacfe21ce854ae822b6115,D2+D3,304.0,330.0,211.33333333333334,1668.0,794.1937025086812,0.5906757306160334,5.0,1.1475409836065573,7,0.7220779220779221,0.3438067976228057,"(30.0, 1000000000.0]"
F1 THE MOVIE,0318cab65e5a4dbb61243ab4747fb621,hanya_D3,0.0,110.0,36.666666666666664,256.0,521.8229457705603,1.035673814690495,2.0,0.9361702127659575,3,0.33246753246753247,0.6776921373643641,"(30.0, 1000000000.0]"
F1 THE MOVIE,14b63ff2b104903ead7d884f25382e57,hanya_D3,0.0,148.0,49.333333333333336,845.0,716.1217465211512,0.741637494448665,2.0,0.9361702127659575,6,0.8156370656370656,0.6912372070667483,"(30.0, 1000000000.0]"
F1 THE MOVIE,4a61d7e09bbe3868d79af81be96ed6ee,D2+D3,55.0,80.0,45.0,224.0,299.3057895921861,0.4408556229699814,4.0,0.9361702127659575,4,0.4,0.534474624271761,"(30.0, 1000000000.0]"
F1 THE MOVIE,57d37d0d839b9dff6f87d6b5d5b679cc,D2+D3,73.0,296.0,123.0,1406.0,1360.508723422196,0.3836770330378633,8.0,0.9361702127659575,7,0.6785714285714286,0.6566161792578167,"(30.0, 1000000000.0]"
F1 THE MOVIE,62447bb073160adcf6d6022240a3663c,hanya_D3,0.0,37.0,12.333333333333334,0.0,164.45495314558548,1.9048836271689438,2.0,0.9361702127659575,0,0.0,0.6349612090563146,"(10.0, 30.0]"
F1 THE MOVIE,716ede53fbca27fbe1c1a55d6667c2b5,D2+D3,34.0,52.0,28.666666666666668,156.0,271.0177204967278,0.6188343701923655,3.0,0.9361702127659575,4,0.42857142857142855,0.7445541771888127,"(10.0, 30.0]"
F1 THE MOVIE,9cc7970100d8e4c2202f08cb78c6eb20,D2+D3,137.0,260.0,132.33333333333334,1646.0,1428.6431798073431,0.4308489601376717,8.0,0.9361702127659575,7,0.9043956043956044,0.7849687801139248,"(30.0, 1000000000.0]"
F1 THE MOVIE,a6d19ebcb27f61cbf41a6552fbf68676,hanya_D3,0.0,61.0,20.333333333333332,129.0,318.0010701701867,1.4706272219033636,4.0,0.9361702127659575,3,0.30210772833723654,0.7447331854102733,"(10.0, 30.0]"
F1 THE MOVIE,c48b7a4426e8cbee3f7dbfe8b87d1d89,hanya_D3,0.0,87.0,29.0,336.0,501.9492261555097,0.8888599397564902,4.0,0.9361702127659575,5,0.5517241379310345,0.8242187621601144,"(10.0, 30.0]"
F1 THE MOVIE,d33850e3698903061b4c18886ce00c9d,hanya_D3,0.0,48.0,16.0,42.0,251.40403858138106,1.869678915905188,4.0,0.9361702127659575,2,0.125,0.7482263053017294,"(10.0, 30.0]"
F1 THE MOVIE,e989d8fdc91de7e6ffbb72a2f5ac79f6,D2+D3,77.0,411.0,162.66666666666666,1807.0,2147.2097266029286,0.29877903390186955,11.0,0.9361702127659575,7,0.6280848105665624,0.7463363665634093,"(30.0, 1000000000.0]"
F1 THE MOVIE,f292a4101ca0420357a2d18b3a013e5f,D2+D3,45.0,79.0,41.333333333333336,408.0,397.26953755003666,0.8155651798055779,2.0,0.9361702127659575,4,0.7377938517179023,0.7183897604883122,"(30.0, 1000000000.0]"
FINAL DESTINATION: BLOODLINES,7c271f1e1351e6433b202d77b88012c2,D2+D3,76.0,49.0,41.666666666666664,779.0,299.59674640062855,1.643668298054988,2.0,1.008695652173913,7,2.2711370262390673,0.8734599020426488,"(30.0, 1000000000.0]"
GAK NYANGKA..!!,04a2de432a8901363a05137a8e8de1d2,hanya_D3,0.0,150.0,50.0,69.0,228.34843977591473,0.45528125650261353,2.0,0.5918367346938775,2,0.06571428571428571,0.21747470454849022,"(30.0, 1000000000.0]"
GAK NYANGKA..!!,a9d508d218799f9dc69bb4aefc122cb3,D2+D3,42.0,42.0,28.0,38.0,41.24376575420553,0.08156140189708008,2.0,0.5918367346938775,1,0.1292517006802721,0.14028491753131134,"(10.0, 30.0]"
GERBANG SETAN,26a644178fbdb277dc3c50997f6df7fe,hanya_D3,0.0,92.0,30.666666666666668,223.0,241.53079552905268,0.6678113114953728,3.0,0.8918918918918919,5,0.34627329192546585,0.3750478191444917,"(30.0, 1000000000.0]"
GEREJA SETAN,14b63ff2b104903ead7d884f25382e57,hanya_D3,0.0,80.0,26.666666666666668,555.0,334.3995997067881,1.6540842835528464,5.0,1.511111111111111,7,0.9910714285714286,0.5971421423335501,"(10.0, 30.0]"
GEREJA SETAN,15c7dc37db27dd76f38cc419107f7c48,D2+D3,89.0,93.0,60.666666666666664,405.0,342.981340720853,0.4175303958063399,5.0,1.511111111111111,6,0.6221198156682027,0.5268530579429386,"(30.0, 1000000000.0]"
GEREJA SETAN,17e1e7da761f72bbb4e039ba08cc0ba0,D2+D3,197.0,131.0,109.33333333333333,355.0,587.2072798941286,0.30340672460034235,10.0,1.511111111111111,7,0.3871319520174482,0.6403569028289298,"(30.0, 1000000000.0]"
GEREJA SETAN,312cd6ebdd3af9ac55f7b3d31ecab9c2,D2+D3,159.0,101.0,86.66666666666667,515.0,471.34272932686207,0.19761666393172364,5.0,1.511111111111111,7,0.7284299858557284,0.6666799566150807,"(30.0, 1000000000.0]"
GEREJA SETAN,4fc3fc370b299876663c7d5c90595853,hanya_D3,0.0,146.0,48.666666666666664,1372.0,868.2593554249191,1.572731005974354,5.0,1.511111111111111,7,1.3424657534246576,0.8495688409245784,"(30.0, 1000000000.0]"
GEREJA SETAN,580919d632e55fd9736ae1a2ac6ed0c5,D2+D3,392.0,394.0,262.0,748.0,1491.2911096706746,0.5234012252665273,5.0,1.511111111111111,4,0.271211022480058,0.5407146880604331,"(30.0, 1000000000.0]"
GEREJA SETAN,88d0ee0029bee810e1d0fe37f73e2d3b,D2+D3,76.0,68.0,48.0,328.0,216.439300302989,0.4619336789945615,2.0,1.511111111111111,5,0.6890756302521008,0.45470441240123743,"(30.0, 1000000000.0]"
GEREJA SETAN,919c7b9859d8ce7cab47dab2463e7fab,hanya_D3,0.0,219.0,73.0,556.0,1211.9618387843038,1.2836826590690877,7.0,1.511111111111111,7,0.3626875407697326,0.7905817604594284,"(30.0, 1000000000.0]"
GEREJA SETAN,92e94ed55b4de8feaff9462a66e2dbd7,D2+D3,243.0,326.0,189.66666666666666,1315.0,1350.3367241624026,0.16624937424620564,10.0,1.511111111111111,7,0.5762489044697634,0.5917338843831738,"(30.0, 1000000000.0]"
GEREJA SETAN,981569adf232c53afe751c8c660db8d9,hanya_D3,0.0,196.0,65.33333333333333,1686.0,860.4718547137907,1.8050906966899625,2.0,1.511111111111111,7,1.228862973760933,0.6271660748642789,"(30.0, 1000000000.0]"
GEREJA SETAN,9cc7970100d8e4c2202f08cb78c6eb20,D2+D3,120.0,71.0,63.666666666666664,459.0,222.25034869508522,0.6355564320005435,2.0,1.511111111111111,7,0.9235412474849094,0.44718380019131837,"(30.0, 1000000000.0]"
GEREJA SETAN,a09b9ee7f937939ee25c24ef8c2e91be,D2+D3,81.0,139.0,73.33333333333333,271.0,428.092931169056,0.35955111651718735,5.0,1.511111111111111,3,0.2785200411099692,0.43997218002986227,"(30.0, 1000000000.0]"
GEREJA SETAN,afbb3b11f728a54ad1eb3ca34f602779,hanya_D3,0.0,81.0,27.0,91.0,367.2444012978184,1.4616105888773459,5.0,1.511111111111111,3,0.16049382716049382,0.6476973567862758,"(10.0, 30.0]"
GEREJA SETAN,c48b7a4426e8cbee3f7dbfe8b87d1d89,D2+D3,55.0,44.0,33.0,196.0,125.8100647166031,0.3153331738601147,2.0,1.511111111111111,5,0.6363636363636364,0.4084742360928672,"(30.0, 1000000000.0]"
GEREJA SETAN,c71a18e33d4b7c73c8124c65fc3e6f1c,hanya_D3,0.0,288.0,96.0,1066.0,1117.5993966404958,0.35906533424682513,5.0,1.511111111111111,7,0.5287698412698413,0.554364780079611,"(30.0, 1000000000.0]"
GEREJA SETAN,c877324e95024e707ae23f0aed947e15,D2+D3,86.0,52.0,46.0,171.0,145.67115123307264,0.16569020004679236,5.0,1.511111111111111,5,0.4697802197802198,0.4001954704205292,"(30.0, 1000000000.0]"
GEREJA SETAN,cb2a49a747f8989ee0356ec7ac354177,hanya_D3,0.0,192.0,64.0,545.0,868.5994491114518,0.9288029887649348,5.0,1.511111111111111,5,0.4055059523809524,0.6462793520174492,"(30.0, 1000000000.0]"
GEREJA SETAN,dc77e7e26c0e5e3a5c44ec2de0cedbde,D2+D3,125.0,113.0,79.33333333333333,942.0,720.064071065819,0.45259414817177485,3.0,1.511111111111111,7,1.190897597977244,0.9103212023588103,"(30.0, 1000000000.0]"
GEREJA SETAN,e7ec114c2ec166155149062023617e8b,hanya_D3,0.0,106.0,35.333333333333336,676.0,576.452583027949,0.5219951415483891,4.0,1.511111111111111,7,0.9110512129380054,0.7768902736225728,"(30.0, 1000000000.0]"
GEREJA SETAN,e989d8fdc91de7e6ffbb72a2f5ac79f6,D2+D3,69.0,193.0,87.33333333333333,675.0,1020.8687215995637,0.5753237541614619,8.0,1.511111111111111,7,0.4996299037749815,0.755639320206931,"(30.0, 1000000000.0]"
GEREJA SETAN,f3a9ac312f7bc4e2467a1bf02a6aa1e9,D2+D3,142.0,54.0,65.33333333333333,118.0,158.4708484037331,0.10595270465846526,5.0,1.511111111111111,4,0.31216931216931215,0.4192350486871246,"(30.0, 1000000000.0]"
GEREJA SETAN,f54d37fc4c4d4b285aa3601041abc938,D2+D3,120.0,231.0,117.0,580.0,1185.911300124037,0.8109161669789897,5.0,1.511111111111111,7,0.3586889301175016,0.7334021645788728,"(30.0, 1000000000.0]"
GEREJA SETAN,fbaf4d5f0c18dc603a21aef31da59ee6,hanya_D3,0.0,81.0,27.0,896.0,381.2325766593867,2.7236371605323453,2.0,1.511111111111111,7,1.5802469135802468,0.672367860069465,"(10.0, 30.0]"
GHOST TRAIN,17e1e7da761f72bbb4e039ba08cc0ba0,D2+D3,24.0,45.0,23.0,29.0,36.73224731003303,0.07500209385426994,2.0,1.0434782608695652,2,0.09206349206349207,0.11661030892073979,"(10.0, 30.0]"
GHOST TRAIN,45f553cca86b28fedd6115abdd0ae734,hanya_D3,0.0,81.0,27.0,187.0,68.53608000678044,0.6500292033234326,2.0,1.0434782608695652,3,0.3298059964726632,0.12087492064687907,"(10.0, 30.0]"
GHOST TRAIN,a6d19ebcb27f61cbf41a6552fbf68676,D2+D3,57.0,81.0,46.0,58.0,67.09554804454154,0.10662430765495431,2.0,1.0434782608695652,2,0.10229276895943563,0.11833429990218969,"(30.0, 1000000000.0]"
GODAAN SETAN YANG TERKUTUK,26a644178fbdb277dc3c50997f6df7fe,D2+D3,139.0,198.0,112.33333333333333,681.0,659.4651883637761,0.15697081826049372,5.0,0.95,6,0.49134199134199136,0.47580460920907364,"(30.0, 1000000000.0]"
GODAAN SETAN YANG TERKUTUK,4eb26b1058266dc50a63dc875e4d8846,D2+D3,68.0,52.0,40.0,340.0,102.588228000254,0.8513456002253912,4.0,0.95,4,0.9340659340659341,0.28183579120948904,"(30.0, 1000000000.0]"
GUNDIK,0318cab65e5a4dbb61243ab4747fb621,D2+D3,252.0,379.0,210.33333333333334,440.0,1679.549688080413,0.8418947394705091,5.0,1.2352941176470589,4,0.16584998115341124,0.6330756457144414,"(30.0, 1000000000.0]"
GUNDIK,1240789770bc04e7d26e5fa31c075ced,D2+D3,182.0,144.0,108.66666666666667,425.0,833.4971100660545,0.537025122786224,5.0,1.2352941176470589,7,0.42162698412698413,0.8268820536369588,"(30.0, 1000000000.0]"
GUNDIK,15c7dc37db27dd76f38cc419107f7c48,D2+D3,90.0,231.0,107.0,578.0,933.8798391885779,0.5187260234113166,5.0,1.2352941176470589,7,0.35745207173778604,0.5775385523738886,"(30.0, 1000000000.0]"
GUNDIK,17e1e7da761f72bbb4e039ba08cc0ba0,D2+D3,205.0,202.0,135.66666666666666,730.0,1168.4227973031868,0.4616596672199229,6.0,1.2352941176470589,7,0.5162659123055163,0.8263244676825932,"(30.0, 1000000000.0]"
GUNDIK,35de0354d956048d1c9c49ff069eaa55,D2+D3,552.0,420.0,324.0,2529.0,2926.2784612718033,0.49933177441337107,12.0,1.2352941176470589,7,0.860204081632653,0.9953328099563957,"(30.0, 1000000000.0]"
GUNDIK,3cc167017755a0197f18f93595c9ae85,D2+D3,214.0,283.0,165.66666666666666,1088.0,1444.003041195073,0.37792781309384854,5.0,1.2352941176470589,7,0.5492175668854113,0.7289263206436511,"(30.0, 1000000000.0]"
GUNDIK,4ba87a86e02dd8a810032db35bf13c51,D2+D3,128.0,90.0,72.66666666666667,243.0,485.14484578662774,0.49873980312310456,5.0,1.2352941176470589,5,0.38571428571428573,0.7700711837882981,"(30.0, 1000000000.0]"
GUNDIK,4eb26b1058266dc50a63dc875e4d8846,D2+D3,192.0,221.0,137.66666666666666,899.0,1221.5315336300728,0.33469200999315757,5.0,1.2352941176470589,7,0.5811247575953458,0.7896131439108421,"(30.0, 1000000000.0]"
GUNDIK,57d37d0d839b9dff6f87d6b5d5b679cc,D2+D3,99.0,112.0,70.33333333333333,175.0,654.2082372449842,0.9733410370581941,3.0,1.2352941176470589,3,0.22321428571428573,0.834449282200235,"(30.0, 1000000000.0]"
GUNDIK,580919d632e55fd9736ae1a2ac6ed0c5,D2+D3,298.0,367.0,221.66666666666666,651.0,1803.8305557988597,0.7429627642097915,8.0,1.2352941176470589,4,0.25340599455040874,0.7021528049041883,"(30.0, 1000000000.0]"
GUNDIK,592095e0ddc2c230cf3002d72e9bac41,D2+D3,139.0,156.0,98.33333333333333,384.0,747.2497152556928,0.5727113057774702,5.0,1.2352941176470589,3,0.3516483516483516,0.6842946110400117,"(30.0, 1000000000.0]"
GUNDIK,62447bb073160adcf6d6022240a3663c,D2+D3,93.0,70.0,54.333333333333336,157.0,375.32615610123537,0.5740389730970256,2.0,1.2352941176470589,3,0.3204081632653061,0.7659717471453783,"(30.0, 1000000000.0]"
GUNDIK,81c620b2538435926cbbf15745ef5901,D2+D3,156.0,212.0,122.66666666666667,555.0,934.6509597829205,0.46018067231189036,5.0,1.2352941176470589,6,0.373989218328841,0.6298187060531809,"(30.0, 1000000000.0]"
GUNDIK,919c7b9859d8ce7cab47dab2463e7fab,D2+D3,388.0,481.0,289.6666666666667,2118.0,2586.2727493858274,0.25901071171973694,10.0,1.2352941176470589,7,0.629046629046629,0.7681237746913654,"(30.0, 1000000000.0]"
GUNDIK,9cc7970100d8e4c2202f08cb78c6eb20,D2+D3,114.0,108.0,74.0,426.0,724.3458649442267,0.7573024994641184,3.0,1.2352941176470589,4,0.5634920634920635,0.9581294509844269,"(30.0, 1000000000.0]"
GUNDIK,afbb3b11f728a54ad1eb3ca34f602779,D2+D3,138.0,379.0,172.33333333333334,1000.0,1738.6456787804973,0.6123064482844687,5.0,1.2352941176470589,7,0.3769317753486619,0.6553508024050122,"(30.0, 1000000000.0]"
GUNDIK,d297f2f746c4fd2723f3202fafcbfa1a,D2+D3,167.0,175.0,114.0,726.0,846.2577372199596,0.2456349573599126,5.0,1.2352941176470589,7,0.5926530612244898,0.6908226426285384,"(30.0, 1000000000.0]"
GUNDIK,da6b584c30e784d15b54ad124a760b19,D2+D3,71.0,19.0,30.0,0.0,36.88909316425143,0.17566234840119727,2.0,1.2352941176470589,0,0.0,0.2773616027387325,"(10.0, 30.0]"
GUNDIK,e939d818a5192f48fc4b73102e3aa4b9,D2+D3,280.0,441.0,240.33333333333334,1281.0,2169.9367181115167,0.6185606237319192,5.0,1.2352941176470589,6,0.41496598639455784,0.7029273463270219,"(30.0, 1000000000.0]"
GUNDIK,ea7df0c99b450ecdea38cf34ae1f158f,D2+D3,363.0,267.0,210.0,1515.0,1620.4309131095838,0.19944126702938597,5.0,1.2352941176470589,7,0.8105939004815409,0.8670042338735066,"(30.0, 1000000000.0]"
GUNDIK,ef2896a95abe2a2b4cfee245dc1e36ec,D2+D3,83.0,188.0,90.33333333333333,600.0,711.6355584592031,0.470313370591705,5.0,1.2352941176470589,6,0.4559270516717325,0.5407565033884523,"(30.0, 1000000000.0]"
I KNOW WHAT YOU DID LAST SUMMER,66d433e397ff7f3d460500704fd40a5a,D2+D3,29.0,28.0,19.0,183.0,52.42199308187534,0.9817895257001854,2.0,0.40476190476190477,4,0.9336734693877551,0.26745914837691503,"(10.0, 30.0]"
JADI TUH BARANG,073b764928864ed8fa0b6b115bfdd685,D2+D3,211.0,298.0,169.66666666666666,599.0,1111.6486869987154,0.4710320029365661,5.0,1.537037037037037,5,0.2871524448705657,0.5329092459246,"(30.0, 1000000000.0]"
JADI TUH BARANG,0a8777c6c78e2d102bdf459f8550cf93,D2+D3,51.0,117.0,56.0,229.0,318.3095592720062,0.4555749497544251,3.0,1.537037037037037,3,0.2796092796092796,0.3886563605274801,"(30.0, 1000000000.0]"
JADI TUH BARANG,312cd6ebdd3af9ac55f7b3d31ecab9c2,D2+D3,354.0,314.0,222.66666666666666,821.0,1479.546188732996,0.42250610911013436,5.0,1.537037037037037,7,0.37352138307552324,0.6731329339094614,"(30.0, 1000000000.0]"
JADI TUH BARANG,35de0354d956048d1c9c49ff069eaa55,D2+D3,277.0,443.0,240.0,1515.0,2091.0832584011246,0.3696600359064482,10.0,1.537037037037037,7,0.48855207997420186,0.6743254622383503,"(30.0, 1000000000.0]"
JADI TUH BARANG,3744d5b8753c9cc72700ce7927fa0df3,D2+D3,18.0,52.0,23.333333333333332,655.0,95.28117623868921,3.4268499413957807,1.0,1.537037037037037,7,1.7994505494505495,0.26176147318321213,"(10.0, 30.0]"
JADI TUH BARANG,45f553cca86b28fedd6115abdd0ae734,D2+D3,99.0,222.0,107.0,504.0,822.9725274077905,0.4817289302850019,5.0,1.537037037037037,5,0.32432432432432434,0.5295833509702642,"(30.0, 1000000000.0]"
JADI TUH BARANG,490346a8a068ba7d2e3764714c6d5323,D2+D3,58.0,88.0,48.666666666666664,171.0,259.2654006696338,0.4352256192238397,5.0,1.537037037037037,4,0.27759740259740256,0.42088539069745745,"(30.0, 1000000000.0]"
JADI TUH BARANG,53b77c875c67b68561415f23065e6e8d,D2+D3,180.0,232.0,137.33333333333334,672.0,1163.566987947641,0.5113387530662009,5.0,1.537037037037037,7,0.41379310344827586,0.7164821354357397,"(30.0, 1000000000.0]"
JADI TUH BARANG,580919d632e55fd9736ae1a2ac6ed0c5,hanya_D3,0.0,331.0,110.33333333333333,573.0,1570.01414602098,1.2909117125865086,8.0,1.537037037037037,5,0.247302546396202,0.6776064505917048,"(30.0, 1000000000.0]"
JADI TUH BARANG,592095e0ddc2c230cf3002d72e9bac41,D2+D3,222.0,218.0,146.66666666666666,518.0,888.667740757403,0.3750083488247609,5.0,1.537037037037037,7,0.3394495412844037,0.5823510752014436,"(30.0, 1000000000.0]"
JADI TUH BARANG,5ff7565cdb056b4bdcb43d0ea2b5380d,D2+D3,49.0,39.0,29.333333333333332,64.0,111.92109317494166,0.23496786641570913,5.0,1.537037037037037,4,0.23443223443223443,0.40996737426718555,"(10.0, 30.0]"
JADI TUH BARANG,7114d91eccf418326f7a9a05943c04e1,D2+D3,157.0,355.0,170.66666666666666,1126.0,1074.3733033362803,0.3514137480826594,7.0,1.537037037037037,7,0.45311871227364187,0.4323433816242576,"(30.0, 1000000000.0]"
JADI TUH BARANG,716ede53fbca27fbe1c1a55d6667c2b5,D2+D3,12.0,188.0,66.66666666666667,610.0,650.7825816352105,0.39711305768467725,5.0,1.537037037037037,7,0.4635258358662614,0.49451563954043354,"(30.0, 1000000000.0]"
JADI TUH BARANG,7c271f1e1351e6433b202d77b88012c2,D2+D3,28.0,71.0,33.0,569.0,131.43316679212649,1.8942287151855994,2.0,1.537037037037037,7,1.1448692152917506,0.26445305189562673,"(30.0, 1000000000.0]"
JADI TUH BARANG,92e94ed55b4de8feaff9462a66e2dbd7,D2+D3,164.0,256.0,140.0,737.0,1125.184928762518,0.4218335481674928,10.0,1.537037037037037,6,0.41127232142857145,0.6278933754255123,"(30.0, 1000000000.0]"
JADI TUH BARANG,9aab42397bbc1d1cdb49f7044dc990f0,D2+D3,57.0,285.0,114.0,2008.0,1179.5408679211143,1.2681709022055796,8.0,1.537037037037037,7,1.006516290726817,0.5912485553489295,"(30.0, 1000000000.0]"
JADI TUH BARANG,9d67ea34034038d9a33cf7ac63b7ac65,D2+D3,125.0,198.0,107.66666666666667,969.0,639.0766556893584,0.43817385482008137,5.0,1.537037037037037,7,0.699134199134199,0.4610942681741403,"(30.0, 1000000000.0]"
JADI TUH BARANG,a55554e941cb93c23d1522f88fd0d004,D2+D3,286.0,244.0,176.66666666666666,838.0,1003.5957926010411,0.20405375933178038,5.0,1.537037037037037,7,0.49063231850117095,0.5875853586657149,"(30.0, 1000000000.0]"
JADI TUH BARANG,a691dd0d8274fa85ecdc7d5ad6df1628,D2+D3,289.0,215.0,168.0,1091.0,1034.2014306732422,0.2561664895302444,5.0,1.537037037037037,7,0.7249169435215947,0.6871770303476692,"(30.0, 1000000000.0]"
JADI TUH BARANG,b2539b1f80254243391774489b1328aa,D2+D3,123.0,112.0,78.33333333333333,901.0,364.16761688792684,0.9790256226967899,3.0,1.537037037037037,7,1.149234693877551,0.4644995113366414,"(30.0, 1000000000.0]"
JADI TUH BARANG,be8de71502987819afd4c2ceea71c539,D2+D3,57.0,154.0,70.33333333333333,673.0,423.0589011567291,0.5889118793894256,5.0,1.537037037037037,7,0.62430426716141,0.3924479602567061,"(30.0, 1000000000.0]"
JADI TUH BARANG,c35e24eefa840ac2009279f1efc52288,D2+D3,165.0,278.0,147.66666666666666,1109.0,1073.8425284141106,0.21720258756036856,5.0,1.537037037037037,7,0.5698869475847893,0.5518204154234895,"(30.0, 1000000000.0]"
JADI TUH BARANG,cb2a49a747f8989ee0356ec7ac354177,D2+D3,150.0,254.0,134.66666666666666,881.0,1176.9516435381058,0.31395153133462433,5.0,1.537037037037037,7,0.4955005624296963,0.6619525554207569,"(30.0, 1000000000.0]"
JADI TUH BARANG,d297f2f746c4fd2723f3202fafcbfa1a,D2+D3,28.0,63.0,30.333333333333332,344.0,150.29113970707735,0.9290849934682984,2.0,1.537037037037037,5,0.780045351473923,0.3407962351634407,"(30.0, 1000000000.0]"
JADI TUH BARANG,d33850e3698903061b4c18886ce00c9d,D2+D3,22.0,81.0,34.333333333333336,449.0,159.86929133472546,1.2030403966654972,3.0,1.537037037037037,7,0.7918871252204585,0.28195642210709954,"(30.0, 1000000000.0]"
JADI TUH BARANG,da6b584c30e784d15b54ad124a760b19,hanya_D3,0.0,231.0,77.0,580.0,910.7768829359158,0.6136862392132018,3.0,1.537037037037037,7,0.3586889301175016,0.5632510098552355,"(30.0, 1000000000.0]"
JADI TUH BARANG,dc77e7e26c0e5e3a5c44ec2de0cedbde,hanya_D3,0.0,71.0,23.666666666666668,358.0,348.901046163885,1.4856205686025117,3.0,1.537037037037037,4,0.7203219315895373,0.7020141773921227,"(10.0, 30.0]"
JADI TUH BARANG,e989d8fdc91de7e6ffbb72a2f5ac79f6,D2+D3,22.0,100.0,40.666666666666664,1249.0,227.94375077836168,3.5868486506614934,2.0,1.537037037037037,7,1.7842857142857143,0.32563392968337385,"(30.0, 1000000000.0]"
JADI TUH BARANG,f292a4101ca0420357a2d18b3a013e5f,D2+D3,98.0,176.0,91.33333333333333,694.0,541.3263426595842,0.41797677477265804,3.0,1.537037037037037,7,0.5633116883116883,0.4393882651457664,"(30.0, 1000000000.0]"
JALAN PULANG,218c50fa4df90b3241e39ff8ffb41102,D2+D3,494.0,680.0,391.3333333333333,4496.0,3557.805331892054,0.4075310239426474,10.0,1.0380952380952382,7,0.9445378151260505,0.7474380949353054,"(30.0, 1000000000.0]"
JALAN PULANG,62447bb073160adcf6d6022240a3663c,D2+D3,269.0,354.0,207.66666666666666,2202.0,1605.2364105200948,0.4519294825574214,5.0,1.0380952380952382,7,0.8886198547215496,0.6477951616303853,"(30.0, 1000000000.0]"
JALAN PULANG,9cc7970100d8e4c2202f08cb78c6eb20,D2+D3,330.0,347.0,225.66666666666666,2327.0,1883.3789940370716,0.371753188589663,5.0,1.0380952380952382,7,0.9580074104569782,0.7753721671622361,"(30.0, 1000000000.0]"
JALAN PULANG,c71a18e33d4b7c73c8124c65fc3e6f1c,D2+D3,149.0,144.0,97.66666666666667,514.0,801.3296933778828,0.42027746471655203,4.0,1.0380952380952382,6,0.5099206349206349,0.7949699339066298,"(30.0, 1000000000.0]"
JODOH 3 BUJANG,0a8777c6c78e2d102bdf459f8550cf93,D2+D3,103.0,157.0,86.66666666666667,535.0,594.4105540740318,0.339526182963342,5.0,1.065217391304348,6,0.48680618744313015,0.5408649263639961,"(30.0, 1000000000.0]"
JODOH 3 BUJANG,17e1e7da761f72bbb4e039ba08cc0ba0,hanya_D3,0.0,44.0,14.666666666666666,88.0,237.42340190683893,1.4554227458458338,2.0,1.065217391304348,3,0.2857142857142857,0.7708552009962303,"(10.0, 30.0]"
JODOH 3 BUJANG,3cc167017755a0197f18f93595c9ae85,D2+D3,216.0,215.0,143.66666666666666,1421.0,934.7689352487877,0.48349128082652865,5.0,1.065217391304348,7,0.9441860465116279,0.6211089270756065,"(30.0, 1000000000.0]"
JODOH 3 BUJANG,580919d632e55fd9736ae1a2ac6ed0c5,D2+D3,105.0,63.0,56.0,207.0,300.9044880820469,0.44744846642708735,2.0,1.065217391304348,3,0.46938775510204084,0.6823231022268638,"(30.0, 1000000000.0]"
JODOH 3 BUJANG,a691dd0d8274fa85ecdc7d5ad6df1628,D2+D3,202.0,255.0,152.33333333333334,1984.0,1236.9067951551256,0.7006188229242335,5.0,1.065217391304348,7,1.111484593837535,0.6929449832801824,"(30.0, 1000000000.0]"
JODOH 3 BUJANG,d33850e3698903061b4c18886ce00c9d,D2+D3,89.0,23.0,37.333333333333336,0.0,66.38936417743292,0.25404093435242187,2.0,1.065217391304348,0,0.0,0.4123562992387138,"(30.0, 1000000000.0]"
JODOH 3 BUJANG,e7ec114c2ec166155149062023617e8b,D2+D3,209.0,232.0,147.0,1867.0,1065.6396132026205,0.778775886100466,5.0,1.065217391304348,7,1.1496305418719213,0.6561820278341259,"(30.0, 1000000000.0]"
KAMPUNG JABANG MAYIT: RITUAL MAUT,2318d3c719302ff137eb1b53fb32f0c8,D2+D3,34.0,82.0,38.666666666666664,104.0,191.90632676121703,0.32477706931484124,3.0,1.0740740740740742,4,0.18118466898954705,0.3343315797233746,"(30.0, 1000000000.0]"
KAMPUNG JABANG MAYIT: RITUAL MAUT,26d1d720bc7e60c1b1a56630e3ba2c5d,D2+D3,36.0,59.0,31.666666666666668,11.0,119.83807840412082,0.4909988499434022,2.0,1.0740740740740742,1,0.026634382566585957,0.2901648387508979,"(30.0, 1000000000.0]"
KAMPUNG JABANG MAYIT: RITUAL MAUT,45f553cca86b28fedd6115abdd0ae734,D2+D3,193.0,133.0,108.66666666666667,213.0,388.0852414870659,0.2387606912030801,5.0,1.0740740740740742,3,0.2287862513426423,0.4168477352170418,"(30.0, 1000000000.0]"
KAMPUNG JABANG MAYIT: RITUAL MAUT,592095e0ddc2c230cf3002d72e9bac41,D2+D3,58.0,28.0,28.666666666666668,0.0,59.441453041499486,0.29621986565531305,2.0,1.0740740740740742,0,0.0,0.3032727195994872,"(10.0, 30.0]"
KAMPUNG JABANG MAYIT: RITUAL MAUT,92e94ed55b4de8feaff9462a66e2dbd7,D2+D3,51.0,88.0,46.333333333333336,232.0,235.77527458887445,0.1737191977466845,3.0,1.0740740740740742,4,0.37662337662337664,0.38275206913778326,"(30.0, 1000000000.0]"
KAMPUNG JABANG MAYIT: RITUAL MAUT,a09b9ee7f937939ee25c24ef8c2e91be,D2+D3,35.0,57.0,30.666666666666668,37.0,124.63199933256426,0.4082235993752993,2.0,1.0740740740740742,2,0.09273182957393483,0.31236090058286786,"(30.0, 1000000000.0]"
KAMPUNG JABANG MAYIT: RITUAL MAUT,a6d19ebcb27f61cbf41a6552fbf68676,D2+D3,61.0,62.0,41.0,55.0,156.02601652597414,0.3520070262229064,2.0,1.0740740740740742,2,0.12672811059907835,0.3595069505206777,"(30.0, 1000000000.0]"
KAMPUNG JABANG MAYIT: RITUAL MAUT,d297f2f746c4fd2723f3202fafcbfa1a,D2+D3,98.0,80.0,59.333333333333336,78.0,249.55477555706221,0.41305323167831987,2.0,1.0740740740740742,3,0.1392857142857143,0.4456335277804683,"(30.0, 1000000000.0]"
KARATE KID: LEGENDS,88d0ee0029bee810e1d0fe37f73e2d3b,D2+D3,95.0,53.0,49.333333333333336,74.0,276.0279768171685,0.5850230988914146,2.0,0.9557522123893806,3,0.19946091644204852,0.7440107191837426,"(30.0, 1000000000.0]"
KITAB SIJJIN & ILLIYYIN,1240789770bc04e7d26e5fa31c075ced,D2+D3,191.0,222.0,137.66666666666666,299.0,1082.9865690345414,0.8135453846778363,7.0,1.118279569892473,3,0.19240669240669242,0.6969025540762815,"(30.0, 1000000000.0]"
KITAB SIJJIN & ILLIYYIN,26d1d720bc7e60c1b1a56630e3ba2c5d,D2+D3,108.0,125.0,77.66666666666667,242.0,491.6049442350222,0.5470510820086356,5.0,1.118279569892473,3,0.2765714285714286,0.5618342219828825,"(30.0, 1000000000.0]"
KITAB SIJJIN & ILLIYYIN,580919d632e55fd9736ae1a2ac6ed0c5,D2+D3,197.0,368.0,188.33333333333334,1367.0,1587.3209335013346,0.2654353445456708,5.0,1.118279569892473,7,0.530667701863354,0.6161960145579715,"(30.0, 1000000000.0]"
KITAB SIJJIN & ILLIYYIN,5ff7565cdb056b4bdcb43d0ea2b5380d,D2+D3,84.0,107.0,63.666666666666664,458.0,458.8691876515866,0.263554455420503,5.0,1.118279569892473,6,0.6114819759679573,0.6126424401222786,"(30.0, 1000000000.0]"
KITAB SIJJIN & ILLIYYIN,7c271f1e1351e6433b202d77b88012c2,D2+D3,153.0,438.0,197.0,627.0,1395.474775330165,0.5650766163054112,5.0,1.118279569892473,4,0.2045009784735812,0.45514506697004725,"(30.0, 1000000000.0]"
KITAB SIJJIN & ILLIYYIN,a6d19ebcb27f61cbf41a6552fbf68676,hanya_D3,0.0,172.0,57.333333333333336,480.0,754.8604573376491,0.8440451221641145,5.0,1.118279569892473,4,0.39867109634551495,0.6269605127389112,"(30.0, 1000000000.0]"
KITAB SIJJIN & ILLIYYIN,afbb3b11f728a54ad1eb3ca34f602779,hanya_D3,0.0,251.0,83.66666666666667,836.0,1266.6022105665286,1.053493209516336,3.0,1.118279569892473,4,0.47581104154809334,0.7208891352114563,"(30.0, 1000000000.0]"
KITAB SIJJIN & ILLIYYIN,b2539b1f80254243391774489b1328aa,D2+D3,217.0,333.0,183.33333333333334,1895.0,1249.5676131593968,0.566373170269274,3.0,1.118279569892473,7,0.812955812955813,0.5360650421104234,"(30.0, 1000000000.0]"
KITAB SIJJIN & ILLIYYIN,c35e24eefa840ac2009279f1efc52288,D2+D3,230.0,266.0,165.33333333333334,642.0,1243.9895071800859,0.5201522239459268,5.0,1.118279569892473,4,0.34479054779806656,0.6680931832331288,"(30.0, 1000000000.0]"
KITAB SIJJIN & ILLIYYIN,da6b584c30e784d15b54ad124a760b19,D2+D3,58.0,77.0,45.0,78.0,306.3417447447492,0.7248944277611086,3.0,1.118279569892473,2,0.14471243042671614,0.568352031066325,"(30.0, 1000000000.0]"
KITAB SIJJIN & ILLIYYIN,ea7df0c99b450ecdea38cf34ae1f158f,D2+D3,265.0,337.0,200.66666666666666,1486.0,1667.3365177780431,0.22290397155997885,5.0,1.118279569892473,7,0.6299279355659178,0.7067980151666143,"(30.0, 1000000000.0]"
LABINAK,04a2de432a8901363a05137a8e8de1d2,hanya_D3,0.0,166.0,55.333333333333336,210.0,543.1399663280785,0.8600859715871215,4.0,1.2295081967213115,4,0.18072289156626506,0.46741821542863893,"(30.0, 1000000000.0]"
LABINAK,15c7dc37db27dd76f38cc419107f7c48,hanya_D3,0.0,65.0,21.666666666666668,615.0,274.09149500203847,2.3500635633249933,3.0,1.2295081967213115,7,1.3516483516483517,0.6023988901143702,"(10.0, 30.0]"
LABINAK,17e1e7da761f72bbb4e039ba08cc0ba0,hanya_D3,0.0,61.0,20.333333333333332,119.0,253.85381321872742,0.9474506783517151,4.0,1.2295081967213115,3,0.2786885245901639,0.5945054173740689,"(10.0, 30.0]"
LABINAK,218c50fa4df90b3241e39ff8ffb41102,D2+D3,81.0,97.0,59.333333333333336,643.0,501.9231661416124,0.503577863131274,4.0,1.2295081967213115,7,0.9469808541973491,0.739209375760843,"(30.0, 1000000000.0]"
LABINAK,25e1c125bdd513aa2355a8e558a1a908,D2+D3,54.0,35.0,29.666666666666668,112.0,80.23761886544929,0.36102503574272343,3.0,1.2295081967213115,3,0.45714285714285713,0.32750048516509916,"(10.0, 30.0]"
LABINAK,26a644178fbdb277dc3c50997f6df7fe,hanya_D3,0.0,172.0,57.333333333333336,3065.0,975.4564472411294,5.206503869000508,5.0,1.2295081967213115,7,2.5456810631229234,0.8101797734560875,"(30.0, 1000000000.0]"
LABINAK,4ba87a86e02dd8a810032db35bf13c51,hanya_D3,0.0,115.0,38.333333333333336,726.0,386.17332973814507,1.329443596625261,3.0,1.2295081967213115,7,0.901863354037267,0.47971842203496284,"(30.0, 1000000000.0]"
LABINAK,541130ea8083a789df5d15bbfe13055a,hanya_D3,0.0,112.0,37.333333333333336,741.0,618.8979837200134,0.6135395429550822,4.0,1.2295081967213115,7,0.9451530612244898,0.7894106935204253,"(30.0, 1000000000.0]"
LABINAK,716ede53fbca27fbe1c1a55d6667c2b5,hanya_D3,0.0,148.0,49.333333333333336,149.0,615.1506392721167,1.3498570635292955,8.0,1.2295081967213115,3,0.1438223938223938,0.593774748332159,"(30.0, 1000000000.0]"
LABINAK,8d2e05da5624875993cb8580c88334a9,D2+D3,337.0,345.0,227.33333333333334,1957.0,1440.965637431762,0.36074321480095006,9.0,1.2295081967213115,7,0.8103519668737059,0.5966731417936902,"(30.0, 1000000000.0]"
LABINAK,919c7b9859d8ce7cab47dab2463e7fab,hanya_D3,0.0,126.0,42.0,1270.0,677.8212703966043,2.1736101167649227,4.0,1.2295081967213115,7,1.439909297052154,0.768504841719506,"(30.0, 1000000000.0]"
LABINAK,be8de71502987819afd4c2ceea71c539,hanya_D3,0.0,172.0,57.333333333333336,911.0,741.8572762804504,0.42145196940087126,5.0,1.2295081967213115,7,0.7566445182724252,0.6161605284721349,"(30.0, 1000000000.0]"
LABINAK,d297f2f746c4fd2723f3202fafcbfa1a,D2+D3,104.0,122.0,75.33333333333333,510.0,480.30251856000575,0.1887381307751705,3.0,1.2295081967213115,7,0.5971896955503513,0.5624151271194446,"(30.0, 1000000000.0]"
LABINAK,e989d8fdc91de7e6ffbb72a2f5ac79f6,hanya_D3,0.0,76.0,25.333333333333332,599.0,381.9427421288496,1.5054289762366377,2.0,1.2295081967213115,7,1.12593984962406,0.7179374852046045,"(10.0, 30.0]"
LILO & STITCH,45f553cca86b28fedd6115abdd0ae734,hanya_D3,0.0,43.0,14.333333333333334,436.0,176.3070573056823,2.869989477152921,2.0,0.9910714285714286,5,1.4485049833887043,0.5857377319125657,"(10.0, 30.0]"
LILO & STITCH,dc6de349945f10a4a296bb50d34fc504,D2+D3,7.0,11.0,6.0,52.0,37.54097403429528,0.7741800605436643,1.0,0.9910714285714286,3,0.6753246753246753,0.48754511732851014,"(5.0, 10.0]"
LOCKED,14b63ff2b104903ead7d884f25382e57,hanya_D3,0.0,29.0,9.666666666666666,0.0,16.30842040811825,0.2410111390362303,2.0,1.0810810810810811,0,0.0,0.0803370463454101,"(5.0, 10.0]"
LOCKED,2e0ec493a87e740511b7b565386c06fe,D2+D3,34.0,28.0,20.666666666666668,10.0,14.820920699312433,0.05360054127718413,1.0,1.0810810810810811,1,0.05102040816326531,0.07561694234343078,"(10.0, 30.0]"
LOCKED,312cd6ebdd3af9ac55f7b3d31ecab9c2,hanya_D3,0.0,23.0,7.666666666666667,5.0,17.0645550566115,0.22480537372568007,5.0,1.0810810810810811,1,0.031055900621118012,0.10599102519634472,"(5.0, 10.0]"
LOCKED,494c8f1916a97efe3390ba9dbab6ce7d,D2+D3,66.0,51.0,39.0,30.0,34.85330597151536,0.1061511939376765,2.0,1.0810810810810811,1,0.08403361344537814,0.0976283080434604,"(30.0, 1000000000.0]"
LOCKED,4a4c71e99772e87c9e35a56acd8be21e,D2+D3,36.0,30.0,22.0,7.0,17.240368338966757,0.06649589830497894,2.0,1.0810810810810811,1,0.03333333333333333,0.08209699209031789,"(10.0, 30.0]"
LOCKED,4fc3fc370b299876663c7d5c90595853,hanya_D3,0.0,25.0,8.333333333333334,0.0,19.49238918562276,0.3341552431821045,2.0,1.0810810810810811,0,0.0,0.11138508106070148,"(5.0, 10.0]"
LOCKED,57d37d0d839b9dff6f87d6b5d5b679cc,D2+D3,36.0,29.0,21.666666666666668,83.0,16.87376471198682,0.4462651626986127,2.0,1.0810810810810811,2,0.4088669950738916,0.08312199365510749,"(10.0, 30.0]"
LOCKED,580919d632e55fd9736ae1a2ac6ed0c5,D2+D3,55.0,48.0,34.333333333333336,21.0,27.96572450241141,0.08779854000192547,1.0,1.0810810810810811,1,0.0625,0.08323132292384348,"(30.0, 1000000000.0]"
LOCKED,a9d508d218799f9dc69bb4aefc122cb3,D2+D3,48.0,18.0,22.0,0.0,9.114712752191785,0.0591864464428038,2.0,1.0810810810810811,0,0.0,0.0723389900967602,"(10.0, 30.0]"
LOCKED,be8de71502987819afd4c2ceea71c539,hanya_D3,0.0,7.0,2.3333333333333335,0.0,3.415326448414718,0.209101619290697,2.0,1.0810810810810811,0,0.0,0.06970053976356567,"(2.0, 5.0]"
LOCKED,d1918db937d26e9e4ccd3e17e1ff0e2d,hanya_D3,0.0,2.0,1.0,0.0,0.8734882803637075,0.12478404005195821,2.0,1.0810810810810811,0,0.0,0.06239202002597911,"(0.0, 2.0]"
LOCKED,da6b584c30e784d15b54ad124a760b19,D2+D3,58.0,44.0,34.0,8.0,33.29802137386963,0.10629420745323373,3.0,1.0810810810810811,1,0.025974025974025972,0.10811045900607023,"(30.0, 1000000000.0]"
LOCKED,e3edf631650eb304cf386709b98005f6,hanya_D3,0.0,47.0,15.666666666666666,93.0,43.83093350550356,0.5389084090435018,3.0,1.0810810810810811,2,0.2826747720364742,0.13322472190122664,"(10.0, 30.0]"
LOCKED,e67d818ee0546f3b33d0ba2083ed4db5,D2+D3,27.0,24.0,17.0,17.0,13.498250522384204,0.11831829261543533,2.0,1.0810810810810811,1,0.10119047619047618,0.08034672929990598,"(10.0, 30.0]"
LOCKED,f292a4101ca0420357a2d18b3a013e5f,D2+D3,42.0,46.0,29.333333333333332,83.0,30.16559956634521,0.2783127896837371,2.0,1.0810810810810811,2,0.2577639751552795,0.09368198623088574,"(10.0, 30.0]"
LORONG KOST,073b764928864ed8fa0b6b115bfdd685,D2+D3,342.0,302.0,214.66666666666666,1077.0,1399.4821056161272,0.21990557222876436,5.0,1.0512820512820513,7,0.5094607379375592,0.6620066724768814,"(30.0, 1000000000.0]"
LORONG KOST,2318d3c719302ff137eb1b53fb32f0c8,D2+D3,18.0,9.0,9.0,0.0,4.527263471190677,0.07186132493953457,1.0,1.0512820512820513,0,0.0,0.07186132493953455,"(5.0, 10.0]"
LORONG KOST,ef2896a95abe2a2b4cfee245dc1e36ec,D2+D3,80.0,80.0,53.333333333333336,436.0,280.05887007574444,0.6013700521836991,4.0,1.0512820512820513,5,0.7785714285714286,0.500105125135258,"(30.0, 1000000000.0]"
LYORA: PENANTIAN BUAH HATI,ea7df0c99b450ecdea38cf34ae1f158f,D2+D3,128.0,78.0,68.66666666666667,199.0,244.1246759230257,0.19570278107579034,5.0,0.9529411764705882,5,0.36446886446886445,0.44711479106781266,"(30.0, 1000000000.0]"
LYORA: PENANTIAN BUAH HATI,ef2896a95abe2a2b4cfee245dc1e36ec,D2+D3,28.0,46.0,24.666666666666668,204.0,90.57016464497373,0.7009633296637573,2.0,0.9529411764705882,4,0.6335403726708074,0.28127380324526,"(10.0, 30.0]"
M3GAN 2.0,7114d91eccf418326f7a9a05943c04e1,D2+D3,17.0,8.0,8.333333333333334,0.0,7.276223292138728,0.1247352564366639,1.0,0.5918367346938775,0,0.0,0.12993255878819157,"(5.0, 10.0]"
MARYAM: JANJI DAN JIWA YANG TERIKAT,17e1e7da761f72bbb4e039ba08cc0ba0,hanya_D3,0.0,9.0,3.0,13.0,19.479512121302268,1.2317790337425587,2.0,1.025,2,0.20634920634920637,0.309198605100036,"(2.0, 5.0]"
MARYAM: JANJI DAN JIWA YANG TERIKAT,2318d3c719302ff137eb1b53fb32f0c8,D2+D3,34.0,45.0,26.333333333333332,42.0,69.7066918254672,0.2378222634071458,3.0,1.025,3,0.13333333333333333,0.22129108516021334,"(10.0, 30.0]"
MARYAM: JANJI DAN JIWA YANG TERIKAT,81c620b2538435926cbbf15745ef5901,D2+D3,33.0,12.0,15.0,0.0,0.8586892998039928,0.008177993331466599,2.0,1.025,0,0.0,0.010222491664333247,"(10.0, 30.0]"
MARYAM: JANJI DAN JIWA YANG TERIKAT,9aab42397bbc1d1cdb49f7044dc990f0,hanya_D3,0.0,32.0,10.666666666666666,154.0,116.77211407184468,1.2777790785798455,3.0,1.025,4,0.6875,0.521304080677878,"(10.0, 30.0]"
MATERIALISTS,c71a18e33d4b7c73c8124c65fc3e6f1c,hanya_D3,0.0,16.0,5.333333333333333,387.0,46.26044937531365,9.126952248875527,2.0,0.6101694915254238,7,3.455357142857143,0.4130397265653004,"(5.0, 10.0]"
MATERIALISTS,dc77e7e26c0e5e3a5c44ec2de0cedbde,D2+D3,66.0,150.0,72.0,953.0,1079.0165782416266,0.2953124299152708,10.0,0.6101694915254238,7,0.9076190476190475,1.0276348364205967,"(30.0, 1000000000.0]"
MATERIALISTS,f54d37fc4c4d4b285aa3601041abc938,hanya_D3,0.0,20.0,6.666666666666667,48.0,101.61902586069917,2.3706952360386886,5.0,0.6101694915254238,1,0.34285714285714286,0.7258501847192798,"(5.0, 10.0]"
MENDADAK DANGDUT,da6b584c30e784d15b54ad124a760b19,hanya_D3,0.0,136.0,45.333333333333336,660.0,431.5133104181096,0.9415769767995943,5.0,0.9583333333333334,7,0.6932773109243698,0.45327028405263614,"(30.0, 1000000000.0]"
MENJELANG MAGRIB 2: WANITA YANG DI RANTAI,14b63ff2b104903ead7d884f25382e57,D2+D3,74.0,49.0,41.0,0.0,93.26085446377493,0.32495071241733425,2.0,1.0961538461538463,0,0.0,0.2718975348798103,"(30.0, 1000000000.0]"
MENJELANG MAGRIB 2: WANITA YANG DI RANTAI,25e1c125bdd513aa2355a8e558a1a908,D2+D3,89.0,84.0,57.666666666666664,76.0,196.59337271006655,0.2987449365236991,3.0,1.0961538461538463,2,0.1292517006802721,0.33434247059535127,"(30.0, 1000000000.0]"
MENJELANG MAGRIB 2: WANITA YANG DI RANTAI,a55554e941cb93c23d1522f88fd0d004,D2+D3,225.0,179.0,134.66666666666666,317.0,486.0837765078761,0.23628026091483448,3.0,1.0961538461538463,3,0.25299281723862727,0.387935974866621,"(30.0, 1000000000.0]"
MENJELANG MAGRIB 2: WANITA YANG DI RANTAI,ef2896a95abe2a2b4cfee245dc1e36ec,D2+D3,43.0,39.0,27.333333333333332,36.0,70.47754677135349,0.1801962374809416,2.0,1.0961538461538463,1,0.13186813186813187,0.2581595119829798,"(10.0, 30.0]"
MENJELANG MAGRIB 2: WANITA YANG DI RANTAI,f7734bb329cacfe21ce854ae822b6115,D2+D3,120.0,140.0,86.66666666666667,235.0,341.93163492783634,0.23826604048895406,3.0,1.0961538461538463,3,0.23979591836734693,0.34890983155901667,"(30.0, 1000000000.0]"
MUSLIHAT,312cd6ebdd3af9ac55f7b3d31ecab9c2,D2+D3,472.0,371.0,281.0,940.0,1524.5136979572321,0.3846973394361489,5.0,1.02,5,0.36195610319599536,0.587028763171826,"(30.0, 1000000000.0]"
MY DAUGHTER IS A ZOMBIE,14b63ff2b104903ead7d884f25382e57,D2+D3,97.0,58.0,51.666666666666664,137.0,82.66076694849822,0.1771726652966971,2.0,1.2162162162162162,4,0.33743842364532023,0.20359794814901042,"(30.0, 1000000000.0]"
MY DAUGHTER IS A ZOMBIE,2318d3c719302ff137eb1b53fb32f0c8,D2+D3,46.0,72.0,39.333333333333336,60.0,107.47931360068455,0.17244302760539182,2.0,1.2162162162162162,4,0.11904761904761904,0.21325260635056456,"(30.0, 1000000000.0]"
MY DAUGHTER IS A ZOMBIE,2e0ec493a87e740511b7b565386c06fe,D2+D3,110.0,191.0,100.33333333333333,214.0,479.93223203497007,0.3867138746176914,5.0,1.2162162162162162,4,0.16005983545250563,0.3589620284479955,"(30.0, 1000000000.0]"
MY DAUGHTER IS A ZOMBIE,490346a8a068ba7d2e3764714c6d5323,D2+D3,41.0,72.0,37.666666666666664,71.0,126.36085374389248,0.27703796387086554,2.0,1.2162162162162162,3,0.14087301587301587,0.25071597965058035,"(30.0, 1000000000.0]"
MY DAUGHTER IS A ZOMBIE,57d37d0d839b9dff6f87d6b5d5b679cc,D2+D3,21.0,15.0,12.0,24.0,15.872094373298054,0.12941411891880722,2.0,1.2162162162162162,2,0.22857142857142856,0.15116280355521955,"(10.0, 30.0]"
MY DAUGHTER IS A ZOMBIE,5ff7565cdb056b4bdcb43d0ea2b5380d,hanya_D3,0.0,14.0,4.666666666666667,0.0,21.789858261906097,0.6670364774052887,2.0,1.2162162162162162,0,0.0,0.22234549246842958,"(2.0, 5.0]"
MY DAUGHTER IS A ZOMBIE,66d433e397ff7f3d460500704fd40a5a,D2+D3,59.0,29.0,29.333333333333332,4.0,44.84995593221643,0.19894459057897615,3.0,1.2162162162162162,1,0.019704433497536946,0.22093574350845532,"(10.0, 30.0]"
MY DAUGHTER IS A ZOMBIE,88d0ee0029bee810e1d0fe37f73e2d3b,D2+D3,81.0,98.0,59.666666666666664,216.0,247.8247866278253,0.2755018405271479,4.0,1.2162162162162162,4,0.31486880466472306,0.3612606219064509,"(30.0, 1000000000.0]"
MY DAUGHTER IS A ZOMBIE,9715c9bc57db04a2506acfdab71ec1c6,hanya_D3,0.0,100.0,33.333333333333336,119.0,145.58634374922931,0.28911285125650454,2.0,1.2162162162162162,4,0.17,0.2079804910703276,"(30.0, 1000000000.0]"
MY DAUGHTER IS A ZOMBIE,a55554e941cb93c23d1522f88fd0d004,D2+D3,118.0,184.0,100.66666666666667,163.0,376.031768875016,0.4104261147737128,2.0,1.2162162162162162,2,0.1265527950310559,0.29195013111414286,"(30.0, 1000000000.0]"
MY DAUGHTER IS A ZOMBIE,c35e24eefa840ac2009279f1efc52288,hanya_D3,0.0,164.0,54.666666666666664,455.0,282.62121636729086,0.6927619947990344,2.0,1.2162162162162162,4,0.39634146341463417,0.24618572854293627,"(30.0, 1000000000.0]"
MY DAUGHTER IS A ZOMBIE,c48b7a4426e8cbee3f7dbfe8b87d1d89,D2+D3,48.0,92.0,46.666666666666664,151.0,184.72005904561934,0.1622184468050907,3.0,1.2162162162162162,4,0.23447204968944102,0.2868323898223903,"(30.0, 1000000000.0]"
MY DAUGHTER IS A ZOMBIE,d1918db937d26e9e4ccd3e17e1ff0e2d,hanya_D3,0.0,69.0,23.0,52.0,104.37866849774112,0.3449851850397686,2.0,1.2162162162162162,2,0.10766045548654245,0.2161049037220313,"(10.0, 30.0]"
MY DAUGHTER IS A ZOMBIE,dc6de349945f10a4a296bb50d34fc504,hanya_D3,0.0,20.0,6.666666666666667,33.0,24.60418495985816,0.4276180311791173,2.0,1.2162162162162162,2,0.2357142857142857,0.17574417828470115,"(5.0, 10.0]"
MY DAUGHTER IS A ZOMBIE,df7f047e9886cfa1c0892c97f15d4146,hanya_D3,0.0,13.0,4.333333333333333,37.0,18.746488694209294,0.9703148571854381,2.0,1.2162162162162162,2,0.4065934065934066,0.20600537026603621,"(2.0, 5.0]"
MY DAUGHTER IS A ZOMBIE,ea7df0c99b450ecdea38cf34ae1f158f,hanya_D3,0.0,115.0,38.333333333333336,196.0,195.01802337838166,0.22194043494224217,2.0,1.2162162162162162,4,0.24347826086956523,0.24225841413463559,"(30.0, 1000000000.0]"
NARIK SUKMO,4ba87a86e02dd8a810032db35bf13c51,hanya_D3,0.0,99.0,33.0,0.0,332.58705213711266,1.4397707884723492,3.0,1.150943396226415,0,0.0,0.47992359615744973,"(30.0, 1000000000.0]"
NARIK SUKMO,4e12b237c826209f7ddc5b29a96380b6,hanya_D3,0.0,131.0,43.666666666666664,868.0,455.790051658923,1.6596754823964457,7.0,1.150943396226415,7,0.9465648854961832,0.4970447673488801,"(30.0, 1000000000.0]"
NARIK SUKMO,4fc3fc370b299876663c7d5c90595853,D2+D3,172.0,326.0,166.0,2819.0,1365.495190782575,1.250864723939264,5.0,1.150943396226415,7,1.2353198948290973,0.5983765077925395,"(30.0, 1000000000.0]"
NARIK SUKMO,8750b9ee0b0c6c6afcfcb2a05e60efc0,D2+D3,103.0,102.0,68.33333333333333,957.0,378.5610044826612,1.2518305449256848,5.0,1.150943396226415,7,1.3403361344537816,0.5301974852698336,"(30.0, 1000000000.0]"
NARIK SUKMO,9715c9bc57db04a2506acfdab71ec1c6,D2+D3,71.0,76.0,49.0,548.0,229.0373570503437,0.9335862941989452,2.0,1.150943396226415,6,1.0300751879699248,0.4305213478389919,"(30.0, 1000000000.0]"
NARIK SUKMO,a6d19ebcb27f61cbf41a6552fbf68676,D2+D3,50.0,47.0,32.333333333333336,0.0,109.99553974630425,0.4859891299542161,2.0,1.150943396226415,0,0.0,0.33433294755715576,"(30.0, 1000000000.0]"
NARIK SUKMO,d33850e3698903061b4c18886ce00c9d,D2+D3,50.0,54.0,34.666666666666664,482.0,137.17617983128437,1.4209772809150372,2.0,1.150943396226415,7,1.2751322751322751,0.3628999466436095,"(30.0, 1000000000.0]"
NARIK SUKMO,ef2896a95abe2a2b4cfee245dc1e36ec,hanya_D3,0.0,68.0,22.666666666666668,82.0,221.7116334757073,0.8805355050989955,2.0,1.150943396226415,3,0.1722689075630252,0.46578074259602376,"(10.0, 30.0]"
NOISE,2e0ec493a87e740511b7b565386c06fe,hanya_D3,0.0,35.0,11.666666666666666,14.0,26.372757742664298,0.15150315603262407,2.0,0.6122448979591837,1,0.05714285714285714,0.10764390915373183,"(10.0, 30.0]"
NOISE,490346a8a068ba7d2e3764714c6d5323,hanya_D3,0.0,12.0,4.0,0.0,8.957350480874524,0.31990537431694727,2.0,0.6122448979591837,0,0.0,0.10663512477231575,"(2.0, 5.0]"
PAMALI: TUMBAL,0a8777c6c78e2d102bdf459f8550cf93,D2+D3,119.0,158.0,92.33333333333333,300.0,458.25379882301866,0.2964322079478435,3.0,1.2054794520547945,4,0.27124773960216997,0.4143343569828378,"(30.0, 1000000000.0]"
PAMALI: TUMBAL,2318d3c719302ff137eb1b53fb32f0c8,D2+D3,84.0,200.0,94.66666666666667,356.0,465.5505577691433,0.2106616235680432,4.0,1.2054794520547945,5,0.2542857142857143,0.3325361126922452,"(30.0, 1000000000.0]"
PAMALI: TUMBAL,592095e0ddc2c230cf3002d72e9bac41,hanya_D3,0.0,67.0,22.333333333333332,113.0,245.0760751260804,0.8448363014461434,2.0,1.2054794520547945,2,0.24093816631130063,0.5225502667933485,"(10.0, 30.0]"
PAMALI: TUMBAL,5a894958f375392ce7981be2eb9a26be,D2+D3,89.0,66.0,51.666666666666664,150.0,211.22034954680151,0.1854251915841992,5.0,1.2054794520547945,5,0.3246753246753247,0.45718690378095567,"(30.0, 1000000000.0]"
PAMALI: TUMBAL,7114d91eccf418326f7a9a05943c04e1,hanya_D3,0.0,74.0,24.666666666666668,36.0,324.97425673375096,1.6735960814696003,2.0,1.2054794520547945,1,0.0694980694980695,0.6273634299879363,"(10.0, 30.0]"
PAMALI: TUMBAL,7995e00051a2fe6aeed7cfdbe0378c01,D2+D3,92.0,103.0,65.0,337.0,355.00978719024687,0.15108504810642312,3.0,1.2054794520547945,5,0.46740638002773927,0.4923852804303008,"(30.0, 1000000000.0]"
PAMALI: TUMBAL,81c620b2538435926cbbf15745ef5901,D2+D3,86.0,172.0,86.0,205.0,467.90007840142505,0.4367110936900748,3.0,1.2054794520547945,5,0.17026578073089702,0.38862132757593437,"(30.0, 1000000000.0]"
PAMALI: TUMBAL,9715c9bc57db04a2506acfdab71ec1c6,D2+D3,121.0,244.0,121.66666666666667,478.0,720.4934239505021,0.37540121405713983,5.0,1.2054794520547945,4,0.2798594847775176,0.4218345573480692,"(30.0, 1000000000.0]"
PAMALI: TUMBAL,9aab42397bbc1d1cdb49f7044dc990f0,D2+D3,166.0,266.0,144.0,1298.0,1167.2154406388963,0.28334726136077243,5.0,1.2054794520547945,7,0.6970998925886144,0.6268611389038111,"(30.0, 1000000000.0]"
PAMALI: TUMBAL,a09b9ee7f937939ee25c24ef8c2e91be,D2+D3,127.0,176.0,101.0,276.0,502.22008054541345,0.33960119859041793,5.0,1.2054794520547945,4,0.22402597402597405,0.4076461692738746,"(30.0, 1000000000.0]"
PAMALI: TUMBAL,b2539b1f80254243391774489b1328aa,D2+D3,62.0,183.0,81.66666666666667,161.0,454.5571436340804,0.5135110384269627,2.0,1.2054794520547945,2,0.12568306010928962,0.35484554538179575,"(30.0, 1000000000.0]"
PAMALI: TUMBAL,c35e24eefa840ac2009279f1efc52288,D2+D3,147.0,146.0,97.66666666666667,319.0,502.06003404866544,0.3496803724863576,3.0,1.2054794520547945,4,0.312133072407045,0.4912524794996727,"(30.0, 1000000000.0]"
PAMALI: TUMBAL,c877324e95024e707ae23f0aed947e15,D2+D3,116.0,194.0,103.33333333333333,394.0,658.4993305164526,0.3656672772116857,5.0,1.2054794520547945,5,0.2901325478645066,0.4849037779944423,"(30.0, 1000000000.0]"
PAMALI: TUMBAL,d33850e3698903061b4c18886ce00c9d,hanya_D3,0.0,177.0,59.0,476.0,604.0189379066735,0.5895264779751146,5.0,1.2054794520547945,5,0.384180790960452,0.4875051960505839,"(30.0, 1000000000.0]"
PAMALI: TUMBAL,e989d8fdc91de7e6ffbb72a2f5ac79f6,D2+D3,260.0,298.0,186.0,787.0,1283.1475335909204,0.40730289203212366,8.0,1.2054794520547945,5,0.37727708533077664,0.6151234580972772,"(30.0, 1000000000.0]"
PAMALI: TUMBAL,fcf80028ec9bbf8efaee3932e529a78f,D2+D3,177.0,298.0,158.33333333333334,669.0,1009.2704132935477,0.3070108992122234,5.0,1.2054794520547945,5,0.32070949185043146,0.48383049534685885,"(30.0, 1000000000.0]"
PANGGIL AKU AYAH,0318cab65e5a4dbb61243ab4747fb621,D2+D3,164.0,151.0,105.0,637.0,921.4166134260472,0.45014894750663387,5.0,1.019047619047619,5,0.6026490066225165,0.871728111093706,"(30.0, 1000000000.0]"
PANGGIL AKU AYAH,14b63ff2b104903ead7d884f25382e57,D2+D3,53.0,63.0,38.666666666666664,633.0,280.97140581014924,1.421971308958592,2.0,1.019047619047619,7,1.435374149659864,0.6371233691840118,"(30.0, 1000000000.0]"
PANGGIL AKU AYAH,202dbf4df0e433f092fca1aa8162c400,hanya_D3,0.0,179.0,59.666666666666664,1159.0,914.8701819403578,1.3696297332473932,3.0,1.019047619047619,5,0.9249800478850759,0.7301438004312513,"(30.0, 1000000000.0]"
PANGGIL AKU AYAH,26d1d720bc7e60c1b1a56630e3ba2c5d,D2+D3,100.0,226.0,108.66666666666667,873.0,916.9606226230627,0.3358853950227796,5.0,1.019047619047619,7,0.5518331226295827,0.5796211268160952,"(30.0, 1000000000.0]"
PANGGIL AKU AYAH,7995e00051a2fe6aeed7cfdbe0378c01,hanya_D3,0.0,167.0,55.666666666666664,1421.0,891.9236808447436,1.6164395780348468,2.0,1.019047619047619,7,1.215568862275449,0.7629800520485402,"(30.0, 1000000000.0]"
PEMBANTAIAN DUKUN SANTET,0a8777c6c78e2d102bdf459f8550cf93,D2+D3,119.0,280.0,133.0,581.0,971.382011595882,0.5097578068256301,5.0,1.2470588235294118,4,0.29642857142857143,0.4956030671407561,"(30.0, 1000000000.0]"
PEMBANTAIAN DUKUN SANTET,1240789770bc04e7d26e5fa31c075ced,D2+D3,37.0,65.0,34.0,362.0,407.9011557068567,0.9697070981327752,3.0,1.2470588235294118,4,0.7956043956043957,0.896486056498586,"(30.0, 1000000000.0]"
PEMBANTAIAN DUKUN SANTET,202dbf4df0e433f092fca1aa8162c400,D2+D3,169.0,306.0,158.33333333333334,1267.0,1411.1926795051095,0.2421526157292397,5.0,1.2470588235294118,7,0.5915032679738562,0.6588201118137766,"(30.0, 1000000000.0]"
PEMBANTAIAN DUKUN SANTET,2318d3c719302ff137eb1b53fb32f0c8,D2+D3,103.0,196.0,99.66666666666667,972.0,781.8044638098754,0.7727033733984319,5.0,1.2470588235294118,5,0.7084548104956269,0.5698283263920375,"(30.0, 1000000000.0]"
PEMBANTAIAN DUKUN SANTET,3cc167017755a0197f18f93595c9ae85,D2+D3,183.0,303.0,162.0,1836.0,1471.646358153639,0.526491042287286,5.0,1.2470588235294118,7,0.8656294200848657,0.6938455248249124,"(30.0, 1000000000.0]"
PEMBANTAIAN DUKUN SANTET,541130ea8083a789df5d15bbfe13055a,D2+D3,311.0,469.0,260.0,2343.0,2784.0767155825824,0.5377144671352742,11.0,1.2470588235294118,7,0.7136765153822723,0.8480282411156206,"(30.0, 1000000000.0]"
PEMBANTAIAN DUKUN SANTET,62447bb073160adcf6d6022240a3663c,D2+D3,89.0,222.0,103.66666666666667,917.0,963.8696073154913,0.8094539892244628,5.0,1.2470588235294118,5,0.5900900900900901,0.6202507125582313,"(30.0, 1000000000.0]"
PEMBANTAIAN DUKUN SANTET,7c271f1e1351e6433b202d77b88012c2,D2+D3,127.0,290.0,139.0,1403.0,1174.3539553655805,0.5743537350969437,5.0,1.2470588235294118,7,0.6911330049261083,0.5784994854017638,"(30.0, 1000000000.0]"
PEMBANTAIAN DUKUN SANTET,81c620b2538435926cbbf15745ef5901,D2+D3,74.0,167.0,80.33333333333333,870.0,717.1891783917611,0.5538566267797539,2.0,1.2470588235294118,6,0.7442258340461934,0.6135065683419684,"(30.0, 1000000000.0]"
PEMBANTAIAN DUKUN SANTET,9715c9bc57db04a2506acfdab71ec1c6,D2+D3,165.0,257.0,140.66666666666666,2196.0,1224.7649212457513,0.9863592539819724,5.0,1.2470588235294118,7,1.2206781545302947,0.68080318023666,"(30.0, 1000000000.0]"
PEMBANTAIAN DUKUN SANTET,981569adf232c53afe751c8c660db8d9,D2+D3,205.0,472.0,225.66666666666666,2459.0,2100.5513106125914,0.299223389649173,5.0,1.2470588235294118,7,0.7442493946731235,0.6357600819045374,"(30.0, 1000000000.0]"
PEMBANTAIAN DUKUN SANTET,9cc7970100d8e4c2202f08cb78c6eb20,D2+D3,177.0,228.0,135.0,797.0,1314.490460857783,0.6430326674963942,5.0,1.2470588235294118,4,0.4993734335839599,0.8236155769785609,"(30.0, 1000000000.0]"
PEMBANTAIAN DUKUN SANTET,a09b9ee7f937939ee25c24ef8c2e91be,D2+D3,53.0,140.0,64.33333333333333,737.0,582.8947242562057,0.8055802576684244,5.0,1.2470588235294118,6,0.7520408163265306,0.594790534955312,"(30.0, 1000000000.0]"
PEMBANTAIAN DUKUN SANTET,a6d19ebcb27f61cbf41a6552fbf68676,D2+D3,164.0,167.0,110.33333333333333,1022.0,895.0768547939325,0.4858998177334827,5.0,1.2470588235294118,7,0.874251497005988,0.7656773779246643,"(30.0, 1000000000.0]"
PEMBANTAIAN DUKUN SANTET,afbb3b11f728a54ad1eb3ca34f602779,D2+D3,192.0,333.0,175.0,2131.0,1761.8441625119467,0.4660028993235011,5.0,1.2470588235294118,7,0.9141999141999142,0.7558319015495266,"(30.0, 1000000000.0]"
PEMBANTAIAN DUKUN SANTET,c877324e95024e707ae23f0aed947e15,D2+D3,146.0,213.0,119.66666666666667,1340.0,1233.4051799157044,0.2508535931618423,5.0,1.2470588235294118,7,0.8987256874580818,0.8272335210702243,"(30.0, 1000000000.0]"
PEMBANTAIAN DUKUN SANTET,d297f2f746c4fd2723f3202fafcbfa1a,D2+D3,170.0,191.0,120.33333333333333,1244.0,990.2678197158167,0.46390287791778856,5.0,1.2470588235294118,7,0.9304412864622289,0.7406640386804912,"(30.0, 1000000000.0]"
PEMBANTAIAN DUKUN SANTET,da6b584c30e784d15b54ad124a760b19,D2+D3,96.0,94.0,63.333333333333336,242.0,517.8357422024081,0.6962752776747433,5.0,1.2470588235294118,4,0.36778115501519754,0.7869844106419577,"(30.0, 1000000000.0]"
PEMBANTAIAN DUKUN SANTET,e939d818a5192f48fc4b73102e3aa4b9,D2+D3,293.0,368.0,220.33333333333334,1833.0,2022.5868294687477,0.3675866026992707,5.0,1.2470588235294118,7,0.7115683229813664,0.785165694669545,"(30.0, 1000000000.0]"
PEMBANTAIAN DUKUN SANTET,ea7df0c99b450ecdea38cf34ae1f158f,D2+D3,262.0,365.0,209.0,2912.0,1878.7593627363267,0.7125640166126248,5.0,1.2470588235294118,7,1.1397260273972603,0.7353265607578578,"(30.0, 1000000000.0]"
PEMBANTAIAN DUKUN SANTET,fcf80028ec9bbf8efaee3932e529a78f,D2+D3,439.0,670.0,369.6666666666667,2692.0,2835.5237867365176,0.15947828947446285,5.0,1.2470588235294118,7,0.5739872068230277,0.6045892935472319,"(30.0, 1000000000.0]"
PENCARIAN TERAKHIR,0a8777c6c78e2d102bdf459f8550cf93,D2+D3,113.0,178.0,97.0,313.0,592.842402717117,0.41213903198397206,5.0,1.1910112359550562,5,0.25120385232744785,0.47579647088051125,"(30.0, 1000000000.0]"
PENCARIAN TERAKHIR,14b63ff2b104903ead7d884f25382e57,D2+D3,69.0,79.0,49.333333333333336,410.0,338.1957788642863,0.35982870274836437,4.0,1.1910112359550562,7,0.7414104882459313,0.6115656037328866,"(30.0, 1000000000.0]"
PENCARIAN TERAKHIR,15c7dc37db27dd76f38cc419107f7c48,D2+D3,88.0,275.0,121.0,778.0,905.8076407631308,0.4670138830260453,5.0,1.1910112359550562,7,0.40415584415584416,0.47054942377305503,"(30.0, 1000000000.0]"
PENCARIAN TERAKHIR,26a644178fbdb277dc3c50997f6df7fe,D2+D3,362.0,284.0,215.33333333333334,2741.0,1823.5232311537595,0.784322759992352,5.0,1.1910112359550562,7,1.3787726358148893,0.9172652068177864,"(30.0, 1000000000.0]"
PENCARIAN TERAKHIR,29fc89ab155e9f202326046c2e0023bb,hanya_D3,0.0,203.0,67.66666666666667,827.0,1240.2568745145297,1.0569379618354806,5.0,1.1910112359550562,6,0.5819845179451091,0.8728056822762348,"(30.0, 1000000000.0]"
PENCARIAN TERAKHIR,3744d5b8753c9cc72700ce7927fa0df3,D2+D3,42.0,69.0,37.0,326.0,260.23330769498654,0.5788584741804007,3.0,1.1910112359550562,5,0.6749482401656315,0.5387853161386885,"(30.0, 1000000000.0]"
PENCARIAN TERAKHIR,53b77c875c67b68561415f23065e6e8d,D2+D3,128.0,145.0,91.0,973.0,679.1449624797859,0.674074781615831,4.0,1.1910112359550562,7,0.9586206896551724,0.6691083374185083,"(30.0, 1000000000.0]"
PENCARIAN TERAKHIR,7995e00051a2fe6aeed7cfdbe0378c01,D2+D3,291.0,304.0,198.33333333333334,628.0,1483.8365487626963,0.616448894667008,5.0,1.1910112359550562,7,0.2951127819548872,0.6972916112606655,"(30.0, 1000000000.0]"
PENCARIAN TERAKHIR,88d0ee0029bee810e1d0fe37f73e2d3b,D2+D3,62.0,72.0,44.666666666666664,823.0,312.9786980686112,1.631198193810412,2.0,1.1910112359550562,7,1.632936507936508,0.6209894802948636,"(30.0, 1000000000.0]"
PENCARIAN TERAKHIR,9d67ea34034038d9a33cf7ac63b7ac65,D2+D3,90.0,279.0,123.0,637.0,877.251227461034,0.35210308852523237,5.0,1.1910112359550562,7,0.32616487455197135,0.44918137606811775,"(30.0, 1000000000.0]"
PENCARIAN TERAKHIR,a616a546264044ed616bc2bdf2d9f7fc,D2+D3,138.0,188.0,108.66666666666667,1213.0,1011.9975947688915,0.4826649421007246,5.0,1.1910112359550562,7,0.9217325227963525,0.768995132803109,"(30.0, 1000000000.0]"
PENCARIAN TERAKHIR,cb2a49a747f8989ee0356ec7ac354177,D2+D3,234.0,535.0,256.3333333333333,1752.0,1958.0965334187754,0.2760020908239086,5.0,1.1910112359550562,7,0.4678237650200267,0.5228562172012751,"(30.0, 1000000000.0]"
PENCARIAN TERAKHIR,d33850e3698903061b4c18886ce00c9d,D2+D3,72.0,162.0,78.0,718.0,612.9359804906071,0.37713837911453535,5.0,1.1910112359550562,7,0.6331569664902998,0.5405079193038863,"(30.0, 1000000000.0]"
PENCARIAN TERAKHIR,e7ec114c2ec166155149062023617e8b,D2+D3,164.0,281.0,148.33333333333334,770.0,1453.0523358169355,0.6578353153935174,5.0,1.1910112359550562,7,0.3914590747330961,0.7387149648281319,"(30.0, 1000000000.0]"
PENCARIAN TERAKHIR,e939d818a5192f48fc4b73102e3aa4b9,D2+D3,225.0,172.0,132.33333333333334,1077.0,910.950219629924,0.35541912388436386,5.0,1.1910112359550562,7,0.8945182724252492,0.7566031724501031,"(30.0, 1000000000.0]"
PENCARIAN TERAKHIR,ef2896a95abe2a2b4cfee245dc1e36ec,D2+D3,67.0,165.0,77.33333333333333,489.0,542.4093175675138,0.15029037550980656,5.0,1.1910112359550562,7,0.4233766233766234,0.4696184567684102,"(30.0, 1000000000.0]"
PENCARIAN TERAKHIR,f3a9ac312f7bc4e2467a1bf02a6aa1e9,D2+D3,87.0,187.0,91.33333333333333,606.0,801.0014099359213,0.36925410102213824,5.0,1.1910112359550562,6,0.46294881588999237,0.611918571379619,"(30.0, 1000000000.0]"
PENGEPUNGAN DI BUKIT DURI,04a2de432a8901363a05137a8e8de1d2,D2+D3,216.0,250.0,155.33333333333334,1251.0,974.1993168309078,0.3862389437111812,3.0,1.054054054054054,7,0.7148571428571429,0.5566853239033759,"(30.0, 1000000000.0]"
PENGEPUNGAN DI BUKIT DURI,45f553cca86b28fedd6115abdd0ae734,D2+D3,177.0,236.0,137.66666666666666,947.0,847.1168579947183,0.3293396004403634,4.0,1.054054054054054,7,0.5732445520581113,0.5127826016917181,"(30.0, 1000000000.0]"
PENGEPUNGAN DI BUKIT DURI,4ba87a86e02dd8a810032db35bf13c51,D2+D3,99.0,89.0,62.666666666666664,1175.0,320.8339840122277,1.947186966537475,3.0,1.054054054054054,7,1.8860353130016052,0.5149823178366416,"(30.0, 1000000000.0]"
PENGEPUNGAN DI BUKIT DURI,4eb26b1058266dc50a63dc875e4d8846,D2+D3,320.0,284.0,201.33333333333334,2315.0,1340.5550575625102,0.6914226176235737,5.0,1.054054054054054,7,1.164486921529175,0.6743234695988481,"(30.0, 1000000000.0]"
PENJAGAL IBLIS DOSA TURUNAN,5a894958f375392ce7981be2eb9a26be,D2+D3,105.0,92.0,65.66666666666667,359.0,303.27314708887724,0.36604131587631084,3.0,1.0512820512820513,5,0.5574534161490683,0.47092103585229383,"(30.0, 1000000000.0]"
PENJAGAL IBLIS DOSA TURUNAN,5ff7565cdb056b4bdcb43d0ea2b5380d,D2+D3,36.0,63.0,33.0,660.0,188.7067013901547,2.051011679145527,2.0,1.0512820512820513,6,1.4965986394557824,0.42790635235862745,"(30.0, 1000000000.0]"
PENJAGAL IBLIS DOSA TURUNAN,981569adf232c53afe751c8c660db8d9,D2+D3,281.0,125.0,135.33333333333334,1855.0,522.7558405549782,1.4063098094071305,2.0,1.0512820512820513,7,2.12,0.5974352463485466,"(30.0, 1000000000.0]"
PENJAGAL IBLIS DOSA TURUNAN,a09b9ee7f937939ee25c24ef8c2e91be,D2+D3,210.0,148.0,119.33333333333333,807.0,533.2151369260885,0.3277552231531264,5.0,1.0512820512820513,7,0.778957528957529,0.5146864256043325,"(30.0, 1000000000.0]"
PERANG KOTA,26d1d720bc7e60c1b1a56630e3ba2c5d,D2+D3,24.0,2.0,8.666666666666666,0.0,0.0027231276823653804,4.4886720038989794e-05,1.0,1.0126582278481013,0,0.0,0.00019450912016895575,"(5.0, 10.0]"
PERANG KOTA,3744d5b8753c9cc72700ce7927fa0df3,D2+D3,65.0,6.0,23.666666666666668,0.0,0.1716368709916647,0.0010360374506539116,2.0,1.0126582278481013,0,0.0,0.004086592166468206,"(10.0, 30.0]"
PERANG KOTA,3cc167017755a0197f18f93595c9ae85,D2+D3,114.0,83.0,65.66666666666667,141.0,245.7766582623339,0.2279405183372021,3.0,1.0126582278481013,3,0.24268502581755594,0.42302350819678813,"(30.0, 1000000000.0]"
PEREMPUAN PEMBAWA SIAL,0a8777c6c78e2d102bdf459f8550cf93,D2+D3,51.0,44.0,31.666666666666668,56.0,69.78969204084775,0.09217745070175398,1.0,1.2467532467532467,3,0.18181818181818182,0.2265899092235317,"(30.0, 1000000000.0]"
PEREMPUAN PEMBAWA SIAL,1240789770bc04e7d26e5fa31c075ced,D2+D3,74.0,133.0,69.0,240.0,279.33211423689613,0.27162439037350605,5.0,1.2467532467532467,6,0.2577873254564984,0.30003449434682716,"(30.0, 1000000000.0]"
PEREMPUAN PEMBAWA SIAL,19f506af810fe579721721d058f6b243,D2+D3,80.0,70.0,50.0,575.0,208.409835678022,1.0613982120745225,3.0,1.2467532467532467,6,1.173469387755102,0.4253261952612694,"(30.0, 1000000000.0]"
PEREMPUAN PEMBAWA SIAL,218c50fa4df90b3241e39ff8ffb41102,D2+D3,29.0,42.0,23.666666666666668,63.0,99.5369288543093,0.22054484217892936,2.0,1.2467532467532467,3,0.21428571428571427,0.33856098249765065,"(10.0, 30.0]"
PEREMPUAN PEMBAWA SIAL,25e1c125bdd513aa2355a8e558a1a908,hanya_D3,0.0,62.0,20.666666666666668,238.0,136.78858043023266,1.0702451865791578,3.0,1.2467532467532467,7,0.5483870967741935,0.3151810608991536,"(10.0, 30.0]"
PEREMPUAN PEMBAWA SIAL,26a644178fbdb277dc3c50997f6df7fe,D2+D3,266.0,333.0,199.66666666666666,1923.0,1107.9671905158564,0.583138189471126,10.0,1.2467532467532467,7,0.824967824967825,0.47531840004970244,"(30.0, 1000000000.0]"
PEREMPUAN PEMBAWA SIAL,26d1d720bc7e60c1b1a56630e3ba2c5d,D2+D3,27.0,46.0,24.333333333333332,108.0,81.18713621733998,0.29363238745412357,2.0,1.2467532467532467,4,0.33540372670807456,0.25213396340788813,"(10.0, 30.0]"
PEREMPUAN PEMBAWA SIAL,3744d5b8753c9cc72700ce7927fa0df3,D2+D3,54.0,48.0,34.0,342.0,101.09421856687786,1.012209165685387,2.0,1.2467532467532467,7,1.0178571428571428,0.30087565049666026,"(30.0, 1000000000.0]"
PEREMPUAN PEMBAWA SIAL,3cc167017755a0197f18f93595c9ae85,D2+D3,104.0,115.0,73.0,564.0,288.9011943925699,0.5383538270204112,5.0,1.2467532467532467,7,0.7006211180124223,0.35888347129511783,"(30.0, 1000000000.0]"
PEREMPUAN PEMBAWA SIAL,4ba87a86e02dd8a810032db35bf13c51,D2+D3,33.0,14.0,15.666666666666666,18.0,9.741752109525136,0.24736833452125465,2.0,1.2467532467532467,1,0.1836734693877551,0.09940563377066465,"(10.0, 30.0]"
PEREMPUAN PEMBAWA SIAL,57d37d0d839b9dff6f87d6b5d5b679cc,D2+D3,48.0,60.0,36.0,279.0,136.53185518036176,0.5789589786779125,3.0,1.2467532467532467,5,0.6642857142857143,0.325075845667528,"(30.0, 1000000000.0]"
PEREMPUAN PEMBAWA SIAL,62447bb073160adcf6d6022240a3663c,D2+D3,58.0,53.0,37.0,160.0,109.66531752153787,0.2096730508963724,3.0,1.2467532467532467,4,0.431266846361186,0.29559384776694847,"(30.0, 1000000000.0]"
PEREMPUAN PEMBAWA SIAL,7c271f1e1351e6433b202d77b88012c2,D2+D3,30.0,108.0,46.0,107.0,217.27153187136653,0.34245817351356067,3.0,1.2467532467532467,3,0.14153439153439154,0.28739620617905626,"(30.0, 1000000000.0]"
PEREMPUAN PEMBAWA SIAL,9cc7970100d8e4c2202f08cb78c6eb20,D2+D3,75.0,156.0,77.0,421.0,319.25730939950824,0.3065144470260459,5.0,1.2467532467532467,5,0.38553113553113555,0.2923601734427731,"(30.0, 1000000000.0]"
PEREMPUAN PEMBAWA SIAL,a616a546264044ed616bc2bdf2d9f7fc,D2+D3,85.0,136.0,73.66666666666667,776.0,343.9936600396352,0.9395236948874448,5.0,1.2467532467532467,7,0.8151260504201681,0.3613378781928941,"(30.0, 1000000000.0]"
PEREMPUAN PEMBAWA SIAL,b2539b1f80254243391774489b1328aa,D2+D3,58.0,143.0,67.0,280.0,269.6399472763917,0.15397135199826742,2.0,1.2467532467532467,4,0.27972027972027974,0.269370576699692,"(30.0, 1000000000.0]"
PEREMPUAN PEMBAWA SIAL,c35e24eefa840ac2009279f1efc52288,D2+D3,50.0,14.0,21.333333333333332,0.0,4.847309296913021,0.0324596604703997,2.0,1.2467532467532467,0,0.0,0.049462339764418585,"(10.0, 30.0]"
PEREMPUAN PEMBAWA SIAL,d297f2f746c4fd2723f3202fafcbfa1a,D2+D3,23.0,38.0,20.333333333333332,104.0,66.78250192968368,0.45490888419167536,1.0,1.2467532467532467,3,0.3909774436090226,0.2510620373296379,"(10.0, 30.0]"
PEREMPUAN PEMBAWA SIAL,e3edf631650eb304cf386709b98005f6,D2+D3,109.0,64.0,57.666666666666664,276.0,203.81710531695254,0.40083203191981964,5.0,1.2467532467532467,4,0.6160714285714286,0.45494889579676906,"(30.0, 1000000000.0]"
PEREMPUAN PEMBAWA SIAL,ef2896a95abe2a2b4cfee245dc1e36ec,D2+D3,50.0,47.0,32.333333333333336,78.0,102.49065613774297,0.1510430936596842,5.0,1.2467532467532467,3,0.2370820668693009,0.3115217511785501,"(30.0, 1000000000.0]"
RED SONJA,4eb26b1058266dc50a63dc875e4d8846,hanya_D3,0.0,52.0,17.333333333333332,47.0,50.000114771187,0.1707203022830416,3.0,0.9344262295081968,3,0.12912087912087913,0.13736295266809614,"(10.0, 30.0]"
RED SONJA,9cc7970100d8e4c2202f08cb78c6eb20,D2+D3,37.0,43.0,26.666666666666668,25.0,35.613895211147145,0.05686015291685972,2.0,0.9344262295081968,2,0.08305647840531562,0.11831858874135263,"(10.0, 30.0]"
RED SONJA,c48b7a4426e8cbee3f7dbfe8b87d1d89,hanya_D3,0.0,22.0,7.333333333333333,49.0,18.981416009028177,0.5945364369919536,2.0,0.9344262295081968,3,0.3181818181818182,0.12325594811057257,"(5.0, 10.0]"
RED SONJA,e67d818ee0546f3b33d0ba2083ed4db5,D2+D3,15.0,24.0,13.0,30.0,24.83706322964116,0.26921826726074277,5.0,0.9344262295081968,2,0.17857142857142858,0.1478396620811974,"(10.0, 30.0]"
REGO NYOWO,1240789770bc04e7d26e5fa31c075ced,D2+D3,151.0,206.0,119.0,1030.0,885.2013492095201,0.309155854484732,2.0,1.1204819277108433,7,0.7142857142857143,0.6138705611716505,"(30.0, 1000000000.0]"
REGO NYOWO,17e1e7da761f72bbb4e039ba08cc0ba0,D2+D3,182.0,246.0,142.66666666666666,1019.0,1182.2955572244198,0.35057253382609666,8.0,1.1204819277108433,7,0.591753774680604,0.6865827858446107,"(30.0, 1000000000.0]"
REGO NYOWO,202dbf4df0e433f092fca1aa8162c400,hanya_D3,0.0,99.0,33.0,121.0,468.14225694801456,1.5027803331082883,2.0,1.1204819277108433,3,0.1746031746031746,0.6755299523059374,"(30.0, 1000000000.0]"
REGO NYOWO,2318d3c719302ff137eb1b53fb32f0c8,D2+D3,93.0,182.0,91.66666666666667,471.0,516.1367443365484,0.16276031148836048,5.0,1.1204819277108433,7,0.369701726844584,0.40513088252476326,"(30.0, 1000000000.0]"
REGO NYOWO,3744d5b8753c9cc72700ce7927fa0df3,D2+D3,156.0,175.0,110.33333333333333,543.0,752.6364135590978,0.3581632445392756,5.0,1.1204819277108433,5,0.44326530612244897,0.614397072293141,"(30.0, 1000000000.0]"
REGO NYOWO,580919d632e55fd9736ae1a2ac6ed0c5,D2+D3,34.0,71.0,35.0,45.0,290.44589668932895,1.001819986487057,2.0,1.1204819277108433,2,0.09054325955734407,0.584398182473499,"(30.0, 1000000000.0]"
REGO NYOWO,62447bb073160adcf6d6022240a3663c,D2+D3,93.0,147.0,80.0,318.0,495.6228531945042,0.33727993038164156,3.0,1.1204819277108433,4,0.30903790087463556,0.4816548621909662,"(30.0, 1000000000.0]"
REGO NYOWO,7995e00051a2fe6aeed7cfdbe0378c01,hanya_D3,0.0,95.0,31.666666666666668,374.0,462.3674995746399,0.6212242454073447,2.0,1.1204819277108433,5,0.562406015037594,0.6952894730445712,"(30.0, 1000000000.0]"
REGO NYOWO,9715c9bc57db04a2506acfdab71ec1c6,D2+D3,152.0,180.0,110.66666666666667,632.0,784.7117218584776,0.3941556302064993,5.0,1.1204819277108433,5,0.5015873015873016,0.6227870808400616,"(30.0, 1000000000.0]"
REGO NYOWO,c877324e95024e707ae23f0aed947e15,D2+D3,140.0,209.0,116.33333333333333,936.0,957.0186166397023,0.2244728027256835,5.0,1.1204819277108433,7,0.6397812713602188,0.6541480633217377,"(30.0, 1000000000.0]"
REGO NYOWO,ef2896a95abe2a2b4cfee245dc1e36ec,D2+D3,57.0,159.0,72.0,270.0,469.82841705320504,0.4340251221116435,5.0,1.1204819277108433,5,0.2425876010781671,0.4221279578195912,"(30.0, 1000000000.0]"
RUMAH UNTUK ALIE,04a2de432a8901363a05137a8e8de1d2,D2+D3,340.0,309.0,216.33333333333334,1950.0,1122.8162459373423,0.5462362452537911,2.0,1.056338028169014,7,0.9015256588072121,0.5191013619682581,"(30.0, 1000000000.0]"
RUMAH UNTUK ALIE,26d1d720bc7e60c1b1a56630e3ba2c5d,D2+D3,147.0,39.0,62.0,191.0,45.96607308148951,0.40616458866446264,1.0,1.056338028169014,3,0.6996336996336996,0.16837389407139017,"(30.0, 1000000000.0]"
RUMAH UNTUK ALIE,5ff7565cdb056b4bdcb43d0ea2b5380d,hanya_D3,0.0,70.0,23.333333333333332,911.0,344.6671249512403,3.7756544675996877,5.0,1.056338028169014,7,1.8591836734693876,0.7034022958188577,"(10.0, 30.0]"
RUMAH UNTUK ALIE,e67d818ee0546f3b33d0ba2083ed4db5,D2+D3,427.0,411.0,279.3333333333333,1199.0,2032.3899922374376,0.6632434082405345,4.0,1.056338028169014,7,0.4167535627389642,0.7064268308089807,"(30.0, 1000000000.0]"
SAYAP SAYAP PATAH 2: OLIVIA,14b63ff2b104903ead7d884f25382e57,hanya_D3,0.0,15.0,5.0,718.0,43.920490587253035,19.25941455464991,2.0,1.0568181818181819,7,6.838095238095238,0.41829038654526696,"(2.0, 5.0]"
SAYAP SAYAP PATAH 2: OLIVIA,15c7dc37db27dd76f38cc419107f7c48,hanya_D3,0.0,21.0,7.0,142.0,64.52087315087127,1.7063825955240628,3.0,1.0568181818181819,3,0.9659863945578231,0.4389175044276957,"(5.0, 10.0]"
SAYAP SAYAP PATAH 2: OLIVIA,218c50fa4df90b3241e39ff8ffb41102,hanya_D3,0.0,47.0,15.666666666666666,150.0,161.98203015890243,0.11937497044943082,3.0,1.0568181818181819,4,0.4559270516717325,0.49234659622766697,"(10.0, 30.0]"
SAYAP SAYAP PATAH 2: OLIVIA,26d1d720bc7e60c1b1a56630e3ba2c5d,D2+D3,34.0,13.0,15.666666666666666,0.0,11.036695657453844,0.1006385622260229,3.0,1.0568181818181819,0,0.0,0.12128236986213016,"(10.0, 30.0]"
SAYAP SAYAP PATAH 2: OLIVIA,c35e24eefa840ac2009279f1efc52288,D2+D3,75.0,55.0,43.333333333333336,538.0,143.0296346330634,1.3021001056052854,3.0,1.0568181818181819,7,1.3974025974025974,0.3715055445014634,"(30.0, 1000000000.0]"
SAYAP SAYAP PATAH 2: OLIVIA,ef2896a95abe2a2b4cfee245dc1e36ec,hanya_D3,0.0,11.0,3.6666666666666665,635.0,31.58867135451928,23.510984964609715,3.0,1.0568181818181819,6,8.246753246753245,0.41024248512362704,"(2.0, 5.0]"
SELEPAS TAHLIL,14b63ff2b104903ead7d884f25382e57,hanya_D3,0.0,126.0,42.0,0.0,287.669425003444,0.9784674319845035,1.0,1.1578947368421053,0,0.0,0.3261558106615011,"(30.0, 1000000000.0]"
SELEPAS TAHLIL,26a644178fbdb277dc3c50997f6df7fe,D2+D3,237.0,300.0,179.0,892.0,1592.2860248619504,0.6383812415051218,5.0,1.1578947368421053,6,0.4247619047619048,0.7582314404104525,"(30.0, 1000000000.0]"
SELEPAS TAHLIL,3cc167017755a0197f18f93595c9ae85,hanya_D3,0.0,156.0,52.0,811.0,636.0314137148742,1.040399515138547,3.0,1.1578947368421053,6,0.7426739926739927,0.5824463495557456,"(30.0, 1000000000.0]"
SELEPAS TAHLIL,4fc3fc370b299876663c7d5c90595853,D2+D3,265.0,235.0,166.66666666666666,1086.0,1532.7067000993939,0.4244931929942585,5.0,1.1578947368421053,6,0.6601823708206687,0.9317365958051026,"(30.0, 1000000000.0]"
SELEPAS TAHLIL,716ede53fbca27fbe1c1a55d6667c2b5,D2+D3,125.0,62.0,62.333333333333336,216.0,366.096939667907,0.5444201878869237,3.0,1.1578947368421053,4,0.4976958525345622,0.8435413356403387,"(30.0, 1000000000.0]"
SELEPAS TAHLIL,8750b9ee0b0c6c6afcfcb2a05e60efc0,hanya_D3,0.0,149.0,49.666666666666664,292.0,805.9296815466872,1.4782253544008264,5.0,1.1578947368421053,3,0.2799616490891659,0.7727034338894412,"(30.0, 1000000000.0]"
SELEPAS TAHLIL,92e94ed55b4de8feaff9462a66e2dbd7,hanya_D3,0.0,67.0,22.333333333333332,189.0,194.26181712390306,0.4081850023084203,3.0,1.1578947368421053,4,0.40298507462686567,0.41420430090384447,"(10.0, 30.0]"
SELEPAS TAHLIL,d1918db937d26e9e4ccd3e17e1ff0e2d,D2+D3,149.0,185.0,111.33333333333333,252.0,721.8548398317315,0.6028932931972603,5.0,1.1578947368421053,3,0.1945945945945946,0.5574168647349278,"(30.0, 1000000000.0]"
SELEPAS TAHLIL,ea7df0c99b450ecdea38cf34ae1f158f,D2+D3,97.0,161.0,86.0,293.0,676.8584478889527,0.8569673176761473,4.0,1.1578947368421053,2,0.25998225377107365,0.6005842483486714,"(30.0, 1000000000.0]"
SHADOW FORCE,e67d818ee0546f3b33d0ba2083ed4db5,D2+D3,12.0,5.0,5.666666666666667,41.0,3.9537095913187126,0.9560594479974124,2.0,0.4647887323943662,3,1.1714285714285713,0.11296313118053465,"(5.0, 10.0]"
SIHIR PELAKOR,04a2de432a8901363a05137a8e8de1d2,D2+D3,204.0,272.0,158.66666666666666,1189.0,795.7870398321191,0.38298282228102287,5.0,1.1647058823529413,7,0.6244747899159664,0.4179553780630878,"(30.0, 1000000000.0]"
SIHIR PELAKOR,14b63ff2b104903ead7d884f25382e57,D2+D3,64.0,97.0,53.666666666666664,508.0,324.9889728885079,0.6597010289223733,3.0,1.1647058823529413,7,0.748159057437408,0.4786288260508216,"(30.0, 1000000000.0]"
SIHIR PELAKOR,218c50fa4df90b3241e39ff8ffb41102,D2+D3,68.0,156.0,74.66666666666667,908.0,779.3883942271648,0.3672390490248083,5.0,1.1647058823529413,7,0.8315018315018315,0.7137256357391619,"(30.0, 1000000000.0]"
SIHIR PELAKOR,25e1c125bdd513aa2355a8e558a1a908,D2+D3,83.0,88.0,57.0,382.0,310.2227767665683,0.26321540979811986,5.0,1.1647058823529413,7,0.6201298701298701,0.5036084038418317,"(30.0, 1000000000.0]"
SIHIR PELAKOR,29fc89ab155e9f202326046c2e0023bb,D2+D3,229.0,181.0,136.66666666666666,1270.0,1004.0968973841901,0.3002801609092102,5.0,1.1647058823529413,7,1.0023677979479084,0.7924995243758406,"(30.0, 1000000000.0]"
SIHIR PELAKOR,2e0ec493a87e740511b7b565386c06fe,hanya_D3,0.0,173.0,57.666666666666664,1602.0,556.951835912863,2.5888889283744105,3.0,1.1647058823529413,7,1.3228736581337737,0.45991068200897023,"(30.0, 1000000000.0]"
SIHIR PELAKOR,4eb26b1058266dc50a63dc875e4d8846,D2+D3,77.0,191.0,89.33333333333333,1399.0,751.7017099028549,1.0351251973834945,3.0,1.1647058823529413,7,1.0463724756918475,0.5622301495159722,"(30.0, 1000000000.0]"
SIHIR PELAKOR,716ede53fbca27fbe1c1a55d6667c2b5,D2+D3,177.0,536.0,237.66666666666666,1485.0,1332.0286198877948,0.183331354574596,10.0,1.1647058823529413,7,0.39578891257995735,0.3550182888826745,"(30.0, 1000000000.0]"
SIHIR PELAKOR,9715c9bc57db04a2506acfdab71ec1c6,D2+D3,189.0,318.0,169.0,1331.0,1143.632082230622,0.2726325081650343,5.0,1.1647058823529413,7,0.5979335130278527,0.5137610432302885,"(30.0, 1000000000.0]"
SIHIR PELAKOR,981569adf232c53afe751c8c660db8d9,D2+D3,327.0,504.0,277.0,2435.0,2042.5256156614662,0.20241071910187408,5.0,1.1647058823529413,7,0.6901927437641723,0.5789471699720709,"(30.0, 1000000000.0]"
SIHIR PELAKOR,b704e8b10f13e14494b5a7a0ba39d9d9,D2+D3,97.0,124.0,73.66666666666667,1353.0,563.6440734836902,1.5307484030697667,5.0,1.1647058823529413,7,1.5587557603686635,0.6493595316632376,"(30.0, 1000000000.0]"
SIHIR PELAKOR,c35e24eefa840ac2009279f1efc52288,hanya_D3,0.0,315.0,105.0,1443.0,935.5377134083284,0.6904248797165601,3.0,1.1647058823529413,7,0.654421768707483,0.4242801421352963,"(30.0, 1000000000.0]"
SIHIR PELAKOR,d297f2f746c4fd2723f3202fafcbfa1a,D2+D3,93.0,110.0,67.66666666666667,422.0,404.25773501155294,0.3154889117081419,3.0,1.1647058823529413,4,0.548051948051948,0.5250100454695493,"(30.0, 1000000000.0]"
SIHIR PELAKOR,d33850e3698903061b4c18886ce00c9d,D2+D3,36.0,114.0,50.0,490.0,315.9565948155813,0.6542891540590946,2.0,1.1647058823529413,5,0.6140350877192983,0.3959355824756658,"(30.0, 1000000000.0]"
SIHIR PELAKOR,f3a9ac312f7bc4e2467a1bf02a6aa1e9,D2+D3,196.0,305.0,167.0,1318.0,1144.2905385380143,0.2044560452884621,5.0,1.1647058823529413,7,0.6173302107728337,0.5359674653573837,"(30.0, 1000000000.0]"
SMURFS,a9d508d218799f9dc69bb4aefc122cb3,D2+D3,91.0,89.0,60.0,20.0,99.10695923830123,0.18834990294833626,3.0,0.9148936170212766,2,0.03210272873194222,0.15908019139374194,"(30.0, 1000000000.0]"
SMURFS,cb2a49a747f8989ee0356ec7ac354177,D2+D3,115.0,63.0,59.333333333333336,5.0,76.15188916821873,0.17131273475494077,2.0,0.9148936170212766,1,0.011337868480725623,0.17268002078961164,"(30.0, 1000000000.0]"
SOMEBODY,57d37d0d839b9dff6f87d6b5d5b679cc,D2+D3,37.0,28.0,21.666666666666668,0.0,16.260396285573453,0.10721140408070406,2.0,0.34782608695652173,0,0.0,0.08296120553864006,"(10.0, 30.0]"
SORE ISTRI DARI MASA DEPAN,015555fbcd8faef6b55a854605df0a87,D2+D3,103.0,174.0,92.33333333333333,6902.0,846.6589469944962,9.368758720482987,2.0,1.5,7,5.666666666666667,0.6951222881728212,"(30.0, 1000000000.0]"
SORE ISTRI DARI MASA DEPAN,0318cab65e5a4dbb61243ab4747fb621,hanya_D3,0.0,204.0,68.0,1539.0,960.4408140208188,1.3619907759901815,5.0,1.5,7,1.0777310924369747,0.6725776008549151,"(30.0, 1000000000.0]"
SORE ISTRI DARI MASA DEPAN,0a8777c6c78e2d102bdf459f8550cf93,hanya_D3,0.0,167.0,55.666666666666664,1936.0,715.9006426569481,3.131136075302956,3.0,1.5,7,1.6561163387510691,0.6124043136500839,"(30.0, 1000000000.0]"
SORE ISTRI DARI MASA DEPAN,1240789770bc04e7d26e5fa31c075ced,D2+D3,99.0,347.0,148.66666666666666,6629.0,1517.3555653351114,4.911894075590861,5.0,1.5,7,2.729106628242075,0.624683229862129,"(30.0, 1000000000.0]"
SORE ISTRI DARI MASA DEPAN,17e1e7da761f72bbb4e039ba08cc0ba0,D2+D3,57.0,191.0,82.66666666666667,5676.0,739.5643741883861,8.626992722883228,3.0,1.5,7,4.245325355273,0.5531521123323755,"(30.0, 1000000000.0]"
SORE ISTRI DARI MASA DEPAN,218c50fa4df90b3241e39ff8ffb41102,hanya_D3,0.0,583.0,194.33333333333334,8911.0,3080.4683154448153,4.286105134443899,8.0,1.5,7,2.183533447684391,0.7548317362030912,"(30.0, 1000000000.0]"
SORE ISTRI DARI MASA DEPAN,26d1d720bc7e60c1b1a56630e3ba2c5d,D2+D3,111.0,196.0,102.33333333333333,1987.0,767.4158831165796,1.7025371571197123,3.0,1.5,7,1.4482507288629736,0.5593410226797227,"(30.0, 1000000000.0]"
SORE ISTRI DARI MASA DEPAN,45f553cca86b28fedd6115abdd0ae734,D2+D3,107.0,147.0,84.66666666666667,847.0,554.9273947404822,0.523665229840079,5.0,1.5,7,0.8231292517006803,0.5392880415359399,"(30.0, 1000000000.0]"
SORE ISTRI DARI MASA DEPAN,494c8f1916a97efe3390ba9dbab6ce7d,D2+D3,66.0,133.0,66.33333333333333,2740.0,703.9508989056435,4.585871318794801,3.0,1.5,7,2.9430719656283566,0.7561234145065988,"(30.0, 1000000000.0]"
SORE ISTRI DARI MASA DEPAN,4a4c71e99772e87c9e35a56acd8be21e,D2+D3,144.0,228.0,124.0,1832.0,1016.185039944103,0.9979915146208652,5.0,1.5,7,1.1478696741854637,0.6367074185113427,"(30.0, 1000000000.0]"
SORE ISTRI DARI MASA DEPAN,4ba87a86e02dd8a810032db35bf13c51,hanya_D3,0.0,67.0,22.333333333333332,767.0,291.768941468216,3.6333227916203485,5.0,1.5,7,1.6353944562899787,0.6221086172030192,"(10.0, 30.0]"
SORE ISTRI DARI MASA DEPAN,4e12b237c826209f7ddc5b29a96380b6,D2+D3,268.0,651.0,306.3333333333333,10964.0,2568.073334615702,3.915401833693906,8.0,1.5,7,2.4059688391485627,0.5635447300012513,"(30.0, 1000000000.0]"
SORE ISTRI DARI MASA DEPAN,53b77c875c67b68561415f23065e6e8d,D2+D3,176.0,256.0,144.0,3101.0,1119.2838840823201,1.9659882102357937,5.0,1.5,7,1.73046875,0.6246003817423661,"(30.0, 1000000000.0]"
SORE ISTRI DARI MASA DEPAN,592095e0ddc2c230cf3002d72e9bac41,D2+D3,116.0,203.0,106.33333333333333,1157.0,832.364889263974,0.4882547791604677,5.0,1.5,7,0.8142153413089374,0.5857599502209528,"(30.0, 1000000000.0]"
SORE ISTRI DARI MASA DEPAN,5ff7565cdb056b4bdcb43d0ea2b5380d,hanya_D3,0.0,66.0,22.0,1567.0,246.99899866026922,8.571435073634616,2.0,1.5,7,3.391774891774892,0.5346298672300199,"(10.0, 30.0]"
SORE ISTRI DARI MASA DEPAN,62447bb073160adcf6d6022240a3663c,D2+D3,81.0,112.0,64.33333333333333,2629.0,480.8839100336206,4.770057934788407,2.0,1.5,7,3.3533163265306123,0.6133723342265569,"(30.0, 1000000000.0]"
SORE ISTRI DARI MASA DEPAN,7114d91eccf418326f7a9a05943c04e1,hanya_D3,0.0,81.0,27.0,3206.0,340.8662585767695,15.159437785308098,2.0,1.5,7,5.654320987654321,0.6011750592182884,"(10.0, 30.0]"
SORE ISTRI DARI MASA DEPAN,8188326fb0a403be03ea632997c8a959,D2+D3,147.0,190.0,112.33333333333333,1863.0,880.8838141522348,1.263574818525077,4.0,1.5,7,1.4007518796992482,0.6623186572573194,"(30.0, 1000000000.0]"
SORE ISTRI DARI MASA DEPAN,88d0ee0029bee810e1d0fe37f73e2d3b,D2+D3,216.0,217.0,144.33333333333334,3152.0,1164.8266633272258,1.977701608466917,3.0,1.5,7,2.075049374588545,0.7668378297085094,"(30.0, 1000000000.0]"
SORE ISTRI DARI MASA DEPAN,9cc7970100d8e4c2202f08cb78c6eb20,D2+D3,248.0,376.0,208.0,5673.0,1905.567604658432,2.5875222495477805,4.0,1.5,7,2.1553951367781155,0.723999849794237,"(30.0, 1000000000.0]"
SORE ISTRI DARI MASA DEPAN,a55554e941cb93c23d1522f88fd0d004,D2+D3,151.0,240.0,130.33333333333334,1721.0,1035.4897149010926,0.8019543038240988,5.0,1.5,7,1.0244047619047618,0.6163629255363646,"(30.0, 1000000000.0]"
SORE ISTRI DARI MASA DEPAN,a6d19ebcb27f61cbf41a6552fbf68676,D2+D3,60.0,219.0,93.0,2154.0,896.0800270177151,1.979558893093983,4.0,1.5,7,1.4050880626223092,0.5845270887264938,"(30.0, 1000000000.0]"
SORE ISTRI DARI MASA DEPAN,b2539b1f80254243391774489b1328aa,hanya_D3,0.0,111.0,37.0,680.0,442.15238439238277,0.9183305621915723,2.0,1.5,7,0.8751608751608752,0.5690506877636844,"(30.0, 1000000000.0]"
SORE ISTRI DARI MASA DEPAN,c877324e95024e707ae23f0aed947e15,D2+D3,157.0,313.0,156.66666666666666,4907.0,1334.2627386430838,3.2620903965958843,5.0,1.5,7,2.2396166134185305,0.6089743216079798,"(30.0, 1000000000.0]"
SORE ISTRI DARI MASA DEPAN,da6b584c30e784d15b54ad124a760b19,D2+D3,118.0,334.0,150.66666666666666,2371.0,1444.9742507132034,0.8780269430658627,5.0,1.5,7,1.014114627887083,0.6180386016737397,"(30.0, 1000000000.0]"
SORE ISTRI DARI MASA DEPAN,e3edf631650eb304cf386709b98005f6,D2+D3,145.0,324.0,156.33333333333334,5771.0,1634.834177203347,3.779621525552835,6.0,1.5,7,2.5445326278659612,0.7208263567915992,"(30.0, 1000000000.0]"
SORE ISTRI DARI MASA DEPAN,e7ec114c2ec166155149062023617e8b,hanya_D3,0.0,139.0,46.333333333333336,1690.0,749.3861626822334,3.185258909719186,2.0,1.5,7,1.7368961973278518,0.770181051060877,"(30.0, 1000000000.0]"
SORE ISTRI DARI MASA DEPAN,e989d8fdc91de7e6ffbb72a2f5ac79f6,D2+D3,420.0,982.0,467.3333333333333,11662.0,3599.4003115889386,2.4646218733679626,10.0,1.5,7,1.6965376782077393,0.5236252999111054,"(30.0, 1000000000.0]"
SORE ISTRI DARI MASA DEPAN,ef2896a95abe2a2b4cfee245dc1e36ec,hanya_D3,0.0,58.0,19.333333333333332,485.0,220.47861477225084,2.018891962798503,3.0,1.5,7,1.1945812807881775,0.5430507753011105,"(10.0, 30.0]"
SORE ISTRI DARI MASA DEPAN,efe899b321b96d852776427476f14a06,D2+D3,179.0,690.0,289.6666666666667,10806.0,2916.2268069832207,3.8910602628719935,5.0,1.5,7,2.2372670807453416,0.6037736660420747,"(30.0, 1000000000.0]"
SUKMA,04a2de432a8901363a05137a8e8de1d2,D2+D3,132.0,84.0,72.0,554.0,397.3093979209242,0.4703860843836356,4.0,1.1951219512195121,7,0.9421768707482993,0.6756962549675581,"(30.0, 1000000000.0]"
SUKMA,073b764928864ed8fa0b6b115bfdd685,D2+D3,450.0,505.0,318.3333333333333,2959.0,2303.350965106046,0.3288674299832119,8.0,1.1951219512195121,7,0.8370579915134371,0.6515844314302818,"(30.0, 1000000000.0]"
SUKMA,0a8777c6c78e2d102bdf459f8550cf93,D2+D3,98.0,152.0,83.33333333333333,608.0,535.7144261354548,0.4534562604860324,3.0,1.1951219512195121,7,0.5714285714285715,0.5034910020070064,"(30.0, 1000000000.0]"
SUKMA,3744d5b8753c9cc72700ce7927fa0df3,D2+D3,159.0,137.0,98.66666666666667,880.0,680.9467727060412,0.39719527374693137,5.0,1.1951219512195121,7,0.9176225234619395,0.7100591999020242,"(30.0, 1000000000.0]"
SUKMA,45f553cca86b28fedd6115abdd0ae734,D2+D3,195.0,270.0,155.0,736.0,969.30207730991,0.21502495604600003,5.0,1.1951219512195121,7,0.3894179894179894,0.5128582419629154,"(30.0, 1000000000.0]"
SUKMA,53b77c875c67b68561415f23065e6e8d,hanya_D3,0.0,183.0,61.0,1173.0,802.9389404586756,1.0107276288814722,5.0,1.1951219512195121,7,0.9156908665105387,0.6268063547686773,"(30.0, 1000000000.0]"
SUKMA,62447bb073160adcf6d6022240a3663c,D2+D3,30.0,49.0,26.333333333333332,518.0,212.40836872388556,1.9251895959852803,2.0,1.1951219512195121,7,1.510204081632653,0.6192663811191998,"(10.0, 30.0]"
SUKMA,9d67ea34034038d9a33cf7ac63b7ac65,D2+D3,167.0,237.0,134.66666666666666,1117.0,960.0612789484936,0.22772800781946295,5.0,1.1951219512195121,7,0.6732971669680531,0.5786987817652162,"(30.0, 1000000000.0]"
SUKMA,a616a546264044ed616bc2bdf2d9f7fc,hanya_D3,0.0,228.0,76.0,1373.0,1196.5324672511806,0.5171066275600786,8.0,1.1951219512195121,7,0.8602756892230576,0.7497070596811909,"(30.0, 1000000000.0]"
SUKMA,b2539b1f80254243391774489b1328aa,D2+D3,183.0,204.0,129.0,1464.0,876.2495746264252,0.6508864068367384,3.0,1.1951219512195121,7,1.0252100840336134,0.6136201502986172,"(30.0, 1000000000.0]"
SUKMA,d297f2f746c4fd2723f3202fafcbfa1a,hanya_D3,0.0,150.0,50.0,1169.0,745.4339760750639,1.2285453444750858,2.0,1.1951219512195121,7,1.1133333333333333,0.7099371200714895,"(30.0, 1000000000.0]"
SUKMA,d33850e3698903061b4c18886ce00c9d,D2+D3,65.0,159.0,74.66666666666667,1009.0,655.5218335471119,1.018812922932271,5.0,1.1951219512195121,7,0.9065588499550763,0.5889684039057609,"(30.0, 1000000000.0]"
SUKMA,da6b584c30e784d15b54ad124a760b19,D2+D3,230.0,370.0,200.0,1627.0,1370.2832383871541,0.411201534973013,5.0,1.1951219512195121,7,0.6281853281853281,0.5290668874081675,"(30.0, 1000000000.0]"
SUKMA,dc77e7e26c0e5e3a5c44ec2de0cedbde,D2+D3,178.0,253.0,143.66666666666666,1924.0,1528.410301332296,0.4526228283013295,5.0,1.1951219512195121,7,1.0863918690005645,0.8630210622994331,"(30.0, 1000000000.0]"
SUKMA,ef2896a95abe2a2b4cfee245dc1e36ec,D2+D3,131.0,126.0,85.66666666666667,751.0,549.2437386410651,0.368121235986761,4.0,1.1951219512195121,7,0.8514739229024944,0.6227253272574433,"(30.0, 1000000000.0]"
SUKMA,fcf80028ec9bbf8efaee3932e529a78f,D2+D3,93.0,354.0,149.0,1588.0,1488.1986793027029,0.3751776579582696,5.0,1.1951219512195121,7,0.6408393866020985,0.600564438782366,"(30.0, 1000000000.0]"
TABAYYUN,45f553cca86b28fedd6115abdd0ae734,D2+D3,39.0,30.0,23.0,0.0,69.76901247111749,0.4333479035473137,2.0,0.9473684210526315,0,0.0,0.3322333927196071,"(10.0, 30.0]"
TABAYYUN,716ede53fbca27fbe1c1a55d6667c2b5,hanya_D3,0.0,33.0,11.0,35.0,116.95183710276305,1.0643095727631564,3.0,0.9473684210526315,3,0.15151515151515152,0.5062850091028703,"(10.0, 30.0]"
THARAE: THE EXORCIST,7995e00051a2fe6aeed7cfdbe0378c01,D2+D3,102.0,68.0,56.666666666666664,161.0,275.2662258666345,0.288066115630171,2.0,0.3372093023255814,3,0.3382352941176471,0.5782903904761229,"(30.0, 1000000000.0]"
THARAE: THE EXORCIST,da6b584c30e784d15b54ad124a760b19,D2+D3,35.0,22.0,19.0,23.0,70.01257753942843,0.3534780266122439,2.0,0.3372093023255814,1,0.14935064935064934,0.45462712687940543,"(10.0, 30.0]"
THE ACCOUNTANT 2,0318cab65e5a4dbb61243ab4747fb621,D2+D3,102.0,51.0,51.0,99.0,98.02536758279669,0.24762429873164446,2.0,1.1142857142857143,2,0.2773109243697479,0.2745808615764613,"(30.0, 1000000000.0]"
THE ACCOUNTANT 2,073b764928864ed8fa0b6b115bfdd685,D2+D3,62.0,53.0,38.333333333333336,84.0,128.51384328579243,0.3512634303216084,2.0,1.1142857142857143,2,0.22641509433962265,0.34639849942262113,"(30.0, 1000000000.0]"
THE ACCOUNTANT 2,1240789770bc04e7d26e5fa31c075ced,D2+D3,113.0,54.0,55.666666666666664,18.0,113.9642184309555,0.24627258793230666,3.0,1.1142857142857143,1,0.04761904761904762,0.3014926413517341,"(30.0, 1000000000.0]"
THE ACCOUNTANT 2,25e1c125bdd513aa2355a8e558a1a908,D2+D3,29.0,28.0,19.0,26.0,39.598228644322006,0.12363446908378582,2.0,1.1142857142857143,2,0.1326530612244898,0.20203177879756123,"(10.0, 30.0]"
THE ACCOUNTANT 2,3cc167017755a0197f18f93595c9ae85,D2+D3,15.0,23.0,12.666666666666666,62.0,40.96132148232523,0.5438140562234566,1.0,1.1142857142857143,2,0.38509316770186336,0.25441814585295175,"(10.0, 30.0]"
THE ACCOUNTANT 2,5a894958f375392ce7981be2eb9a26be,D2+D3,35.0,13.0,16.0,26.0,13.19423356235777,0.25861850498526057,2.0,1.1142857142857143,1,0.2857142857142857,0.14499157760832715,"(10.0, 30.0]"
THE ACCOUNTANT 2,7995e00051a2fe6aeed7cfdbe0378c01,hanya_D3,0.0,70.0,23.333333333333332,47.0,235.75712500946707,1.1556558674049007,2.0,1.1142857142857143,2,0.09591836734693877,0.48113698981523895,"(10.0, 30.0]"
THE ACCOUNTANT 2,92e94ed55b4de8feaff9462a66e2dbd7,D2+D3,34.0,7.0,13.666666666666666,0.0,7.9481949754961265,0.08308217744421038,2.0,1.1142857142857143,0,0.0,0.16220806072441074,"(10.0, 30.0]"
THE ACCOUNTANT 2,a55554e941cb93c23d1522f88fd0d004,D2+D3,109.0,50.0,53.0,79.0,99.30083767756226,0.17826157333363302,2.0,1.1142857142857143,2,0.22571428571428573,0.2837166790787493,"(30.0, 1000000000.0]"
THE ACCOUNTANT 2,da6b584c30e784d15b54ad124a760b19,D2+D3,54.0,73.0,42.333333333333336,60.0,164.55946085124444,0.35284407486359204,2.0,1.1142857142857143,2,0.11741682974559686,0.32203416996329637,"(30.0, 1000000000.0]"
THE ACCOUNTANT 2,f7734bb329cacfe21ce854ae822b6115,D2+D3,105.0,34.0,46.333333333333336,19.0,49.44651153569876,0.1109264498723849,2.0,1.1142857142857143,1,0.07983193277310925,0.20775845183066705,"(30.0, 1000000000.0]"
THE ACCOUNTANT 2,fbaf4d5f0c18dc603a21aef31da59ee6,D2+D3,60.0,72.0,44.0,127.0,247.85026284315106,0.6278543738530693,4.0,1.1142857142857143,2,0.251984126984127,0.4917663945300616,"(30.0, 1000000000.0]"
THE AMATEUR,a9e141baa8b4ec825325397b16eeaae3,D2+D3,177.0,180.0,119.0,96.0,394.24612697631846,0.35803856779870163,2.0,0.819672131147541,3,0.07619047619047618,0.31289375156850674,"(30.0, 1000000000.0]"
THE BAD GUYS 2,17e1e7da761f72bbb4e039ba08cc0ba0,hanya_D3,0.0,11.0,3.6666666666666665,0.0,6.665266732064974,0.2596857168337003,3.0,1.0,0,0.0,0.08656190561123343,"(2.0, 5.0]"
THE BAD GUYS 2,53b77c875c67b68561415f23065e6e8d,hanya_D3,0.0,12.0,4.0,2.0,5.223555106348888,0.11512696808388886,1.0,1.0,1,0.023809523809523808,0.06218517983748676,"(2.0, 5.0]"
THE NAKED GUN,19f506af810fe579721721d058f6b243,D2+D3,57.0,40.0,32.333333333333336,471.0,192.95107818179537,1.2284930271791072,2.0,0.8125,7,1.6821428571428574,0.689110993506412,"(30.0, 1000000000.0]"
THE NAKED GUN,9d67ea34034038d9a33cf7ac63b7ac65,D2+D3,77.0,57.0,44.666666666666664,43.0,219.1280547288606,0.5633093434824966,3.0,0.8125,4,0.10776942355889725,0.5491931196212045,"(30.0, 1000000000.0]"
THE SHADOWS EDGE,1240789770bc04e7d26e5fa31c075ced,hanya_D3,0.0,40.0,13.333333333333334,982.0,242.2534058973076,7.92585636538599,4.0,1.1134020618556701,7,3.507142857142857,0.8651907353475272,"(10.0, 30.0]"
THE SHADOWS EDGE,3cc167017755a0197f18f93595c9ae85,hanya_D3,0.0,148.0,49.333333333333336,733.0,891.621192157349,0.5931880860587446,4.0,1.1134020618556701,7,0.7075289575289575,0.8606382163680975,"(30.0, 1000000000.0]"
THE SHADOWS EDGE,66d433e397ff7f3d460500704fd40a5a,hanya_D3,0.0,71.0,23.666666666666668,356.0,314.53098627416415,1.495694915945597,4.0,1.1134020618556701,6,0.7162977867203218,0.6328591273122015,"(10.0, 30.0]"
THE SHADOWS EDGE,7995e00051a2fe6aeed7cfdbe0378c01,D2+D3,93.0,165.0,86.0,1126.0,872.0936458530432,0.4217713524035827,3.0,1.1134020618556701,7,0.9748917748917749,0.7550594336389985,"(30.0, 1000000000.0]"
THE SHADOWS EDGE,981569adf232c53afe751c8c660db8d9,hanya_D3,0.0,377.0,125.66666666666667,4064.0,2011.377434004759,2.333409510415204,4.0,1.1134020618556701,7,1.5399772641151952,0.7621740939767938,"(30.0, 1000000000.0]"
THE SHADOWS EDGE,a6d19ebcb27f61cbf41a6552fbf68676,hanya_D3,0.0,45.0,15.0,153.0,245.53233403487053,0.9639677933362968,2.0,1.1134020618556701,4,0.4857142857142857,0.779467727094827,"(10.0, 30.0]"
THE SHADOWS EDGE,bf33cc26f29bf266a83e35901fa80c9c,hanya_D3,0.0,227.0,75.66666666666667,1737.0,1360.2152723355748,0.7174378173260543,4.0,1.1134020618556701,7,1.093140339836375,0.8560196805132629,"(30.0, 1000000000.0]"
THE SHADOWS EDGE,dc6de349945f10a4a296bb50d34fc504,D2+D3,42.0,67.0,36.333333333333336,388.0,319.0964783289257,0.6252788366778682,4.0,1.1134020618556701,7,0.8272921108742004,0.6803762864156198,"(30.0, 1000000000.0]"
THE SHADOWS EDGE,df7f047e9886cfa1c0892c97f15d4146,D2+D3,69.0,64.0,44.333333333333336,459.0,371.59780653453606,0.28906846123115276,4.0,1.1134020618556701,7,1.0245535714285714,0.829459389586018,"(30.0, 1000000000.0]"
THE SHADOWS EDGE,e7ec114c2ec166155149062023617e8b,hanya_D3,0.0,211.0,70.33333333333333,1228.0,1347.9391729366978,0.3999645567431975,4.0,1.1134020618556701,7,0.8314150304671631,0.9126196160708855,"(30.0, 1000000000.0]"
THE SHADOWS EDGE,e939d818a5192f48fc4b73102e3aa4b9,hanya_D3,0.0,185.0,61.666666666666664,1592.0,1138.0342479213323,1.0736112090839538,2.0,1.1134020618556701,7,1.2293436293436293,0.8787909250357778,"(30.0, 1000000000.0]"
THE SHADOWS EDGE,f3a9ac312f7bc4e2467a1bf02a6aa1e9,hanya_D3,0.0,114.0,38.0,839.0,720.8108276506221,0.8105693799773551,4.0,1.1134020618556701,7,1.0513784461152882,0.9032717138478973,"(30.0, 1000000000.0]"
THUNDERBOLTS*,202dbf4df0e433f092fca1aa8162c400,D2+D3,319.0,261.0,193.33333333333334,1359.0,1197.51457052814,0.17788017778828344,4.0,1.0087719298245614,7,0.7438423645320197,0.655454061591757,"(30.0, 1000000000.0]"
TINGGAL MENINGGAL,4e12b237c826209f7ddc5b29a96380b6,hanya_D3,0.0,56.0,18.666666666666668,126.0,160.4364089152913,0.30281816853933435,1.0,0.8636363636363636,3,0.32142857142857145,0.40927655335533497,"(10.0, 30.0]"
TINGGAL MENINGGAL,ef2896a95abe2a2b4cfee245dc1e36ec,hanya_D3,0.0,29.0,9.666666666666666,0.0,70.28636477630056,1.0387147503886782,2.0,0.8636363636363636,0,0.0,0.3462382501295594,"(5.0, 10.0]"
UNTIL DAWN,0318cab65e5a4dbb61243ab4747fb621,hanya_D3,0.0,112.0,37.333333333333336,508.0,469.86088534000754,0.7045047786361406,5.0,1.0545454545454545,4,0.6479591836734694,0.5993123537500097,"(30.0, 1000000000.0]"
UNTIL DAWN,0a8777c6c78e2d102bdf459f8550cf93,hanya_D3,0.0,127.0,42.333333333333336,268.0,467.49678317732236,0.6732174910370833,5.0,1.0545454545454545,4,0.3014623172103487,0.5258681475560432,"(30.0, 1000000000.0]"
UNTIL DAWN,2e0ec493a87e740511b7b565386c06fe,hanya_D3,0.0,77.0,25.666666666666668,380.0,312.41928518361004,0.8452384648178722,3.0,1.0545454545454545,4,0.7050092764378478,0.5796276162961225,"(10.0, 30.0]"
UNTIL DAWN,3cc167017755a0197f18f93595c9ae85,hanya_D3,0.0,73.0,24.333333333333332,412.0,337.418744308354,0.88093269916019,3.0,1.0545454545454545,4,0.8062622309197651,0.6603106542237848,"(10.0, 30.0]"
UNTIL DAWN,541130ea8083a789df5d15bbfe13055a,hanya_D3,0.0,33.0,11.0,847.0,144.85890702275722,9.13773029607629,2.0,1.0545454545454545,4,3.6666666666666665,0.6270948355963516,"(10.0, 30.0]"
UNTIL DAWN,5b8eaa351fae8e6d1e759e814d74c1c5,hanya_D3,0.0,17.0,5.666666666666667,1984.0,77.9918467984595,48.050625710963196,3.0,1.0545454545454545,7,16.672268907563026,0.65539367057529,"(5.0, 10.0]"
UNTIL DAWN,9f0564f5cabe643e4dbb08b80d3cc241,hanya_D3,0.0,60.0,20.0,396.0,277.2835997158623,0.9068145496175422,3.0,1.0545454545454545,4,0.9428571428571428,0.6601990469425292,"(10.0, 30.0]"
UNTIL DAWN,df7f047e9886cfa1c0892c97f15d4146,D2+D3,31.0,18.0,16.333333333333332,125.0,39.755753583101665,0.7464538695854384,2.0,1.0545454545454545,4,0.9920634920634921,0.3155218538341402,"(10.0, 30.0]"
UNTIL DAWN,e7ec114c2ec166155149062023617e8b,hanya_D3,0.0,65.0,21.666666666666668,541.0,307.0179225141009,1.8319562781770393,2.0,1.0545454545454545,4,1.189010989010989,0.6747646648661559,"(10.0, 30.0]"
WAKTU MAGHRIB 2,a6d19ebcb27f61cbf41a6552fbf68676,D2+D3,254.0,187.0,147.0,590.0,684.6794037944194,0.2598992386058973,5.0,1.0,6,0.45072574484339195,0.523055312295202,"(30.0, 1000000000.0]"
WAKTU MAGHRIB 2,b2539b1f80254243391774489b1328aa,D2+D3,332.0,241.0,191.0,1101.0,1056.039243328237,0.6580811642750634,5.0,1.0,6,0.6526378186129224,0.6259865105680125,"(30.0, 1000000000.0]"
WARFARE,57d37d0d839b9dff6f87d6b5d5b679cc,D2+D3,84.0,78.0,54.0,97.0,147.298895093782,0.1330658600364603,5.0,0.8888888888888888,3,0.17765567765567766,0.26977819614245785,"(30.0, 1000000000.0]"
WARFARE,981569adf232c53afe751c8c660db8d9,D2+D3,66.0,107.0,57.666666666666664,190.0,165.4253344594745,0.07968841835177223,2.0,0.8888888888888888,3,0.253671562082777,0.22086159473895128,"(30.0, 1000000000.0]"
WARFARE,9eb47624e1e418bfac8b4fcc3a44a36b,D2+D3,39.0,34.0,24.333333333333332,53.0,51.00900722838475,0.050853537269175776,1.0,0.8888888888888888,2,0.2226890756302521,0.21432355978312922,"(10.0, 30.0]"
WARFARE,c48b7a4426e8cbee3f7dbfe8b87d1d89,hanya_D3,0.0,32.0,10.666666666666666,36.0,48.48117917821291,0.20327693634347593,3.0,0.8888888888888888,3,0.16071428571428573,0.21643383561702192,"(10.0, 30.0]"
WEAPONS,7995e00051a2fe6aeed7cfdbe0378c01,D2+D3,161.0,139.0,100.0,820.0,780.5915497177036,0.20644882876096957,4.0,0.9705882352941176,6,0.842754367934224,0.8022523635330973,"(30.0, 1000000000.0]"
