date,cinema_ids,city_name,before_mean_7d,after_mean_7d,delta_7d,ratio_7d,abs_delta
2025-05-21,8dbfb7aeb4ed822b358347332ba630af,JAKARTA,534.1428571428571,471.42857142857144,-62.714285714285666,0.8825889275207276,62.714285714285666
2025-08-14,8dbfb7aeb4ed822b358347332ba630af,JAKARTA,517.7142857142857,468.42857142857144,-49.28571428571422,0.9048013245033114,49.28571428571422
2025-09-08,8dbfb7aeb4ed822b358347332ba630af,JAKARTA,439.2857142857143,487.57142857142856,48.28571428571428,1.1099186991869918,48.28571428571428
2025-05-21,4ed104ac0de10ba7eef50158603e0b32,JAKARTA,413.85714285714283,370.85714285714283,-43.0,0.8960994131860546,43.0
2025-08-14,4ed104ac0de10ba7eef50158603e0b32,JAKARTA,404.0,368.14285714285717,-35.85714285714283,0.9112446958981613,35.85714285714283
2025-09-08,4ed104ac0de10ba7eef50158603e0b32,JAKARTA,346.0,381.85714285714283,35.85714285714283,1.1036333608587943,35.85714285714283
2025-05-01,4ed104ac0de10ba7eef50158603e0b32,JAKARTA,425.42857142857144,390.42857142857144,-35.0,0.9177300201477502,35.0
2025-07-23,8dbfb7aeb4ed822b358347332ba630af,JAKARTA,490.14285714285717,523.5714285714286,33.42857142857139,1.0682016904692508,33.42857142857139
2025-05-21,b704e8b10f13e14494b5a7a0ba39d9d9,JAKARTA,258.14285714285717,228.85714285714286,-29.285714285714306,0.886552296624239,29.285714285714306
2025-09-23,e7ec114c2ec166155149062023617e8b,SAMARINDA,28.857142857142858,55.142857142857146,26.28571428571429,1.910891089108911,26.28571428571429
2025-09-08,b704e8b10f13e14494b5a7a0ba39d9d9,JAKARTA,211.28571428571428,237.0,25.714285714285722,1.1217038539553752,25.714285714285722
2025-07-02,8dbfb7aeb4ed822b358347332ba630af,JAKARTA,500.7142857142857,476.14285714285717,-24.571428571428555,0.9509272467902996,24.571428571428555
2025-05-21,108f9a4d181f12fd1b7e3c9adae38478,TANGERANG,247.0,223.0,-24.0,0.902834008097166,24.0
2025-05-13,9f0564f5cabe643e4dbb08b80d3cc241,PONTIANAK,52.714285714285715,29.714285714285715,-23.0,0.5636856368563685,23.0
2025-09-01,29fc89ab155e9f202326046c2e0023bb,MAKASSAR,50.714285714285715,28.142857142857142,-22.571428571428573,0.5549295774647887,22.571428571428573
2025-09-24,8dbfb7aeb4ed822b358347332ba630af,JAKARTA,519.8571428571429,497.7142857142857,-22.142857142857167,0.957405880736466,22.142857142857167
2025-09-08,108f9a4d181f12fd1b7e3c9adae38478,TANGERANG,205.14285714285714,227.14285714285714,22.0,1.107242339832869,22.0
2025-07-09,53b77c875c67b68561415f23065e6e8d,PADANG,4.0,25.857142857142858,21.857142857142858,6.464285714285714,21.857142857142858
2025-07-24,4ed104ac0de10ba7eef50158603e0b32,JAKARTA,386.14285714285717,407.85714285714283,21.714285714285666,1.056233814280429,21.714285714285666
2025-06-29,4ed104ac0de10ba7eef50158603e0b32,JAKARTA,399.85714285714283,378.57142857142856,-21.285714285714278,0.9467667023937121,21.285714285714278
2025-08-14,108f9a4d181f12fd1b7e3c9adae38478,TANGERANG,242.14285714285714,222.0,-20.14285714285714,0.9168141592920355,20.14285714285714
2025-05-21,b4972b48997defae8304bc9c41220c7c,BEKASI,152.14285714285714,133.42857142857142,-18.714285714285722,0.8769953051643192,18.714285714285722
2025-05-21,6b88b1af662b72fbfa35004a8edfe2e9,DEPOK,177.28571428571428,159.42857142857142,-17.85714285714286,0.8992747784045124,17.85714285714286
2025-05-21,52eed153a88a6bdcb46cbb266a07cba2,TANGERANG,146.71428571428572,129.14285714285714,-17.571428571428584,0.8802336903602725,17.571428571428584
2025-05-21,862442166e956fe0e8355db8852d9440,TANGERANG,157.85714285714286,140.28571428571428,-17.571428571428584,0.8886877828054298,17.571428571428584
2025-08-13,0191582d75f94a412c0fa12d36bcee3f,SURABAYA,163.28571428571428,145.71428571428572,-17.571428571428555,0.8923884514435696,17.571428571428555
2025-04-26,8dbfb7aeb4ed822b358347332ba630af,JAKARTA,525.2857142857143,507.85714285714283,-17.4285714285715,0.9668207778079955,17.4285714285715
2025-05-21,0191582d75f94a412c0fa12d36bcee3f,SURABAYA,169.85714285714286,152.57142857142858,-17.285714285714278,0.8982338099243062,17.285714285714278
2025-08-15,c4a19cbeb409639c836e4304976db0aa,BANDUNG,184.71428571428572,167.71428571428572,-17.0,0.9079659706109822,17.0
2025-04-30,b704e8b10f13e14494b5a7a0ba39d9d9,JAKARTA,254.42857142857142,237.57142857142858,-16.857142857142833,0.9337450870297587,16.857142857142833
2025-05-21,015555fbcd8faef6b55a854605df0a87,SURABAYA,137.0,120.42857142857143,-16.57142857142857,0.8790406673618353,16.57142857142857
2025-08-14,b704e8b10f13e14494b5a7a0ba39d9d9,JAKARTA,249.57142857142858,233.71428571428572,-15.857142857142861,0.936462507155123,15.857142857142861
2025-09-08,c4a19cbeb409639c836e4304976db0aa,BANDUNG,159.14285714285714,174.71428571428572,15.571428571428584,1.0978456014362659,15.571428571428584
2025-09-08,6b88b1af662b72fbfa35004a8edfe2e9,DEPOK,148.85714285714286,164.0,15.142857142857139,1.1017274472168905,15.142857142857139
2025-07-17,b704e8b10f13e14494b5a7a0ba39d9d9,JAKARTA,222.85714285714286,237.71428571428572,14.857142857142861,1.0666666666666667,14.857142857142861
2025-05-21,5b8eaa351fae8e6d1e759e814d74c1c5,MEDAN,148.57142857142858,133.85714285714286,-14.714285714285722,0.9009615384615384,14.714285714285722
2025-04-09,8dbfb7aeb4ed822b358347332ba630af,JAKARTA,504.85714285714283,519.2857142857143,14.428571428571502,1.0285795132993776,14.428571428571502
2025-08-15,5b8eaa351fae8e6d1e759e814d74c1c5,MEDAN,143.57142857142858,129.14285714285714,-14.428571428571445,0.899502487562189,14.428571428571445
2025-05-21,c4a19cbeb409639c836e4304976db0aa,BANDUNG,188.57142857142858,174.28571428571428,-14.285714285714306,0.9242424242424241,14.285714285714306
2025-08-14,4e12b237c826209f7ddc5b29a96380b6,BEKASI,137.42857142857142,123.42857142857143,-13.999999999999986,0.8981288981288982,13.999999999999986
2025-05-21,4e12b237c826209f7ddc5b29a96380b6,BEKASI,141.71428571428572,127.85714285714286,-13.857142857142861,0.9022177419354839,13.857142857142861
2025-08-15,b4972b48997defae8304bc9c41220c7c,BEKASI,146.14285714285714,132.28571428571428,-13.857142857142861,0.9051808406647116,13.857142857142861
2025-09-08,4e12b237c826209f7ddc5b29a96380b6,BEKASI,117.71428571428571,131.42857142857142,13.714285714285708,1.116504854368932,13.714285714285708
2025-09-24,4ed104ac0de10ba7eef50158603e0b32,JAKARTA,404.7142857142857,391.14285714285717,-13.571428571428555,0.9664666431344865,13.571428571428555
2025-07-02,b704e8b10f13e14494b5a7a0ba39d9d9,JAKARTA,242.57142857142858,229.14285714285714,-13.428571428571445,0.9446407538280329,13.428571428571445
2025-07-23,108f9a4d181f12fd1b7e3c9adae38478,TANGERANG,230.28571428571428,243.57142857142858,13.285714285714306,1.0576923076923077,13.285714285714306
2025-05-21,a9e141baa8b4ec825325397b16eeaae3,BOGOR,129.28571428571428,116.0,-13.285714285714278,0.8972375690607736,13.285714285714278
2025-07-02,108f9a4d181f12fd1b7e3c9adae38478,TANGERANG,236.28571428571428,223.14285714285714,-13.142857142857139,0.9443772672309553,13.142857142857139
2025-08-14,3acdf298dab1b92bbaaad74d86c0c40a,SEMARANG,124.57142857142857,111.57142857142857,-13.0,0.8956422018348624,13.0
2025-09-08,0191582d75f94a412c0fa12d36bcee3f,SURABAYA,141.42857142857142,154.28571428571428,12.857142857142861,1.090909090909091,12.857142857142861
2025-09-08,b4972b48997defae8304bc9c41220c7c,BEKASI,128.42857142857142,141.0,12.571428571428584,1.0978865406006675,12.571428571428584
2025-08-15,6b88b1af662b72fbfa35004a8edfe2e9,DEPOK,171.57142857142858,159.28571428571428,-12.285714285714306,0.9283930058284762,12.285714285714306
2025-09-08,a9e141baa8b4ec825325397b16eeaae3,BOGOR,106.42857142857143,118.57142857142857,12.142857142857139,1.1140939597315436,12.142857142857139
2025-09-08,3acdf298dab1b92bbaaad74d86c0c40a,SEMARANG,105.57142857142857,117.71428571428571,12.142857142857139,1.115020297699594,12.142857142857139
2025-05-21,3acdf298dab1b92bbaaad74d86c0c40a,SEMARANG,127.85714285714286,115.85714285714286,-12.0,0.906145251396648,12.0
2025-08-14,a9e141baa8b4ec825325397b16eeaae3,BOGOR,121.85714285714286,109.85714285714286,-12.0,0.9015240328253223,12.0
2025-09-08,862442166e956fe0e8355db8852d9440,TANGERANG,130.14285714285714,142.0,11.857142857142861,1.0911086717892426,11.857142857142861
2025-08-15,862442166e956fe0e8355db8852d9440,TANGERANG,151.42857142857142,139.57142857142858,-11.857142857142833,0.9216981132075474,11.857142857142833
2025-09-24,b704e8b10f13e14494b5a7a0ba39d9d9,JAKARTA,252.42857142857142,241.0,-11.428571428571416,0.9547255234861347,11.428571428571416
2025-07-23,6b88b1af662b72fbfa35004a8edfe2e9,DEPOK,164.71428571428572,176.14285714285714,11.428571428571416,1.0693842150910666,11.428571428571416
2025-07-17,4e12b237c826209f7ddc5b29a96380b6,BEKASI,124.14285714285714,135.42857142857142,11.285714285714278,1.0909090909090908,11.285714285714278
2025-08-15,f54d37fc4c4d4b285aa3601041abc938,BOGOR,114.57142857142857,103.42857142857143,-11.142857142857139,0.9027431421446385,11.142857142857139
2025-09-08,5b8eaa351fae8e6d1e759e814d74c1c5,MEDAN,122.85714285714286,134.0,11.142857142857139,1.0906976744186045,11.142857142857139
2025-07-23,c4a19cbeb409639c836e4304976db0aa,BANDUNG,174.14285714285714,185.28571428571428,11.142857142857139,1.0639868744872847,11.142857142857139
2025-09-08,52eed153a88a6bdcb46cbb266a07cba2,TANGERANG,121.57142857142857,132.57142857142858,11.000000000000014,1.0904817861339602,11.000000000000014
2025-08-15,015555fbcd8faef6b55a854605df0a87,SURABAYA,127.57142857142857,116.57142857142857,-11.0,0.9137737961926092,11.0
2025-05-21,f54d37fc4c4d4b285aa3601041abc938,BOGOR,118.85714285714286,108.0,-10.857142857142861,0.9086538461538461,10.857142857142861
2025-08-15,52eed153a88a6bdcb46cbb266a07cba2,TANGERANG,140.57142857142858,129.71428571428572,-10.857142857142861,0.9227642276422764,10.857142857142861
2025-09-10,dc77e7e26c0e5e3a5c44ec2de0cedbde,DENPASAR,66.14285714285714,55.57142857142857,-10.57142857142857,0.8401727861771059,10.57142857142857
2025-07-24,0191582d75f94a412c0fa12d36bcee3f,SURABAYA,158.71428571428572,169.14285714285714,10.428571428571416,1.0657065706570656,10.428571428571416
2025-09-08,015555fbcd8faef6b55a854605df0a87,SURABAYA,111.42857142857143,121.71428571428571,10.285714285714278,1.0923076923076922,10.285714285714278
2025-05-21,e67d818ee0546f3b33d0ba2083ed4db5,BEKASI,79.0,69.28571428571429,-9.714285714285708,0.8770343580470163,9.714285714285708
2025-05-21,e8965581e1be78ac9a3145b6983ff6ec,SURABAYA,99.14285714285714,89.42857142857143,-9.714285714285708,0.9020172910662825,9.714285714285708
2025-09-24,108f9a4d181f12fd1b7e3c9adae38478,TANGERANG,240.71428571428572,231.14285714285714,-9.571428571428584,0.9602373887240355,9.571428571428584
2025-07-02,0191582d75f94a412c0fa12d36bcee3f,SURABAYA,159.0,149.42857142857142,-9.571428571428584,0.9398023360287511,9.571428571428584
2025-05-21,35de0354d956048d1c9c49ff069eaa55,MEDAN,79.42857142857143,70.0,-9.42857142857143,0.8812949640287769,9.42857142857143
2025-08-15,7cade3ea25dae25fdb8c56776676b0c7,CILEGON,74.28571428571429,65.14285714285714,-9.142857142857153,0.8769230769230768,9.142857142857153
2025-09-24,862442166e956fe0e8355db8852d9440,TANGERANG,153.42857142857142,144.28571428571428,-9.142857142857139,0.9404096834264433,9.142857142857139
2025-07-23,862442166e956fe0e8355db8852d9440,TANGERANG,143.85714285714286,153.0,9.142857142857139,1.063555114200596,9.142857142857139
2025-07-02,c4a19cbeb409639c836e4304976db0aa,BANDUNG,182.14285714285714,173.0,-9.142857142857139,0.9498039215686275,9.142857142857139
2025-07-23,b4972b48997defae8304bc9c41220c7c,BEKASI,141.0,150.14285714285714,9.142857142857139,1.0648429584599797,9.142857142857139
2025-09-24,6b88b1af662b72fbfa35004a8edfe2e9,DEPOK,173.28571428571428,164.42857142857142,-8.857142857142861,0.9488870568837593,8.857142857142861
2025-09-08,f54d37fc4c4d4b285aa3601041abc938,BOGOR,98.71428571428571,107.57142857142857,8.857142857142861,1.0897250361794502,8.857142857142861
2025-05-21,8750b9ee0b0c6c6afcfcb2a05e60efc0,BANDUNG,93.42857142857143,84.57142857142857,-8.857142857142861,0.9051987767584098,8.857142857142861
2025-05-21,e989d8fdc91de7e6ffbb72a2f5ac79f6,DEPOK,78.57142857142857,69.85714285714286,-8.714285714285708,0.8890909090909092,8.714285714285708
2025-07-23,015555fbcd8faef6b55a854605df0a87,SURABAYA,123.57142857142857,132.14285714285714,8.57142857142857,1.069364161849711,8.57142857142857
2025-09-24,0191582d75f94a412c0fa12d36bcee3f,SURABAYA,165.28571428571428,156.71428571428572,-8.571428571428555,0.948141745894555,8.571428571428555
2025-04-09,4ed104ac0de10ba7eef50158603e0b32,JAKARTA,418.2857142857143,426.7142857142857,8.428571428571445,1.0201502732240437,8.428571428571445
2025-08-15,35de0354d956048d1c9c49ff069eaa55,MEDAN,74.42857142857143,66.0,-8.42857142857143,0.8867562380038387,8.42857142857143
2025-09-24,b4972b48997defae8304bc9c41220c7c,BEKASI,148.71428571428572,140.42857142857142,-8.285714285714306,0.9442843419788663,8.285714285714306
2025-09-24,c4a19cbeb409639c836e4304976db0aa,BANDUNG,185.0,176.85714285714286,-8.142857142857139,0.955984555984556,8.142857142857139
2025-08-14,e8965581e1be78ac9a3145b6983ff6ec,SURABAYA,94.0,85.85714285714286,-8.142857142857139,0.9133738601823709,8.142857142857139
2025-08-15,e989d8fdc91de7e6ffbb72a2f5ac79f6,DEPOK,76.57142857142857,68.42857142857143,-8.142857142857139,0.8936567164179104,8.142857142857139
2025-07-23,52eed153a88a6bdcb46cbb266a07cba2,TANGERANG,133.71428571428572,141.85714285714286,8.142857142857139,1.060897435897436,8.142857142857139
2025-07-02,6b88b1af662b72fbfa35004a8edfe2e9,DEPOK,168.28571428571428,160.28571428571428,-8.0,0.9524617996604414,8.0
2025-04-30,862442166e956fe0e8355db8852d9440,TANGERANG,153.57142857142858,145.71428571428572,-7.857142857142861,0.9488372093023255,7.857142857142861
2025-05-21,e3edf631650eb304cf386709b98005f6,DENPASAR,68.28571428571429,60.42857142857143,-7.857142857142861,0.8849372384937239,7.857142857142861
2025-08-14,8750b9ee0b0c6c6afcfcb2a05e60efc0,BANDUNG,88.14285714285714,80.28571428571429,-7.857142857142847,0.9108589951377635,7.857142857142847
2025-09-08,8750b9ee0b0c6c6afcfcb2a05e60efc0,BANDUNG,76.28571428571429,84.14285714285714,7.857142857142847,1.1029962546816479,7.857142857142847
2025-09-07,7cade3ea25dae25fdb8c56776676b0c7,CILEGON,60.714285714285715,68.42857142857143,7.714285714285715,1.1270588235294117,7.714285714285715
2025-05-21,dc77e7e26c0e5e3a5c44ec2de0cedbde,DENPASAR,77.0,69.28571428571429,-7.714285714285708,0.8998144712430427,7.714285714285708
2025-07-02,015555fbcd8faef6b55a854605df0a87,SURABAYA,126.85714285714286,119.28571428571429,-7.571428571428569,0.9403153153153153,7.571428571428569
2025-07-20,a9e141baa8b4ec825325397b16eeaae3,BOGOR,115.42857142857143,122.85714285714286,7.428571428571431,1.0643564356435644,7.428571428571431
2025-08-15,e3edf631650eb304cf386709b98005f6,DENPASAR,64.85714285714286,57.42857142857143,-7.428571428571431,0.8854625550660793,7.428571428571431
2025-09-24,f54d37fc4c4d4b285aa3601041abc938,BOGOR,115.42857142857143,108.0,-7.428571428571431,0.9356435643564356,7.428571428571431
2025-07-02,52eed153a88a6bdcb46cbb266a07cba2,TANGERANG,138.42857142857142,131.0,-7.428571428571416,0.9463364293085657,7.428571428571416
2025-08-15,e67d818ee0546f3b33d0ba2083ed4db5,BEKASI,75.42857142857143,68.14285714285714,-7.285714285714292,0.9034090909090908,7.285714285714292
2025-05-21,29fc89ab155e9f202326046c2e0023bb,MAKASSAR,59.142857142857146,51.857142857142854,-7.285714285714292,0.8768115942028984,7.285714285714292
2025-04-30,015555fbcd8faef6b55a854605df0a87,SURABAYA,135.85714285714286,128.57142857142858,-7.285714285714278,0.9463722397476342,7.285714285714278
2025-04-30,0191582d75f94a412c0fa12d36bcee3f,SURABAYA,167.85714285714286,160.57142857142858,-7.285714285714278,0.9565957446808511,7.285714285714278
2025-07-03,862442166e956fe0e8355db8852d9440,TANGERANG,145.85714285714286,138.57142857142858,-7.285714285714278,0.9500489715964741,7.285714285714278
2025-05-21,7cade3ea25dae25fdb8c56776676b0c7,CILEGON,74.85714285714286,67.71428571428571,-7.142857142857153,0.9045801526717556,7.142857142857153
2025-05-21,9158e16be84a6db4d63d3289099f119b,JAYAPURA,39.142857142857146,32.142857142857146,-7.0,0.8211678832116789,7.0
2025-09-08,e67d818ee0546f3b33d0ba2083ed4db5,BEKASI,65.57142857142857,72.42857142857143,6.857142857142861,1.1045751633986929,6.857142857142861
2025-05-21,17e1e7da761f72bbb4e039ba08cc0ba0,SEMARANG,54.57142857142857,47.714285714285715,-6.857142857142854,0.87434554973822,6.857142857142854
2025-04-30,52eed153a88a6bdcb46cbb266a07cba2,TANGERANG,143.14285714285714,136.42857142857142,-6.714285714285722,0.9530938123752495,6.714285714285722
2025-09-08,e8965581e1be78ac9a3145b6983ff6ec,SURABAYA,80.57142857142857,87.28571428571429,6.714285714285722,1.0833333333333335,6.714285714285722
2025-07-23,3acdf298dab1b92bbaaad74d86c0c40a,SEMARANG,120.0,126.71428571428571,6.714285714285708,1.055952380952381,6.714285714285708
2025-07-23,e8965581e1be78ac9a3145b6983ff6ec,SURABAYA,89.0,95.71428571428571,6.714285714285708,1.0754414125200642,6.714285714285708
2025-07-17,5b8eaa351fae8e6d1e759e814d74c1c5,MEDAN,134.0,140.57142857142858,6.571428571428584,1.049040511727079,6.571428571428584
2025-07-03,a9e141baa8b4ec825325397b16eeaae3,BOGOR,122.28571428571429,115.71428571428571,-6.571428571428584,0.9462616822429906,6.571428571428584
2025-08-14,a9d508d218799f9dc69bb4aefc122cb3,MANADO,65.42857142857143,58.857142857142854,-6.5714285714285765,0.8995633187772925,6.5714285714285765
2025-08-15,541130ea8083a789df5d15bbfe13055a,MAKASSAR,56.42857142857143,49.857142857142854,-6.5714285714285765,0.8835443037974683,6.5714285714285765
2025-05-21,494c8f1916a97efe3390ba9dbab6ce7d,LAMPUNG,64.85714285714286,58.285714285714285,-6.5714285714285765,0.8986784140969162,6.5714285714285765
2025-08-15,17e1e7da761f72bbb4e039ba08cc0ba0,SEMARANG,52.857142857142854,46.285714285714285,-6.571428571428569,0.8756756756756757,6.571428571428569
2025-09-08,e989d8fdc91de7e6ffbb72a2f5ac79f6,DEPOK,65.0,71.57142857142857,6.571428571428569,1.101098901098901,6.571428571428569
2025-09-03,35de0354d956048d1c9c49ff069eaa55,MEDAN,61.57142857142857,68.0,6.428571428571431,1.1044083526682136,6.428571428571431
2025-08-15,dc77e7e26c0e5e3a5c44ec2de0cedbde,DENPASAR,72.14285714285714,65.71428571428571,-6.428571428571431,0.9108910891089108,6.428571428571431
2025-05-21,a616a546264044ed616bc2bdf2d9f7fc,YOGYAKARTA,59.57142857142857,53.142857142857146,-6.4285714285714235,0.8920863309352519,6.4285714285714235
2025-05-21,c877324e95024e707ae23f0aed947e15,SEMARANG,49.857142857142854,43.42857142857143,-6.4285714285714235,0.8710601719197709,6.4285714285714235
2025-09-24,a9e141baa8b4ec825325397b16eeaae3,BOGOR,124.28571428571429,118.0,-6.285714285714292,0.9494252873563218,6.285714285714292
2025-05-21,da96492ebd43c4a193238d6c3205cc40,PEKANBARU,68.14285714285714,61.857142857142854,-6.285714285714285,0.9077568134171908,6.285714285714285
2025-08-15,c877324e95024e707ae23f0aed947e15,SEMARANG,48.285714285714285,42.0,-6.285714285714285,0.8698224852071006,6.285714285714285
2025-07-23,e989d8fdc91de7e6ffbb72a2f5ac79f6,DEPOK,72.42857142857143,78.71428571428571,6.285714285714278,1.0867850098619327,6.285714285714278
2025-07-23,dc77e7e26c0e5e3a5c44ec2de0cedbde,DENPASAR,70.14285714285714,76.28571428571429,6.142857142857153,1.0875763747454177,6.142857142857153
2025-08-14,a616a546264044ed616bc2bdf2d9f7fc,YOGYAKARTA,58.0,51.857142857142854,-6.142857142857146,0.8940886699507389,6.142857142857146
2025-05-21,e7ec114c2ec166155149062023617e8b,SAMARINDA,59.0,52.857142857142854,-6.142857142857146,0.8958837772397094,6.142857142857146
2025-07-23,8750b9ee0b0c6c6afcfcb2a05e60efc0,BANDUNG,85.0,91.14285714285714,6.142857142857139,1.0722689075630252,6.142857142857139
2025-05-21,541130ea8083a789df5d15bbfe13055a,MAKASSAR,59.142857142857146,53.142857142857146,-6.0,0.8985507246376812,6.0
2025-07-23,f54d37fc4c4d4b285aa3601041abc938,BOGOR,110.71428571428571,116.71428571428571,6.0,1.0541935483870968,6.0
2025-05-21,3c41b96b56b0aab1ed5fc5e703499730,BALIKPAPAN,54.42857142857143,48.42857142857143,-6.0,0.889763779527559,6.0
2025-07-03,e8965581e1be78ac9a3145b6983ff6ec,SURABAYA,91.42857142857143,85.42857142857143,-6.0,0.934375,6.0
2025-07-02,5b8eaa351fae8e6d1e759e814d74c1c5,MEDAN,140.14285714285714,134.14285714285714,-6.0,0.9571865443425076,6.0
2025-07-03,b4972b48997defae8304bc9c41220c7c,BEKASI,143.57142857142858,137.71428571428572,-5.857142857142861,0.9592039800995025,5.857142857142861
2025-05-21,490346a8a068ba7d2e3764714c6d5323,BANDUNG,54.714285714285715,48.857142857142854,-5.857142857142861,0.8929503916449085,5.857142857142861
2025-04-18,108f9a4d181f12fd1b7e3c9adae38478,TANGERANG,237.71428571428572,243.57142857142858,5.857142857142861,1.0246394230769231,5.857142857142861
2025-09-08,da96492ebd43c4a193238d6c3205cc40,PEKANBARU,57.857142857142854,63.714285714285715,5.857142857142861,1.1012345679012348,5.857142857142861
2025-08-15,3c41b96b56b0aab1ed5fc5e703499730,BALIKPAPAN,51.0,45.142857142857146,-5.857142857142854,0.8851540616246499,5.857142857142854
2025-09-24,3acdf298dab1b92bbaaad74d86c0c40a,SEMARANG,125.42857142857143,119.71428571428571,-5.714285714285722,0.9544419134396355,5.714285714285722
2025-09-04,541130ea8083a789df5d15bbfe13055a,MAKASSAR,47.0,52.714285714285715,5.714285714285715,1.121580547112462,5.714285714285715
2025-08-15,da96492ebd43c4a193238d6c3205cc40,PEKANBARU,66.14285714285714,60.42857142857143,-5.714285714285708,0.9136069114470843,5.714285714285708
2025-06-26,4e12b237c826209f7ddc5b29a96380b6,BEKASI,137.42857142857142,131.71428571428572,-5.714285714285694,0.9584199584199585,5.714285714285694
2025-09-23,e67d818ee0546f3b33d0ba2083ed4db5,BEKASI,76.28571428571429,70.71428571428571,-5.571428571428584,0.9269662921348313,5.571428571428584
2025-08-15,494c8f1916a97efe3390ba9dbab6ce7d,LAMPUNG,62.142857142857146,56.57142857142857,-5.5714285714285765,0.9103448275862068,5.5714285714285765
2025-07-02,3acdf298dab1b92bbaaad74d86c0c40a,SEMARANG,120.42857142857143,114.85714285714286,-5.571428571428569,0.9537366548042705,5.571428571428569
2025-09-24,e8965581e1be78ac9a3145b6983ff6ec,SURABAYA,93.57142857142857,88.0,-5.571428571428569,0.9404580152671755,5.571428571428569
2025-09-08,9aab42397bbc1d1cdb49f7044dc990f0,PALEMBANG,53.0,58.57142857142857,5.571428571428569,1.105121293800539,5.571428571428569
2025-07-23,e67d818ee0546f3b33d0ba2083ed4db5,BEKASI,73.85714285714286,79.42857142857143,5.571428571428569,1.0754352030947776,5.571428571428569
2025-04-30,4e12b237c826209f7ddc5b29a96380b6,BEKASI,141.14285714285714,135.57142857142858,-5.571428571428555,0.9605263157894738,5.571428571428555
2025-04-09,b704e8b10f13e14494b5a7a0ba39d9d9,JAKARTA,247.71428571428572,253.28571428571428,5.571428571428555,1.0224913494809689,5.571428571428555
2025-08-15,c48b7a4426e8cbee3f7dbfe8b87d1d89,PEKALONGAN,34.714285714285715,29.285714285714285,-5.428571428571431,0.8436213991769547,5.428571428571431
2025-05-21,9aab42397bbc1d1cdb49f7044dc990f0,PALEMBANG,63.0,57.57142857142857,-5.428571428571431,0.9138321995464852,5.428571428571431
2025-05-21,716ede53fbca27fbe1c1a55d6667c2b5,CIKARANG,51.142857142857146,45.714285714285715,-5.428571428571431,0.8938547486033519,5.428571428571431
2025-08-15,716ede53fbca27fbe1c1a55d6667c2b5,CIKARANG,50.42857142857143,45.0,-5.428571428571431,0.8923512747875354,5.428571428571431
2025-05-21,8d2e05da5624875993cb8580c88334a9,CIREBON,49.42857142857143,44.0,-5.428571428571431,0.8901734104046243,5.428571428571431
2025-09-08,a9d508d218799f9dc69bb4aefc122cb3,MANADO,56.42857142857143,61.857142857142854,5.4285714285714235,1.0962025316455695,5.4285714285714235
2025-08-14,218c50fa4df90b3241e39ff8ffb41102,SOLO,44.0,38.714285714285715,-5.285714285714285,0.8798701298701299,5.285714285714285
2025-04-08,c4a19cbeb409639c836e4304976db0aa,BANDUNG,183.0,188.28571428571428,5.285714285714278,1.0288836846213896,5.285714285714278
2025-05-21,a9d508d218799f9dc69bb4aefc122cb3,MANADO,67.85714285714286,62.714285714285715,-5.142857142857146,0.9242105263157895,5.142857142857146
2025-08-22,fbaf4d5f0c18dc603a21aef31da59ee6,SAMARINDA,26.0,20.857142857142858,-5.142857142857142,0.8021978021978022,5.142857142857142
2025-07-23,312cd6ebdd3af9ac55f7b3d31ecab9c2,BOGOR,39.714285714285715,44.714285714285715,5.0,1.1258992805755397,5.0
2025-09-08,494c8f1916a97efe3390ba9dbab6ce7d,LAMPUNG,54.142857142857146,59.142857142857146,5.0,1.0923482849604222,5.0
2025-05-21,312cd6ebdd3af9ac55f7b3d31ecab9c2,BOGOR,44.857142857142854,39.857142857142854,-5.0,0.8885350318471338,5.0
2025-04-30,5b8eaa351fae8e6d1e759e814d74c1c5,MEDAN,147.0,142.0,-5.0,0.9659863945578231,5.0
2025-04-08,f54d37fc4c4d4b285aa3601041abc938,BOGOR,110.57142857142857,115.57142857142857,5.0,1.045219638242894,5.0
2025-08-15,9aab42397bbc1d1cdb49f7044dc990f0,PALEMBANG,60.142857142857146,55.285714285714285,-4.857142857142861,0.9192399049881235,4.857142857142861
2025-05-21,fbaf4d5f0c18dc603a21aef31da59ee6,SAMARINDA,34.857142857142854,30.0,-4.857142857142854,0.8606557377049181,4.857142857142854
2025-05-21,073b764928864ed8fa0b6b115bfdd685,BATAM,45.0,40.142857142857146,-4.857142857142854,0.8920634920634921,4.857142857142854
2025-07-23,490346a8a068ba7d2e3764714c6d5323,BANDUNG,49.857142857142854,54.57142857142857,4.714285714285715,1.0945558739255015,4.714285714285715
2025-05-21,4fc3fc370b299876663c7d5c90595853,BANJARMASIN,44.42857142857143,39.714285714285715,-4.714285714285715,0.8938906752411575,4.714285714285715
2025-07-16,17e1e7da761f72bbb4e039ba08cc0ba0,SEMARANG,46.285714285714285,51.0,4.714285714285715,1.1018518518518519,4.714285714285715
2025-07-23,e3edf631650eb304cf386709b98005f6,DENPASAR,61.714285714285715,66.42857142857143,4.714285714285715,1.0763888888888888,4.714285714285715
2025-07-23,35de0354d956048d1c9c49ff069eaa55,MEDAN,72.0,76.71428571428571,4.714285714285708,1.0654761904761905,4.714285714285708
2025-04-09,862442166e956fe0e8355db8852d9440,TANGERANG,147.57142857142858,152.28571428571428,4.714285714285694,1.0319457889641819,4.714285714285694
2025-04-25,6b88b1af662b72fbfa35004a8edfe2e9,DEPOK,176.0,171.42857142857142,-4.571428571428584,0.9740259740259739,4.571428571428584
2025-09-08,e3edf631650eb304cf386709b98005f6,DENPASAR,56.857142857142854,61.42857142857143,4.5714285714285765,1.0804020100502514,4.5714285714285765
2025-05-21,19f506af810fe579721721d058f6b243,MEDAN,44.0,39.42857142857143,-4.571428571428569,0.8961038961038962,4.571428571428569
2025-07-02,f54d37fc4c4d4b285aa3601041abc938,BOGOR,112.42857142857143,107.85714285714286,-4.571428571428569,0.9593392630241423,4.571428571428569
2025-08-05,29fc89ab155e9f202326046c2e0023bb,MAKASSAR,59.57142857142857,55.0,-4.571428571428569,0.9232613908872902,4.571428571428569
2025-04-09,52eed153a88a6bdcb46cbb266a07cba2,TANGERANG,139.57142857142858,144.14285714285714,4.571428571428555,1.0327533265097235,4.571428571428555
2025-09-24,52eed153a88a6bdcb46cbb266a07cba2,TANGERANG,140.57142857142858,136.14285714285714,-4.428571428571445,0.9684959349593495,4.428571428571445
2025-09-24,4e12b237c826209f7ddc5b29a96380b6,BEKASI,139.71428571428572,135.28571428571428,-4.428571428571445,0.9683026584867075,4.428571428571445
2025-07-02,8750b9ee0b0c6c6afcfcb2a05e60efc0,BANDUNG,87.28571428571429,82.85714285714286,-4.428571428571431,0.9492635024549918,4.428571428571431
2025-06-27,dc77e7e26c0e5e3a5c44ec2de0cedbde,DENPASAR,75.57142857142857,71.14285714285714,-4.428571428571431,0.941398865784499,4.428571428571431
2025-09-08,919c7b9859d8ce7cab47dab2463e7fab,MAKASSAR,36.857142857142854,41.285714285714285,4.428571428571431,1.12015503875969,4.428571428571431
2025-04-18,218c50fa4df90b3241e39ff8ffb41102,SOLO,38.857142857142854,43.285714285714285,4.428571428571431,1.1139705882352942,4.428571428571431
2025-09-03,3f6093566521149f8e37fa4e3fafe7cc,PADANG,45.57142857142857,50.0,4.428571428571431,1.09717868338558,4.428571428571431
2025-07-03,7cade3ea25dae25fdb8c56776676b0c7,CILEGON,71.85714285714286,67.42857142857143,-4.428571428571431,0.9383697813121272,4.428571428571431
2025-09-08,c877324e95024e707ae23f0aed947e15,SEMARANG,40.42857142857143,44.857142857142854,4.4285714285714235,1.1095406360424027,4.4285714285714235
2025-05-21,26a644178fbdb277dc3c50997f6df7fe,PALEMBANG,54.857142857142854,50.42857142857143,-4.4285714285714235,0.9192708333333334,4.4285714285714235
2025-09-08,17e1e7da761f72bbb4e039ba08cc0ba0,SEMARANG,45.42857142857143,49.857142857142854,4.4285714285714235,1.0974842767295596,4.4285714285714235
2025-04-08,6b88b1af662b72fbfa35004a8edfe2e9,DEPOK,168.57142857142858,173.0,4.428571428571416,1.026271186440678,4.428571428571416
2025-09-24,015555fbcd8faef6b55a854605df0a87,SURABAYA,129.57142857142858,125.28571428571429,-4.285714285714292,0.9669239250275633,4.285714285714292
2025-07-03,e989d8fdc91de7e6ffbb72a2f5ac79f6,DEPOK,74.42857142857143,70.14285714285714,-4.285714285714292,0.9424184261036468,4.285714285714292
2025-09-08,716ede53fbca27fbe1c1a55d6667c2b5,CIKARANG,42.857142857142854,47.142857142857146,4.285714285714292,1.1,4.285714285714292
2025-06-26,e3edf631650eb304cf386709b98005f6,DENPASAR,65.28571428571429,61.0,-4.285714285714292,0.9343544857768051,4.285714285714292
2025-08-14,580919d632e55fd9736ae1a2ac6ed0c5,BATAM,38.142857142857146,33.857142857142854,-4.285714285714292,0.8876404494382021,4.285714285714292
2025-04-25,e8965581e1be78ac9a3145b6983ff6ec,SURABAYA,99.42857142857143,95.14285714285714,-4.285714285714292,0.9568965517241379,4.285714285714292
2025-08-15,4fc3fc370b299876663c7d5c90595853,BANJARMASIN,43.42857142857143,39.142857142857146,-4.285714285714285,0.9013157894736843,4.285714285714285
2025-07-23,9aab42397bbc1d1cdb49f7044dc990f0,PALEMBANG,59.142857142857146,63.42857142857143,4.285714285714285,1.072463768115942,4.285714285714285
2025-05-21,3f6093566521149f8e37fa4e3fafe7cc,PADANG,54.857142857142854,50.57142857142857,-4.285714285714285,0.921875,4.285714285714285
2025-04-09,e3edf631650eb304cf386709b98005f6,DENPASAR,63.142857142857146,67.42857142857143,4.285714285714285,1.0678733031674208,4.285714285714285
2025-08-15,3f6093566521149f8e37fa4e3fafe7cc,PADANG,52.714285714285715,48.57142857142857,-4.142857142857146,0.9214092140921408,4.142857142857146
2025-09-08,3c41b96b56b0aab1ed5fc5e703499730,BALIKPAPAN,44.57142857142857,48.714285714285715,4.142857142857146,1.092948717948718,4.142857142857146
2025-08-15,073b764928864ed8fa0b6b115bfdd685,BATAM,42.42857142857143,38.285714285714285,-4.142857142857146,0.9023569023569022,4.142857142857146
2025-08-15,9158e16be84a6db4d63d3289099f119b,JAYAPURA,37.285714285714285,33.142857142857146,-4.142857142857139,0.888888888888889,4.142857142857139
2025-04-30,b4972b48997defae8304bc9c41220c7c,BEKASI,149.0,144.85714285714286,-4.142857142857139,0.9721955896452541,4.142857142857139
2025-08-15,8d2e05da5624875993cb8580c88334a9,CIREBON,47.285714285714285,43.142857142857146,-4.142857142857139,0.9123867069486405,4.142857142857139
2025-04-09,015555fbcd8faef6b55a854605df0a87,SURABAYA,129.28571428571428,133.42857142857142,4.142857142857139,1.0320441988950275,4.142857142857139
2025-09-24,5b8eaa351fae8e6d1e759e814d74c1c5,MEDAN,140.85714285714286,136.71428571428572,-4.142857142857139,0.9705882352941176,4.142857142857139
2025-08-15,9f0564f5cabe643e4dbb08b80d3cc241,PONTIANAK,29.285714285714285,25.285714285714285,-4.0,0.8634146341463415,4.0
2025-08-15,490346a8a068ba7d2e3764714c6d5323,BANDUNG,50.714285714285715,46.714285714285715,-4.0,0.9211267605633803,4.0
2025-08-15,ecace029de4a6bd4ae872928509cd71d,TASIKMALAYA,37.714285714285715,33.714285714285715,-4.0,0.8939393939393939,4.0
2025-05-21,580919d632e55fd9736ae1a2ac6ed0c5,BATAM,39.0,35.0,-4.0,0.8974358974358975,4.0
2025-07-23,3c41b96b56b0aab1ed5fc5e703499730,BALIKPAPAN,50.142857142857146,54.142857142857146,4.0,1.0797720797720798,4.0
2025-08-14,f7734bb329cacfe21ce854ae822b6115,TANJUNG PINANG,29.142857142857142,25.142857142857142,-4.0,0.8627450980392157,4.0
2025-09-08,218c50fa4df90b3241e39ff8ffb41102,SOLO,36.857142857142854,40.857142857142854,4.0,1.1085271317829457,4.0
2025-08-14,7114d91eccf418326f7a9a05943c04e1,JAMBI,38.714285714285715,34.857142857142854,-3.857142857142861,0.9003690036900368,3.857142857142861
2025-04-27,a9d508d218799f9dc69bb4aefc122cb3,MANADO,69.57142857142857,65.71428571428571,-3.857142857142861,0.9445585215605748,3.857142857142861
2025-09-24,e3edf631650eb304cf386709b98005f6,DENPASAR,65.42857142857143,61.57142857142857,-3.857142857142861,0.9410480349344977,3.857142857142861
2025-08-14,919c7b9859d8ce7cab47dab2463e7fab,MAKASSAR,43.142857142857146,39.285714285714285,-3.857142857142861,0.9105960264900661,3.857142857142861
2025-09-08,8d2e05da5624875993cb8580c88334a9,CIREBON,42.285714285714285,46.142857142857146,3.857142857142861,1.0912162162162162,3.857142857142861
2025-07-18,7cade3ea25dae25fdb8c56776676b0c7,CILEGON,69.0,72.85714285714286,3.857142857142861,1.0559006211180124,3.857142857142861
2025-05-21,88d0ee0029bee810e1d0fe37f73e2d3b,SOLO,29.857142857142858,26.0,-3.8571428571428577,0.8708133971291866,3.8571428571428577
2025-09-08,4fc3fc370b299876663c7d5c90595853,BANJARMASIN,37.0,40.857142857142854,3.857142857142854,1.1042471042471043,3.857142857142854
2025-08-15,15c7dc37db27dd76f38cc419107f7c48,KARAWANG,38.0,34.142857142857146,-3.857142857142854,0.8984962406015038,3.857142857142854
2025-07-02,a9d508d218799f9dc69bb4aefc122cb3,MANADO,63.857142857142854,60.0,-3.857142857142854,0.9395973154362417,3.857142857142854
2025-04-26,f54d37fc4c4d4b285aa3601041abc938,BOGOR,118.14285714285714,114.28571428571429,-3.857142857142847,0.9673518742442564,3.857142857142847
2025-04-29,dc77e7e26c0e5e3a5c44ec2de0cedbde,DENPASAR,77.14285714285714,73.28571428571429,-3.857142857142847,0.9500000000000002,3.857142857142847
2025-09-24,8750b9ee0b0c6c6afcfcb2a05e60efc0,BANDUNG,88.42857142857143,84.71428571428571,-3.7142857142857224,0.9579967689822293,3.7142857142857224
2025-09-08,15c7dc37db27dd76f38cc419107f7c48,KARAWANG,32.285714285714285,36.0,3.7142857142857153,1.1150442477876106,3.7142857142857153
2025-09-08,a616a546264044ed616bc2bdf2d9f7fc,YOGYAKARTA,50.57142857142857,54.285714285714285,3.7142857142857153,1.073446327683616,3.7142857142857153
2025-08-15,f3a9ac312f7bc4e2467a1bf02a6aa1e9,LAMPUNG,29.142857142857142,25.428571428571427,-3.7142857142857153,0.8725490196078431,3.7142857142857153
2025-09-08,ecace029de4a6bd4ae872928509cd71d,TASIKMALAYA,32.57142857142857,36.285714285714285,3.7142857142857153,1.1140350877192984,3.7142857142857153
2025-05-21,7114d91eccf418326f7a9a05943c04e1,JAMBI,40.0,36.285714285714285,-3.7142857142857153,0.9071428571428571,3.7142857142857153
2025-04-27,3c41b96b56b0aab1ed5fc5e703499730,BALIKPAPAN,54.142857142857146,50.42857142857143,-3.7142857142857153,0.9313984168865436,3.7142857142857153
2025-05-21,ecace029de4a6bd4ae872928509cd71d,TASIKMALAYA,38.857142857142854,35.142857142857146,-3.714285714285708,0.9044117647058825,3.714285714285708
2025-04-30,e67d818ee0546f3b33d0ba2083ed4db5,BEKASI,78.28571428571429,74.71428571428571,-3.5714285714285836,0.9543795620437955,3.5714285714285836
2025-04-26,e3edf631650eb304cf386709b98005f6,DENPASAR,66.42857142857143,62.857142857142854,-3.5714285714285765,0.9462365591397849,3.5714285714285765
2025-09-24,3c41b96b56b0aab1ed5fc5e703499730,BALIKPAPAN,52.142857142857146,48.57142857142857,-3.5714285714285765,0.9315068493150684,3.5714285714285765
2025-08-15,5a894958f375392ce7981be2eb9a26be,JEMBER,19.714285714285715,16.142857142857142,-3.571428571428573,0.8188405797101449,3.571428571428573
2025-04-30,19f506af810fe579721721d058f6b243,MEDAN,42.857142857142854,39.285714285714285,-3.5714285714285694,0.9166666666666667,3.5714285714285694
2025-05-10,218c50fa4df90b3241e39ff8ffb41102,SOLO,40.42857142857143,44.0,3.5714285714285694,1.088339222614841,3.5714285714285694
2025-09-08,c48b7a4426e8cbee3f7dbfe8b87d1d89,PEKALONGAN,29.714285714285715,33.285714285714285,3.5714285714285694,1.1201923076923077,3.5714285714285694
2025-09-24,35de0354d956048d1c9c49ff069eaa55,MEDAN,74.71428571428571,71.14285714285714,-3.5714285714285694,0.9521988527724665,3.5714285714285694
2025-09-08,073b764928864ed8fa0b6b115bfdd685,BATAM,38.0,41.57142857142857,3.5714285714285694,1.093984962406015,3.5714285714285694
2025-09-09,490346a8a068ba7d2e3764714c6d5323,BANDUNG,46.142857142857146,49.714285714285715,3.5714285714285694,1.0773993808049536,3.5714285714285694
2025-04-25,c4a19cbeb409639c836e4304976db0aa,BANDUNG,189.71428571428572,186.28571428571428,-3.428571428571445,0.9819277108433734,3.428571428571445
2025-04-08,4e12b237c826209f7ddc5b29a96380b6,BEKASI,140.85714285714286,137.42857142857142,-3.428571428571445,0.9756592292089248,3.428571428571445
2025-09-08,312cd6ebdd3af9ac55f7b3d31ecab9c2,BOGOR,36.57142857142857,40.0,3.4285714285714306,1.09375,3.4285714285714306
2025-04-09,dc77e7e26c0e5e3a5c44ec2de0cedbde,DENPASAR,73.57142857142857,77.0,3.4285714285714306,1.046601941747573,3.4285714285714306
2025-08-15,d33850e3698903061b4c18886ce00c9d,GARUT,23.857142857142858,20.428571428571427,-3.4285714285714306,0.8562874251497005,3.4285714285714306
2025-09-24,541130ea8083a789df5d15bbfe13055a,MAKASSAR,57.0,53.57142857142857,-3.4285714285714306,0.9398496240601504,3.4285714285714306
2025-09-17,26a644178fbdb277dc3c50997f6df7fe,PALEMBANG,50.285714285714285,53.714285714285715,3.4285714285714306,1.0681818181818181,3.4285714285714306
2025-08-15,4a4c71e99772e87c9e35a56acd8be21e,TERNATE,28.857142857142858,25.428571428571427,-3.4285714285714306,0.8811881188118811,3.4285714285714306
2025-07-02,580919d632e55fd9736ae1a2ac6ed0c5,BATAM,37.0,33.57142857142857,-3.4285714285714306,0.9073359073359073,3.4285714285714306
2025-09-24,9158e16be84a6db4d63d3289099f119b,JAYAPURA,36.142857142857146,32.714285714285715,-3.4285714285714306,0.9051383399209486,3.4285714285714306
2025-05-21,f292a4101ca0420357a2d18b3a013e5f,PALU,34.285714285714285,30.857142857142858,-3.428571428571427,0.9,3.428571428571427
2025-08-15,8188326fb0a403be03ea632997c8a959,GORONTALO,29.142857142857142,25.714285714285715,-3.428571428571427,0.8823529411764707,3.428571428571427
2025-09-08,19f506af810fe579721721d058f6b243,MEDAN,36.142857142857146,39.57142857142857,3.4285714285714235,1.0948616600790513,3.4285714285714235
2025-04-26,8750b9ee0b0c6c6afcfcb2a05e60efc0,BANDUNG,93.71428571428571,90.28571428571429,-3.4285714285714164,0.9634146341463415,3.4285714285714164
2025-05-21,15c7dc37db27dd76f38cc419107f7c48,KARAWANG,39.142857142857146,35.857142857142854,-3.285714285714292,0.9160583941605838,3.285714285714292
2025-07-02,35de0354d956048d1c9c49ff069eaa55,MEDAN,72.85714285714286,69.57142857142857,-3.285714285714292,0.9549019607843137,3.285714285714292
2025-09-24,e989d8fdc91de7e6ffbb72a2f5ac79f6,DEPOK,76.42857142857143,73.14285714285714,-3.285714285714292,0.9570093457943925,3.285714285714292
2025-08-15,f292a4101ca0420357a2d18b3a013e5f,PALU,32.714285714285715,29.428571428571427,-3.2857142857142883,0.8995633187772925,3.2857142857142883
2025-08-14,e7ec114c2ec166155149062023617e8b,SAMARINDA,29.714285714285715,26.428571428571427,-3.2857142857142883,0.8894230769230769,3.2857142857142883
2025-08-14,afbb3b11f728a54ad1eb3ca34f602779,KENDARI,19.571428571428573,16.285714285714285,-3.2857142857142883,0.8321167883211678,3.2857142857142883
2025-08-14,bf33cc26f29bf266a83e35901fa80c9c,AMBON,34.0,30.714285714285715,-3.2857142857142847,0.9033613445378151,3.2857142857142847
2025-07-21,29fc89ab155e9f202326046c2e0023bb,MAKASSAR,55.0,58.285714285714285,3.2857142857142847,1.0597402597402596,3.2857142857142847
2025-08-15,4eb26b1058266dc50a63dc875e4d8846,MATARAM,28.857142857142858,25.571428571428573,-3.2857142857142847,0.8861386138613861,3.2857142857142847
2025-05-21,1240789770bc04e7d26e5fa31c075ced,MALANG,25.0,21.714285714285715,-3.2857142857142847,0.8685714285714287,3.2857142857142847
2025-04-30,17e1e7da761f72bbb4e039ba08cc0ba0,SEMARANG,53.857142857142854,50.57142857142857,-3.2857142857142847,0.9389920424403183,3.2857142857142847
2025-09-23,fbaf4d5f0c18dc603a21aef31da59ee6,SAMARINDA,23.714285714285715,27.0,3.2857142857142847,1.1385542168674698,3.2857142857142847
2025-09-08,580919d632e55fd9736ae1a2ac6ed0c5,BATAM,32.142857142857146,35.42857142857143,3.2857142857142847,1.1022222222222222,3.2857142857142847
2025-04-15,b4972b48997defae8304bc9c41220c7c,BEKASI,146.14285714285714,149.42857142857142,3.2857142857142776,1.0224828934506354,3.2857142857142776
2025-04-30,494c8f1916a97efe3390ba9dbab6ce7d,LAMPUNG,64.28571428571429,61.142857142857146,-3.142857142857146,0.951111111111111,3.142857142857146
2025-07-23,a616a546264044ed616bc2bdf2d9f7fc,YOGYAKARTA,54.857142857142854,58.0,3.142857142857146,1.0572916666666667,3.142857142857146
2025-04-30,15c7dc37db27dd76f38cc419107f7c48,KARAWANG,39.142857142857146,36.0,-3.142857142857146,0.9197080291970802,3.142857142857146
2025-09-24,da96492ebd43c4a193238d6c3205cc40,PEKANBARU,66.28571428571429,63.142857142857146,-3.142857142857146,0.9525862068965517,3.142857142857146
2025-09-01,9158e16be84a6db4d63d3289099f119b,JAYAPURA,34.142857142857146,31.0,-3.142857142857146,0.907949790794979,3.142857142857146
2025-07-23,19f506af810fe579721721d058f6b243,MEDAN,40.0,43.142857142857146,3.142857142857146,1.0785714285714287,3.142857142857146
2025-05-21,3cc167017755a0197f18f93595c9ae85,JAMBI,29.857142857142858,26.714285714285715,-3.1428571428571423,0.8947368421052632,3.1428571428571423
2025-07-23,efe899b321b96d852776427476f14a06,YOGYAKARTA,25.714285714285715,28.857142857142858,3.1428571428571423,1.1222222222222222,3.1428571428571423
2025-08-15,57d37d0d839b9dff6f87d6b5d5b679cc,SOLO,28.285714285714285,25.142857142857142,-3.1428571428571423,0.888888888888889,3.1428571428571423
2025-05-06,108f9a4d181f12fd1b7e3c9adae38478,TANGERANG,238.14285714285714,241.28571428571428,3.142857142857139,1.0131973605278943,3.142857142857139
2025-04-14,0191582d75f94a412c0fa12d36bcee3f,SURABAYA,164.0,167.14285714285714,3.142857142857139,1.019163763066202,3.142857142857139
2025-05-21,919c7b9859d8ce7cab47dab2463e7fab,MAKASSAR,43.857142857142854,40.714285714285715,-3.142857142857139,0.9283387622149838,3.142857142857139
2025-07-03,494c8f1916a97efe3390ba9dbab6ce7d,LAMPUNG,61.857142857142854,58.714285714285715,-3.142857142857139,0.9491916859122402,3.142857142857139
2025-07-23,a9d508d218799f9dc69bb4aefc122cb3,MANADO,63.285714285714285,66.28571428571429,3.000000000000007,1.0474040632054178,3.000000000000007
2025-07-02,da96492ebd43c4a193238d6c3205cc40,PEKANBARU,65.28571428571429,62.285714285714285,-3.000000000000007,0.9540481400437636,3.000000000000007
2025-09-08,92e94ed55b4de8feaff9462a66e2dbd7,PEKANBARU,29.142857142857142,32.142857142857146,3.0000000000000036,1.1029411764705883,3.0000000000000036
2025-04-30,a616a546264044ed616bc2bdf2d9f7fc,YOGYAKARTA,59.0,56.0,-3.0,0.9491525423728814,3.0
2025-09-06,53b77c875c67b68561415f23065e6e8d,PADANG,23.571428571428573,26.571428571428573,3.0,1.1272727272727272,3.0
2025-05-21,57d37d0d839b9dff6f87d6b5d5b679cc,SOLO,29.857142857142858,26.857142857142858,-3.0,0.8995215311004785,3.0
2025-04-17,7cade3ea25dae25fdb8c56776676b0c7,CILEGON,71.0,74.0,3.0,1.0422535211267605,3.0
2025-04-17,541130ea8083a789df5d15bbfe13055a,MAKASSAR,56.857142857142854,59.857142857142854,3.0,1.0527638190954773,3.0
2025-05-21,d33850e3698903061b4c18886ce00c9d,GARUT,25.0,22.0,-3.0,0.88,3.0
2025-07-16,c71a18e33d4b7c73c8124c65fc3e6f1c,MANADO,20.142857142857142,23.142857142857142,3.0,1.148936170212766,3.0
2025-05-21,981569adf232c53afe751c8c660db8d9,BATAM,29.857142857142858,26.857142857142858,-3.0,0.8995215311004785,3.0
2025-09-05,5a894958f375392ce7981be2eb9a26be,JEMBER,16.142857142857142,19.142857142857142,3.0,1.1858407079646018,3.0
2025-07-23,073b764928864ed8fa0b6b115bfdd685,BATAM,41.857142857142854,44.857142857142854,3.0,1.0716723549488054,3.0
2025-08-15,0318cab65e5a4dbb61243ab4747fb621,SINGKAWANG,24.142857142857142,21.142857142857142,-3.0,0.8757396449704142,3.0
2025-07-18,580919d632e55fd9736ae1a2ac6ed0c5,BATAM,35.57142857142857,38.57142857142857,3.0,1.0843373493975903,3.0
2025-07-24,9f0564f5cabe643e4dbb08b80d3cc241,PONTIANAK,26.714285714285715,29.714285714285715,3.0,1.1122994652406417,3.0
2025-05-21,92e94ed55b4de8feaff9462a66e2dbd7,PEKANBARU,34.714285714285715,31.714285714285715,-3.0,0.9135802469135802,3.0
2025-07-24,9158e16be84a6db4d63d3289099f119b,JAYAPURA,35.57142857142857,38.57142857142857,3.0,1.0843373493975903,3.0
2025-04-30,29fc89ab155e9f202326046c2e0023bb,MAKASSAR,58.42857142857143,55.42857142857143,-3.0,0.9486552567237164,3.0
2025-09-01,26a644178fbdb277dc3c50997f6df7fe,PALEMBANG,49.857142857142854,46.857142857142854,-3.0,0.9398280802292264,3.0
2025-09-06,3cc167017755a0197f18f93595c9ae85,JAMBI,24.285714285714285,27.285714285714285,3.0,1.1235294117647059,3.0
2025-08-15,e939d818a5192f48fc4b73102e3aa4b9,PALANGKARAYA,19.857142857142858,16.857142857142858,-3.0,0.8489208633093526,3.0
2025-05-21,cb2a49a747f8989ee0356ec7ac354177,BENGKULU,29.714285714285715,26.714285714285715,-3.0,0.8990384615384616,3.0
2025-09-08,cb2a49a747f8989ee0356ec7ac354177,BENGKULU,24.571428571428573,27.571428571428573,3.0,1.122093023255814,3.0
2025-08-14,312cd6ebdd3af9ac55f7b3d31ecab9c2,BOGOR,43.0,40.0,-3.0,0.9302325581395349,3.0
2025-08-17,be8de71502987819afd4c2ceea71c539,GRESIK,28.857142857142858,25.857142857142858,-3.0,0.8960396039603961,3.0
2025-07-23,c877324e95024e707ae23f0aed947e15,SEMARANG,46.142857142857146,49.142857142857146,3.0,1.065015479876161,3.0
2025-04-30,490346a8a068ba7d2e3764714c6d5323,BANDUNG,55.0,52.0,-3.0,0.9454545454545454,3.0
2025-08-15,ea7df0c99b450ecdea38cf34ae1f158f,KISARAN,24.857142857142858,21.857142857142858,-3.0,0.8793103448275862,3.0
2025-07-04,e67d818ee0546f3b33d0ba2083ed4db5,BEKASI,74.57142857142857,71.57142857142857,-3.0,0.9597701149425287,3.0
2025-09-08,7114d91eccf418326f7a9a05943c04e1,JAMBI,32.857142857142854,35.857142857142854,3.0,1.0913043478260869,3.0
2025-08-16,26a644178fbdb277dc3c50997f6df7fe,PALEMBANG,52.42857142857143,49.42857142857143,-3.0,0.9427792915531336,3.0
2025-04-30,919c7b9859d8ce7cab47dab2463e7fab,MAKASSAR,44.857142857142854,41.857142857142854,-3.0,0.9331210191082803,3.0
2025-04-28,9aab42397bbc1d1cdb49f7044dc990f0,PALEMBANG,62.42857142857143,59.57142857142857,-2.857142857142861,0.9542334096109839,2.857142857142861
2025-04-08,e67d818ee0546f3b33d0ba2083ed4db5,BEKASI,74.0,76.85714285714286,2.857142857142861,1.0386100386100388,2.857142857142861
2025-04-17,3acdf298dab1b92bbaaad74d86c0c40a,SEMARANG,122.57142857142857,125.42857142857143,2.857142857142861,1.0233100233100234,2.857142857142861
2025-09-08,8188326fb0a403be03ea632997c8a959,GORONTALO,24.428571428571427,27.285714285714285,2.8571428571428577,1.1169590643274854,2.8571428571428577
2025-08-15,592095e0ddc2c230cf3002d72e9bac41,MANOKWARI,19.714285714285715,16.857142857142858,-2.8571428571428577,0.855072463768116,2.8571428571428577
2025-08-15,3afae5dea7356f64f70605334bef46a7,CIANJUR,19.285714285714285,16.428571428571427,-2.8571428571428577,0.8518518518518519,2.8571428571428577
2025-08-15,d1918db937d26e9e4ccd3e17e1ff0e2d,SUMEDANG,24.285714285714285,21.428571428571427,-2.8571428571428577,0.8823529411764706,2.8571428571428577
2025-04-30,88d0ee0029bee810e1d0fe37f73e2d3b,SOLO,29.857142857142858,27.0,-2.8571428571428577,0.9043062200956937,2.8571428571428577
2025-07-23,88d0ee0029bee810e1d0fe37f73e2d3b,SOLO,27.0,29.857142857142858,2.8571428571428577,1.1058201058201058,2.8571428571428577
2025-05-21,a691dd0d8274fa85ecdc7d5ad6df1628,LAMPUNG,29.857142857142858,27.0,-2.8571428571428577,0.9043062200956937,2.8571428571428577
2025-09-08,57d37d0d839b9dff6f87d6b5d5b679cc,SOLO,23.428571428571427,26.285714285714285,2.8571428571428577,1.1219512195121952,2.8571428571428577
2025-08-11,1240789770bc04e7d26e5fa31c075ced,MALANG,23.428571428571427,20.571428571428573,-2.857142857142854,0.878048780487805,2.857142857142854
2025-04-30,fbaf4d5f0c18dc603a21aef31da59ee6,SAMARINDA,34.57142857142857,31.714285714285715,-2.857142857142854,0.9173553719008265,2.857142857142854
2025-07-20,26a644178fbdb277dc3c50997f6df7fe,PALEMBANG,50.714285714285715,53.57142857142857,2.857142857142854,1.056338028169014,2.857142857142854
2025-04-09,e8965581e1be78ac9a3145b6983ff6ec,SURABAYA,92.57142857142857,95.28571428571429,2.7142857142857224,1.029320987654321,2.7142857142857224
2025-08-15,92e94ed55b4de8feaff9462a66e2dbd7,PEKANBARU,33.142857142857146,30.428571428571427,-2.714285714285719,0.918103448275862,2.714285714285719
2025-08-15,cb2a49a747f8989ee0356ec7ac354177,BENGKULU,28.857142857142858,26.142857142857142,-2.7142857142857153,0.9059405940594059,2.7142857142857153
2025-08-14,c71a18e33d4b7c73c8124c65fc3e6f1c,MANADO,23.714285714285715,21.0,-2.7142857142857153,0.8855421686746987,2.7142857142857153
2025-04-09,312cd6ebdd3af9ac55f7b3d31ecab9c2,BOGOR,41.285714285714285,44.0,2.7142857142857153,1.0657439446366783,2.7142857142857153
2025-08-14,2e0ec493a87e740511b7b565386c06fe,SORONG,19.142857142857142,16.428571428571427,-2.7142857142857153,0.8582089552238805,2.7142857142857153
2025-08-15,fcf80028ec9bbf8efaee3932e529a78f,INDRAMAYU,19.857142857142858,17.142857142857142,-2.7142857142857153,0.8633093525179856,2.7142857142857153
2025-07-13,716ede53fbca27fbe1c1a55d6667c2b5,CIKARANG,46.57142857142857,49.285714285714285,2.7142857142857153,1.0582822085889572,2.7142857142857153
2025-06-26,716ede53fbca27fbe1c1a55d6667c2b5,CIKARANG,50.714285714285715,48.0,-2.7142857142857153,0.9464788732394366,2.7142857142857153
2025-05-21,efe899b321b96d852776427476f14a06,YOGYAKARTA,29.571428571428573,26.857142857142858,-2.7142857142857153,0.9082125603864734,2.7142857142857153
2025-05-21,4eb26b1058266dc50a63dc875e4d8846,MATARAM,29.714285714285715,27.0,-2.7142857142857153,0.9086538461538461,2.7142857142857153
2025-08-15,c35e24eefa840ac2009279f1efc52288,BONTANG,19.0,16.285714285714285,-2.7142857142857153,0.8571428571428571,2.7142857142857153
2025-09-04,81c620b2538435926cbbf15745ef5901,MADIUN,11.285714285714286,14.0,2.7142857142857135,1.240506329113924,2.7142857142857135
2025-09-05,25e1c125bdd513aa2355a8e558a1a908,KEDIRI,15.428571428571429,18.142857142857142,2.7142857142857135,1.1759259259259258,2.7142857142857135
2025-07-02,9158e16be84a6db4d63d3289099f119b,JAYAPURA,36.857142857142854,34.142857142857146,-2.714285714285708,0.926356589147287,2.714285714285708
2025-07-23,541130ea8083a789df5d15bbfe13055a,MAKASSAR,56.142857142857146,58.857142857142854,2.714285714285708,1.0483460559796436,2.714285714285708
2025-09-24,a9d508d218799f9dc69bb4aefc122cb3,MANADO,65.71428571428571,63.0,-2.714285714285708,0.9586956521739132,2.714285714285708
2025-07-02,3c41b96b56b0aab1ed5fc5e703499730,BALIKPAPAN,51.42857142857143,48.857142857142854,-2.5714285714285765,0.95,2.5714285714285765
2025-07-17,da96492ebd43c4a193238d6c3205cc40,PEKANBARU,62.857142857142854,65.42857142857143,2.5714285714285765,1.040909090909091,2.5714285714285765
2025-09-24,494c8f1916a97efe3390ba9dbab6ce7d,LAMPUNG,63.142857142857146,60.57142857142857,-2.5714285714285765,0.9592760180995474,2.5714285714285765
2025-08-06,fbaf4d5f0c18dc603a21aef31da59ee6,SAMARINDA,30.0,27.428571428571427,-2.571428571428573,0.9142857142857143,2.571428571428573
2025-05-21,f3a9ac312f7bc4e2467a1bf02a6aa1e9,LAMPUNG,29.571428571428573,27.0,-2.571428571428573,0.9130434782608695,2.571428571428573
2025-09-08,9f0564f5cabe643e4dbb08b80d3cc241,PONTIANAK,24.142857142857142,26.714285714285715,2.571428571428573,1.106508875739645,2.571428571428573
2025-04-30,981569adf232c53afe751c8c660db8d9,BATAM,29.857142857142858,27.285714285714285,-2.571428571428573,0.9138755980861244,2.571428571428573
2025-08-15,3cc167017755a0197f18f93595c9ae85,JAMBI,29.0,26.428571428571427,-2.571428571428573,0.9113300492610837,2.571428571428573
2025-07-19,57d37d0d839b9dff6f87d6b5d5b679cc,SOLO,26.0,28.571428571428573,2.571428571428573,1.098901098901099,2.571428571428573
2025-09-12,592095e0ddc2c230cf3002d72e9bac41,MANOKWARI,16.285714285714285,18.857142857142858,2.571428571428573,1.1578947368421053,2.571428571428573
2025-09-08,f292a4101ca0420357a2d18b3a013e5f,PALU,28.142857142857142,30.714285714285715,2.571428571428573,1.0913705583756346,2.571428571428573
2025-09-08,e7ec114c2ec166155149062023617e8b,SAMARINDA,25.142857142857142,27.714285714285715,2.571428571428573,1.1022727272727273,2.571428571428573
2025-09-08,f7734bb329cacfe21ce854ae822b6115,TANJUNG PINANG,24.142857142857142,26.714285714285715,2.571428571428573,1.106508875739645,2.571428571428573
2025-05-21,da6b584c30e784d15b54ad124a760b19,SAMARINDA,15.0,12.428571428571429,-2.571428571428571,0.8285714285714286,2.571428571428571
2025-08-15,88d0ee0029bee810e1d0fe37f73e2d3b,SOLO,28.285714285714285,25.714285714285715,-2.5714285714285694,0.9090909090909092,2.5714285714285694
2025-05-21,8188326fb0a403be03ea632997c8a959,GORONTALO,29.285714285714285,26.714285714285715,-2.5714285714285694,0.9121951219512195,2.5714285714285694
2025-05-01,e989d8fdc91de7e6ffbb72a2f5ac79f6,DEPOK,78.0,75.42857142857143,-2.5714285714285694,0.967032967032967,2.5714285714285694
2025-07-15,7114d91eccf418326f7a9a05943c04e1,JAMBI,36.0,38.57142857142857,2.5714285714285694,1.0714285714285714,2.5714285714285694
2025-05-21,c48b7a4426e8cbee3f7dbfe8b87d1d89,PEKALONGAN,34.57142857142857,32.0,-2.5714285714285694,0.9256198347107438,2.5714285714285694
2025-09-08,9cc7970100d8e4c2202f08cb78c6eb20,YOGYAKARTA,24.714285714285715,27.285714285714285,2.5714285714285694,1.1040462427745663,2.5714285714285694
2025-05-21,bf33cc26f29bf266a83e35901fa80c9c,AMBON,34.57142857142857,32.0,-2.5714285714285694,0.9256198347107438,2.5714285714285694
2025-09-08,4a4c71e99772e87c9e35a56acd8be21e,TERNATE,24.857142857142858,27.428571428571427,2.5714285714285694,1.103448275862069,2.5714285714285694
2025-04-30,a9e141baa8b4ec825325397b16eeaae3,BOGOR,126.0,123.42857142857143,-2.5714285714285694,0.9795918367346939,2.5714285714285694
2025-09-24,312cd6ebdd3af9ac55f7b3d31ecab9c2,BOGOR,43.42857142857143,41.0,-2.4285714285714306,0.944078947368421,2.4285714285714306
2025-09-24,8d2e05da5624875993cb8580c88334a9,CIREBON,48.142857142857146,45.714285714285715,-2.4285714285714306,0.9495548961424332,2.4285714285714306
2025-09-08,be8de71502987819afd4c2ceea71c539,GRESIK,25.142857142857142,27.571428571428573,2.4285714285714306,1.0965909090909092,2.4285714285714306
2025-05-06,3acdf298dab1b92bbaaad74d86c0c40a,SEMARANG,122.0,124.42857142857143,2.4285714285714306,1.0199063231850116,2.4285714285714306
2025-07-23,a691dd0d8274fa85ecdc7d5ad6df1628,LAMPUNG,27.285714285714285,29.714285714285715,2.4285714285714306,1.0890052356020943,2.4285714285714306
2025-09-24,490346a8a068ba7d2e3764714c6d5323,BANDUNG,51.285714285714285,48.857142857142854,-2.4285714285714306,0.9526462395543175,2.4285714285714306
2025-07-02,3f6093566521149f8e37fa4e3fafe7cc,PADANG,53.714285714285715,51.285714285714285,-2.4285714285714306,0.9547872340425532,2.4285714285714306
2025-07-23,1240789770bc04e7d26e5fa31c075ced,MALANG,22.285714285714285,24.714285714285715,2.4285714285714306,1.108974358974359,2.4285714285714306
2025-07-03,efe899b321b96d852776427476f14a06,YOGYAKARTA,27.571428571428573,25.142857142857142,-2.4285714285714306,0.9119170984455958,2.4285714285714306
2025-07-18,218c50fa4df90b3241e39ff8ffb41102,SOLO,40.857142857142854,43.285714285714285,2.4285714285714306,1.0594405594405596,2.4285714285714306
2025-06-25,88d0ee0029bee810e1d0fe37f73e2d3b,SOLO,28.714285714285715,26.285714285714285,-2.4285714285714306,0.9154228855721392,2.4285714285714306
2025-07-22,15c7dc37db27dd76f38cc419107f7c48,KARAWANG,35.857142857142854,38.285714285714285,2.4285714285714306,1.0677290836653388,2.4285714285714306
2025-08-15,19f506af810fe579721721d058f6b243,MEDAN,41.714285714285715,39.285714285714285,-2.4285714285714306,0.9417808219178082,2.4285714285714306
2025-08-15,0a8777c6c78e2d102bdf459f8550cf93,PANGKAL PINANG,14.571428571428571,12.142857142857142,-2.428571428571429,0.8333333333333333,2.428571428571429
2025-08-15,62447bb073160adcf6d6022240a3663c,KLATEN,14.571428571428571,12.142857142857142,-2.428571428571429,0.8333333333333333,2.428571428571429
2025-05-21,f7734bb329cacfe21ce854ae822b6115,TANJUNG PINANG,29.428571428571427,27.0,-2.428571428571427,0.9174757281553398,2.428571428571427
2025-09-08,a691dd0d8274fa85ecdc7d5ad6df1628,LAMPUNG,24.714285714285715,27.142857142857142,2.428571428571427,1.0982658959537572,2.428571428571427
2025-08-14,5ff7565cdb056b4bdcb43d0ea2b5380d,KUPANG,19.428571428571427,17.0,-2.428571428571427,0.8750000000000001,2.428571428571427
2025-08-14,981569adf232c53afe751c8c660db8d9,BATAM,29.0,26.571428571428573,-2.428571428571427,0.9162561576354681,2.428571428571427
2025-09-08,f3a9ac312f7bc4e2467a1bf02a6aa1e9,LAMPUNG,24.571428571428573,27.0,2.428571428571427,1.0988372093023255,2.428571428571427
2025-08-10,a6d19ebcb27f61cbf41a6552fbf68676,SIDOARJO,20.0,17.571428571428573,-2.428571428571427,0.8785714285714287,2.428571428571427
2025-09-08,a09b9ee7f937939ee25c24ef8c2e91be,BALIKPAPAN,15.857142857142858,18.285714285714285,2.428571428571427,1.1531531531531531,2.428571428571427
2025-04-29,073b764928864ed8fa0b6b115bfdd685,BATAM,44.57142857142857,42.142857142857146,-2.4285714285714235,0.9455128205128206,2.4285714285714235
2025-04-17,ecace029de4a6bd4ae872928509cd71d,TASIKMALAYA,36.42857142857143,38.857142857142854,2.4285714285714235,1.0666666666666664,2.4285714285714235
2025-09-24,7114d91eccf418326f7a9a05943c04e1,JAMBI,37.857142857142854,35.42857142857143,-2.4285714285714235,0.9358490566037737,2.4285714285714235
2025-07-03,26a644178fbdb277dc3c50997f6df7fe,PALEMBANG,53.57142857142857,51.142857142857146,-2.4285714285714235,0.9546666666666668,2.4285714285714235
2025-09-24,4fc3fc370b299876663c7d5c90595853,BANJARMASIN,42.857142857142854,40.42857142857143,-2.4285714285714235,0.9433333333333335,2.4285714285714235
2025-07-29,716ede53fbca27fbe1c1a55d6667c2b5,CIKARANG,49.857142857142854,52.142857142857146,2.285714285714292,1.0458452722063039,2.285714285714292
2025-09-08,bf33cc26f29bf266a83e35901fa80c9c,AMBON,29.428571428571427,31.714285714285715,2.2857142857142883,1.0776699029126215,2.2857142857142883
2025-09-08,ea7df0c99b450ecdea38cf34ae1f158f,KISARAN,21.428571428571427,23.714285714285715,2.2857142857142883,1.1066666666666667,2.2857142857142883
2025-04-25,da6b584c30e784d15b54ad124a760b19,SAMARINDA,15.0,12.714285714285714,-2.2857142857142865,0.8476190476190476,2.2857142857142865
2025-08-14,a55554e941cb93c23d1522f88fd0d004,DUMAI,19.0,16.714285714285715,-2.2857142857142847,0.8796992481203008,2.2857142857142847
2025-07-03,0318cab65e5a4dbb61243ab4747fb621,SINGKAWANG,23.428571428571427,21.142857142857142,-2.2857142857142847,0.9024390243902439,2.2857142857142847
2025-09-08,3744d5b8753c9cc72700ce7927fa0df3,SIDOARJO,16.0,18.285714285714285,2.2857142857142847,1.1428571428571428,2.2857142857142847
2025-05-21,c71a18e33d4b7c73c8124c65fc3e6f1c,MANADO,23.285714285714285,21.0,-2.2857142857142847,0.901840490797546,2.2857142857142847
2025-05-21,2e0ec493a87e740511b7b565386c06fe,SORONG,19.857142857142858,17.571428571428573,-2.2857142857142847,0.8848920863309353,2.2857142857142847
2025-09-24,c48b7a4426e8cbee3f7dbfe8b87d1d89,PEKALONGAN,34.57142857142857,32.285714285714285,-2.2857142857142847,0.9338842975206612,2.2857142857142847
2025-07-02,e7ec114c2ec166155149062023617e8b,SAMARINDA,29.142857142857142,26.857142857142858,-2.2857142857142847,0.9215686274509804,2.2857142857142847
2025-04-17,4a4c71e99772e87c9e35a56acd8be21e,TERNATE,27.714285714285715,30.0,2.2857142857142847,1.0824742268041236,2.2857142857142847
2025-05-20,4a4c71e99772e87c9e35a56acd8be21e,TERNATE,29.428571428571427,27.142857142857142,-2.2857142857142847,0.9223300970873787,2.2857142857142847
2025-04-30,9158e16be84a6db4d63d3289099f119b,JAYAPURA,38.285714285714285,36.0,-2.2857142857142847,0.9402985074626866,2.2857142857142847
2025-05-21,fcf80028ec9bbf8efaee3932e529a78f,INDRAMAYU,20.0,17.714285714285715,-2.2857142857142847,0.8857142857142858,2.2857142857142847
2025-09-24,073b764928864ed8fa0b6b115bfdd685,BATAM,43.42857142857143,41.142857142857146,-2.2857142857142847,0.9473684210526316,2.2857142857142847
2025-04-25,8188326fb0a403be03ea632997c8a959,GORONTALO,30.0,27.714285714285715,-2.2857142857142847,0.9238095238095239,2.2857142857142847
2025-09-08,2e0ec493a87e740511b7b565386c06fe,SORONG,16.0,18.285714285714285,2.2857142857142847,1.1428571428571428,2.2857142857142847
2025-04-09,716ede53fbca27fbe1c1a55d6667c2b5,CIKARANG,48.0,50.285714285714285,2.2857142857142847,1.0476190476190477,2.2857142857142847
2025-04-09,19f506af810fe579721721d058f6b243,MEDAN,40.57142857142857,42.857142857142854,2.2857142857142847,1.056338028169014,2.2857142857142847
2025-09-24,7cade3ea25dae25fdb8c56776676b0c7,CILEGON,71.85714285714286,69.71428571428571,-2.142857142857153,0.9701789264413517,2.142857142857153
2025-09-08,d1918db937d26e9e4ccd3e17e1ff0e2d,SUMEDANG,21.428571428571427,23.571428571428573,2.142857142857146,1.1,2.142857142857146
2025-07-22,592095e0ddc2c230cf3002d72e9bac41,MANOKWARI,17.428571428571427,19.571428571428573,2.142857142857146,1.1229508196721314,2.142857142857146
2025-05-22,0318cab65e5a4dbb61243ab4747fb621,SINGKAWANG,24.571428571428573,22.428571428571427,-2.142857142857146,0.9127906976744184,2.142857142857146
2025-07-02,073b764928864ed8fa0b6b115bfdd685,BATAM,42.714285714285715,40.57142857142857,-2.142857142857146,0.9498327759197324,2.142857142857146
2025-09-24,f7734bb329cacfe21ce854ae822b6115,TANJUNG PINANG,28.571428571428573,26.428571428571427,-2.142857142857146,0.9249999999999999,2.142857142857146
2025-04-12,4fc3fc370b299876663c7d5c90595853,BANJARMASIN,41.0,43.142857142857146,2.142857142857146,1.0522648083623694,2.142857142857146
2025-06-28,ecace029de4a6bd4ae872928509cd71d,TASIKMALAYA,38.0,35.857142857142854,-2.142857142857146,0.9436090225563909,2.142857142857146
2025-09-08,c35e24eefa840ac2009279f1efc52288,BONTANG,16.428571428571427,18.571428571428573,2.142857142857146,1.1304347826086958,2.142857142857146
2025-04-18,bf33cc26f29bf266a83e35901fa80c9c,AMBON,32.0,34.142857142857146,2.142857142857146,1.0669642857142858,2.142857142857146
2025-09-24,17e1e7da761f72bbb4e039ba08cc0ba0,SEMARANG,53.142857142857146,51.0,-2.142857142857146,0.9596774193548386,2.142857142857146
2025-09-08,88d0ee0029bee810e1d0fe37f73e2d3b,SOLO,24.428571428571427,26.571428571428573,2.142857142857146,1.087719298245614,2.142857142857146
2025-07-02,15c7dc37db27dd76f38cc419107f7c48,KARAWANG,37.0,34.857142857142854,-2.142857142857146,0.942084942084942,2.142857142857146
2025-05-21,be8de71502987819afd4c2ceea71c539,GRESIK,29.285714285714285,27.142857142857142,-2.1428571428571423,0.926829268292683,2.1428571428571423
2025-08-15,efe899b321b96d852776427476f14a06,YOGYAKARTA,27.0,24.857142857142858,-2.1428571428571423,0.9206349206349207,2.1428571428571423
2025-09-12,efe899b321b96d852776427476f14a06,YOGYAKARTA,25.285714285714285,27.428571428571427,2.1428571428571423,1.0847457627118644,2.1428571428571423
2025-09-05,4eb26b1058266dc50a63dc875e4d8846,MATARAM,24.285714285714285,26.428571428571427,2.1428571428571423,1.088235294117647,2.1428571428571423
2025-08-12,9715c9bc57db04a2506acfdab71ec1c6,RANTAU PRAPAT,19.857142857142858,17.714285714285715,-2.1428571428571423,0.8920863309352518,2.1428571428571423
2025-06-24,3cc167017755a0197f18f93595c9ae85,JAMBI,27.0,29.142857142857142,2.1428571428571423,1.0793650793650793,2.1428571428571423
2025-08-15,3744d5b8753c9cc72700ce7927fa0df3,SIDOARJO,19.142857142857142,17.0,-2.1428571428571423,0.8880597014925373,2.1428571428571423
2025-09-05,c71a18e33d4b7c73c8124c65fc3e6f1c,MANADO,19.285714285714285,21.428571428571427,2.1428571428571423,1.1111111111111112,2.1428571428571423
2025-09-24,8188326fb0a403be03ea632997c8a959,GORONTALO,28.857142857142858,26.714285714285715,-2.1428571428571423,0.9257425742574258,2.1428571428571423
2025-08-14,81c620b2538435926cbbf15745ef5901,MADIUN,15.0,12.857142857142858,-2.1428571428571423,0.8571428571428572,2.1428571428571423
2025-08-14,ef2896a95abe2a2b4cfee245dc1e36ec,CIKARANG,19.428571428571427,17.285714285714285,-2.1428571428571423,0.8897058823529412,2.1428571428571423
2025-09-08,14b63ff2b104903ead7d884f25382e57,MALANG,20.285714285714285,22.428571428571427,2.1428571428571423,1.1056338028169015,2.1428571428571423
2025-07-24,14b63ff2b104903ead7d884f25382e57,MALANG,22.714285714285715,24.857142857142858,2.1428571428571423,1.0943396226415094,2.1428571428571423
2025-08-14,04a2de432a8901363a05137a8e8de1d2,MAMUJU,14.428571428571429,12.428571428571429,-2.0,0.8613861386138614,2.0
2025-04-25,c71a18e33d4b7c73c8124c65fc3e6f1c,MANADO,24.571428571428573,22.571428571428573,-2.0,0.9186046511627907,2.0
2025-05-21,c35e24eefa840ac2009279f1efc52288,BONTANG,20.0,18.0,-2.0,0.9,2.0
2025-05-21,26d1d720bc7e60c1b1a56630e3ba2c5d,GARUT,15.0,13.0,-2.0,0.8666666666666667,2.0
2025-07-02,c48b7a4426e8cbee3f7dbfe8b87d1d89,PEKALONGAN,34.0,32.0,-2.0,0.9411764705882353,2.0
2025-09-16,981569adf232c53afe751c8c660db8d9,BATAM,26.571428571428573,28.571428571428573,2.0,1.075268817204301,2.0
2025-05-21,9715c9bc57db04a2506acfdab71ec1c6,RANTAU PRAPAT,20.0,18.0,-2.0,0.9,2.0
2025-08-14,9eb47624e1e418bfac8b4fcc3a44a36b,DENPASAR,10.0,8.0,-2.0,0.8,2.0
2025-04-26,35de0354d956048d1c9c49ff069eaa55,MEDAN,76.57142857142857,74.57142857142857,-2.0,0.9738805970149254,2.0
2025-05-21,3afae5dea7356f64f70605334bef46a7,CIANJUR,19.714285714285715,17.714285714285715,-2.0,0.8985507246376812,2.0
2025-09-11,3afae5dea7356f64f70605334bef46a7,CIANJUR,16.857142857142858,18.857142857142858,2.0,1.11864406779661,2.0
2025-07-22,ecace029de4a6bd4ae872928509cd71d,TASIKMALAYA,36.285714285714285,38.285714285714285,2.0,1.0551181102362204,2.0
2025-04-18,da96492ebd43c4a193238d6c3205cc40,PEKANBARU,66.42857142857143,68.42857142857143,2.0,1.0301075268817204,2.0
2025-05-21,5ff7565cdb056b4bdcb43d0ea2b5380d,KUPANG,19.285714285714285,17.285714285714285,-2.0,0.8962962962962963,2.0
2025-08-15,4ba87a86e02dd8a810032db35bf13c51,BENGKULU,19.0,17.0,-2.0,0.8947368421052632,2.0
2025-09-24,92e94ed55b4de8feaff9462a66e2dbd7,PEKANBARU,34.42857142857143,32.42857142857143,-2.0,0.941908713692946,2.0
2025-05-02,541130ea8083a789df5d15bbfe13055a,MAKASSAR,58.142857142857146,56.142857142857146,-2.0,0.9656019656019657,2.0
2025-08-10,a691dd0d8274fa85ecdc7d5ad6df1628,LAMPUNG,29.428571428571427,27.428571428571427,-2.0,0.9320388349514563,2.0
2025-09-24,218c50fa4df90b3241e39ff8ffb41102,SOLO,43.0,41.0,-2.0,0.9534883720930233,2.0
2025-09-05,afbb3b11f728a54ad1eb3ca34f602779,KENDARI,16.0,18.0,2.0,1.125,2.0
2025-08-15,25e1c125bdd513aa2355a8e558a1a908,KEDIRI,19.0,17.0,-2.0,0.8947368421052632,2.0
2025-07-17,92e94ed55b4de8feaff9462a66e2dbd7,PEKANBARU,32.285714285714285,34.285714285714285,2.0,1.0619469026548674,2.0
2025-05-21,ea7df0c99b450ecdea38cf34ae1f158f,KISARAN,25.0,23.0,-2.0,0.92,2.0
2025-07-15,919c7b9859d8ce7cab47dab2463e7fab,MAKASSAR,41.285714285714285,43.285714285714285,2.0,1.0484429065743945,2.0
2025-04-30,1240789770bc04e7d26e5fa31c075ced,MALANG,25.0,23.0,-2.0,0.92,2.0
2025-05-20,592095e0ddc2c230cf3002d72e9bac41,MANOKWARI,19.571428571428573,17.571428571428573,-2.0,0.8978102189781022,2.0
2025-07-24,f3a9ac312f7bc4e2467a1bf02a6aa1e9,LAMPUNG,26.714285714285715,28.714285714285715,2.0,1.0748663101604279,2.0
2025-07-23,9cc7970100d8e4c2202f08cb78c6eb20,YOGYAKARTA,27.0,29.0,2.0,1.0740740740740742,2.0
2025-08-14,9d67ea34034038d9a33cf7ac63b7ac65,PEMATANG SIANTAR,19.142857142857142,17.142857142857142,-2.0,0.8955223880597015,2.0
2025-04-09,17e1e7da761f72bbb4e039ba08cc0ba0,SEMARANG,50.0,52.0,2.0,1.04,2.0
2025-05-20,a09b9ee7f937939ee25c24ef8c2e91be,BALIKPAPAN,19.428571428571427,17.428571428571427,-2.0,0.8970588235294118,2.0
2025-04-30,e7ec114c2ec166155149062023617e8b,SAMARINDA,58.857142857142854,56.857142857142854,-2.0,0.9660194174757282,2.0
2025-09-24,15c7dc37db27dd76f38cc419107f7c48,KARAWANG,38.57142857142857,36.57142857142857,-2.0,0.9481481481481482,2.0
2025-07-23,e7ec114c2ec166155149062023617e8b,SAMARINDA,27.714285714285715,29.714285714285715,2.0,1.0721649484536082,2.0
2025-09-06,202dbf4df0e433f092fca1aa8162c400,TARAKAN,16.142857142857142,18.142857142857142,2.0,1.1238938053097345,2.0
2025-09-24,19f506af810fe579721721d058f6b243,MEDAN,41.714285714285715,39.714285714285715,-2.0,0.952054794520548,2.0
2025-07-02,8d2e05da5624875993cb8580c88334a9,CIREBON,46.857142857142854,44.857142857142854,-2.0,0.9573170731707317,2.0
2025-06-27,490346a8a068ba7d2e3764714c6d5323,BANDUNG,51.42857142857143,49.57142857142857,-1.8571428571428612,0.9638888888888888,1.8571428571428612
2025-04-08,8750b9ee0b0c6c6afcfcb2a05e60efc0,BANDUNG,89.71428571428571,91.57142857142857,1.8571428571428612,1.0207006369426752,1.8571428571428612
2025-06-26,312cd6ebdd3af9ac55f7b3d31ecab9c2,BOGOR,42.714285714285715,40.857142857142854,-1.8571428571428612,0.9565217391304347,1.8571428571428612
2025-06-30,17e1e7da761f72bbb4e039ba08cc0ba0,SEMARANG,50.142857142857146,48.285714285714285,-1.8571428571428612,0.9629629629629629,1.8571428571428612
2025-06-25,19f506af810fe579721721d058f6b243,MEDAN,42.42857142857143,40.57142857142857,-1.8571428571428612,0.9562289562289561,1.8571428571428612
2025-07-03,218c50fa4df90b3241e39ff8ffb41102,SOLO,42.714285714285715,40.857142857142854,-1.8571428571428612,0.9565217391304347,1.8571428571428612
2025-09-03,d297f2f746c4fd2723f3202fafcbfa1a,BONDOWOSO,12.0,13.857142857142858,1.8571428571428577,1.1547619047619049,1.8571428571428577
2025-09-05,4ba87a86e02dd8a810032db35bf13c51,BENGKULU,16.714285714285715,18.571428571428573,1.8571428571428577,1.1111111111111112,1.8571428571428577
2025-09-06,d33850e3698903061b4c18886ce00c9d,GARUT,21.0,22.857142857142858,1.8571428571428577,1.08843537414966,1.8571428571428577
2025-05-21,45f553cca86b28fedd6115abdd0ae734,KUALA KAPUAS,15.0,13.142857142857142,-1.8571428571428577,0.8761904761904762,1.8571428571428577
2025-04-10,3afae5dea7356f64f70605334bef46a7,CIANJUR,19.714285714285715,17.857142857142858,-1.8571428571428577,0.9057971014492754,1.8571428571428577
2025-05-21,7995e00051a2fe6aeed7cfdbe0378c01,TIMIKA,14.857142857142858,13.0,-1.8571428571428577,0.875,1.8571428571428577
2025-08-14,da6b584c30e784d15b54ad124a760b19,SAMARINDA,14.0,12.142857142857142,-1.8571428571428577,0.8673469387755102,1.8571428571428577
2025-08-14,b2539b1f80254243391774489b1328aa,ROKAN HILIR,10.0,8.142857142857142,-1.8571428571428577,0.8142857142857143,1.8571428571428577
2025-05-21,afbb3b11f728a54ad1eb3ca34f602779,KENDARI,19.714285714285715,17.857142857142858,-1.8571428571428577,0.9057971014492754,1.8571428571428577
2025-09-08,2318d3c719302ff137eb1b53fb32f0c8,KARAWANG,12.714285714285714,14.571428571428571,1.8571428571428577,1.1460674157303372,1.8571428571428577
2025-08-06,53b77c875c67b68561415f23065e6e8d,PADANG,28.571428571428573,26.714285714285715,-1.8571428571428577,0.9349999999999999,1.8571428571428577
2025-08-14,2318d3c719302ff137eb1b53fb32f0c8,KARAWANG,15.0,13.142857142857142,-1.8571428571428577,0.8761904761904762,1.8571428571428577
2025-07-16,2318d3c719302ff137eb1b53fb32f0c8,KARAWANG,13.0,14.857142857142858,1.8571428571428577,1.1428571428571428,1.8571428571428577
2025-05-21,a6d19ebcb27f61cbf41a6552fbf68676,SIDOARJO,19.857142857142858,18.0,-1.8571428571428577,0.9064748201438849,1.8571428571428577
2025-05-21,202dbf4df0e433f092fca1aa8162c400,TARAKAN,19.857142857142858,18.0,-1.8571428571428577,0.9064748201438849,1.8571428571428577
2025-05-21,9cc7970100d8e4c2202f08cb78c6eb20,YOGYAKARTA,28.714285714285715,26.857142857142858,-1.8571428571428577,0.9353233830845771,1.8571428571428577
2025-08-05,a09b9ee7f937939ee25c24ef8c2e91be,BALIKPAPAN,19.285714285714285,17.428571428571427,-1.8571428571428577,0.9037037037037037,1.8571428571428577
2025-05-21,a55554e941cb93c23d1522f88fd0d004,DUMAI,19.857142857142858,18.0,-1.8571428571428577,0.9064748201438849,1.8571428571428577
2025-08-14,9cc7970100d8e4c2202f08cb78c6eb20,YOGYAKARTA,28.0,26.142857142857142,-1.8571428571428577,0.9336734693877551,1.8571428571428577
2025-09-08,1240789770bc04e7d26e5fa31c075ced,MALANG,18.857142857142858,20.714285714285715,1.8571428571428577,1.0984848484848486,1.8571428571428577
2025-05-21,0a8777c6c78e2d102bdf459f8550cf93,PANGKAL PINANG,15.0,13.142857142857142,-1.8571428571428577,0.8761904761904762,1.8571428571428577
2025-05-21,e939d818a5192f48fc4b73102e3aa4b9,PALANGKARAYA,19.857142857142858,18.0,-1.8571428571428577,0.9064748201438849,1.8571428571428577
2025-08-15,14b63ff2b104903ead7d884f25382e57,MALANG,23.714285714285715,21.857142857142858,-1.8571428571428577,0.9216867469879518,1.8571428571428577
2025-05-21,14b63ff2b104903ead7d884f25382e57,MALANG,24.857142857142858,23.0,-1.8571428571428577,0.9252873563218391,1.8571428571428577
2025-05-21,04a2de432a8901363a05137a8e8de1d2,MAMUJU,15.0,13.142857142857142,-1.8571428571428577,0.8761904761904762,1.8571428571428577
2025-09-06,fcf80028ec9bbf8efaee3932e529a78f,INDRAMAYU,16.428571428571427,18.285714285714285,1.8571428571428577,1.1130434782608696,1.8571428571428577
2025-07-23,f292a4101ca0420357a2d18b3a013e5f,PALU,32.714285714285715,34.57142857142857,1.857142857142854,1.0567685589519649,1.857142857142854
2025-07-24,4fc3fc370b299876663c7d5c90595853,BANJARMASIN,42.142857142857146,44.0,1.857142857142854,1.0440677966101695,1.857142857142854
2025-07-23,3f6093566521149f8e37fa4e3fafe7cc,PADANG,52.0,53.857142857142854,1.857142857142854,1.0357142857142856,1.857142857142854
2025-04-18,580919d632e55fd9736ae1a2ac6ed0c5,BATAM,37.714285714285715,39.42857142857143,1.7142857142857153,1.0454545454545454,1.7142857142857153
2025-09-08,9715c9bc57db04a2506acfdab71ec1c6,RANTAU PRAPAT,17.0,18.714285714285715,1.7142857142857153,1.1008403361344539,1.7142857142857153
2025-09-03,e939d818a5192f48fc4b73102e3aa4b9,PALANGKARAYA,15.857142857142858,17.571428571428573,1.7142857142857153,1.1081081081081081,1.7142857142857153
2025-06-25,541130ea8083a789df5d15bbfe13055a,MAKASSAR,57.42857142857143,55.714285714285715,-1.7142857142857153,0.9701492537313433,1.7142857142857153
2025-09-08,a55554e941cb93c23d1522f88fd0d004,DUMAI,16.857142857142858,18.571428571428573,1.7142857142857153,1.1016949152542372,1.7142857142857153
2025-08-16,202dbf4df0e433f092fca1aa8162c400,TARAKAN,19.0,17.285714285714285,-1.7142857142857153,0.9097744360902255,1.7142857142857153
2025-07-05,a616a546264044ed616bc2bdf2d9f7fc,YOGYAKARTA,56.285714285714285,54.57142857142857,-1.7142857142857153,0.9695431472081218,1.7142857142857153
2025-09-24,919c7b9859d8ce7cab47dab2463e7fab,MAKASSAR,43.0,41.285714285714285,-1.7142857142857153,0.9601328903654485,1.7142857142857153
2025-07-03,fcf80028ec9bbf8efaee3932e529a78f,INDRAMAYU,19.571428571428573,17.857142857142858,-1.7142857142857153,0.9124087591240876,1.7142857142857153
2025-04-19,4eb26b1058266dc50a63dc875e4d8846,MATARAM,28.0,29.714285714285715,1.7142857142857153,1.0612244897959184,1.7142857142857153
2025-07-19,8d2e05da5624875993cb8580c88334a9,CIREBON,45.57142857142857,47.285714285714285,1.7142857142857153,1.0376175548589341,1.7142857142857153
2025-08-15,45f553cca86b28fedd6115abdd0ae734,KUALA KAPUAS,13.857142857142858,12.142857142857142,-1.7142857142857153,0.8762886597938143,1.7142857142857153
2025-07-23,494c8f1916a97efe3390ba9dbab6ce7d,LAMPUNG,61.285714285714285,63.0,1.7142857142857153,1.027972027972028,1.7142857142857153
2025-09-24,a6d19ebcb27f61cbf41a6552fbf68676,SIDOARJO,19.0,17.285714285714285,-1.7142857142857153,0.9097744360902255,1.7142857142857153
2025-07-24,be8de71502987819afd4c2ceea71c539,GRESIK,27.428571428571427,29.142857142857142,1.7142857142857153,1.0625,1.7142857142857153
2025-05-21,4ba87a86e02dd8a810032db35bf13c51,BENGKULU,20.0,18.285714285714285,-1.7142857142857153,0.9142857142857143,1.7142857142857153
2025-06-27,9aab42397bbc1d1cdb49f7044dc990f0,PALEMBANG,59.714285714285715,58.0,-1.7142857142857153,0.9712918660287081,1.7142857142857153
2025-07-02,be8de71502987819afd4c2ceea71c539,GRESIK,28.142857142857142,26.428571428571427,-1.7142857142857153,0.9390862944162436,1.7142857142857153
2025-09-10,ef2896a95abe2a2b4cfee245dc1e36ec,CIKARANG,17.428571428571427,19.142857142857142,1.7142857142857153,1.098360655737705,1.7142857142857153
2025-05-21,3744d5b8753c9cc72700ce7927fa0df3,SIDOARJO,19.571428571428573,17.857142857142858,-1.7142857142857153,0.9124087591240876,1.7142857142857153
2025-07-23,bf33cc26f29bf266a83e35901fa80c9c,AMBON,32.857142857142854,34.57142857142857,1.7142857142857153,1.0521739130434784,1.7142857142857153
2025-09-11,da6b584c30e784d15b54ad124a760b19,SAMARINDA,12.142857142857142,13.857142857142858,1.7142857142857153,1.1411764705882355,1.7142857142857153
2025-07-02,29fc89ab155e9f202326046c2e0023bb,MAKASSAR,55.142857142857146,53.42857142857143,-1.7142857142857153,0.9689119170984456,1.7142857142857153
2025-09-08,7995e00051a2fe6aeed7cfdbe0378c01,TIMIKA,12.0,13.714285714285714,1.7142857142857135,1.1428571428571428,1.7142857142857135
2025-08-15,26d1d720bc7e60c1b1a56630e3ba2c5d,GARUT,14.714285714285714,13.0,-1.7142857142857135,0.883495145631068,1.7142857142857135
2025-08-14,7995e00051a2fe6aeed7cfdbe0378c01,TIMIKA,14.142857142857142,12.428571428571429,-1.7142857142857135,0.8787878787878788,1.7142857142857135
2025-09-06,0318cab65e5a4dbb61243ab4747fb621,SINGKAWANG,20.571428571428573,22.285714285714285,1.7142857142857117,1.0833333333333333,1.7142857142857117
2025-04-23,7114d91eccf418326f7a9a05943c04e1,JAMBI,37.857142857142854,39.42857142857143,1.5714285714285765,1.0415094339622644,1.5714285714285765
2025-04-15,fbaf4d5f0c18dc603a21aef31da59ee6,SAMARINDA,32.857142857142854,34.42857142857143,1.5714285714285765,1.047826086956522,1.5714285714285765
2025-07-23,3cc167017755a0197f18f93595c9ae85,JAMBI,28.0,29.571428571428573,1.571428571428573,1.056122448979592,1.571428571428573
2025-09-24,4ba87a86e02dd8a810032db35bf13c51,BENGKULU,20.0,18.428571428571427,-1.571428571428573,0.9214285714285714,1.571428571428573
2025-05-21,25e1c125bdd513aa2355a8e558a1a908,KEDIRI,19.571428571428573,18.0,-1.571428571428573,0.9197080291970802,1.571428571428573
2025-09-16,29fc89ab155e9f202326046c2e0023bb,MAKASSAR,31.142857142857142,32.714285714285715,1.571428571428573,1.0504587155963303,1.571428571428573
2025-06-29,14b63ff2b104903ead7d884f25382e57,MALANG,23.714285714285715,22.142857142857142,-1.571428571428573,0.9337349397590361,1.571428571428573
2025-07-03,1240789770bc04e7d26e5fa31c075ced,MALANG,22.0,20.428571428571427,-1.571428571428573,0.9285714285714285,1.571428571428573
2025-04-17,f7734bb329cacfe21ce854ae822b6115,TANJUNG PINANG,28.428571428571427,30.0,1.571428571428573,1.0552763819095479,1.571428571428573
2025-09-08,9d67ea34034038d9a33cf7ac63b7ac65,PEMATANG SIANTAR,17.0,18.571428571428573,1.571428571428573,1.092436974789916,1.571428571428573
2025-07-23,4eb26b1058266dc50a63dc875e4d8846,MATARAM,28.142857142857142,29.714285714285715,1.571428571428573,1.0558375634517767,1.571428571428573
2025-07-17,fbaf4d5f0c18dc603a21aef31da59ee6,SAMARINDA,27.0,28.571428571428573,1.571428571428573,1.0582010582010584,1.571428571428573
2025-09-24,cb2a49a747f8989ee0356ec7ac354177,BENGKULU,28.857142857142858,27.285714285714285,-1.571428571428573,0.9455445544554455,1.571428571428573
2025-07-13,981569adf232c53afe751c8c660db8d9,BATAM,27.285714285714285,28.857142857142858,1.571428571428573,1.0575916230366493,1.571428571428573
2025-05-21,d1918db937d26e9e4ccd3e17e1ff0e2d,SUMEDANG,24.571428571428573,23.0,-1.571428571428573,0.936046511627907,1.571428571428573
2025-06-29,8188326fb0a403be03ea632997c8a959,GORONTALO,28.714285714285715,27.142857142857142,-1.571428571428573,0.9452736318407959,1.571428571428573
2025-07-24,cb2a49a747f8989ee0356ec7ac354177,BENGKULU,28.0,29.571428571428573,1.571428571428573,1.056122448979592,1.571428571428573
2025-09-03,26d1d720bc7e60c1b1a56630e3ba2c5d,GARUT,12.0,13.571428571428571,1.5714285714285712,1.130952380952381,1.5714285714285712
2025-04-28,66d433e397ff7f3d460500704fd40a5a,PEKANBARU,9.571428571428571,8.0,-1.5714285714285712,0.835820895522388,1.5714285714285712
2025-08-15,d297f2f746c4fd2723f3202fafcbfa1a,BONDOWOSO,14.571428571428571,13.0,-1.5714285714285712,0.8921568627450981,1.5714285714285712
2025-07-17,7c271f1e1351e6433b202d77b88012c2,CIREBON,13.428571428571429,15.0,1.5714285714285712,1.1170212765957446,1.5714285714285712
2025-07-02,4fc3fc370b299876663c7d5c90595853,BANJARMASIN,41.857142857142854,40.285714285714285,-1.5714285714285694,0.962457337883959,1.5714285714285694
2025-04-10,a9e141baa8b4ec825325397b16eeaae3,BOGOR,125.0,123.42857142857143,-1.5714285714285694,0.9874285714285714,1.5714285714285694
2025-09-24,9aab42397bbc1d1cdb49f7044dc990f0,PALEMBANG,60.857142857142854,59.285714285714285,-1.5714285714285694,0.9741784037558686,1.5714285714285694
2025-09-24,ea7df0c99b450ecdea38cf34ae1f158f,KISARAN,24.285714285714285,22.714285714285715,-1.5714285714285694,0.9352941176470589,1.5714285714285694
2025-07-24,4a4c71e99772e87c9e35a56acd8be21e,TERNATE,27.714285714285715,29.285714285714285,1.5714285714285694,1.056701030927835,1.5714285714285694
2025-07-17,2e0ec493a87e740511b7b565386c06fe,SORONG,17.714285714285715,19.285714285714285,1.5714285714285694,1.0887096774193548,1.5714285714285694
2025-06-27,4a4c71e99772e87c9e35a56acd8be21e,TERNATE,29.142857142857142,27.571428571428573,-1.5714285714285694,0.9460784313725491,1.5714285714285694
2025-05-06,4fc3fc370b299876663c7d5c90595853,BANJARMASIN,42.0,43.57142857142857,1.5714285714285694,1.0374149659863945,1.5714285714285694
2025-07-17,c48b7a4426e8cbee3f7dbfe8b87d1d89,PEKALONGAN,33.0,34.42857142857143,1.4285714285714306,1.0432900432900434,1.4285714285714306
2025-09-24,2e0ec493a87e740511b7b565386c06fe,SORONG,19.857142857142858,18.428571428571427,-1.4285714285714306,0.9280575539568344,1.4285714285714306
2025-04-15,490346a8a068ba7d2e3764714c6d5323,BANDUNG,53.0,54.42857142857143,1.4285714285714306,1.0269541778975741,1.4285714285714306
2025-05-06,8d2e05da5624875993cb8580c88334a9,CIREBON,47.0,48.42857142857143,1.4285714285714306,1.0303951367781155,1.4285714285714306
2025-04-13,9aab42397bbc1d1cdb49f7044dc990f0,PALEMBANG,60.714285714285715,62.142857142857146,1.4285714285714306,1.023529411764706,1.4285714285714306
2025-07-23,e939d818a5192f48fc4b73102e3aa4b9,PALANGKARAYA,18.428571428571427,19.857142857142858,1.4285714285714306,1.0775193798449614,1.4285714285714306
2025-06-27,cb2a49a747f8989ee0356ec7ac354177,BENGKULU,28.714285714285715,27.285714285714285,-1.4285714285714306,0.9502487562189054,1.4285714285714306
2025-06-26,bf33cc26f29bf266a83e35901fa80c9c,AMBON,34.142857142857146,32.714285714285715,-1.4285714285714306,0.9581589958158995,1.4285714285714306
2025-05-21,66d433e397ff7f3d460500704fd40a5a,PEKANBARU,9.285714285714286,7.857142857142857,-1.4285714285714297,0.846153846153846,1.4285714285714297
2025-07-24,0a8777c6c78e2d102bdf459f8550cf93,PANGKAL PINANG,13.571428571428571,15.0,1.4285714285714288,1.105263157894737,1.4285714285714288
2025-08-15,7c271f1e1351e6433b202d77b88012c2,CIREBON,14.285714285714286,12.857142857142858,-1.4285714285714288,0.9,1.4285714285714288
2025-09-08,62447bb073160adcf6d6022240a3663c,KLATEN,12.142857142857142,13.571428571428571,1.4285714285714288,1.1176470588235294,1.4285714285714288
2025-04-16,9eb47624e1e418bfac8b4fcc3a44a36b,DENPASAR,10.0,8.571428571428571,-1.4285714285714288,0.8571428571428571,1.4285714285714288
2025-07-17,26d1d720bc7e60c1b1a56630e3ba2c5d,GARUT,13.142857142857142,14.571428571428571,1.4285714285714288,1.108695652173913,1.4285714285714288
2025-09-24,14b63ff2b104903ead7d884f25382e57,MALANG,24.0,22.571428571428573,-1.428571428571427,0.9404761904761906,1.428571428571427
2025-07-15,a09b9ee7f937939ee25c24ef8c2e91be,BALIKPAPAN,17.0,18.428571428571427,1.428571428571427,1.084033613445378,1.428571428571427
2025-06-26,a691dd0d8274fa85ecdc7d5ad6df1628,LAMPUNG,29.285714285714285,27.857142857142858,-1.428571428571427,0.951219512195122,1.428571428571427
2025-09-08,a6d19ebcb27f61cbf41a6552fbf68676,SIDOARJO,16.714285714285715,18.142857142857142,1.428571428571427,1.0854700854700854,1.428571428571427
2025-07-17,3744d5b8753c9cc72700ce7927fa0df3,SIDOARJO,18.0,19.428571428571427,1.428571428571427,1.0793650793650793,1.428571428571427
2025-05-21,ef2896a95abe2a2b4cfee245dc1e36ec,CIKARANG,20.0,18.571428571428573,-1.428571428571427,0.9285714285714286,1.428571428571427
2025-07-24,25e1c125bdd513aa2355a8e558a1a908,KEDIRI,18.0,19.428571428571427,1.428571428571427,1.0793650793650793,1.428571428571427
2025-07-23,f7734bb329cacfe21ce854ae822b6115,TANJUNG PINANG,27.857142857142858,29.285714285714285,1.428571428571427,1.0512820512820513,1.428571428571427
2025-05-01,202dbf4df0e433f092fca1aa8162c400,TARAKAN,20.0,18.571428571428573,-1.428571428571427,0.9285714285714286,1.428571428571427
2025-07-03,c35e24eefa840ac2009279f1efc52288,BONTANG,19.142857142857142,17.714285714285715,-1.428571428571427,0.9253731343283583,1.428571428571427
2025-07-01,da6b584c30e784d15b54ad124a760b19,SAMARINDA,13.714285714285714,12.285714285714286,-1.428571428571427,0.8958333333333335,1.428571428571427
2025-05-21,5a894958f375392ce7981be2eb9a26be,JEMBER,20.0,18.571428571428573,-1.428571428571427,0.9285714285714286,1.428571428571427
2025-09-24,580919d632e55fd9736ae1a2ac6ed0c5,BATAM,37.857142857142854,36.42857142857143,-1.4285714285714235,0.9622641509433963,1.4285714285714235
2025-04-15,5b8eaa351fae8e6d1e759e814d74c1c5,MEDAN,142.85714285714286,144.28571428571428,1.4285714285714164,1.01,1.4285714285714164
2025-09-24,a616a546264044ed616bc2bdf2d9f7fc,YOGYAKARTA,57.142857142857146,55.857142857142854,-1.2857142857142918,0.9774999999999999,1.2857142857142918
2025-06-30,7114d91eccf418326f7a9a05943c04e1,JAMBI,38.142857142857146,36.857142857142854,-1.2857142857142918,0.9662921348314605,1.2857142857142918
2025-09-24,3f6093566521149f8e37fa4e3fafe7cc,PADANG,53.142857142857146,51.857142857142854,-1.2857142857142918,0.9758064516129031,1.2857142857142918
2025-05-06,7cade3ea25dae25fdb8c56776676b0c7,CILEGON,72.14285714285714,73.42857142857143,1.2857142857142918,1.0178217821782178,1.2857142857142918
2025-04-18,26a644178fbdb277dc3c50997f6df7fe,PALEMBANG,50.857142857142854,52.142857142857146,1.2857142857142918,1.0252808988764046,1.2857142857142918
2025-07-22,8188326fb0a403be03ea632997c8a959,GORONTALO,27.428571428571427,28.714285714285715,1.2857142857142883,1.046875,1.2857142857142883
2025-07-26,3afae5dea7356f64f70605334bef46a7,CIANJUR,18.285714285714285,19.571428571428573,1.2857142857142883,1.0703125000000002,1.2857142857142883
2025-07-22,5a894958f375392ce7981be2eb9a26be,JEMBER,18.428571428571427,19.714285714285715,1.2857142857142883,1.0697674418604652,1.2857142857142883
2025-06-30,57d37d0d839b9dff6f87d6b5d5b679cc,SOLO,27.571428571428573,26.285714285714285,-1.2857142857142883,0.9533678756476683,1.2857142857142883
2025-07-26,d1918db937d26e9e4ccd3e17e1ff0e2d,SUMEDANG,23.428571428571427,24.714285714285715,1.2857142857142883,1.0548780487804879,1.2857142857142883
2025-09-24,be8de71502987819afd4c2ceea71c539,GRESIK,28.714285714285715,27.428571428571427,-1.2857142857142883,0.9552238805970148,1.2857142857142883
2025-07-02,a6d19ebcb27f61cbf41a6552fbf68676,SIDOARJO,18.571428571428573,17.285714285714285,-1.2857142857142883,0.9307692307692307,1.2857142857142883
2025-07-11,3afae5dea7356f64f70605334bef46a7,CIANJUR,17.285714285714285,18.571428571428573,1.2857142857142883,1.0743801652892564,1.2857142857142883
2025-07-18,0318cab65e5a4dbb61243ab4747fb621,SINGKAWANG,22.428571428571427,23.714285714285715,1.2857142857142883,1.0573248407643314,1.2857142857142883
2025-07-12,9715c9bc57db04a2506acfdab71ec1c6,RANTAU PRAPAT,18.285714285714285,19.571428571428573,1.2857142857142883,1.0703125000000002,1.2857142857142883
2025-04-17,0a8777c6c78e2d102bdf459f8550cf93,PANGKAL PINANG,13.714285714285714,15.0,1.2857142857142865,1.09375,1.2857142857142865
2025-07-17,62447bb073160adcf6d6022240a3663c,KLATEN,13.0,14.285714285714286,1.2857142857142865,1.098901098901099,1.2857142857142865
2025-07-24,81c620b2538435926cbbf15745ef5901,MADIUN,13.571428571428571,14.857142857142858,1.2857142857142865,1.0947368421052632,1.2857142857142865
2025-09-06,04a2de432a8901363a05137a8e8de1d2,MAMUJU,12.714285714285714,14.0,1.2857142857142865,1.101123595505618,1.2857142857142865
2025-05-21,dc6de349945f10a4a296bb50d34fc504,BANJARMASIN,5.0,3.7142857142857144,-1.2857142857142856,0.7428571428571429,1.2857142857142856
2025-05-21,2318d3c719302ff137eb1b53fb32f0c8,KARAWANG,14.714285714285714,13.428571428571429,-1.2857142857142847,0.912621359223301,1.2857142857142847
2025-07-02,f3a9ac312f7bc4e2467a1bf02a6aa1e9,LAMPUNG,29.142857142857142,27.857142857142858,-1.2857142857142847,0.9558823529411765,1.2857142857142847
2025-06-26,4eb26b1058266dc50a63dc875e4d8846,MATARAM,29.142857142857142,27.857142857142858,-1.2857142857142847,0.9558823529411765,1.2857142857142847
2025-09-24,4eb26b1058266dc50a63dc875e4d8846,MATARAM,28.857142857142858,27.571428571428573,-1.2857142857142847,0.9554455445544555,1.2857142857142847
2025-09-24,f3a9ac312f7bc4e2467a1bf02a6aa1e9,LAMPUNG,28.0,26.714285714285715,-1.2857142857142847,0.9540816326530612,1.2857142857142847
2025-04-30,57d37d0d839b9dff6f87d6b5d5b679cc,SOLO,29.285714285714285,28.0,-1.2857142857142847,0.9560975609756098,1.2857142857142847
2025-06-30,f292a4101ca0420357a2d18b3a013e5f,PALU,33.0,31.714285714285715,-1.2857142857142847,0.961038961038961,1.2857142857142847
2025-09-24,d1918db937d26e9e4ccd3e17e1ff0e2d,SUMEDANG,24.142857142857142,22.857142857142858,-1.2857142857142847,0.9467455621301776,1.2857142857142847
2025-07-18,fcf80028ec9bbf8efaee3932e529a78f,INDRAMAYU,18.142857142857142,19.428571428571427,1.2857142857142847,1.0708661417322833,1.2857142857142847
2025-04-09,15c7dc37db27dd76f38cc419107f7c48,KARAWANG,36.57142857142857,37.857142857142854,1.2857142857142847,1.03515625,1.2857142857142847
2025-06-26,9f0564f5cabe643e4dbb08b80d3cc241,PONTIANAK,28.428571428571427,27.142857142857142,-1.2857142857142847,0.9547738693467337,1.2857142857142847
2025-04-30,9cc7970100d8e4c2202f08cb78c6eb20,YOGYAKARTA,29.285714285714285,28.0,-1.2857142857142847,0.9560975609756098,1.2857142857142847
2025-06-30,92e94ed55b4de8feaff9462a66e2dbd7,PEKANBARU,34.285714285714285,33.0,-1.2857142857142847,0.9625,1.2857142857142847
2025-07-05,a55554e941cb93c23d1522f88fd0d004,DUMAI,19.285714285714285,18.0,-1.2857142857142847,0.9333333333333333,1.2857142857142847
2025-04-23,92e94ed55b4de8feaff9462a66e2dbd7,PEKANBARU,33.0,34.285714285714285,1.2857142857142847,1.0389610389610389,1.2857142857142847
2025-04-30,c877324e95024e707ae23f0aed947e15,SEMARANG,48.0,46.714285714285715,-1.2857142857142847,0.9732142857142857,1.2857142857142847
2025-04-30,3cc167017755a0197f18f93595c9ae85,JAMBI,30.0,28.714285714285715,-1.2857142857142847,0.9571428571428572,1.2857142857142847
2025-06-25,ef2896a95abe2a2b4cfee245dc1e36ec,CIKARANG,19.857142857142858,18.571428571428573,-1.2857142857142847,0.9352517985611511,1.2857142857142847
2025-09-24,88d0ee0029bee810e1d0fe37f73e2d3b,SOLO,29.0,27.714285714285715,-1.2857142857142847,0.9556650246305419,1.2857142857142847
2025-06-25,fbaf4d5f0c18dc603a21aef31da59ee6,SAMARINDA,28.285714285714285,27.0,-1.2857142857142847,0.9545454545454546,1.2857142857142847
2025-04-14,8d2e05da5624875993cb8580c88334a9,CIREBON,46.57142857142857,47.714285714285715,1.142857142857146,1.0245398773006136,1.142857142857146
2025-07-30,919c7b9859d8ce7cab47dab2463e7fab,MAKASSAR,44.142857142857146,43.0,-1.142857142857146,0.9741100323624595,1.142857142857146
2025-04-30,f292a4101ca0420357a2d18b3a013e5f,PALU,34.142857142857146,33.0,-1.142857142857146,0.9665271966527196,1.142857142857146
2025-05-02,f7734bb329cacfe21ce854ae822b6115,TANJUNG PINANG,29.571428571428573,28.428571428571427,-1.142857142857146,0.9613526570048309,1.142857142857146
2025-04-08,919c7b9859d8ce7cab47dab2463e7fab,MAKASSAR,44.0,42.857142857142854,-1.142857142857146,0.9740259740259739,1.142857142857146
2025-04-24,312cd6ebdd3af9ac55f7b3d31ecab9c2,BOGOR,41.857142857142854,43.0,1.142857142857146,1.0273037542662118,1.142857142857146
2025-04-08,7114d91eccf418326f7a9a05943c04e1,JAMBI,38.142857142857146,37.0,-1.142857142857146,0.9700374531835205,1.142857142857146
2025-07-02,4ba87a86e02dd8a810032db35bf13c51,BENGKULU,19.571428571428573,18.428571428571427,-1.142857142857146,0.9416058394160582,1.142857142857146
2025-04-17,3f6093566521149f8e37fa4e3fafe7cc,PADANG,51.857142857142854,53.0,1.142857142857146,1.022038567493113,1.142857142857146
2025-05-01,c48b7a4426e8cbee3f7dbfe8b87d1d89,PEKALONGAN,34.0,32.857142857142854,-1.142857142857146,0.9663865546218486,1.142857142857146
2025-04-10,c48b7a4426e8cbee3f7dbfe8b87d1d89,PEKALONGAN,34.142857142857146,33.0,-1.142857142857146,0.9665271966527196,1.142857142857146
2025-06-26,c877324e95024e707ae23f0aed947e15,SEMARANG,46.0,44.857142857142854,-1.142857142857146,0.9751552795031055,1.142857142857146
2025-04-30,716ede53fbca27fbe1c1a55d6667c2b5,CIKARANG,51.142857142857146,50.0,-1.142857142857146,0.9776536312849161,1.142857142857146
2025-07-02,0a8777c6c78e2d102bdf459f8550cf93,PANGKAL PINANG,13.857142857142858,12.714285714285714,-1.1428571428571441,0.9175257731958762,1.1428571428571441
2025-07-22,9eb47624e1e418bfac8b4fcc3a44a36b,DENPASAR,8.714285714285714,9.857142857142858,1.1428571428571441,1.1311475409836067,1.1428571428571441
2025-07-18,da6b584c30e784d15b54ad124a760b19,SAMARINDA,13.142857142857142,14.285714285714286,1.1428571428571441,1.0869565217391306,1.1428571428571441
2025-07-18,7995e00051a2fe6aeed7cfdbe0378c01,TIMIKA,13.142857142857142,14.285714285714286,1.1428571428571441,1.0869565217391306,1.1428571428571441
2025-07-17,45f553cca86b28fedd6115abdd0ae734,KUALA KAPUAS,13.142857142857142,14.285714285714286,1.1428571428571441,1.0869565217391306,1.1428571428571441
2025-07-15,d297f2f746c4fd2723f3202fafcbfa1a,BONDOWOSO,13.714285714285714,14.857142857142858,1.1428571428571441,1.0833333333333335,1.1428571428571441
2025-06-28,9eb47624e1e418bfac8b4fcc3a44a36b,DENPASAR,9.857142857142858,8.714285714285714,-1.1428571428571441,0.8840579710144927,1.1428571428571441
2025-04-12,79d0a75ad3523955b8d0e01198d6e9c9,CIREBON,3.857142857142857,5.0,1.1428571428571428,1.2962962962962963,1.1428571428571428
2025-09-01,981569adf232c53afe751c8c660db8d9,BATAM,25.857142857142858,24.714285714285715,-1.1428571428571423,0.9558011049723757,1.1428571428571423
2025-05-01,e939d818a5192f48fc4b73102e3aa4b9,PALANGKARAYA,19.714285714285715,18.571428571428573,-1.1428571428571423,0.9420289855072465,1.1428571428571423
2025-07-01,592095e0ddc2c230cf3002d72e9bac41,MANOKWARI,19.142857142857142,18.0,-1.1428571428571423,0.9402985074626866,1.1428571428571423
2025-09-24,f292a4101ca0420357a2d18b3a013e5f,PALU,33.0,31.857142857142858,-1.1428571428571423,0.9653679653679654,1.1428571428571423
2025-04-17,efe899b321b96d852776427476f14a06,YOGYAKARTA,28.0,29.142857142857142,1.1428571428571423,1.0408163265306123,1.1428571428571423
2025-04-28,592095e0ddc2c230cf3002d72e9bac41,MANOKWARI,20.0,18.857142857142858,-1.1428571428571423,0.9428571428571428,1.1428571428571423
2025-09-24,5a894958f375392ce7981be2eb9a26be,JEMBER,19.428571428571427,18.285714285714285,-1.1428571428571423,0.9411764705882353,1.1428571428571423
2025-04-30,25e1c125bdd513aa2355a8e558a1a908,KEDIRI,20.0,18.857142857142858,-1.1428571428571423,0.9428571428571428,1.1428571428571423
2025-07-24,a6d19ebcb27f61cbf41a6552fbf68676,SIDOARJO,18.857142857142858,20.0,1.1428571428571423,1.0606060606060606,1.1428571428571423
2025-09-24,4a4c71e99772e87c9e35a56acd8be21e,TERNATE,29.142857142857142,28.0,-1.1428571428571423,0.9607843137254902,1.1428571428571423
2025-07-31,c35e24eefa840ac2009279f1efc52288,BONTANG,20.0,18.857142857142858,-1.1428571428571423,0.9428571428571428,1.1428571428571423
2025-06-29,d1918db937d26e9e4ccd3e17e1ff0e2d,SUMEDANG,23.857142857142858,22.714285714285715,-1.1428571428571423,0.9520958083832336,1.1428571428571423
2025-05-03,3744d5b8753c9cc72700ce7927fa0df3,SIDOARJO,18.142857142857142,19.285714285714285,1.1428571428571423,1.0629921259842519,1.1428571428571423
2025-09-24,3cc167017755a0197f18f93595c9ae85,JAMBI,29.0,27.857142857142858,-1.1428571428571423,0.9605911330049262,1.1428571428571423
2025-06-26,d33850e3698903061b4c18886ce00c9d,GARUT,24.428571428571427,23.285714285714285,-1.1428571428571423,0.9532163742690059,1.1428571428571423
2025-07-17,d33850e3698903061b4c18886ce00c9d,GARUT,22.714285714285715,23.857142857142858,1.1428571428571423,1.050314465408805,1.1428571428571423
2025-06-28,81c620b2538435926cbbf15745ef5901,MADIUN,14.571428571428571,13.428571428571429,-1.1428571428571423,0.9215686274509804,1.1428571428571423
2025-04-30,2e0ec493a87e740511b7b565386c06fe,SORONG,20.0,18.857142857142858,-1.1428571428571423,0.9428571428571428,1.1428571428571423
2025-06-25,c71a18e33d4b7c73c8124c65fc3e6f1c,MANADO,22.0,20.857142857142858,-1.1428571428571423,0.948051948051948,1.1428571428571423
2025-05-21,b2539b1f80254243391774489b1328aa,ROKAN HILIR,10.0,8.857142857142858,-1.1428571428571423,0.8857142857142858,1.1428571428571423
2025-04-30,ef2896a95abe2a2b4cfee245dc1e36ec,CIKARANG,19.857142857142858,18.714285714285715,-1.1428571428571423,0.9424460431654677,1.1428571428571423
2025-09-08,0a8777c6c78e2d102bdf459f8550cf93,PANGKAL PINANG,12.285714285714286,13.428571428571429,1.1428571428571423,1.0930232558139534,1.1428571428571423
2025-07-16,ea7df0c99b450ecdea38cf34ae1f158f,KISARAN,23.0,24.142857142857142,1.1428571428571423,1.0496894409937887,1.1428571428571423
2025-07-04,04a2de432a8901363a05137a8e8de1d2,MAMUJU,14.714285714285714,13.571428571428571,-1.1428571428571423,0.9223300970873787,1.1428571428571423
2025-07-02,9cc7970100d8e4c2202f08cb78c6eb20,YOGYAKARTA,27.142857142857142,26.0,-1.1428571428571423,0.9578947368421052,1.1428571428571423
2025-09-24,53b77c875c67b68561415f23065e6e8d,PADANG,28.142857142857142,27.0,-1.1428571428571423,0.9593908629441624,1.1428571428571423
2025-09-24,a691dd0d8274fa85ecdc7d5ad6df1628,LAMPUNG,28.714285714285715,27.571428571428573,-1.1428571428571423,0.9601990049751244,1.1428571428571423
2025-09-24,9d67ea34034038d9a33cf7ac63b7ac65,PEMATANG SIANTAR,19.0,17.857142857142858,-1.1428571428571423,0.9398496240601504,1.1428571428571423
2025-07-21,202dbf4df0e433f092fca1aa8162c400,TARAKAN,18.571428571428573,19.714285714285715,1.1428571428571423,1.0615384615384615,1.1428571428571423
2025-04-15,e989d8fdc91de7e6ffbb72a2f5ac79f6,DEPOK,76.28571428571429,77.42857142857143,1.1428571428571388,1.0149812734082397,1.1428571428571388
2025-06-24,919c7b9859d8ce7cab47dab2463e7fab,MAKASSAR,42.142857142857146,43.285714285714285,1.1428571428571388,1.0271186440677964,1.1428571428571388
2025-07-20,04a2de432a8901363a05137a8e8de1d2,MAMUJU,13.857142857142858,14.857142857142858,1.0,1.0721649484536082,1.0
2025-04-22,2318d3c719302ff137eb1b53fb32f0c8,KARAWANG,14.0,15.0,1.0,1.0714285714285714,1.0
2025-04-17,a55554e941cb93c23d1522f88fd0d004,DUMAI,19.0,20.0,1.0,1.0526315789473684,1.0
2025-04-12,66d433e397ff7f3d460500704fd40a5a,PEKANBARU,9.0,10.0,1.0,1.1111111111111112,1.0
2025-04-09,88d0ee0029bee810e1d0fe37f73e2d3b,SOLO,28.0,29.0,1.0,1.0357142857142858,1.0
2025-07-23,66d433e397ff7f3d460500704fd40a5a,PEKANBARU,8.0,9.0,1.0,1.125,1.0
2025-04-30,53b77c875c67b68561415f23065e6e8d,PADANG,5.0,4.0,-1.0,0.8,1.0
2025-05-21,53b77c875c67b68561415f23065e6e8d,PADANG,5.0,4.0,-1.0,0.8,1.0
2025-09-24,a55554e941cb93c23d1522f88fd0d004,DUMAI,19.714285714285715,18.714285714285715,-1.0,0.9492753623188406,1.0
2025-04-17,5a894958f375392ce7981be2eb9a26be,JEMBER,19.0,20.0,1.0,1.0526315789473684,1.0
2025-07-02,5a894958f375392ce7981be2eb9a26be,JEMBER,19.0,18.0,-1.0,0.9473684210526315,1.0
2025-04-19,5ff7565cdb056b4bdcb43d0ea2b5380d,KUPANG,18.857142857142858,19.857142857142858,1.0,1.053030303030303,1.0
2025-04-17,ea7df0c99b450ecdea38cf34ae1f158f,KISARAN,23.0,24.0,1.0,1.0434782608695652,1.0
2025-09-24,9cc7970100d8e4c2202f08cb78c6eb20,YOGYAKARTA,28.0,27.0,-1.0,0.9642857142857143,1.0
2025-07-04,202dbf4df0e433f092fca1aa8162c400,TARAKAN,19.142857142857142,18.142857142857142,-1.0,0.9477611940298507,1.0
2025-09-20,e939d818a5192f48fc4b73102e3aa4b9,PALANGKARAYA,17.857142857142858,18.857142857142858,1.0,1.056,1.0
2025-09-16,9eb47624e1e418bfac8b4fcc3a44a36b,DENPASAR,8.0,9.0,1.0,1.125,1.0
2025-04-18,cb2a49a747f8989ee0356ec7ac354177,BENGKULU,28.142857142857142,29.142857142857142,1.0,1.0355329949238579,1.0
2025-04-18,0318cab65e5a4dbb61243ab4747fb621,SINGKAWANG,24.0,25.0,1.0,1.0416666666666667,1.0
2025-07-03,f7734bb329cacfe21ce854ae822b6115,TANJUNG PINANG,27.857142857142858,26.857142857142858,-1.0,0.9641025641025641,1.0
2025-04-30,04a2de432a8901363a05137a8e8de1d2,MAMUJU,15.0,14.0,-1.0,0.9333333333333333,1.0
2025-04-22,9715c9bc57db04a2506acfdab71ec1c6,RANTAU PRAPAT,19.0,20.0,1.0,1.0526315789473684,1.0
2025-04-18,a6d19ebcb27f61cbf41a6552fbf68676,SIDOARJO,19.0,20.0,1.0,1.0526315789473684,1.0
2025-04-17,4ba87a86e02dd8a810032db35bf13c51,BENGKULU,19.0,20.0,1.0,1.0526315789473684,1.0
2025-04-30,4a61d7e09bbe3868d79af81be96ed6ee,CIKARANG,5.0,4.0,-1.0,0.8,1.0
2025-07-17,afbb3b11f728a54ad1eb3ca34f602779,KENDARI,18.571428571428573,19.571428571428573,1.0,1.0538461538461539,1.0
2025-04-09,df7f047e9886cfa1c0892c97f15d4146,MATARAM,4.0,5.0,1.0,1.25,1.0
2025-07-23,df7f047e9886cfa1c0892c97f15d4146,MATARAM,4.0,5.0,1.0,1.25,1.0
2025-05-05,26a644178fbdb277dc3c50997f6df7fe,PALEMBANG,52.857142857142854,53.857142857142854,1.0,1.018918918918919,1.0
2025-05-21,df7f047e9886cfa1c0892c97f15d4146,MATARAM,5.0,4.0,-1.0,0.8,1.0
2025-04-17,7995e00051a2fe6aeed7cfdbe0378c01,TIMIKA,14.0,15.0,1.0,1.0714285714285714,1.0
2025-05-21,4a61d7e09bbe3868d79af81be96ed6ee,CIKARANG,5.0,4.0,-1.0,0.8,1.0
2025-08-05,4a61d7e09bbe3868d79af81be96ed6ee,CIKARANG,5.0,4.0,-1.0,0.8,1.0
2025-05-06,da96492ebd43c4a193238d6c3205cc40,PEKANBARU,66.14285714285714,67.14285714285714,1.0,1.0151187904967602,1.0
2025-07-23,dc6de349945f10a4a296bb50d34fc504,BANJARMASIN,4.0,5.0,1.0,1.25,1.0
2025-05-03,be8de71502987819afd4c2ceea71c539,GRESIK,28.142857142857142,29.142857142857142,1.0,1.0355329949238579,1.0
2025-05-06,3f6093566521149f8e37fa4e3fafe7cc,PADANG,52.857142857142854,53.857142857142854,1.0,1.018918918918919,1.0
2025-04-17,45f553cca86b28fedd6115abdd0ae734,KUALA KAPUAS,14.0,15.0,1.0,1.0714285714285714,1.0
2025-07-02,45f553cca86b28fedd6115abdd0ae734,KUALA KAPUAS,14.285714285714286,13.285714285714286,-1.0,0.93,1.0
2025-09-13,45f553cca86b28fedd6115abdd0ae734,KUALA KAPUAS,13.428571428571429,14.428571428571429,1.0,1.074468085106383,1.0
2025-08-05,09ff932202ae245655ae248642132086,JAMBI,5.0,4.0,-1.0,0.8,1.0
2025-04-30,09ff932202ae245655ae248642132086,JAMBI,5.0,4.0,-1.0,0.8,1.0
2025-05-21,09ff932202ae245655ae248642132086,JAMBI,5.0,4.0,-1.0,0.8,1.0
2025-08-31,5ff7565cdb056b4bdcb43d0ea2b5380d,KUPANG,17.714285714285715,16.714285714285715,-1.0,0.9435483870967742,1.0
2025-09-16,5ff7565cdb056b4bdcb43d0ea2b5380d,KUPANG,17.142857142857142,18.142857142857142,1.0,1.0583333333333333,1.0
2025-04-14,494c8f1916a97efe3390ba9dbab6ce7d,LAMPUNG,61.285714285714285,62.285714285714285,1.0,1.0163170163170163,1.0
2025-09-12,b2539b1f80254243391774489b1328aa,ROKAN HILIR,9.0,10.0,1.0,1.1111111111111112,1.0
2025-06-30,b2539b1f80254243391774489b1328aa,ROKAN HILIR,10.0,9.0,-1.0,0.9,1.0
2025-04-30,b2539b1f80254243391774489b1328aa,ROKAN HILIR,10.0,9.0,-1.0,0.9,1.0
2025-07-19,ef2896a95abe2a2b4cfee245dc1e36ec,CIKARANG,18.428571428571427,19.428571428571427,1.0,1.054263565891473,1.0
2025-04-23,afbb3b11f728a54ad1eb3ca34f602779,KENDARI,19.0,20.0,1.0,1.0526315789473684,1.0
2025-04-30,df7f047e9886cfa1c0892c97f15d4146,MATARAM,5.0,4.0,-1.0,0.8,1.0
2025-06-26,3744d5b8753c9cc72700ce7927fa0df3,SIDOARJO,19.0,18.0,-1.0,0.9473684210526315,1.0
2025-04-09,d33850e3698903061b4c18886ce00c9d,GARUT,23.0,24.0,1.0,1.0434782608695652,1.0
2025-04-30,26d1d720bc7e60c1b1a56630e3ba2c5d,GARUT,15.0,14.0,-1.0,0.9333333333333333,1.0
2025-04-29,c35e24eefa840ac2009279f1efc52288,BONTANG,20.0,19.0,-1.0,0.95,1.0
2025-05-21,62447bb073160adcf6d6022240a3663c,KLATEN,15.0,14.0,-1.0,0.9333333333333333,1.0
2025-07-01,2e0ec493a87e740511b7b565386c06fe,SORONG,19.142857142857142,18.142857142857142,-1.0,0.9477611940298507,1.0
2025-04-22,81c620b2538435926cbbf15745ef5901,MADIUN,14.0,15.0,1.0,1.0714285714285714,1.0
2025-05-21,81c620b2538435926cbbf15745ef5901,MADIUN,15.0,14.0,-1.0,0.9333333333333333,1.0
2025-05-21,d297f2f746c4fd2723f3202fafcbfa1a,BONDOWOSO,15.0,14.0,-1.0,0.9333333333333333,1.0
2025-04-30,d297f2f746c4fd2723f3202fafcbfa1a,BONDOWOSO,15.0,14.0,-1.0,0.9333333333333333,1.0
2025-05-21,7c271f1e1351e6433b202d77b88012c2,CIREBON,15.0,14.0,-1.0,0.9333333333333333,1.0
2025-04-15,fcf80028ec9bbf8efaee3932e529a78f,INDRAMAYU,18.0,19.0,1.0,1.0555555555555556,1.0
2025-08-01,79d0a75ad3523955b8d0e01198d6e9c9,CIREBON,5.0,4.0,-1.0,0.8,1.0
2025-05-02,ecace029de4a6bd4ae872928509cd71d,TASIKMALAYA,38.42857142857143,37.57142857142857,-0.8571428571428612,0.9776951672862453,0.8571428571428612
2025-09-24,716ede53fbca27fbe1c1a55d6667c2b5,CIKARANG,48.42857142857143,47.57142857142857,-0.8571428571428612,0.9823008849557521,0.8571428571428612
2025-04-27,9f0564f5cabe643e4dbb08b80d3cc241,PONTIANAK,53.142857142857146,52.285714285714285,-0.8571428571428612,0.9838709677419354,0.8571428571428612
2025-07-17,b2539b1f80254243391774489b1328aa,ROKAN HILIR,9.142857142857142,10.0,0.8571428571428577,1.09375,0.8571428571428577
2025-04-16,202dbf4df0e433f092fca1aa8162c400,TARAKAN,19.0,19.857142857142858,0.8571428571428577,1.0451127819548873,0.8571428571428577
2025-07-04,e939d818a5192f48fc4b73102e3aa4b9,PALANGKARAYA,18.571428571428573,17.714285714285715,-0.8571428571428577,0.9538461538461538,0.8571428571428577
2025-07-13,5ff7565cdb056b4bdcb43d0ea2b5380d,KUPANG,18.142857142857142,19.0,0.8571428571428577,1.0472440944881891,0.8571428571428577
2025-07-02,62447bb073160adcf6d6022240a3663c,KLATEN,14.857142857142858,14.0,-0.8571428571428577,0.9423076923076923,0.8571428571428577
2025-04-17,7c271f1e1351e6433b202d77b88012c2,CIREBON,14.142857142857142,15.0,0.8571428571428577,1.0606060606060606,0.8571428571428577
2025-05-02,ea7df0c99b450ecdea38cf34ae1f158f,KISARAN,23.857142857142858,23.0,-0.8571428571428577,0.9640718562874251,0.8571428571428577
2025-04-08,592095e0ddc2c230cf3002d72e9bac41,MANOKWARI,18.857142857142858,19.714285714285715,0.8571428571428577,1.0454545454545454,0.8571428571428577
2025-05-02,4a4c71e99772e87c9e35a56acd8be21e,TERNATE,29.0,28.142857142857142,-0.8571428571428577,0.9704433497536946,0.8571428571428577
2025-04-18,a691dd0d8274fa85ecdc7d5ad6df1628,LAMPUNG,28.142857142857142,29.0,0.8571428571428577,1.0304568527918783,0.8571428571428577
2025-07-20,a55554e941cb93c23d1522f88fd0d004,DUMAI,18.428571428571427,19.285714285714285,0.8571428571428577,1.0465116279069768,0.8571428571428577
2025-05-01,9eb47624e1e418bfac8b4fcc3a44a36b,DENPASAR,9.857142857142858,9.0,-0.8571428571428577,0.9130434782608695,0.8571428571428577
2025-04-18,f3a9ac312f7bc4e2467a1bf02a6aa1e9,LAMPUNG,28.142857142857142,29.0,0.8571428571428577,1.0304568527918783,0.8571428571428577
2025-06-25,d297f2f746c4fd2723f3202fafcbfa1a,BONDOWOSO,14.571428571428571,13.714285714285714,-0.8571428571428577,0.9411764705882353,0.8571428571428577
2025-08-28,79d0a75ad3523955b8d0e01198d6e9c9,CIREBON,4.0,3.142857142857143,-0.8571428571428572,0.7857142857142857,0.8571428571428572
2025-04-30,79d0a75ad3523955b8d0e01198d6e9c9,CIREBON,4.857142857142857,4.0,-0.8571428571428568,0.823529411764706,0.8571428571428568
2025-06-25,4a61d7e09bbe3868d79af81be96ed6ee,CIKARANG,4.857142857142857,4.0,-0.8571428571428568,0.823529411764706,0.8571428571428568
2025-09-01,9eb47624e1e418bfac8b4fcc3a44a36b,DENPASAR,8.571428571428571,7.714285714285714,-0.8571428571428568,0.9,0.8571428571428568
2025-04-08,4a61d7e09bbe3868d79af81be96ed6ee,CIKARANG,4.142857142857143,5.0,0.8571428571428568,1.206896551724138,0.8571428571428568
2025-09-07,7c271f1e1351e6433b202d77b88012c2,CIREBON,12.857142857142858,13.714285714285714,0.8571428571428559,1.0666666666666667,0.8571428571428559
2025-04-09,29fc89ab155e9f202326046c2e0023bb,MAKASSAR,57.142857142857146,58.0,0.8571428571428541,1.015,0.8571428571428541
2025-04-09,c877324e95024e707ae23f0aed947e15,SEMARANG,47.142857142857146,48.0,0.8571428571428541,1.018181818181818,0.8571428571428541
2025-04-09,35de0354d956048d1c9c49ff069eaa55,MEDAN,75.14285714285714,75.85714285714286,0.7142857142857224,1.0095057034220534,0.7142857142857224
2025-06-25,3afae5dea7356f64f70605334bef46a7,CIANJUR,18.571428571428573,17.857142857142858,-0.7142857142857153,0.9615384615384615,0.7142857142857153
2025-07-01,26d1d720bc7e60c1b1a56630e3ba2c5d,GARUT,13.857142857142858,13.142857142857142,-0.7142857142857153,0.9484536082474226,0.7142857142857153
2025-09-24,d33850e3698903061b4c18886ce00c9d,GARUT,24.0,23.285714285714285,-0.7142857142857153,0.9702380952380952,0.7142857142857153
2025-04-14,073b764928864ed8fa0b6b115bfdd685,BATAM,42.857142857142854,43.57142857142857,0.7142857142857153,1.0166666666666666,0.7142857142857153
2025-07-30,5ff7565cdb056b4bdcb43d0ea2b5380d,KUPANG,18.428571428571427,19.142857142857142,0.7142857142857153,1.0387596899224807,0.7142857142857153
2025-09-24,d297f2f746c4fd2723f3202fafcbfa1a,BONDOWOSO,14.857142857142858,14.142857142857142,-0.7142857142857153,0.9519230769230769,0.7142857142857153
2025-04-30,d33850e3698903061b4c18886ce00c9d,GARUT,24.714285714285715,24.0,-0.7142857142857153,0.9710982658959537,0.7142857142857153
2025-09-24,c877324e95024e707ae23f0aed947e15,SEMARANG,47.0,46.285714285714285,-0.7142857142857153,0.9848024316109423,0.7142857142857153
2025-04-15,2e0ec493a87e740511b7b565386c06fe,SORONG,19.0,19.714285714285715,0.7142857142857153,1.037593984962406,0.7142857142857153
2025-04-15,981569adf232c53afe751c8c660db8d9,BATAM,28.0,28.714285714285715,0.7142857142857153,1.0255102040816326,0.7142857142857153
2025-09-24,9715c9bc57db04a2506acfdab71ec1c6,RANTAU PRAPAT,19.142857142857142,18.428571428571427,-0.7142857142857153,0.962686567164179,0.7142857142857153
2025-04-15,1240789770bc04e7d26e5fa31c075ced,MALANG,24.0,24.714285714285715,0.7142857142857153,1.0297619047619049,0.7142857142857153
2025-04-15,ef2896a95abe2a2b4cfee245dc1e36ec,CIKARANG,19.0,19.714285714285715,0.7142857142857153,1.037593984962406,0.7142857142857153
2025-04-15,f292a4101ca0420357a2d18b3a013e5f,PALU,33.0,33.714285714285715,0.7142857142857153,1.0216450216450217,0.7142857142857153
2025-04-15,3cc167017755a0197f18f93595c9ae85,JAMBI,28.0,28.714285714285715,0.7142857142857153,1.0255102040816326,0.7142857142857153
2025-06-27,9715c9bc57db04a2506acfdab71ec1c6,RANTAU PRAPAT,19.571428571428573,18.857142857142858,-0.7142857142857153,0.9635036496350364,0.7142857142857153
2025-07-01,ea7df0c99b450ecdea38cf34ae1f158f,KISARAN,23.857142857142858,23.142857142857142,-0.7142857142857153,0.9700598802395209,0.7142857142857153
2025-05-06,a55554e941cb93c23d1522f88fd0d004,DUMAI,19.0,19.714285714285715,0.7142857142857153,1.037593984962406,0.7142857142857153
2025-04-08,9f0564f5cabe643e4dbb08b80d3cc241,PONTIANAK,52.285714285714285,53.0,0.7142857142857153,1.0136612021857925,0.7142857142857153
2025-06-26,a09b9ee7f937939ee25c24ef8c2e91be,BALIKPAPAN,17.142857142857142,17.857142857142858,0.7142857142857153,1.0416666666666667,0.7142857142857153
2025-07-01,2318d3c719302ff137eb1b53fb32f0c8,KARAWANG,14.857142857142858,14.142857142857142,-0.7142857142857153,0.9519230769230769,0.7142857142857153
2025-09-24,202dbf4df0e433f092fca1aa8162c400,TARAKAN,19.0,18.285714285714285,-0.7142857142857153,0.9624060150375939,0.7142857142857153
2025-07-03,25e1c125bdd513aa2355a8e558a1a908,KEDIRI,18.571428571428573,17.857142857142858,-0.7142857142857153,0.9615384615384615,0.7142857142857153
2025-04-15,25e1c125bdd513aa2355a8e558a1a908,KEDIRI,19.0,19.714285714285715,0.7142857142857153,1.037593984962406,0.7142857142857153
2025-07-21,09ff932202ae245655ae248642132086,JAMBI,4.0,4.714285714285714,0.7142857142857144,1.1785714285714286,0.7142857142857144
2025-04-29,dc6de349945f10a4a296bb50d34fc504,BANJARMASIN,4.714285714285714,4.0,-0.7142857142857144,0.8484848484848485,0.7142857142857144
2025-05-19,79d0a75ad3523955b8d0e01198d6e9c9,CIREBON,4.714285714285714,4.0,-0.7142857142857144,0.8484848484848485,0.7142857142857144
2025-07-21,4a61d7e09bbe3868d79af81be96ed6ee,CIKARANG,4.0,4.714285714285714,0.7142857142857144,1.1785714285714286,0.7142857142857144
2025-09-24,66d433e397ff7f3d460500704fd40a5a,PEKANBARU,8.714285714285714,8.0,-0.7142857142857135,0.918032786885246,0.7142857142857135
2025-09-24,26d1d720bc7e60c1b1a56630e3ba2c5d,GARUT,14.142857142857142,13.428571428571429,-0.7142857142857135,0.9494949494949495,0.7142857142857135
2025-05-02,7995e00051a2fe6aeed7cfdbe0378c01,TIMIKA,14.714285714285714,14.0,-0.7142857142857135,0.9514563106796117,0.7142857142857135
2025-04-09,62447bb073160adcf6d6022240a3663c,KLATEN,14.714285714285714,14.0,-0.7142857142857135,0.9514563106796117,0.7142857142857135
2025-04-24,62447bb073160adcf6d6022240a3663c,KLATEN,14.0,14.714285714285714,0.7142857142857135,1.0510204081632653,0.7142857142857135
2025-09-05,66d433e397ff7f3d460500704fd40a5a,PEKANBARU,7.428571428571429,8.142857142857142,0.7142857142857135,1.096153846153846,0.7142857142857135
2025-09-24,2318d3c719302ff137eb1b53fb32f0c8,KARAWANG,15.0,14.285714285714286,-0.7142857142857135,0.9523809523809524,0.7142857142857135
2025-05-06,45f553cca86b28fedd6115abdd0ae734,KUALA KAPUAS,14.0,14.714285714285714,0.7142857142857135,1.0510204081632653,0.7142857142857135
2025-07-30,7114d91eccf418326f7a9a05943c04e1,JAMBI,39.857142857142854,39.142857142857146,-0.7142857142857082,0.9820788530465951,0.7142857142857082
2025-04-12,a616a546264044ed616bc2bdf2d9f7fc,YOGYAKARTA,57.142857142857146,57.857142857142854,0.7142857142857082,1.0125,0.7142857142857082
2025-04-10,a9d508d218799f9dc69bb4aefc122cb3,MANADO,67.28571428571429,66.71428571428571,-0.5714285714285836,0.9915074309978766,0.5714285714285836
2025-04-08,c71a18e33d4b7c73c8124c65fc3e6f1c,MANADO,24.571428571428573,24.0,-0.571428571428573,0.9767441860465116,0.571428571428573
2025-04-14,3744d5b8753c9cc72700ce7927fa0df3,SIDOARJO,18.428571428571427,19.0,0.571428571428573,1.0310077519379846,0.571428571428573
2025-04-09,c35e24eefa840ac2009279f1efc52288,BONTANG,19.571428571428573,19.0,-0.571428571428573,0.9708029197080291,0.571428571428573
2025-05-02,4ba87a86e02dd8a810032db35bf13c51,BENGKULU,19.714285714285715,19.142857142857142,-0.571428571428573,0.9710144927536231,0.571428571428573
2025-05-02,5a894958f375392ce7981be2eb9a26be,JEMBER,19.714285714285715,19.142857142857142,-0.571428571428573,0.9710144927536231,0.571428571428573
2025-05-02,efe899b321b96d852776427476f14a06,YOGYAKARTA,28.571428571428573,28.0,-0.571428571428573,0.98,0.571428571428573
2025-05-06,fcf80028ec9bbf8efaee3932e529a78f,INDRAMAYU,19.0,19.571428571428573,0.571428571428573,1.0300751879699248,0.571428571428573
2025-04-10,8188326fb0a403be03ea632997c8a959,GORONTALO,28.571428571428573,28.0,-0.571428571428573,0.98,0.571428571428573
2025-09-06,fbaf4d5f0c18dc603a21aef31da59ee6,SAMARINDA,21.142857142857142,21.714285714285715,0.571428571428573,1.0270270270270272,0.571428571428573
2025-04-10,e939d818a5192f48fc4b73102e3aa4b9,PALANGKARAYA,19.571428571428573,19.0,-0.571428571428573,0.9708029197080291,0.571428571428573
2025-05-03,a6d19ebcb27f61cbf41a6552fbf68676,SIDOARJO,19.571428571428573,19.0,-0.571428571428573,0.9708029197080291,0.571428571428573
2025-04-08,afbb3b11f728a54ad1eb3ca34f602779,KENDARI,19.571428571428573,19.0,-0.571428571428573,0.9708029197080291,0.571428571428573
2025-05-02,0a8777c6c78e2d102bdf459f8550cf93,PANGKAL PINANG,14.714285714285714,14.142857142857142,-0.5714285714285712,0.9611650485436893,0.5714285714285712
2025-07-02,7c271f1e1351e6433b202d77b88012c2,CIREBON,14.571428571428571,14.0,-0.5714285714285712,0.9607843137254902,0.5714285714285712
2025-08-16,66d433e397ff7f3d460500704fd40a5a,PEKANBARU,8.571428571428571,8.0,-0.5714285714285712,0.9333333333333333,0.5714285714285712
2025-08-07,df7f047e9886cfa1c0892c97f15d4146,MATARAM,4.571428571428571,4.0,-0.5714285714285712,0.875,0.5714285714285712
2025-04-08,da6b584c30e784d15b54ad124a760b19,SAMARINDA,14.571428571428571,14.0,-0.5714285714285712,0.9607843137254902,0.5714285714285712
2025-04-10,26d1d720bc7e60c1b1a56630e3ba2c5d,GARUT,14.571428571428571,14.0,-0.5714285714285712,0.9607843137254902,0.5714285714285712
2025-05-03,bf33cc26f29bf266a83e35901fa80c9c,AMBON,33.857142857142854,33.285714285714285,-0.5714285714285694,0.9831223628691984,0.5714285714285694
2025-05-04,0318cab65e5a4dbb61243ab4747fb621,SINGKAWANG,24.285714285714285,23.714285714285715,-0.5714285714285694,0.9764705882352942,0.5714285714285694
2025-06-26,981569adf232c53afe751c8c660db8d9,BATAM,28.428571428571427,27.857142857142858,-0.5714285714285694,0.9798994974874372,0.5714285714285694
2025-04-08,92e94ed55b4de8feaff9462a66e2dbd7,PEKANBARU,32.42857142857143,33.0,0.5714285714285694,1.0176211453744493,0.5714285714285694
2025-09-24,fcf80028ec9bbf8efaee3932e529a78f,INDRAMAYU,19.142857142857142,18.571428571428573,-0.5714285714285694,0.9701492537313434,0.5714285714285694
2025-09-24,9f0564f5cabe643e4dbb08b80d3cc241,PONTIANAK,27.428571428571427,26.857142857142858,-0.5714285714285694,0.9791666666666667,0.5714285714285694
2025-04-10,3c41b96b56b0aab1ed5fc5e703499730,BALIKPAPAN,53.285714285714285,52.714285714285715,-0.5714285714285694,0.9892761394101877,0.5714285714285694
2025-09-23,3744d5b8753c9cc72700ce7927fa0df3,SIDOARJO,19.285714285714285,19.714285714285715,0.4285714285714306,1.0222222222222224,0.4285714285714306
2025-05-25,218c50fa4df90b3241e39ff8ffb41102,SOLO,42.714285714285715,42.285714285714285,-0.4285714285714306,0.9899665551839465,0.4285714285714306
2025-06-24,5ff7565cdb056b4bdcb43d0ea2b5380d,KUPANG,18.285714285714285,18.714285714285715,0.4285714285714306,1.0234375000000002,0.4285714285714306
2025-09-24,25e1c125bdd513aa2355a8e558a1a908,KEDIRI,19.571428571428573,19.142857142857142,-0.4285714285714306,0.9781021897810218,0.4285714285714306
2025-04-12,be8de71502987819afd4c2ceea71c539,GRESIK,28.428571428571427,28.857142857142858,0.4285714285714306,1.0150753768844223,0.4285714285714306
2025-04-08,e7ec114c2ec166155149062023617e8b,SAMARINDA,57.285714285714285,57.714285714285715,0.4285714285714306,1.0074812967581048,0.4285714285714306
2025-07-31,ea7df0c99b450ecdea38cf34ae1f158f,KISARAN,24.142857142857142,24.571428571428573,0.4285714285714306,1.017751479289941,0.4285714285714306
2025-07-28,9715c9bc57db04a2506acfdab71ec1c6,RANTAU PRAPAT,19.142857142857142,19.571428571428573,0.4285714285714306,1.0223880597014927,0.4285714285714306
2025-05-06,580919d632e55fd9736ae1a2ac6ed0c5,BATAM,38.0,38.42857142857143,0.4285714285714306,1.0112781954887218,0.4285714285714306
2025-08-20,a09b9ee7f937939ee25c24ef8c2e91be,BALIKPAPAN,16.285714285714285,16.714285714285715,0.4285714285714306,1.0263157894736843,0.4285714285714306
2025-06-25,7995e00051a2fe6aeed7cfdbe0378c01,TIMIKA,14.428571428571429,14.0,-0.4285714285714288,0.9702970297029703,0.4285714285714288
2025-04-08,53b77c875c67b68561415f23065e6e8d,PADANG,4.571428571428571,5.0,0.4285714285714288,1.09375,0.4285714285714288
2025-04-15,d297f2f746c4fd2723f3202fafcbfa1a,BONDOWOSO,14.0,14.428571428571429,0.4285714285714288,1.030612244897959,0.4285714285714288
2025-04-09,04a2de432a8901363a05137a8e8de1d2,MAMUJU,14.571428571428571,15.0,0.4285714285714288,1.0294117647058825,0.4285714285714288
2025-09-20,79d0a75ad3523955b8d0e01198d6e9c9,CIREBON,3.7142857142857144,4.142857142857143,0.4285714285714288,1.1153846153846154,0.4285714285714288
2025-05-04,4eb26b1058266dc50a63dc875e4d8846,MATARAM,29.428571428571427,29.0,-0.42857142857142705,0.9854368932038835,0.42857142857142705
2025-09-24,a09b9ee7f937939ee25c24ef8c2e91be,BALIKPAPAN,19.0,18.571428571428573,-0.42857142857142705,0.9774436090225564,0.42857142857142705
2025-09-24,62447bb073160adcf6d6022240a3663c,KLATEN,14.714285714285714,14.285714285714286,-0.42857142857142705,0.9708737864077671,0.42857142857142705
2025-04-13,57d37d0d839b9dff6f87d6b5d5b679cc,SOLO,28.571428571428573,29.0,0.42857142857142705,1.015,0.42857142857142705
2025-09-21,0318cab65e5a4dbb61243ab4747fb621,SINGKAWANG,22.571428571428573,23.0,0.42857142857142705,1.0189873417721518,0.42857142857142705
2025-04-08,d1918db937d26e9e4ccd3e17e1ff0e2d,SUMEDANG,23.714285714285715,24.142857142857142,0.42857142857142705,1.0180722891566265,0.42857142857142705
2025-04-26,3afae5dea7356f64f70605334bef46a7,CIANJUR,18.714285714285715,19.142857142857142,0.42857142857142705,1.0229007633587786,0.42857142857142705
2025-07-21,4ba87a86e02dd8a810032db35bf13c51,BENGKULU,19.142857142857142,18.714285714285715,-0.42857142857142705,0.9776119402985075,0.42857142857142705
2025-08-22,53b77c875c67b68561415f23065e6e8d,PADANG,25.142857142857142,24.714285714285715,-0.42857142857142705,0.9829545454545455,0.42857142857142705
2025-04-30,a09b9ee7f937939ee25c24ef8c2e91be,BALIKPAPAN,19.0,18.571428571428573,-0.42857142857142705,0.9774436090225564,0.42857142857142705
2025-04-09,a09b9ee7f937939ee25c24ef8c2e91be,BALIKPAPAN,18.571428571428573,19.0,0.42857142857142705,1.023076923076923,0.42857142857142705
2025-04-09,14b63ff2b104903ead7d884f25382e57,MALANG,23.571428571428573,24.0,0.42857142857142705,1.018181818181818,0.42857142857142705
2025-09-24,bf33cc26f29bf266a83e35901fa80c9c,AMBON,33.57142857142857,33.142857142857146,-0.4285714285714235,0.9872340425531917,0.4285714285714235
2025-07-31,17e1e7da761f72bbb4e039ba08cc0ba0,SEMARANG,54.142857142857146,54.57142857142857,0.4285714285714235,1.007915567282322,0.4285714285714235
2025-09-20,c71a18e33d4b7c73c8124c65fc3e6f1c,MANADO,23.428571428571427,23.714285714285715,0.28571428571428825,1.0121951219512195,0.28571428571428825
2025-07-28,981569adf232c53afe751c8c660db8d9,BATAM,28.428571428571427,28.714285714285715,0.28571428571428825,1.0100502512562815,0.28571428571428825
2025-09-24,0a8777c6c78e2d102bdf459f8550cf93,PANGKAL PINANG,14.0,13.714285714285714,-0.2857142857142865,0.9795918367346939,0.2857142857142865
2025-05-21,9eb47624e1e418bfac8b4fcc3a44a36b,DENPASAR,9.285714285714286,9.0,-0.2857142857142865,0.9692307692307691,0.2857142857142865
2025-07-31,d297f2f746c4fd2723f3202fafcbfa1a,BONDOWOSO,14.714285714285714,15.0,0.2857142857142865,1.0194174757281553,0.2857142857142865
2025-09-21,04a2de432a8901363a05137a8e8de1d2,MAMUJU,14.571428571428571,14.857142857142858,0.2857142857142865,1.019607843137255,0.2857142857142865
2025-09-19,81c620b2538435926cbbf15745ef5901,MADIUN,14.0,14.285714285714286,0.2857142857142865,1.0204081632653061,0.2857142857142865
2025-08-20,dc6de349945f10a4a296bb50d34fc504,BANJARMASIN,4.142857142857143,3.857142857142857,-0.28571428571428603,0.9310344827586207,0.28571428571428603
2025-08-31,09ff932202ae245655ae248642132086,JAMBI,4.0,3.7142857142857144,-0.2857142857142856,0.9285714285714286,0.2857142857142856
2025-07-05,66d433e397ff7f3d460500704fd40a5a,PEKANBARU,7.714285714285714,8.0,0.2857142857142856,1.037037037037037,0.2857142857142856
2025-09-08,dc6de349945f10a4a296bb50d34fc504,BANJARMASIN,3.7142857142857144,4.0,0.2857142857142856,1.0769230769230769,0.2857142857142856
2025-06-25,79d0a75ad3523955b8d0e01198d6e9c9,CIREBON,4.285714285714286,4.0,-0.2857142857142856,0.9333333333333333,0.2857142857142856
2025-09-08,df7f047e9886cfa1c0892c97f15d4146,MATARAM,3.7142857142857144,4.0,0.2857142857142856,1.0769230769230769,0.2857142857142856
2025-08-28,4a61d7e09bbe3868d79af81be96ed6ee,CIKARANG,4.0,3.7142857142857144,-0.2857142857142856,0.9285714285714286,0.2857142857142856
2025-06-26,afbb3b11f728a54ad1eb3ca34f602779,KENDARI,18.857142857142858,19.142857142857142,0.2857142857142847,1.0151515151515151,0.2857142857142847
2025-09-23,ecace029de4a6bd4ae872928509cd71d,TASIKMALAYA,36.42857142857143,36.714285714285715,0.2857142857142847,1.007843137254902,0.2857142857142847
2025-05-04,a691dd0d8274fa85ecdc7d5ad6df1628,LAMPUNG,29.0,29.285714285714285,0.2857142857142847,1.0098522167487685,0.2857142857142847
2025-05-04,d1918db937d26e9e4ccd3e17e1ff0e2d,SUMEDANG,24.0,24.285714285714285,0.2857142857142847,1.0119047619047619,0.2857142857142847
2025-05-04,f3a9ac312f7bc4e2467a1bf02a6aa1e9,LAMPUNG,29.0,28.714285714285715,-0.2857142857142847,0.9901477832512315,0.2857142857142847
2025-09-24,afbb3b11f728a54ad1eb3ca34f602779,KENDARI,19.0,18.714285714285715,-0.2857142857142847,0.9849624060150376,0.2857142857142847
2025-09-24,57d37d0d839b9dff6f87d6b5d5b679cc,SOLO,28.0,27.714285714285715,-0.2857142857142847,0.9897959183673469,0.2857142857142847
2025-04-29,14b63ff2b104903ead7d884f25382e57,MALANG,24.285714285714285,24.0,-0.2857142857142847,0.9882352941176471,0.2857142857142847
2025-09-23,1240789770bc04e7d26e5fa31c075ced,MALANG,21.714285714285715,22.0,0.2857142857142847,1.013157894736842,0.2857142857142847
2025-04-10,9158e16be84a6db4d63d3289099f119b,JAYAPURA,38.0,37.857142857142854,-0.1428571428571459,0.9962406015037594,0.1428571428571459
2025-07-17,79d0a75ad3523955b8d0e01198d6e9c9,CIREBON,4.0,4.142857142857143,0.14285714285714324,1.0357142857142858,0.14285714285714324
2025-09-21,4a61d7e09bbe3868d79af81be96ed6ee,CIKARANG,4.142857142857143,4.0,-0.14285714285714324,0.9655172413793103,0.14285714285714324
2025-06-25,dc6de349945f10a4a296bb50d34fc504,BANJARMASIN,4.142857142857143,4.0,-0.14285714285714324,0.9655172413793103,0.14285714285714324
2025-06-25,df7f047e9886cfa1c0892c97f15d4146,MATARAM,4.142857142857143,4.0,-0.14285714285714324,0.9655172413793103,0.14285714285714324
2025-06-24,53b77c875c67b68561415f23065e6e8d,PADANG,4.142857142857143,4.0,-0.14285714285714324,0.9655172413793103,0.14285714285714324
2025-05-03,cb2a49a747f8989ee0356ec7ac354177,BENGKULU,28.857142857142858,29.0,0.14285714285714235,1.004950495049505,0.14285714285714235
2025-09-24,7995e00051a2fe6aeed7cfdbe0378c01,TIMIKA,14.0,13.857142857142858,-0.14285714285714235,0.9897959183673469,0.14285714285714235
2025-09-24,7c271f1e1351e6433b202d77b88012c2,CIREBON,14.142857142857142,14.0,-0.14285714285714235,0.98989898989899,0.14285714285714235
2025-05-04,5ff7565cdb056b4bdcb43d0ea2b5380d,KUPANG,19.428571428571427,19.285714285714285,-0.14285714285714235,0.9926470588235294,0.14285714285714235
2025-09-24,c35e24eefa840ac2009279f1efc52288,BONTANG,19.0,18.857142857142858,-0.14285714285714235,0.9924812030075189,0.14285714285714235
2025-04-08,9cc7970100d8e4c2202f08cb78c6eb20,YOGYAKARTA,28.857142857142858,29.0,0.14285714285714235,1.004950495049505,0.14285714285714235
2025-05-04,7c271f1e1351e6433b202d77b88012c2,CIREBON,15.0,15.0,0.0,1.0,0.0
2025-09-23,df7f047e9886cfa1c0892c97f15d4146,MATARAM,4.0,4.0,0.0,1.0,0.0
2025-08-23,df7f047e9886cfa1c0892c97f15d4146,MATARAM,4.0,4.0,0.0,1.0,0.0
2025-04-12,b2539b1f80254243391774489b1328aa,ROKAN HILIR,10.0,10.0,0.0,1.0,0.0
2025-09-23,dc6de349945f10a4a296bb50d34fc504,BANJARMASIN,4.0,4.0,0.0,1.0,0.0
2025-04-10,dc6de349945f10a4a296bb50d34fc504,BANJARMASIN,5.0,5.0,0.0,1.0,0.0
2025-04-12,09ff932202ae245655ae248642132086,JAMBI,5.0,5.0,0.0,1.0,0.0
2025-07-01,09ff932202ae245655ae248642132086,JAMBI,4.0,4.0,0.0,1.0,0.0
2025-09-15,09ff932202ae245655ae248642132086,JAMBI,4.0,4.0,0.0,1.0,0.0
