id,total_ticket
1,100.0
2,100.0
3,100.0
4,100.0
5,100.0
6,100.0
7,100.0
8,100.0
9,100.0
10,100.0
11,100.0
12,100.0
13,100.0
14,100.0
15,100.0
16,100.0
17,100.0
18,100.0
19,100.0
20,100.0
21,100.0
22,100.0
23,100.0
24,100.0
25,100.0
26,100.0
27,100.0
28,100.0
29,100.0
30,100.0
31,100.0
32,100.0
33,100.0
34,100.0
35,100.0
36,100.0
37,100.0
38,100.0
39,100.0
40,100.0
41,100.0
42,100.0
43,100.0
44,100.0
45,100.0
46,100.0
47,100.0
48,100.0
49,100.0
50,100.0
51,100.0
52,100.0
53,100.0
54,100.0
55,100.0
56,100.0
57,100.0
58,100.0
59,100.0
60,100.0
61,100.0
62,100.0
63,100.0
64,100.0
65,100.0
66,100.0
67,100.0
68,100.0
69,100.0
70,100.0
71,100.0
72,100.0
73,100.0
74,100.0
75,100.0
76,100.0
77,100.0
78,100.0
79,100.0
80,100.0
81,100.0
82,100.0
83,100.0
84,100.0
85,100.0
86,100.0
87,100.0
88,100.0
89,100.0
90,100.0
91,100.0
92,100.0
93,100.0
94,100.0
95,100.0
96,100.0
97,100.0
98,100.0
99,100.0
100,100.0
101,100.0
102,100.0
103,100.0
104,100.0
105,100.0
106,100.0
107,100.0
108,100.0
109,100.0
110,100.0
111,100.0
112,100.0
113,100.0
114,100.0
115,100.0
116,100.0
117,100.0
118,100.0
119,100.0
120,100.0
121,100.0
122,100.0
123,100.0
124,100.0
125,100.0
126,100.0
127,100.0
128,100.0
129,100.0
130,100.0
131,100.0
132,100.0
133,100.0
134,100.0
135,100.0
136,100.0
137,100.0
138,100.0
139,100.0
140,100.0
141,100.0
142,100.0
143,100.0
144,100.0
145,100.0
146,100.0
147,100.0
148,100.0
149,100.0
150,100.0
151,100.0
152,100.0
153,100.0
154,100.0
155,100.0
156,100.0
157,100.0
158,100.0
159,100.0
160,100.0
161,100.0
162,100.0
163,100.0
164,100.0
165,100.0
166,100.0
167,100.0
168,100.0
169,100.0
170,100.0
171,100.0
172,100.0
173,100.0
174,100.0
175,100.0
176,100.0
177,100.0
178,100.0
179,100.0
180,100.0
181,100.0
182,100.0
183,100.0
184,100.0
185,100.0
186,100.0
187,100.0
188,100.0
189,100.0
190,100.0
191,100.0
192,100.0
193,100.0
194,100.0
195,100.0
196,100.0
197,100.0
198,100.0
199,100.0
200,100.0
201,100.0
202,100.0
203,100.0
204,100.0
205,100.0
206,100.0
207,100.0
208,100.0
209,100.0
210,100.0
211,100.0
212,100.0
213,100.0
214,100.0
215,100.0
216,100.0
217,100.0
218,100.0
219,100.0
220,100.0
221,100.0
222,100.0
223,100.0
224,100.0
225,100.0
226,100.0
227,100.0
228,100.0
229,100.0
230,100.0
231,100.0
232,100.0
233,100.0
234,100.0
235,100.0
236,100.0
237,100.0
238,100.0
239,100.0
240,100.0
241,100.0
242,100.0
243,100.0
244,100.0
245,100.0
246,100.0
247,100.0
248,100.0
249,100.0
250,100.0
251,100.0
252,100.0
253,100.0
254,100.0
255,100.0
256,100.0
257,100.0
258,100.0
259,100.0
260,100.0
261,100.0
262,100.0
263,100.0
264,100.0
265,100.0
266,100.0
267,100.0
268,100.0
269,100.0
270,100.0
271,100.0
272,100.0
273,100.0
274,100.0
275,100.0
276,100.0
277,100.0
278,100.0
279,100.0
280,100.0
281,100.0
282,100.0
283,100.0
284,100.0
285,100.0
286,100.0
287,100.0
288,100.0
289,100.0
290,100.0
291,100.0
292,100.0
293,100.0
294,100.0
295,100.0
296,100.0
297,100.0
298,100.0
299,100.0
300,100.0
301,100.0
302,100.0
303,100.0
304,100.0
305,100.0
306,100.0
307,100.0
308,100.0
309,100.0
310,100.0
311,100.0
312,100.0
313,100.0
314,100.0
315,100.0
316,100.0
317,100.0
318,100.0
319,100.0
320,100.0
321,100.0
322,100.0
323,100.0
324,100.0
325,100.0
326,100.0
327,100.0
328,100.0
329,100.0
330,100.0
331,100.0
332,100.0
333,100.0
334,100.0
335,100.0
336,100.0
337,100.0
338,100.0
339,100.0
340,100.0
341,100.0
342,100.0
343,100.0
344,100.0
345,100.0
346,100.0
347,100.0
348,100.0
349,100.0
350,100.0
351,100.0
352,100.0
353,100.0
354,100.0
355,100.0
356,100.0
357,100.0
358,100.0
359,100.0
360,100.0
361,100.0
362,100.0
363,100.0
364,100.0
365,100.0
366,100.0
367,100.0
368,100.0
369,100.0
370,100.0
371,100.0
372,100.0
373,100.0
374,100.0
375,100.0
376,100.0
377,100.0
378,100.0
379,100.0
380,100.0
381,100.0
382,100.0
383,100.0
384,100.0
385,100.0
386,100.0
387,100.0
388,100.0
389,100.0
390,100.0
391,100.0
392,100.0
393,100.0
394,100.0
395,100.0
396,100.0
397,100.0
398,100.0
399,100.0
400,100.0
401,100.0
402,100.0
403,100.0
404,100.0
405,100.0
406,100.0
407,100.0
408,100.0
409,100.0
410,100.0
411,100.0
412,100.0
413,100.0
414,100.0
415,100.0
416,100.0
417,100.0
418,100.0
419,100.0
420,100.0
421,100.0
422,100.0
423,100.0
424,100.0
425,100.0
426,100.0
427,100.0
428,100.0
429,100.0
430,100.0
431,100.0
432,100.0
433,100.0
434,100.0
435,100.0
436,100.0
437,100.0
438,100.0
439,100.0
440,100.0
441,100.0
442,100.0
443,100.0
444,100.0
445,100.0
446,100.0
447,100.0
448,100.0
449,100.0
450,100.0
451,100.0
452,100.0
453,100.0
454,100.0
455,100.0
456,100.0
457,100.0
458,100.0
459,100.0
460,100.0
461,100.0
462,100.0
463,100.0
464,100.0
465,100.0
466,100.0
467,100.0
468,100.0
469,100.0
470,100.0
471,100.0
472,100.0
473,100.0
474,100.0
475,100.0
476,100.0
477,100.0
478,100.0
479,100.0
480,100.0
481,100.0
482,100.0
483,100.0
484,100.0
485,100.0
486,100.0
487,100.0
488,100.0
489,100.0
490,100.0
491,100.0
492,100.0
493,100.0
494,100.0
495,100.0
496,100.0
497,100.0
498,100.0
499,100.0
500,100.0
501,100.0
502,100.0
503,100.0
504,100.0
505,100.0
506,100.0
507,100.0
508,100.0
509,100.0
510,100.0
511,100.0
512,100.0
513,100.0
514,100.0
515,100.0
516,100.0
517,100.0
518,100.0
519,100.0
520,100.0
521,100.0
522,100.0
523,100.0
524,100.0
525,100.0
526,100.0
527,100.0
528,100.0
529,100.0
530,100.0
531,100.0
532,100.0
533,100.0
534,100.0
535,100.0
536,100.0
537,100.0
538,100.0
539,100.0
540,100.0
541,100.0
542,100.0
543,100.0
544,100.0
545,100.0
546,100.0
547,100.0
548,100.0
549,100.0
550,100.0
551,100.0
552,100.0
553,100.0
554,100.0
555,100.0
556,100.0
557,100.0
558,100.0
559,100.0
560,100.0
561,100.0
562,100.0
563,100.0
564,100.0
565,100.0
566,100.0
567,100.0
568,100.0
569,100.0
570,100.0
571,100.0
572,100.0
573,100.0
574,100.0
575,100.0
576,100.0
577,100.0
578,100.0
579,100.0
580,100.0
581,100.0
582,100.0
583,100.0
584,100.0
585,100.0
586,100.0
587,100.0
588,100.0
589,100.0
590,100.0
591,100.0
592,100.0
593,100.0
594,100.0
595,100.0
596,100.0
597,100.0
598,100.0
599,100.0
600,100.0
601,100.0
602,100.0
603,100.0
604,100.0
605,100.0
606,100.0
607,100.0
608,100.0
609,100.0
610,100.0
611,100.0
612,100.0
613,100.0
614,100.0
615,100.0
616,100.0
617,100.0
618,100.0
619,100.0
620,100.0
621,100.0
622,100.0
623,100.0
624,100.0
625,100.0
626,100.0
627,100.0
628,100.0
629,100.0
630,100.0
631,100.0
632,100.0
633,100.0
634,100.0
635,100.0
636,100.0
637,100.0
638,100.0
639,100.0
640,100.0
641,100.0
642,100.0
643,100.0
644,100.0
645,100.0
646,100.0
647,100.0
648,100.0
649,100.0
650,100.0
651,100.0
652,100.0
653,100.0
654,100.0
655,100.0
656,100.0
657,100.0
658,100.0
659,100.0
660,100.0
661,100.0
662,100.0
663,100.0
664,100.0
665,100.0
666,100.0
667,100.0
668,100.0
669,100.0
670,100.0
671,100.0
672,100.0
673,100.0
674,100.0
675,100.0
676,100.0
677,100.0
678,100.0
679,100.0
680,100.0
681,100.0
682,100.0
683,100.0
684,100.0
685,100.0
686,100.0
687,100.0
688,100.0
689,100.0
690,100.0
691,100.0
692,100.0
693,100.0
694,100.0
695,100.0
696,100.0
697,100.0
698,100.0
699,100.0
700,100.0
701,100.0
702,100.0
703,100.0
704,100.0
705,100.0
706,100.0
707,100.0
708,100.0
709,100.0
710,100.0
711,100.0
712,100.0
713,100.0
714,100.0
715,100.0
716,100.0
717,100.0
718,100.0
719,100.0
720,100.0
721,100.0
722,100.0
723,100.0
724,100.0
725,100.0
726,100.0
727,100.0
728,100.0
729,100.0
730,100.0
731,100.0
732,100.0
733,100.0
734,100.0
735,100.0
736,100.0
737,100.0
738,100.0
739,100.0
740,100.0
741,100.0
742,100.0
743,100.0
744,100.0
745,100.0
746,100.0
747,100.0
748,100.0
749,100.0
750,100.0
751,100.0
752,100.0
753,100.0
754,100.0
755,100.0
756,100.0
757,100.0
758,100.0
759,100.0
760,100.0
761,100.0
762,100.0
763,100.0
764,100.0
765,100.0
766,100.0
767,100.0
768,100.0
769,100.0
770,100.0
771,100.0
772,100.0
773,100.0
774,100.0
775,100.0
776,100.0
777,100.0
778,100.0
779,100.0
780,100.0
781,100.0
782,100.0
783,100.0
784,100.0
785,100.0
786,100.0
787,100.0
788,100.0
789,100.0
790,100.0
791,100.0
792,100.0
793,100.0
794,100.0
795,100.0
796,100.0
797,100.0
798,100.0
799,100.0
800,100.0
801,100.0
802,100.0
803,100.0
804,100.0
805,100.0
806,100.0
807,100.0
808,100.0
809,100.0
810,100.0
811,100.0
812,100.0
813,100.0
814,100.0
815,100.0
816,100.0
817,100.0
818,100.0
819,100.0
820,100.0
821,100.0
822,100.0
823,100.0
824,100.0
825,100.0
826,100.0
827,100.0
828,100.0
829,100.0
830,100.0
831,100.0
832,100.0
833,100.0
834,100.0
835,100.0
836,100.0
837,100.0
838,100.0
839,100.0
840,100.0
841,100.0
842,100.0
843,100.0
844,100.0
845,100.0
846,100.0
847,100.0
848,100.0
849,100.0
850,100.0
851,100.0
852,100.0
853,100.0
854,100.0
855,100.0
856,100.0
857,100.0
858,100.0
859,100.0
860,100.0
861,100.0
862,100.0
863,100.0
864,100.0
865,100.0
866,100.0
867,100.0
868,100.0
869,100.0
870,100.0
871,100.0
872,100.0
873,100.0
874,100.0
875,100.0
876,100.0
877,100.0
878,100.0
879,100.0
880,100.0
881,100.0
882,100.0
883,100.0
884,100.0
885,100.0
886,100.0
887,100.0
888,100.0
889,100.0
890,100.0
891,100.0
892,100.0
893,100.0
894,100.0
895,100.0
896,100.0
897,100.0
898,100.0
899,100.0
900,100.0
901,100.0
902,100.0
903,100.0
904,100.0
905,100.0
906,100.0
907,100.0
908,100.0
909,100.0
910,100.0
911,100.0
912,100.0
913,100.0
914,100.0
915,100.0
916,100.0
917,100.0
918,100.0
919,100.0
920,100.0
921,100.0
922,100.0
923,100.0
924,100.0
925,100.0
926,100.0
927,100.0
928,100.0
929,100.0
930,100.0
931,100.0
932,100.0
933,100.0
934,100.0
935,100.0
936,100.0
937,100.0
938,100.0
939,100.0
940,100.0
941,100.0
942,100.0
943,100.0
944,100.0
945,100.0
946,100.0
947,100.0
948,100.0
949,100.0
950,100.0
951,100.0
952,100.0
953,100.0
954,100.0
955,100.0
956,100.0
957,100.0
958,100.0
959,100.0
960,100.0
961,100.0
962,100.0
963,100.0
964,100.0
965,100.0
966,100.0
967,100.0
968,100.0
969,100.0
970,100.0
971,100.0
972,100.0
973,100.0
974,100.0
975,100.0
976,100.0
977,100.0
978,100.0
979,100.0
980,100.0
981,100.0
982,100.0
983,100.0
984,100.0
985,100.0
986,100.0
987,100.0
988,100.0
989,100.0
990,100.0
991,100.0
992,100.0
993,100.0
994,100.0
995,100.0
996,100.0
997,100.0
998,100.0
999,100.0
1000,100.0
1001,100.0
1002,100.0
1003,100.0
1004,100.0
1005,100.0
1006,100.0
1007,100.0
1008,100.0
1009,100.0
1010,100.0
1011,100.0
1012,100.0
1013,100.0
1014,100.0
1015,100.0
1016,100.0
1017,100.0
1018,100.0
1019,100.0
1020,100.0
1021,100.0
1022,100.0
1023,100.0
1024,100.0
1025,100.0
1026,100.0
1027,100.0
1028,100.0
1029,100.0
1030,100.0
1031,100.0
1032,100.0
1033,100.0
1034,100.0
1035,100.0
1036,100.0
1037,100.0
1038,100.0
1039,100.0
1040,100.0
1041,100.0
1042,100.0
1043,100.0
1044,100.0
1045,100.0
1046,100.0
1047,100.0
1048,100.0
1049,100.0
1050,100.0
1051,100.0
1052,100.0
1053,100.0
1054,100.0
1055,100.0
1056,100.0
1057,100.0
1058,100.0
1059,100.0
1060,100.0
1061,100.0
1062,100.0
1063,100.0
1064,100.0
1065,100.0
1066,100.0
1067,100.0
1068,100.0
1069,100.0
1070,100.0
1071,100.0
1072,100.0
1073,100.0
1074,100.0
1075,100.0
1076,100.0
1077,100.0
1078,100.0
1079,100.0
1080,100.0
1081,100.0
1082,100.0
1083,100.0
1084,100.0
1085,100.0
1086,100.0
1087,100.0
1088,100.0
1089,100.0
1090,100.0
1091,100.0
1092,100.0
1093,100.0
1094,100.0
1095,100.0
1096,100.0
1097,100.0
1098,100.0
1099,100.0
1100,100.0
1101,100.0
1102,100.0
1103,100.0
1104,100.0
1105,100.0
1106,100.0
1107,100.0
1108,100.0
1109,100.0
1110,100.0
1111,100.0
1112,100.0
1113,100.0
1114,100.0
1115,100.0
1116,100.0
1117,100.0
1118,100.0
1119,100.0
1120,100.0
1121,100.0
1122,100.0
1123,100.0
1124,100.0
1125,100.0
1126,100.0
1127,100.0
1128,100.0
1129,100.0
1130,100.0
1131,100.0
1132,100.0
1133,100.0
1134,100.0
1135,100.0
1136,100.0
1137,100.0
1138,100.0
1139,100.0
1140,100.0
1141,100.0
1142,100.0
1143,100.0
1144,100.0
1145,100.0
1146,100.0
1147,100.0
1148,100.0
1149,100.0
1150,100.0
1151,100.0
1152,100.0
1153,100.0
1154,100.0
1155,100.0
1156,100.0
1157,100.0
1158,100.0
1159,100.0
1160,100.0
1161,100.0
1162,100.0
1163,100.0
1164,100.0
1165,100.0
1166,100.0
1167,100.0
1168,100.0
1169,100.0
1170,100.0
1171,100.0
1172,100.0
1173,100.0
1174,100.0
1175,100.0
1176,100.0
1177,100.0
1178,100.0
1179,100.0
1180,100.0
1181,100.0
1182,100.0
1183,100.0
1184,100.0
1185,100.0
1186,100.0
1187,100.0
1188,100.0
1189,100.0
1190,100.0
1191,100.0
1192,100.0
1193,100.0
1194,100.0
1195,100.0
1196,100.0
1197,100.0
1198,100.0
1199,100.0
1200,100.0
1201,100.0
1202,100.0
1203,100.0
1204,100.0
1205,100.0
1206,100.0
1207,100.0
1208,100.0
1209,100.0
1210,100.0
1211,100.0
1212,100.0
1213,100.0
1214,100.0
1215,100.0
1216,100.0
1217,100.0
1218,100.0
1219,100.0
1220,100.0
1221,100.0
1222,100.0
1223,100.0
1224,100.0
1225,100.0
1226,100.0
1227,100.0
1228,100.0
1229,100.0
1230,100.0
1231,100.0
1232,100.0
1233,100.0
1234,100.0
1235,100.0
1236,100.0
1237,100.0
1238,100.0
1239,100.0
1240,100.0
1241,100.0
1242,100.0
1243,100.0
1244,100.0
1245,100.0
1246,100.0
1247,100.0
1248,100.0
1249,100.0
1250,100.0
1251,100.0
1252,100.0
1253,100.0
1254,100.0
1255,100.0
1256,100.0
1257,100.0
1258,100.0
1259,100.0
1260,100.0
1261,100.0
1262,100.0
1263,100.0
1264,100.0
1265,100.0
1266,100.0
1267,100.0
1268,100.0
1269,100.0
1270,100.0
1271,100.0
1272,100.0
1273,100.0
1274,100.0
1275,100.0
1276,100.0
1277,100.0
1278,100.0
1279,100.0
1280,100.0
1281,100.0
1282,100.0
1283,100.0
1284,100.0
1285,100.0
1286,100.0
1287,100.0
1288,100.0
1289,100.0
1290,100.0
1291,100.0
1292,100.0
1293,100.0
1294,100.0
1295,100.0
1296,100.0
1297,100.0
1298,100.0
1299,100.0
1300,100.0
1301,100.0
1302,100.0
1303,100.0
1304,100.0
1305,100.0
1306,100.0
1307,100.0
1308,100.0
1309,100.0
1310,100.0
1311,100.0
1312,100.0
1313,100.0
1314,100.0
1315,100.0
1316,100.0
1317,100.0
1318,100.0
1319,100.0
1320,100.0
1321,100.0
1322,100.0
1323,100.0
1324,100.0
1325,100.0
1326,100.0
1327,100.0
1328,100.0
1329,100.0
1330,100.0
1331,100.0
1332,100.0
1333,100.0
1334,100.0
1335,100.0
1336,100.0
1337,100.0
1338,100.0
1339,100.0
1340,100.0
1341,100.0
1342,100.0
1343,100.0
1344,100.0
1345,100.0
1346,100.0
1347,100.0
1348,100.0
1349,100.0
1350,100.0
1351,100.0
1352,100.0
1353,100.0
1354,100.0
1355,100.0
1356,100.0
1357,100.0
1358,100.0
1359,100.0
1360,100.0
1361,100.0
1362,100.0
1363,100.0
1364,100.0
1365,100.0
1366,100.0
1367,100.0
1368,100.0
1369,100.0
1370,100.0
1371,100.0
1372,100.0
1373,100.0
1374,100.0
1375,100.0
1376,100.0
1377,100.0
1378,100.0
1379,100.0
1380,100.0
1381,100.0
1382,100.0
1383,100.0
1384,100.0
1385,100.0
1386,100.0
1387,100.0
1388,100.0
1389,100.0
1390,100.0
1391,100.0
1392,100.0
1393,100.0
1394,100.0
1395,100.0
1396,100.0
1397,100.0
1398,100.0
1399,100.0
1400,100.0
1401,100.0
1402,100.0
1403,100.0
1404,100.0
1405,100.0
1406,100.0
1407,100.0
1408,100.0
1409,100.0
1410,100.0
1411,100.0
1412,100.0
1413,100.0
1414,100.0
1415,100.0
1416,100.0
1417,100.0
1418,100.0
1419,100.0
1420,100.0
1421,100.0
1422,100.0
1423,100.0
1424,100.0
1425,100.0
1426,100.0
1427,100.0
1428,100.0
1429,100.0
1430,100.0
1431,100.0
1432,100.0
1433,100.0
1434,100.0
1435,100.0
1436,100.0
1437,100.0
1438,100.0
1439,100.0
1440,100.0
1441,100.0
1442,100.0
1443,100.0
1444,100.0
1445,100.0
1446,100.0
1447,100.0
1448,100.0
1449,100.0
1450,100.0
1451,100.0
1452,100.0
1453,100.0
1454,100.0
1455,100.0
1456,100.0
1457,100.0
1458,100.0
1459,100.0
1460,100.0
1461,100.0
1462,100.0
1463,100.0
1464,100.0
1465,100.0
1466,100.0
1467,100.0
1468,100.0
1469,100.0
1470,100.0
1471,100.0
1472,100.0
1473,100.0
1474,100.0
1475,100.0
1476,100.0
1477,100.0
1478,100.0
1479,100.0
1480,100.0
1481,100.0
1482,100.0
1483,100.0
1484,100.0
1485,100.0
1486,100.0
1487,100.0
1488,100.0
1489,100.0
1490,100.0
1491,100.0
1492,100.0
1493,100.0
1494,100.0
1495,100.0
1496,100.0
1497,100.0
1498,100.0
1499,100.0
1500,100.0
1501,100.0
1502,100.0
1503,100.0
1504,100.0
1505,100.0
1506,100.0
1507,100.0
1508,100.0
1509,100.0
1510,100.0
1511,100.0
1512,100.0
1513,100.0
1514,100.0
1515,100.0
1516,100.0
1517,100.0
1518,100.0
1519,100.0
1520,100.0
1521,100.0
1522,100.0
1523,100.0
1524,100.0
1525,100.0
1526,100.0
1527,100.0
1528,100.0
1529,100.0
1530,100.0
1531,100.0
1532,100.0
1533,100.0
1534,100.0
1535,100.0
1536,100.0
1537,100.0
1538,100.0
1539,100.0
1540,100.0
1541,100.0
1542,100.0
1543,100.0
1544,100.0
1545,100.0
1546,100.0
1547,100.0
1548,100.0
1549,100.0
1550,100.0
1551,100.0
1552,100.0
1553,100.0
1554,100.0
1555,100.0
1556,100.0
1557,100.0
1558,100.0
1559,100.0
1560,100.0
1561,100.0
1562,100.0
1563,100.0
1564,100.0
1565,100.0
1566,100.0
1567,100.0
1568,100.0
1569,100.0
1570,100.0
1571,100.0
1572,100.0
1573,100.0
1574,100.0
1575,100.0
1576,100.0
1577,100.0
1578,100.0
1579,100.0
1580,100.0
1581,100.0
1582,100.0
1583,100.0
1584,100.0
1585,100.0
1586,100.0
1587,100.0
1588,100.0
1589,100.0
1590,100.0
1591,100.0
1592,100.0
1593,100.0
1594,100.0
1595,100.0
1596,100.0
1597,100.0
1598,100.0
1599,100.0
1600,100.0
1601,100.0
1602,100.0
1603,100.0
1604,100.0
1605,100.0
1606,100.0
1607,100.0
1608,100.0
1609,100.0
1610,100.0
1611,100.0
1612,100.0
1613,100.0
1614,100.0
1615,100.0
1616,100.0
1617,100.0
1618,100.0
1619,100.0
1620,100.0
1621,100.0
1622,100.0
1623,100.0
1624,100.0
1625,100.0
1626,100.0
1627,100.0
1628,100.0
1629,100.0
1630,100.0
1631,100.0
1632,100.0
1633,100.0
1634,100.0
1635,100.0
1636,100.0
1637,100.0
1638,100.0
1639,100.0
1640,100.0
1641,100.0
1642,100.0
1643,100.0
1644,100.0
1645,100.0
1646,100.0
1647,100.0
1648,100.0
1649,100.0
1650,100.0
1651,100.0
1652,100.0
1653,100.0
1654,100.0
1655,100.0
1656,100.0
1657,100.0
1658,100.0
1659,100.0
1660,100.0
1661,100.0
1662,100.0
1663,100.0
1664,100.0
1665,100.0
1666,100.0
1667,100.0
1668,100.0
1669,100.0
1670,100.0
1671,100.0
1672,100.0
1673,100.0
1674,100.0
1675,100.0
1676,100.0
1677,100.0
1678,100.0
1679,100.0
1680,100.0
1681,100.0
1682,100.0
1683,100.0
1684,100.0
1685,100.0
1686,100.0
1687,100.0
1688,100.0
1689,100.0
1690,100.0
1691,100.0
1692,100.0
1693,100.0
1694,100.0
1695,100.0
1696,100.0
1697,100.0
1698,100.0
1699,100.0
1700,100.0
1701,100.0
1702,100.0
1703,100.0
1704,100.0
1705,100.0
1706,100.0
1707,100.0
1708,100.0
1709,100.0
1710,100.0
1711,100.0
1712,100.0
1713,100.0
1714,100.0
1715,100.0
1716,100.0
1717,100.0
1718,100.0
1719,100.0
1720,100.0
1721,100.0
1722,100.0
1723,100.0
1724,100.0
1725,100.0
1726,100.0
1727,100.0
1728,100.0
1729,100.0
1730,100.0
1731,100.0
1732,100.0
1733,100.0
1734,100.0
1735,100.0
1736,100.0
1737,100.0
1738,100.0
1739,100.0
1740,100.0
1741,100.0
1742,100.0
1743,100.0
1744,100.0
1745,100.0
1746,100.0
1747,100.0
1748,100.0
1749,100.0
1750,100.0
1751,100.0
1752,100.0
1753,100.0
1754,100.0
1755,100.0
1756,100.0
1757,100.0
1758,100.0
1759,100.0
1760,100.0
1761,100.0
1762,100.0
1763,100.0
1764,100.0
1765,100.0
1766,100.0
1767,100.0
1768,100.0
1769,100.0
1770,100.0
1771,100.0
1772,100.0
1773,100.0
1774,100.0
1775,100.0
1776,100.0
1777,100.0
1778,100.0
1779,100.0
1780,100.0
1781,100.0
1782,100.0
1783,100.0
1784,100.0
1785,100.0
1786,100.0
1787,100.0
1788,100.0
1789,100.0
1790,100.0
1791,100.0
1792,100.0
1793,100.0
1794,100.0
1795,100.0
1796,100.0
1797,100.0
1798,100.0
1799,100.0
1800,100.0
1801,100.0
1802,100.0
1803,100.0
1804,100.0
1805,100.0
1806,100.0
1807,100.0
1808,100.0
1809,100.0
1810,100.0
1811,100.0
1812,100.0
1813,100.0
1814,100.0
1815,100.0
1816,100.0
1817,100.0
1818,100.0
1819,100.0
1820,100.0
1821,100.0
1822,100.0
1823,100.0
1824,100.0
1825,100.0
1826,100.0
1827,100.0
1828,100.0
1829,100.0
1830,100.0
1831,100.0
1832,100.0
1833,100.0
1834,100.0
1835,100.0
1836,100.0
1837,100.0
1838,100.0
1839,100.0
1840,100.0
1841,100.0
1842,100.0
1843,100.0
1844,100.0
1845,100.0
1846,100.0
1847,100.0
1848,100.0
1849,100.0
1850,100.0
1851,100.0
1852,100.0
1853,100.0
1854,100.0
1855,100.0
1856,100.0
1857,100.0
1858,100.0
1859,100.0
1860,100.0
1861,100.0
1862,100.0
1863,100.0
1864,100.0
1865,100.0
1866,100.0
1867,100.0
1868,100.0
1869,100.0
1870,100.0
1871,100.0
1872,100.0
1873,100.0
1874,100.0
1875,100.0
1876,100.0
1877,100.0
1878,100.0
1879,100.0
1880,100.0
1881,100.0
1882,100.0
1883,100.0
1884,100.0
1885,100.0
1886,100.0
1887,100.0
1888,100.0
1889,100.0
1890,100.0
1891,100.0
1892,100.0
1893,100.0
1894,100.0
1895,100.0
1896,100.0
1897,100.0
1898,100.0
1899,100.0
1900,100.0
1901,100.0
1902,100.0
1903,100.0
1904,100.0
1905,100.0
1906,100.0
1907,100.0
1908,100.0
1909,100.0
1910,100.0
1911,100.0
1912,100.0
1913,100.0
1914,100.0
1915,100.0
1916,100.0
1917,100.0
1918,100.0
1919,100.0
1920,100.0
1921,100.0
1922,100.0
1923,100.0
1924,100.0
1925,100.0
1926,100.0
1927,100.0
1928,100.0
1929,100.0
1930,100.0
1931,100.0
1932,100.0
1933,100.0
1934,100.0
1935,100.0
1936,100.0
1937,100.0
1938,100.0
1939,100.0
1940,100.0
1941,100.0
1942,100.0
1943,100.0
1944,100.0
1945,100.0
1946,100.0
1947,100.0
1948,100.0
1949,100.0
1950,100.0
1951,100.0
1952,100.0
1953,100.0
1954,100.0
1955,100.0
1956,100.0
1957,100.0
1958,100.0
1959,100.0
1960,100.0
1961,100.0
1962,100.0
1963,100.0
1964,100.0
1965,100.0
1966,100.0
1967,100.0
1968,100.0
1969,100.0
1970,100.0
1971,100.0
1972,100.0
1973,100.0
1974,100.0
1975,100.0
1976,100.0
1977,100.0
1978,100.0
1979,100.0
1980,100.0
1981,100.0
1982,100.0
1983,100.0
1984,100.0
1985,100.0
1986,100.0
1987,100.0
1988,100.0
1989,100.0
1990,100.0
1991,100.0
1992,100.0
1993,100.0
1994,100.0
1995,100.0
1996,100.0
1997,100.0
1998,100.0
1999,100.0
2000,100.0
2001,100.0
2002,100.0
2003,100.0
2004,100.0
2005,100.0
2006,100.0
2007,100.0
2008,100.0
2009,100.0
2010,100.0
2011,100.0
2012,100.0
2013,100.0
2014,100.0
2015,100.0
2016,100.0
2017,100.0
2018,100.0
2019,100.0
2020,100.0
2021,100.0
2022,100.0
2023,100.0
2024,100.0
2025,100.0
2026,100.0
2027,100.0
2028,100.0
2029,100.0
2030,100.0
2031,100.0
2032,100.0
2033,100.0
2034,100.0
2035,100.0
2036,100.0
2037,100.0
2038,100.0
2039,100.0
2040,100.0
2041,100.0
2042,100.0
2043,100.0
2044,100.0
2045,100.0
2046,100.0
2047,100.0
2048,100.0
2049,100.0
2050,100.0
2051,100.0
2052,100.0
2053,100.0
2054,100.0
2055,100.0
2056,100.0
2057,100.0
2058,100.0
2059,100.0
2060,100.0
2061,100.0
2062,100.0
2063,100.0
2064,100.0
2065,100.0
2066,100.0
2067,100.0
2068,100.0
2069,100.0
2070,100.0
2071,100.0
2072,100.0
2073,100.0
2074,100.0
2075,100.0
2076,100.0
2077,100.0
2078,100.0
2079,100.0
2080,100.0
2081,100.0
2082,100.0
2083,100.0
2084,100.0
2085,100.0
2086,100.0
2087,100.0
2088,100.0
2089,100.0
2090,100.0
2091,100.0
2092,100.0
2093,100.0
2094,100.0
2095,100.0
2096,100.0
2097,100.0
2098,100.0
2099,100.0
2100,100.0
2101,100.0
2102,100.0
2103,100.0
2104,100.0
2105,100.0
2106,100.0
2107,100.0
2108,100.0
2109,100.0
2110,100.0
2111,100.0
2112,100.0
2113,100.0
2114,100.0
2115,100.0
2116,100.0
2117,100.0
2118,100.0
2119,100.0
2120,100.0
2121,100.0
2122,100.0
2123,100.0
2124,100.0
2125,100.0
2126,100.0
2127,100.0
2128,100.0
2129,100.0
2130,100.0
2131,100.0
2132,100.0
2133,100.0
2134,100.0
2135,100.0
2136,100.0
2137,100.0
2138,100.0
2139,100.0
2140,100.0
2141,100.0
2142,100.0
2143,100.0
2144,100.0
2145,100.0
2146,100.0
2147,100.0
2148,100.0
2149,100.0
2150,100.0
2151,100.0
2152,100.0
2153,100.0
2154,100.0
2155,100.0
2156,100.0
2157,100.0
2158,100.0
2159,100.0
2160,100.0
2161,100.0
2162,100.0
2163,100.0
2164,100.0
2165,100.0
2166,100.0
2167,100.0
2168,100.0
2169,100.0
2170,100.0
2171,100.0
2172,100.0
2173,100.0
2174,100.0
2175,100.0
2176,100.0
2177,100.0
2178,100.0
2179,100.0
2180,100.0
2181,100.0
2182,100.0
2183,100.0
2184,100.0
2185,100.0
2186,100.0
2187,100.0
2188,100.0
2189,100.0
2190,100.0
2191,100.0
2192,100.0
2193,100.0
2194,100.0
2195,100.0
2196,100.0
2197,100.0
2198,100.0
2199,100.0
2200,100.0
2201,100.0
2202,100.0
2203,100.0
2204,100.0
2205,100.0
2206,100.0
2207,100.0
2208,100.0
2209,100.0
2210,100.0
2211,100.0
2212,100.0
2213,100.0
2214,100.0
2215,100.0
2216,100.0
2217,100.0
2218,100.0
2219,100.0
2220,100.0
2221,100.0
2222,100.0
2223,100.0
2224,100.0
2225,100.0
2226,100.0
2227,100.0
2228,100.0
2229,100.0
2230,100.0
2231,100.0
2232,100.0
2233,100.0
2234,100.0
2235,100.0
2236,100.0
2237,100.0
2238,100.0
2239,100.0
2240,100.0
2241,100.0
2242,100.0
2243,100.0
2244,100.0
2245,100.0
2246,100.0
2247,100.0
2248,100.0
2249,100.0
2250,100.0
2251,100.0
2252,100.0
2253,100.0
2254,100.0
2255,100.0
2256,100.0
2257,100.0
2258,100.0
2259,100.0
2260,100.0
2261,100.0
2262,100.0
2263,100.0
2264,100.0
2265,100.0
2266,100.0
2267,100.0
2268,100.0
2269,100.0
2270,100.0
2271,100.0
2272,100.0
2273,100.0
2274,100.0
2275,100.0
2276,100.0
2277,100.0
2278,100.0
2279,100.0
2280,100.0
2281,100.0
2282,100.0
2283,100.0
2284,100.0
2285,100.0
2286,100.0
2287,100.0
2288,100.0
2289,100.0
2290,100.0
2291,100.0
2292,100.0
2293,100.0
2294,100.0
2295,100.0
2296,100.0
2297,100.0
2298,100.0
2299,100.0
2300,100.0
2301,100.0
2302,100.0
2303,100.0
2304,100.0
2305,100.0
2306,100.0
2307,100.0
2308,100.0
2309,100.0
2310,100.0
2311,100.0
2312,100.0
2313,100.0
2314,100.0
2315,100.0
2316,100.0
2317,100.0
2318,100.0
2319,100.0
2320,100.0
2321,100.0
2322,100.0
2323,100.0
2324,100.0
2325,100.0
2326,100.0
2327,100.0
2328,100.0
2329,100.0
2330,100.0
2331,100.0
2332,100.0
2333,100.0
2334,100.0
2335,100.0
2336,100.0
2337,100.0
2338,100.0
2339,100.0
2340,100.0
2341,100.0
2342,100.0
2343,100.0
2344,100.0
2345,100.0
2346,100.0
2347,100.0
2348,100.0
2349,100.0
2350,100.0
2351,100.0
2352,100.0
2353,100.0
2354,100.0
2355,100.0
2356,100.0
2357,100.0
2358,100.0
2359,100.0
2360,100.0
2361,100.0
2362,100.0
2363,100.0
2364,100.0
2365,100.0
2366,100.0
2367,100.0
2368,100.0
2369,100.0
2370,100.0
2371,100.0
2372,100.0
2373,100.0
2374,100.0
2375,100.0
2376,100.0
2377,100.0
2378,100.0
2379,100.0
2380,100.0
2381,100.0
2382,100.0
2383,100.0
2384,100.0
2385,100.0
2386,100.0
2387,100.0
2388,100.0
2389,100.0
2390,100.0
2391,100.0
2392,100.0
2393,100.0
2394,100.0
2395,100.0
2396,100.0
2397,100.0
2398,100.0
2399,100.0
2400,100.0
2401,100.0
2402,100.0
2403,100.0
2404,100.0
2405,100.0
2406,100.0
2407,100.0
2408,100.0
2409,100.0
2410,100.0
2411,100.0
2412,100.0
2413,100.0
2414,100.0
2415,100.0
2416,100.0
2417,100.0
2418,100.0
2419,100.0
2420,100.0
2421,100.0
2422,100.0
2423,100.0
2424,100.0
2425,100.0
2426,100.0
2427,100.0
2428,100.0
2429,100.0
2430,100.0
2431,100.0
2432,100.0
2433,100.0
2434,100.0
2435,100.0
2436,100.0
2437,100.0
2438,100.0
2439,100.0
2440,100.0
2441,100.0
2442,100.0
2443,100.0
2444,100.0
2445,100.0
2446,100.0
2447,100.0
2448,100.0
2449,100.0
2450,100.0
2451,100.0
2452,100.0
2453,100.0
2454,100.0
2455,100.0
2456,100.0
2457,100.0
2458,100.0
2459,100.0
2460,100.0
2461,100.0
2462,100.0
2463,100.0
2464,100.0
2465,100.0
2466,100.0
2467,100.0
2468,100.0
2469,100.0
2470,100.0
2471,100.0
2472,100.0
2473,100.0
2474,100.0
2475,100.0
2476,100.0
2477,100.0
2478,100.0
2479,100.0
2480,100.0
2481,100.0
2482,100.0
2483,100.0
2484,100.0
2485,100.0
2486,100.0
2487,100.0
2488,100.0
2489,100.0
2490,100.0
2491,100.0
2492,100.0
2493,100.0
2494,100.0
2495,100.0
2496,100.0
2497,100.0
2498,100.0
2499,100.0
2500,100.0
2501,100.0
2502,100.0
2503,100.0
2504,100.0
2505,100.0
2506,100.0
2507,100.0
2508,100.0
2509,100.0
2510,100.0
2511,100.0
2512,100.0
2513,100.0
2514,100.0
2515,100.0
2516,100.0
2517,100.0
2518,100.0
2519,100.0
2520,100.0
2521,100.0
2522,100.0
2523,100.0
2524,100.0
2525,100.0
2526,100.0
2527,100.0
2528,100.0
2529,100.0
2530,100.0
2531,100.0
2532,100.0
2533,100.0
2534,100.0
2535,100.0
2536,100.0
2537,100.0
2538,100.0
2539,100.0
2540,100.0
2541,100.0
2542,100.0
2543,100.0
2544,100.0
2545,100.0
2546,100.0
2547,100.0
2548,100.0
2549,100.0
2550,100.0
2551,100.0
2552,100.0
2553,100.0
2554,100.0
2555,100.0
2556,100.0
2557,100.0
2558,100.0
2559,100.0
2560,100.0
2561,100.0
2562,100.0
2563,100.0
2564,100.0
2565,100.0
2566,100.0
2567,100.0
2568,100.0
2569,100.0
2570,100.0
2571,100.0
2572,100.0
2573,100.0
2574,100.0
2575,100.0
2576,100.0
2577,100.0
2578,100.0
2579,100.0
2580,100.0
2581,100.0
2582,100.0
2583,100.0
2584,100.0
2585,100.0
2586,100.0
2587,100.0
2588,100.0
2589,100.0
2590,100.0
2591,100.0
2592,100.0
2593,100.0
2594,100.0
2595,100.0
2596,100.0
2597,100.0
2598,100.0
2599,100.0
2600,100.0
2601,100.0
2602,100.0
2603,100.0
2604,100.0
2605,100.0
2606,100.0
2607,100.0
2608,100.0
2609,100.0
2610,100.0
2611,100.0
2612,100.0
2613,100.0
2614,100.0
2615,100.0
2616,100.0
2617,100.0
2618,100.0
2619,100.0
2620,100.0
2621,100.0
2622,100.0
2623,100.0
2624,100.0
2625,100.0
2626,100.0
2627,100.0
2628,100.0
2629,100.0
2630,100.0
2631,100.0
2632,100.0
2633,100.0
2634,100.0
2635,100.0
2636,100.0
2637,100.0
2638,100.0
2639,100.0
2640,100.0
2641,100.0
2642,100.0
2643,100.0
2644,100.0
2645,100.0
2646,100.0
2647,100.0
2648,100.0
2649,100.0
2650,100.0
2651,100.0
2652,100.0
2653,100.0
2654,100.0
2655,100.0
2656,100.0
2657,100.0
2658,100.0
2659,100.0
2660,100.0
2661,100.0
2662,100.0
2663,100.0
2664,100.0
2665,100.0
2666,100.0
2667,100.0
2668,100.0
2669,100.0
2670,100.0
2671,100.0
2672,100.0
2673,100.0
2674,100.0
2675,100.0
2676,100.0
2677,100.0
2678,100.0
2679,100.0
2680,100.0
2681,100.0
2682,100.0
2683,100.0
2684,100.0
2685,100.0
2686,100.0
2687,100.0
2688,100.0
2689,100.0
2690,100.0
2691,100.0
2692,100.0
2693,100.0
2694,100.0
2695,100.0
2696,100.0
2697,100.0
2698,100.0
2699,100.0
2700,100.0
2701,100.0
2702,100.0
2703,100.0
2704,100.0
2705,100.0
2706,100.0
2707,100.0
2708,100.0
2709,100.0
2710,100.0
2711,100.0
2712,100.0
2713,100.0
2714,100.0
2715,100.0
2716,100.0
2717,100.0
2718,100.0
2719,100.0
2720,100.0
2721,100.0
2722,100.0
2723,100.0
2724,100.0
2725,100.0
2726,100.0
2727,100.0
2728,100.0
2729,100.0
2730,100.0
2731,100.0
2732,100.0
2733,100.0
2734,100.0
2735,100.0
2736,100.0
2737,100.0
2738,100.0
2739,100.0
2740,100.0
2741,100.0
2742,100.0
2743,100.0
2744,100.0
2745,100.0
2746,100.0
2747,100.0
2748,100.0
2749,100.0
2750,100.0
2751,100.0
2752,100.0
2753,100.0
2754,100.0
2755,100.0
2756,100.0
2757,100.0
2758,100.0
2759,100.0
2760,100.0
2761,100.0
2762,100.0
2763,100.0
2764,100.0
2765,100.0
2766,100.0
2767,100.0
2768,100.0
2769,100.0
2770,100.0
2771,100.0
2772,100.0
2773,100.0
2774,100.0
2775,100.0
2776,100.0
2777,100.0
2778,100.0
2779,100.0
2780,100.0
2781,100.0
2782,100.0
2783,100.0
2784,100.0
2785,100.0
2786,100.0
2787,100.0
2788,100.0
2789,100.0
2790,100.0
2791,100.0
2792,100.0
2793,100.0
2794,100.0
2795,100.0
2796,100.0
2797,100.0
2798,100.0
2799,100.0
2800,100.0
2801,100.0
2802,100.0
2803,100.0
2804,100.0
2805,100.0
2806,100.0
2807,100.0
2808,100.0
2809,100.0
2810,100.0
2811,100.0
2812,100.0
2813,100.0
2814,100.0
2815,100.0
2816,100.0
2817,100.0
2818,100.0
2819,100.0
2820,100.0
2821,100.0
2822,100.0
2823,100.0
2824,100.0
2825,100.0
2826,100.0
2827,100.0
2828,100.0
2829,100.0
2830,100.0
2831,100.0
2832,100.0
2833,100.0
2834,100.0
2835,100.0
2836,100.0
2837,100.0
2838,100.0
2839,100.0
2840,100.0
2841,100.0
2842,100.0
2843,100.0
2844,100.0
2845,100.0
2846,100.0
2847,100.0
2848,100.0
2849,100.0
2850,100.0
2851,100.0
2852,100.0
2853,100.0
2854,100.0
2855,100.0
2856,100.0
2857,100.0
2858,100.0
2859,100.0
2860,100.0
2861,100.0
2862,100.0
2863,100.0
2864,100.0
2865,100.0
2866,100.0
2867,100.0
2868,100.0
2869,100.0
2870,100.0
2871,100.0
2872,100.0
2873,100.0
2874,100.0
2875,100.0
2876,100.0
2877,100.0
2878,100.0
2879,100.0
2880,100.0
2881,100.0
2882,100.0
2883,100.0
2884,100.0
2885,100.0
2886,100.0
2887,100.0
2888,100.0
2889,100.0
2890,100.0
2891,100.0
2892,100.0
2893,100.0
2894,100.0
2895,100.0
2896,100.0
2897,100.0
2898,100.0
2899,100.0
2900,100.0
2901,100.0
2902,100.0
2903,100.0
2904,100.0
2905,100.0
2906,100.0
2907,100.0
2908,100.0
2909,100.0
2910,100.0
2911,100.0
2912,100.0
2913,100.0
2914,100.0
2915,100.0
2916,100.0
2917,100.0
2918,100.0
2919,100.0
2920,100.0
2921,100.0
2922,100.0
2923,100.0
2924,100.0
2925,100.0
2926,100.0
2927,100.0
2928,100.0
2929,100.0
2930,100.0
2931,100.0
2932,100.0
2933,100.0
2934,100.0
2935,100.0
2936,100.0
2937,100.0
2938,100.0
2939,100.0
2940,100.0
2941,100.0
2942,100.0
2943,100.0
2944,100.0
2945,100.0
2946,100.0
2947,100.0
2948,100.0
2949,100.0
2950,100.0
2951,100.0
2952,100.0
2953,100.0
2954,100.0
2955,100.0
2956,100.0
2957,100.0
2958,100.0
2959,100.0
2960,100.0
2961,100.0
2962,100.0
2963,100.0
2964,100.0
2965,100.0
2966,100.0
2967,100.0
2968,100.0
2969,100.0
2970,100.0
2971,100.0
2972,100.0
2973,100.0
2974,100.0
2975,100.0
2976,100.0
2977,100.0
2978,100.0
2979,100.0
2980,100.0
2981,100.0
2982,100.0
2983,100.0
2984,100.0
2985,100.0
2986,100.0
2987,100.0
2988,100.0
2989,100.0
2990,100.0
2991,100.0
2992,100.0
2993,100.0
2994,100.0
2995,100.0
2996,100.0
2997,100.0
2998,100.0
2999,100.0
3000,100.0
3001,100.0
3002,100.0
3003,100.0
3004,100.0
3005,100.0
3006,100.0
3007,100.0
3008,100.0
3009,100.0
3010,100.0
3011,100.0
3012,100.0
3013,100.0
3014,100.0
3015,100.0
3016,100.0
3017,100.0
3018,100.0
3019,100.0
3020,100.0
3021,100.0
3022,100.0
3023,100.0
3024,100.0
3025,100.0
3026,100.0
3027,100.0
3028,100.0
3029,100.0
3030,100.0
3031,100.0
3032,100.0
3033,100.0
3034,100.0
3035,100.0
3036,100.0
3037,100.0
3038,100.0
3039,100.0
3040,100.0
3041,100.0
3042,100.0
3043,100.0
3044,100.0
3045,100.0
3046,100.0
3047,100.0
3048,100.0
3049,100.0
3050,100.0
3051,100.0
3052,100.0
3053,100.0
3054,100.0
3055,100.0
3056,100.0
3057,100.0
3058,100.0
3059,100.0
3060,100.0
3061,100.0
3062,100.0
3063,100.0
3064,100.0
3065,100.0
3066,100.0
3067,100.0
3068,100.0
3069,100.0
3070,100.0
3071,100.0
3072,100.0
3073,100.0
3074,100.0
3075,100.0
3076,100.0
3077,100.0
3078,100.0
3079,100.0
3080,100.0
3081,100.0
3082,100.0
3083,100.0
3084,100.0
3085,100.0
3086,100.0
3087,100.0
3088,100.0
3089,100.0
3090,100.0
3091,100.0
3092,100.0
3093,100.0
3094,100.0
3095,100.0
3096,100.0
3097,100.0
3098,100.0
3099,100.0
3100,100.0
3101,100.0
3102,100.0
3103,100.0
3104,100.0
3105,100.0
3106,100.0
3107,100.0
3108,100.0
3109,100.0
3110,100.0
3111,100.0
3112,100.0
3113,100.0
3114,100.0
3115,100.0
3116,100.0
3117,100.0
3118,100.0
3119,100.0
3120,100.0
3121,100.0
3122,100.0
3123,100.0
3124,100.0
3125,100.0
3126,100.0
3127,100.0
3128,100.0
3129,100.0
3130,100.0
3131,100.0
3132,100.0
3133,100.0
3134,100.0
3135,100.0
3136,100.0
3137,100.0
3138,100.0
3139,100.0
3140,100.0
3141,100.0
3142,100.0
3143,100.0
3144,100.0
3145,100.0
3146,100.0
3147,100.0
3148,100.0
3149,100.0
3150,100.0
3151,100.0
3152,100.0
3153,100.0
3154,100.0
3155,100.0
3156,100.0
3157,100.0
3158,100.0
3159,100.0
3160,100.0
3161,100.0
3162,100.0
3163,100.0
3164,100.0
3165,100.0
3166,100.0
3167,100.0
3168,100.0
3169,100.0
3170,100.0
3171,100.0
3172,100.0
3173,100.0
3174,100.0
3175,100.0
3176,100.0
3177,100.0
3178,100.0
3179,100.0
3180,100.0
3181,100.0
3182,100.0
3183,100.0
3184,100.0
3185,100.0
3186,100.0
3187,100.0
3188,100.0
3189,100.0
3190,100.0
3191,100.0
3192,100.0
3193,100.0
3194,100.0
3195,100.0
3196,100.0
3197,100.0
3198,100.0
3199,100.0
3200,100.0
3201,100.0
3202,100.0
3203,100.0
3204,100.0
3205,100.0
3206,100.0
3207,100.0
3208,100.0
3209,100.0
3210,100.0
3211,100.0
3212,100.0
3213,100.0
3214,100.0
3215,100.0
3216,100.0
3217,100.0
3218,100.0
3219,100.0
3220,100.0
3221,100.0
3222,100.0
3223,100.0
3224,100.0
3225,100.0
3226,100.0
3227,100.0
3228,100.0
3229,100.0
3230,100.0
3231,100.0
3232,100.0
3233,100.0
3234,100.0
3235,100.0
3236,100.0
3237,100.0
3238,100.0
3239,100.0
3240,100.0
3241,100.0
3242,100.0
3243,100.0
3244,100.0
3245,100.0
3246,100.0
3247,100.0
3248,100.0
3249,100.0
3250,100.0
3251,100.0
3252,100.0
3253,100.0
3254,100.0
3255,100.0
3256,100.0
3257,100.0
3258,100.0
3259,100.0
3260,100.0
3261,100.0
3262,100.0
3263,100.0
3264,100.0
3265,100.0
3266,100.0
3267,100.0
3268,100.0
3269,100.0
3270,100.0
3271,100.0
3272,100.0
3273,100.0
3274,100.0
3275,100.0
3276,100.0
3277,100.0
3278,100.0
3279,100.0
3280,100.0
3281,100.0
3282,100.0
3283,100.0
3284,100.0
3285,100.0
3286,100.0
3287,100.0
3288,100.0
3289,100.0
3290,100.0
3291,100.0
3292,100.0
3293,100.0
3294,100.0
3295,100.0
3296,100.0
3297,100.0
3298,100.0
3299,100.0
3300,100.0
3301,100.0
3302,100.0
3303,100.0
3304,100.0
3305,100.0
3306,100.0
3307,100.0
3308,100.0
3309,100.0
3310,100.0
3311,100.0
3312,100.0
3313,100.0
3314,100.0
3315,100.0
3316,100.0
3317,100.0
3318,100.0
3319,100.0
3320,100.0
3321,100.0
3322,100.0
3323,100.0
3324,100.0
3325,100.0
3326,100.0
3327,100.0
3328,100.0
3329,100.0
3330,100.0
3331,100.0
3332,100.0
3333,100.0
3334,100.0
3335,100.0
3336,100.0
3337,100.0
3338,100.0
3339,100.0
3340,100.0
3341,100.0
3342,100.0
3343,100.0
3344,100.0
3345,100.0
3346,100.0
3347,100.0
3348,100.0
3349,100.0
3350,100.0
3351,100.0
3352,100.0
3353,100.0
3354,100.0
3355,100.0
3356,100.0
3357,100.0
3358,100.0
3359,100.0
3360,100.0
3361,100.0
3362,100.0
3363,100.0
3364,100.0
3365,100.0
3366,100.0
3367,100.0
3368,100.0
3369,100.0
3370,100.0
3371,100.0
3372,100.0
3373,100.0
3374,100.0
3375,100.0
3376,100.0
3377,100.0
3378,100.0
3379,100.0
3380,100.0
3381,100.0
3382,100.0
3383,100.0
3384,100.0
3385,100.0
3386,100.0
3387,100.0
3388,100.0
3389,100.0
3390,100.0
3391,100.0
3392,100.0
3393,100.0
3394,100.0
3395,100.0
3396,100.0
3397,100.0
3398,100.0
3399,100.0
3400,100.0
3401,100.0
3402,100.0
3403,100.0
3404,100.0
3405,100.0
3406,100.0
3407,100.0
3408,100.0
3409,100.0
3410,100.0
3411,100.0
3412,100.0
3413,100.0
3414,100.0
3415,100.0
3416,100.0
3417,100.0
3418,100.0
3419,100.0
3420,100.0
3421,100.0
3422,100.0
3423,100.0
3424,100.0
3425,100.0
3426,100.0
3427,100.0
3428,100.0
3429,100.0
3430,100.0
3431,100.0
3432,100.0
3433,100.0
3434,100.0
3435,100.0
3436,100.0
3437,100.0
3438,100.0
3439,100.0
3440,100.0
3441,100.0
3442,100.0
3443,100.0
3444,100.0
3445,100.0
3446,100.0
3447,100.0
3448,100.0
3449,100.0
3450,100.0
3451,100.0
3452,100.0
3453,100.0
3454,100.0
3455,100.0
3456,100.0
3457,100.0
3458,100.0
3459,100.0
3460,100.0
3461,100.0
3462,100.0
3463,100.0
3464,100.0
3465,100.0
3466,100.0
3467,100.0
3468,100.0
3469,100.0
3470,100.0
3471,100.0
3472,100.0
3473,100.0
3474,100.0
3475,100.0
3476,100.0
3477,100.0
3478,100.0
3479,100.0
3480,100.0
3481,100.0
3482,100.0
3483,100.0
3484,100.0
3485,100.0
3486,100.0
3487,100.0
3488,100.0
3489,100.0
3490,100.0
3491,100.0
3492,100.0
3493,100.0
3494,100.0
3495,100.0
3496,100.0
3497,100.0
3498,100.0
3499,100.0
3500,100.0
3501,100.0
3502,100.0
3503,100.0
3504,100.0
3505,100.0
3506,100.0
3507,100.0
3508,100.0
3509,100.0
3510,100.0
3511,100.0
3512,100.0
3513,100.0
3514,100.0
3515,100.0
3516,100.0
3517,100.0
3518,100.0
3519,100.0
3520,100.0
3521,100.0
3522,100.0
3523,100.0
3524,100.0
3525,100.0
3526,100.0
3527,100.0
3528,100.0
3529,100.0
3530,100.0
3531,100.0
3532,100.0
3533,100.0
3534,100.0
3535,100.0
3536,100.0
3537,100.0
3538,100.0
3539,100.0
3540,100.0
3541,100.0
3542,100.0
3543,100.0
3544,100.0
3545,100.0
3546,100.0
3547,100.0
3548,100.0
3549,100.0
3550,100.0
3551,100.0
3552,100.0
3553,100.0
3554,100.0
3555,100.0
3556,100.0
3557,100.0
3558,100.0
3559,100.0
3560,100.0
3561,100.0
3562,100.0
3563,100.0
3564,100.0
3565,100.0
3566,100.0
3567,100.0
3568,100.0
3569,100.0
3570,100.0
3571,100.0
3572,100.0
3573,100.0
3574,100.0
3575,100.0
3576,100.0
3577,100.0
3578,100.0
3579,100.0
3580,100.0
3581,100.0
3582,100.0
3583,100.0
3584,100.0
3585,100.0
3586,100.0
3587,100.0
3588,100.0
3589,100.0
3590,100.0
3591,100.0
3592,100.0
3593,100.0
3594,100.0
3595,100.0
3596,100.0
3597,100.0
3598,100.0
3599,100.0
3600,100.0
3601,100.0
3602,100.0
3603,100.0
3604,100.0
3605,100.0
3606,100.0
3607,100.0
3608,100.0
3609,100.0
3610,100.0
3611,100.0
3612,100.0
3613,100.0
3614,100.0
3615,100.0
3616,100.0
3617,100.0
3618,100.0
3619,100.0
3620,100.0
3621,100.0
3622,100.0
3623,100.0
3624,100.0
3625,100.0
3626,100.0
3627,100.0
3628,100.0
3629,100.0
3630,100.0
3631,100.0
3632,100.0
3633,100.0
3634,100.0
3635,100.0
3636,100.0
3637,100.0
3638,100.0
3639,100.0
3640,100.0
3641,100.0
3642,100.0
3643,100.0
3644,100.0
3645,100.0
3646,100.0
3647,100.0
3648,100.0
3649,100.0
3650,100.0
3651,100.0
3652,100.0
3653,100.0
3654,100.0
3655,100.0
3656,100.0
3657,100.0
3658,100.0
3659,100.0
3660,100.0
3661,100.0
3662,100.0
3663,100.0
3664,100.0
3665,100.0
3666,100.0
3667,100.0
3668,100.0
3669,100.0
3670,100.0
3671,100.0
3672,100.0
3673,100.0
3674,100.0
3675,100.0
3676,100.0
3677,100.0
3678,100.0
3679,100.0
3680,100.0
3681,100.0
3682,100.0
3683,100.0
3684,100.0
3685,100.0
3686,100.0
3687,100.0
3688,100.0
3689,100.0
3690,100.0
3691,100.0
3692,100.0
3693,100.0
3694,100.0
3695,100.0
3696,100.0
3697,100.0
3698,100.0
3699,100.0
3700,100.0
3701,100.0
3702,100.0
3703,100.0
3704,100.0
3705,100.0
3706,100.0
3707,100.0
3708,100.0
3709,100.0
3710,100.0
3711,100.0
3712,100.0
3713,100.0
3714,100.0
3715,100.0
3716,100.0
3717,100.0
3718,100.0
3719,100.0
3720,100.0
3721,100.0
3722,100.0
3723,100.0
3724,100.0
3725,100.0
3726,100.0
3727,100.0
3728,100.0
3729,100.0
3730,100.0
3731,100.0
3732,100.0
3733,100.0
3734,100.0
3735,100.0
3736,100.0
3737,100.0
3738,100.0
3739,100.0
3740,100.0
3741,100.0
3742,100.0
3743,100.0
3744,100.0
3745,100.0
3746,100.0
3747,100.0
3748,100.0
3749,100.0
3750,100.0
3751,100.0
3752,100.0
3753,100.0
3754,100.0
3755,100.0
3756,100.0
3757,100.0
3758,100.0
3759,100.0
3760,100.0
3761,100.0
3762,100.0
3763,100.0
3764,100.0
3765,100.0
3766,100.0
3767,100.0
3768,100.0
3769,100.0
3770,100.0
3771,100.0
3772,100.0
3773,100.0
3774,100.0
3775,100.0
3776,100.0
3777,100.0
3778,100.0
3779,100.0
3780,100.0
3781,100.0
3782,100.0
3783,100.0
3784,100.0
3785,100.0
3786,100.0
3787,100.0
3788,100.0
3789,100.0
3790,100.0
3791,100.0
3792,100.0
3793,100.0
3794,100.0
3795,100.0
3796,100.0
3797,100.0
3798,100.0
3799,100.0
3800,100.0
3801,100.0
3802,100.0
3803,100.0
3804,100.0
3805,100.0
3806,100.0
3807,100.0
3808,100.0
3809,100.0
3810,100.0
3811,100.0
3812,100.0
3813,100.0
3814,100.0
3815,100.0
3816,100.0
3817,100.0
3818,100.0
3819,100.0
3820,100.0
3821,100.0
3822,100.0
3823,100.0
3824,100.0
3825,100.0
3826,100.0
3827,100.0
3828,100.0
3829,100.0
3830,100.0
3831,100.0
3832,100.0
3833,100.0
3834,100.0
3835,100.0
3836,100.0
3837,100.0
3838,100.0
3839,100.0
3840,100.0
3841,100.0
3842,100.0
3843,100.0
3844,100.0
3845,100.0
3846,100.0
3847,100.0
3848,100.0
3849,100.0
3850,100.0
3851,100.0
3852,100.0
3853,100.0
3854,100.0
3855,100.0
3856,100.0
3857,100.0
3858,100.0
3859,100.0
3860,100.0
3861,100.0
3862,100.0
3863,100.0
3864,100.0
3865,100.0
3866,100.0
3867,100.0
3868,100.0
3869,100.0
3870,100.0
3871,100.0
3872,100.0
3873,100.0
3874,100.0
3875,100.0
3876,100.0
3877,100.0
3878,100.0
3879,100.0
3880,100.0
3881,100.0
3882,100.0
3883,100.0
3884,100.0
3885,100.0
3886,100.0
3887,100.0
3888,100.0
3889,100.0
3890,100.0
3891,100.0
3892,100.0
3893,100.0
3894,100.0
3895,100.0
3896,100.0
3897,100.0
3898,100.0
3899,100.0
3900,100.0
3901,100.0
3902,100.0
3903,100.0
3904,100.0
3905,100.0
3906,100.0
3907,100.0
3908,100.0
3909,100.0
3910,100.0
3911,100.0
3912,100.0
3913,100.0
3914,100.0
3915,100.0
3916,100.0
3917,100.0
3918,100.0
3919,100.0
3920,100.0
3921,100.0
3922,100.0
3923,100.0
3924,100.0
3925,100.0
3926,100.0
3927,100.0
3928,100.0
3929,100.0
3930,100.0
3931,100.0
3932,100.0
3933,100.0
3934,100.0
3935,100.0
3936,100.0
3937,100.0
3938,100.0
3939,100.0
3940,100.0
3941,100.0
3942,100.0
3943,100.0
3944,100.0
3945,100.0
3946,100.0
3947,100.0
3948,100.0
3949,100.0
3950,100.0
3951,100.0
3952,100.0
3953,100.0
3954,100.0
3955,100.0
3956,100.0
3957,100.0
3958,100.0
3959,100.0
3960,100.0
3961,100.0
3962,100.0
3963,100.0
3964,100.0
3965,100.0
3966,100.0
3967,100.0
3968,100.0
3969,100.0
3970,100.0
3971,100.0
3972,100.0
3973,100.0
3974,100.0
3975,100.0
3976,100.0
3977,100.0
3978,100.0
3979,100.0
3980,100.0
3981,100.0
3982,100.0
3983,100.0
3984,100.0
3985,100.0
3986,100.0
3987,100.0
3988,100.0
3989,100.0
3990,100.0
3991,100.0
3992,100.0
3993,100.0
3994,100.0
3995,100.0
3996,100.0
3997,100.0
3998,100.0
3999,100.0
4000,100.0
4001,100.0
4002,100.0
4003,100.0
4004,100.0
4005,100.0
4006,100.0
4007,100.0
4008,100.0
4009,100.0
4010,100.0
4011,100.0
4012,100.0
4013,100.0
4014,100.0
4015,100.0
4016,100.0
4017,100.0
4018,100.0
4019,100.0
4020,100.0
4021,100.0
4022,100.0
4023,100.0
4024,100.0
4025,100.0
4026,100.0
4027,100.0
4028,100.0
4029,100.0
4030,100.0
4031,100.0
4032,100.0
4033,100.0
4034,100.0
4035,100.0
4036,100.0
4037,100.0
4038,100.0
4039,100.0
4040,100.0
4041,100.0
4042,100.0
4043,100.0
4044,100.0
4045,100.0
4046,100.0
4047,100.0
4048,100.0
4049,100.0
4050,100.0
4051,100.0
4052,100.0
4053,100.0
4054,100.0
4055,100.0
4056,100.0
4057,100.0
4058,100.0
4059,100.0
4060,100.0
4061,100.0
4062,100.0
4063,100.0
4064,100.0
4065,100.0
4066,100.0
4067,100.0
4068,100.0
4069,100.0
4070,100.0
4071,100.0
4072,100.0
4073,100.0
4074,100.0
4075,100.0
4076,100.0
4077,100.0
4078,100.0
4079,100.0
4080,100.0
4081,100.0
4082,100.0
4083,100.0
4084,100.0
4085,100.0
4086,100.0
4087,100.0
4088,100.0
4089,100.0
4090,100.0
4091,100.0
4092,100.0
4093,100.0
4094,100.0
4095,100.0
4096,100.0
4097,100.0
4098,100.0
4099,100.0
4100,100.0
4101,100.0
4102,100.0
4103,100.0
4104,100.0
4105,100.0
4106,100.0
4107,100.0
4108,100.0
4109,100.0
4110,100.0
4111,100.0
4112,100.0
4113,100.0
4114,100.0
4115,100.0
4116,100.0
4117,100.0
4118,100.0
4119,100.0
4120,100.0
4121,100.0
4122,100.0
4123,100.0
4124,100.0
4125,100.0
4126,100.0
4127,100.0
4128,100.0
4129,100.0
4130,100.0
4131,100.0
4132,100.0
4133,100.0
4134,100.0
4135,100.0
4136,100.0
4137,100.0
4138,100.0
4139,100.0
4140,100.0
4141,100.0
4142,100.0
4143,100.0
4144,100.0
4145,100.0
4146,100.0
4147,100.0
4148,100.0
4149,100.0
4150,100.0
4151,100.0
4152,100.0
4153,100.0
4154,100.0
4155,100.0
4156,100.0
4157,100.0
4158,100.0
4159,100.0
4160,100.0
4161,100.0
4162,100.0
4163,100.0
4164,100.0
4165,100.0
4166,100.0
4167,100.0
4168,100.0
4169,100.0
4170,100.0
4171,100.0
4172,100.0
4173,100.0
4174,100.0
4175,100.0
4176,100.0
4177,100.0
4178,100.0
4179,100.0
4180,100.0
4181,100.0
4182,100.0
4183,100.0
4184,100.0
4185,100.0
4186,100.0
4187,100.0
4188,100.0
4189,100.0
4190,100.0
4191,100.0
4192,100.0
4193,100.0
4194,100.0
4195,100.0
4196,100.0
4197,100.0
4198,100.0
4199,100.0
4200,100.0
4201,100.0
4202,100.0
4203,100.0
4204,100.0
4205,100.0
4206,100.0
4207,100.0
4208,100.0
4209,100.0
4210,100.0
4211,100.0
4212,100.0
4213,100.0
4214,100.0
4215,100.0
4216,100.0
4217,100.0
4218,100.0
4219,100.0
4220,100.0
4221,100.0
4222,100.0
4223,100.0
4224,100.0
4225,100.0
4226,100.0
4227,100.0
4228,100.0
4229,100.0
4230,100.0
4231,100.0
4232,100.0
4233,100.0
4234,100.0
4235,100.0
4236,100.0
4237,100.0
4238,100.0
4239,100.0
4240,100.0
4241,100.0
4242,100.0
4243,100.0
4244,100.0
4245,100.0
4246,100.0
4247,100.0
4248,100.0
4249,100.0
4250,100.0
4251,100.0
4252,100.0
4253,100.0
4254,100.0
4255,100.0
4256,100.0
4257,100.0
4258,100.0
4259,100.0
4260,100.0
4261,100.0
4262,100.0
4263,100.0
4264,100.0
4265,100.0
4266,100.0
4267,100.0
4268,100.0
4269,100.0
4270,100.0
4271,100.0
4272,100.0
4273,100.0
4274,100.0
4275,100.0
4276,100.0
4277,100.0
4278,100.0
4279,100.0
4280,100.0
4281,100.0
4282,100.0
4283,100.0
4284,100.0
4285,100.0
4286,100.0
4287,100.0
4288,100.0
4289,100.0
4290,100.0
4291,100.0
4292,100.0
4293,100.0
4294,100.0
4295,100.0
4296,100.0
4297,100.0
4298,100.0
4299,100.0
4300,100.0
4301,100.0
4302,100.0
4303,100.0
4304,100.0
4305,100.0
4306,100.0
4307,100.0
4308,100.0
4309,100.0
4310,100.0
4311,100.0
4312,100.0
4313,100.0
4314,100.0
4315,100.0
4316,100.0
4317,100.0
4318,100.0
4319,100.0
4320,100.0
4321,100.0
4322,100.0
4323,100.0
4324,100.0
4325,100.0
4326,100.0
4327,100.0
4328,100.0
4329,100.0
4330,100.0
4331,100.0
4332,100.0
4333,100.0
4334,100.0
4335,100.0
4336,100.0
4337,100.0
4338,100.0
4339,100.0
4340,100.0
4341,100.0
4342,100.0
4343,100.0
4344,100.0
4345,100.0
4346,100.0
4347,100.0
4348,100.0
4349,100.0
4350,100.0
4351,100.0
4352,100.0
4353,100.0
4354,100.0
4355,100.0
4356,100.0
4357,100.0
4358,100.0
4359,100.0
4360,100.0
4361,100.0
4362,100.0
4363,100.0
4364,100.0
4365,100.0
4366,100.0
4367,100.0
4368,100.0
4369,100.0
4370,100.0
4371,100.0
4372,100.0
4373,100.0
4374,100.0
4375,100.0
4376,100.0
4377,100.0
4378,100.0
4379,100.0
4380,100.0
4381,100.0
4382,100.0
4383,100.0
4384,100.0
4385,100.0
4386,100.0
4387,100.0
4388,100.0
4389,100.0
4390,100.0
4391,100.0
4392,100.0
4393,100.0
4394,100.0
4395,100.0
4396,100.0
4397,100.0
4398,100.0
4399,100.0
4400,100.0
4401,100.0
4402,100.0
4403,100.0
4404,100.0
4405,100.0
4406,100.0
4407,100.0
4408,100.0
4409,100.0
4410,100.0
4411,100.0
4412,100.0
4413,100.0
4414,100.0
4415,100.0
4416,100.0
4417,100.0
4418,100.0
4419,100.0
4420,100.0
4421,100.0
4422,100.0
4423,100.0
4424,100.0
4425,100.0
4426,100.0
4427,100.0
4428,100.0
4429,100.0
4430,100.0
4431,100.0
4432,100.0
4433,100.0
4434,100.0
4435,100.0
4436,100.0
4437,100.0
4438,100.0
4439,100.0
4440,100.0
4441,100.0
4442,100.0
4443,100.0
4444,100.0
4445,100.0
4446,100.0
4447,100.0
4448,100.0
4449,100.0
4450,100.0
4451,100.0
4452,100.0
4453,100.0
4454,100.0
4455,100.0
4456,100.0
4457,100.0
4458,100.0
4459,100.0
4460,100.0
4461,100.0
4462,100.0
4463,100.0
4464,100.0
4465,100.0
4466,100.0
4467,100.0
4468,100.0
4469,100.0
4470,100.0
4471,100.0
4472,100.0
4473,100.0
4474,100.0
4475,100.0
4476,100.0
4477,100.0
4478,100.0
4479,100.0
4480,100.0
4481,100.0
4482,100.0
4483,100.0
4484,100.0
4485,100.0
4486,100.0
4487,100.0
4488,100.0
4489,100.0
4490,100.0
4491,100.0
4492,100.0
4493,100.0
4494,100.0
4495,100.0
4496,100.0
4497,100.0
4498,100.0
4499,100.0
4500,100.0
4501,100.0
4502,100.0
4503,100.0
4504,100.0
4505,100.0
4506,100.0
4507,100.0
4508,100.0
4509,100.0
4510,100.0
4511,100.0
4512,100.0
4513,100.0
4514,100.0
4515,100.0
4516,100.0
4517,100.0
4518,100.0
4519,100.0
4520,100.0
4521,100.0
4522,100.0
4523,100.0
4524,100.0
4525,100.0
4526,100.0
4527,100.0
4528,100.0
4529,100.0
4530,100.0
4531,100.0
4532,100.0
4533,100.0
4534,100.0
4535,100.0
4536,100.0
4537,100.0
4538,100.0
4539,100.0
4540,100.0
4541,100.0
4542,100.0
4543,100.0
4544,100.0
4545,100.0
4546,100.0
4547,100.0
4548,100.0
4549,100.0
4550,100.0
4551,100.0
4552,100.0
4553,100.0
4554,100.0
4555,100.0
4556,100.0
4557,100.0
4558,100.0
4559,100.0
4560,100.0
4561,100.0
4562,100.0
4563,100.0
4564,100.0
4565,100.0
4566,100.0
4567,100.0
4568,100.0
4569,100.0
4570,100.0
4571,100.0
4572,100.0
4573,100.0
4574,100.0
4575,100.0
4576,100.0
4577,100.0
4578,100.0
4579,100.0
4580,100.0
4581,100.0
4582,100.0
4583,100.0
4584,100.0
4585,100.0
4586,100.0
4587,100.0
4588,100.0
4589,100.0
4590,100.0
4591,100.0
4592,100.0
4593,100.0
4594,100.0
4595,100.0
4596,100.0
4597,100.0
4598,100.0
4599,100.0
4600,100.0
4601,100.0
4602,100.0
4603,100.0
4604,100.0
4605,100.0
4606,100.0
4607,100.0
4608,100.0
4609,100.0
4610,100.0
4611,100.0
4612,100.0
4613,100.0
4614,100.0
4615,100.0
4616,100.0
4617,100.0
4618,100.0
4619,100.0
4620,100.0
4621,100.0
4622,100.0
4623,100.0
4624,100.0
4625,100.0
4626,100.0
4627,100.0
4628,100.0
4629,100.0
4630,100.0
4631,100.0
4632,100.0
4633,100.0
4634,100.0
4635,100.0
4636,100.0
4637,100.0
4638,100.0
4639,100.0
4640,100.0
4641,100.0
4642,100.0
4643,100.0
4644,100.0
4645,100.0
4646,100.0
4647,100.0
4648,100.0
4649,100.0
4650,100.0
4651,100.0
4652,100.0
4653,100.0
4654,100.0
4655,100.0
4656,100.0
4657,100.0
4658,100.0
4659,100.0
4660,100.0
4661,100.0
4662,100.0
4663,100.0
4664,100.0
4665,100.0
4666,100.0
4667,100.0
4668,100.0
4669,100.0
4670,100.0
4671,100.0
4672,100.0
4673,100.0
4674,100.0
4675,100.0
4676,100.0
4677,100.0
4678,100.0
4679,100.0
4680,100.0
4681,100.0
4682,100.0
4683,100.0
4684,100.0
4685,100.0
4686,100.0
4687,100.0
4688,100.0
4689,100.0
4690,100.0
4691,100.0
4692,100.0
4693,100.0
4694,100.0
4695,100.0
4696,100.0
4697,100.0
4698,100.0
4699,100.0
4700,100.0
4701,100.0
4702,100.0
4703,100.0
4704,100.0
4705,100.0
4706,100.0
4707,100.0
4708,100.0
4709,100.0
4710,100.0
4711,100.0
4712,100.0
4713,100.0
4714,100.0
4715,100.0
4716,100.0
4717,100.0
4718,100.0
4719,100.0
4720,100.0
4721,100.0
4722,100.0
4723,100.0
4724,100.0
4725,100.0
4726,100.0
4727,100.0
4728,100.0
4729,100.0
4730,100.0
4731,100.0
4732,100.0
4733,100.0
4734,100.0
4735,100.0
4736,100.0
4737,100.0
4738,100.0
4739,100.0
4740,100.0
4741,100.0
4742,100.0
4743,100.0
4744,100.0
4745,100.0
4746,100.0
4747,100.0
4748,100.0
4749,100.0
4750,100.0
4751,100.0
4752,100.0
4753,100.0
4754,100.0
4755,100.0
4756,100.0
4757,100.0
4758,100.0
4759,100.0
4760,100.0
4761,100.0
4762,100.0
4763,100.0
4764,100.0
4765,100.0
4766,100.0
4767,100.0
4768,100.0
4769,100.0
4770,100.0
4771,100.0
4772,100.0
4773,100.0
4774,100.0
4775,100.0
4776,100.0
4777,100.0
4778,100.0
4779,100.0
4780,100.0
4781,100.0
4782,100.0
4783,100.0
4784,100.0
4785,100.0
4786,100.0
4787,100.0
4788,100.0
4789,100.0
4790,100.0
4791,100.0
4792,100.0
4793,100.0
4794,100.0
4795,100.0
4796,100.0
4797,100.0
4798,100.0
4799,100.0
4800,100.0
4801,100.0
4802,100.0
4803,100.0
4804,100.0
4805,100.0
4806,100.0
4807,100.0
4808,100.0
4809,100.0
4810,100.0
4811,100.0
4812,100.0
4813,100.0
4814,100.0
4815,100.0
4816,100.0
4817,100.0
4818,100.0
4819,100.0
4820,100.0
4821,100.0
4822,100.0
4823,100.0
4824,100.0
4825,100.0
4826,100.0
4827,100.0
4828,100.0
4829,100.0
4830,100.0
4831,100.0
4832,100.0
4833,100.0
4834,100.0
4835,100.0
4836,100.0
4837,100.0
4838,100.0
4839,100.0
4840,100.0
4841,100.0
4842,100.0
4843,100.0
4844,100.0
4845,100.0
4846,100.0
4847,100.0
4848,100.0
4849,100.0
4850,100.0
4851,100.0
4852,100.0
4853,100.0
4854,100.0
4855,100.0
4856,100.0
4857,100.0
4858,100.0
4859,100.0
4860,100.0
4861,100.0
4862,100.0
4863,100.0
4864,100.0
4865,100.0
4866,100.0
4867,100.0
4868,100.0
4869,100.0
4870,100.0
4871,100.0
4872,100.0
4873,100.0
4874,100.0
4875,100.0
4876,100.0
4877,100.0
4878,100.0
4879,100.0
4880,100.0
4881,100.0
4882,100.0
4883,100.0
4884,100.0
4885,100.0
4886,100.0
4887,100.0
4888,100.0
4889,100.0
4890,100.0
4891,100.0
4892,100.0
4893,100.0
4894,100.0
4895,100.0
4896,100.0
4897,100.0
4898,100.0
4899,100.0
4900,100.0
4901,100.0
4902,100.0
4903,100.0
4904,100.0
4905,100.0
4906,100.0
4907,100.0
4908,100.0
4909,100.0
4910,100.0
4911,100.0
4912,100.0
4913,100.0
4914,100.0
4915,100.0
4916,100.0
4917,100.0
4918,100.0
4919,100.0
4920,100.0
4921,100.0
4922,100.0
4923,100.0
4924,100.0
4925,100.0
4926,100.0
4927,100.0
4928,100.0
4929,100.0
4930,100.0
4931,100.0
4932,100.0
4933,100.0
4934,100.0
4935,100.0
4936,100.0
4937,100.0
4938,100.0
4939,100.0
4940,100.0
4941,100.0
4942,100.0
4943,100.0
4944,100.0
4945,100.0
4946,100.0
4947,100.0
4948,100.0
4949,100.0
4950,100.0
4951,100.0
4952,100.0
4953,100.0
4954,100.0
4955,100.0
4956,100.0
4957,100.0
4958,100.0
4959,100.0
4960,100.0
4961,100.0
4962,100.0
4963,100.0
4964,100.0
4965,100.0
4966,100.0
4967,100.0
4968,100.0
4969,100.0
4970,100.0
4971,100.0
4972,100.0
4973,100.0
4974,100.0
4975,100.0
4976,100.0
4977,100.0
4978,100.0
4979,100.0
4980,100.0
4981,100.0
4982,100.0
4983,100.0
4984,100.0
4985,100.0
4986,100.0
4987,100.0
4988,100.0
4989,100.0
4990,100.0
4991,100.0
4992,100.0
4993,100.0
4994,100.0
4995,100.0
4996,100.0
4997,100.0
4998,100.0
4999,100.0
5000,100.0
5001,100.0
5002,100.0
5003,100.0
5004,100.0
5005,100.0
5006,100.0
5007,100.0
5008,100.0
5009,100.0
5010,100.0
5011,100.0
5012,100.0
5013,100.0
5014,100.0
5015,100.0
5016,100.0
5017,100.0
5018,100.0
5019,100.0
5020,100.0
5021,100.0
5022,100.0
5023,100.0
5024,100.0
5025,100.0
5026,100.0
5027,100.0
5028,100.0
5029,100.0
5030,100.0
5031,100.0
5032,100.0
5033,100.0
5034,100.0
5035,100.0
5036,100.0
5037,100.0
5038,100.0
5039,100.0
5040,100.0
5041,100.0
5042,100.0
5043,100.0
5044,100.0
5045,100.0
5046,100.0
5047,100.0
5048,100.0
5049,100.0
5050,100.0
5051,100.0
5052,100.0
5053,100.0
5054,100.0
5055,100.0
5056,100.0
5057,100.0
5058,100.0
5059,100.0
5060,100.0
5061,100.0
5062,100.0
5063,100.0
5064,100.0
5065,100.0
5066,100.0
5067,100.0
5068,100.0
5069,100.0
5070,100.0
5071,100.0
5072,100.0
5073,100.0
5074,100.0
5075,100.0
5076,100.0
5077,100.0
5078,100.0
5079,100.0
5080,100.0
5081,100.0
5082,100.0
5083,100.0
5084,100.0
5085,100.0
5086,100.0
5087,100.0
5088,100.0
5089,100.0
5090,100.0
5091,100.0
5092,100.0
5093,100.0
5094,100.0
5095,100.0
5096,100.0
5097,100.0
5098,100.0
5099,100.0
5100,100.0
5101,100.0
5102,100.0
5103,100.0
5104,100.0
5105,100.0
5106,100.0
5107,100.0
5108,100.0
5109,100.0
5110,100.0
5111,100.0
5112,100.0
5113,100.0
5114,100.0
5115,100.0
5116,100.0
5117,100.0
5118,100.0
5119,100.0
5120,100.0
5121,100.0
5122,100.0
5123,100.0
5124,100.0
5125,100.0
5126,100.0
5127,100.0
5128,100.0
5129,100.0
5130,100.0
5131,100.0
5132,100.0
5133,100.0
5134,100.0
5135,100.0
5136,100.0
5137,100.0
5138,100.0
5139,100.0
5140,100.0
5141,100.0
5142,100.0
5143,100.0
5144,100.0
5145,100.0
5146,100.0
5147,100.0
5148,100.0
5149,100.0
5150,100.0
5151,100.0
5152,100.0
5153,100.0
5154,100.0
5155,100.0
5156,100.0
5157,100.0
5158,100.0
5159,100.0
5160,100.0
5161,100.0
5162,100.0
5163,100.0
5164,100.0
5165,100.0
5166,100.0
5167,100.0
5168,100.0
5169,100.0
5170,100.0
5171,100.0
5172,100.0
5173,100.0
5174,100.0
5175,100.0
5176,100.0
5177,100.0
5178,100.0
5179,100.0
5180,100.0
5181,100.0
5182,100.0
5183,100.0
5184,100.0
5185,100.0
5186,100.0
5187,100.0
5188,100.0
5189,100.0
5190,100.0
5191,100.0
5192,100.0
5193,100.0
5194,100.0
5195,100.0
5196,100.0
5197,100.0
5198,100.0
5199,100.0
5200,100.0
5201,100.0
5202,100.0
5203,100.0
5204,100.0
5205,100.0
5206,100.0
5207,100.0
5208,100.0
5209,100.0
5210,100.0
5211,100.0
5212,100.0
5213,100.0
5214,100.0
5215,100.0
5216,100.0
5217,100.0
5218,100.0
5219,100.0
5220,100.0
5221,100.0
5222,100.0
5223,100.0
5224,100.0
5225,100.0
5226,100.0
5227,100.0
5228,100.0
5229,100.0
5230,100.0
5231,100.0
5232,100.0
5233,100.0
5234,100.0
5235,100.0
5236,100.0
5237,100.0
5238,100.0
5239,100.0
5240,100.0
5241,100.0
5242,100.0
5243,100.0
5244,100.0
5245,100.0
5246,100.0
5247,100.0
5248,100.0
5249,100.0
5250,100.0
5251,100.0
5252,100.0
5253,100.0
5254,100.0
5255,100.0
5256,100.0
5257,100.0
5258,100.0
5259,100.0
5260,100.0
5261,100.0
5262,100.0
5263,100.0
5264,100.0
5265,100.0
5266,100.0
5267,100.0
5268,100.0
5269,100.0
5270,100.0
5271,100.0
5272,100.0
5273,100.0
5274,100.0
5275,100.0
5276,100.0
5277,100.0
5278,100.0
5279,100.0
5280,100.0
5281,100.0
5282,100.0
5283,100.0
5284,100.0
5285,100.0
5286,100.0
5287,100.0
5288,100.0
5289,100.0
5290,100.0
5291,100.0
5292,100.0
5293,100.0
5294,100.0
5295,100.0
5296,100.0
5297,100.0
5298,100.0
5299,100.0
5300,100.0
5301,100.0
5302,100.0
5303,100.0
5304,100.0
5305,100.0
5306,100.0
5307,100.0
5308,100.0
5309,100.0
5310,100.0
5311,100.0
5312,100.0
5313,100.0
5314,100.0
5315,100.0
5316,100.0
5317,100.0
5318,100.0
5319,100.0
5320,100.0
5321,100.0
5322,100.0
5323,100.0
5324,100.0
5325,100.0
5326,100.0
5327,100.0
5328,100.0
5329,100.0
5330,100.0
5331,100.0
5332,100.0
5333,100.0
5334,100.0
5335,100.0
5336,100.0
5337,100.0
5338,100.0
5339,100.0
5340,100.0
5341,100.0
5342,100.0
5343,100.0
5344,100.0
5345,100.0
5346,100.0
5347,100.0
5348,100.0
5349,100.0
5350,100.0
5351,100.0
5352,100.0
5353,100.0
5354,100.0
5355,100.0
5356,100.0
5357,100.0
5358,100.0
5359,100.0
5360,100.0
5361,100.0
5362,100.0
5363,100.0
5364,100.0
5365,100.0
5366,100.0
5367,100.0
5368,100.0
5369,100.0
5370,100.0
5371,100.0
5372,100.0
5373,100.0
5374,100.0
5375,100.0
5376,100.0
5377,100.0
5378,100.0
5379,100.0
5380,100.0
5381,100.0
5382,100.0
5383,100.0
5384,100.0
5385,100.0
5386,100.0
5387,100.0
5388,100.0
5389,100.0
5390,100.0
5391,100.0
5392,100.0
5393,100.0
5394,100.0
5395,100.0
5396,100.0
5397,100.0
5398,100.0
5399,100.0
5400,100.0
5401,100.0
5402,100.0
5403,100.0
5404,100.0
5405,100.0
5406,100.0
5407,100.0
5408,100.0
5409,100.0
5410,100.0
5411,100.0
5412,100.0
5413,100.0
5414,100.0
5415,100.0
5416,100.0
5417,100.0
5418,100.0
5419,100.0
5420,100.0
5421,100.0
5422,100.0
5423,100.0
5424,100.0
5425,100.0
5426,100.0
5427,100.0
5428,100.0
5429,100.0
5430,100.0
5431,100.0
5432,100.0
5433,100.0
5434,100.0
5435,100.0
5436,100.0
5437,100.0
5438,100.0
5439,100.0
5440,100.0
5441,100.0
5442,100.0
5443,100.0
5444,100.0
5445,100.0
5446,100.0
5447,100.0
5448,100.0
5449,100.0
5450,100.0
5451,100.0
5452,100.0
5453,100.0
5454,100.0
5455,100.0
5456,100.0
5457,100.0
5458,100.0
5459,100.0
5460,100.0
5461,100.0
5462,100.0
5463,100.0
5464,100.0
5465,100.0
5466,100.0
5467,100.0
5468,100.0
5469,100.0
5470,100.0
5471,100.0
5472,100.0
5473,100.0
5474,100.0
5475,100.0
5476,100.0
5477,100.0
5478,100.0
5479,100.0
5480,100.0
5481,100.0
5482,100.0
5483,100.0
5484,100.0
5485,100.0
5486,100.0
5487,100.0
5488,100.0
5489,100.0
5490,100.0
5491,100.0
5492,100.0
5493,100.0
5494,100.0
5495,100.0
5496,100.0
5497,100.0
5498,100.0
5499,100.0
5500,100.0
5501,100.0
5502,100.0
5503,100.0
5504,100.0
5505,100.0
5506,100.0
5507,100.0
5508,100.0
5509,100.0
5510,100.0
5511,100.0
5512,100.0
5513,100.0
5514,100.0
5515,100.0
5516,100.0
5517,100.0
5518,100.0
5519,100.0
5520,100.0
5521,100.0
5522,100.0
5523,100.0
5524,100.0
5525,100.0
5526,100.0
5527,100.0
5528,100.0
5529,100.0
5530,100.0
5531,100.0
5532,100.0
5533,100.0
5534,100.0
5535,100.0
5536,100.0
5537,100.0
5538,100.0
5539,100.0
5540,100.0
5541,100.0
5542,100.0
5543,100.0
5544,100.0
5545,100.0
5546,100.0
5547,100.0
5548,100.0
5549,100.0
5550,100.0
5551,100.0
5552,100.0
5553,100.0
5554,100.0
5555,100.0
5556,100.0
5557,100.0
5558,100.0
5559,100.0
5560,100.0
5561,100.0
5562,100.0
5563,100.0
5564,100.0
5565,100.0
5566,100.0
5567,100.0
5568,100.0
5569,100.0
5570,100.0
5571,100.0
5572,100.0
5573,100.0
5574,100.0
5575,100.0
5576,100.0
5577,100.0
5578,100.0
5579,100.0
5580,100.0
5581,100.0
5582,100.0
5583,100.0
5584,100.0
5585,100.0
5586,100.0
5587,100.0
5588,100.0
5589,100.0
5590,100.0
5591,100.0
5592,100.0
5593,100.0
5594,100.0
5595,100.0
5596,100.0
5597,100.0
5598,100.0
5599,100.0
5600,100.0
5601,100.0
5602,100.0
5603,100.0
5604,100.0
5605,100.0
5606,100.0
5607,100.0
5608,100.0
5609,100.0
5610,100.0
5611,100.0
5612,100.0
5613,100.0
5614,100.0
5615,100.0
5616,100.0
5617,100.0
5618,100.0
5619,100.0
5620,100.0
5621,100.0
5622,100.0
5623,100.0
5624,100.0
5625,100.0
5626,100.0
5627,100.0
5628,100.0
5629,100.0
5630,100.0
5631,100.0
5632,100.0
5633,100.0
5634,100.0
5635,100.0
5636,100.0
5637,100.0
5638,100.0
5639,100.0
5640,100.0
5641,100.0
5642,100.0
5643,100.0
5644,100.0
5645,100.0
5646,100.0
5647,100.0
5648,100.0
5649,100.0
5650,100.0
5651,100.0
5652,100.0
5653,100.0
5654,100.0
5655,100.0
5656,100.0
5657,100.0
5658,100.0
5659,100.0
5660,100.0
5661,100.0
5662,100.0
5663,100.0
5664,100.0
5665,100.0
5666,100.0
5667,100.0
5668,100.0
5669,100.0
5670,100.0
5671,100.0
5672,100.0
5673,100.0
5674,100.0
5675,100.0
5676,100.0
5677,100.0
5678,100.0
5679,100.0
5680,100.0
5681,100.0
5682,100.0
5683,100.0
5684,100.0
5685,100.0
5686,100.0
5687,100.0
5688,100.0
5689,100.0
5690,100.0
5691,100.0
5692,100.0
5693,100.0
5694,100.0
5695,100.0
5696,100.0
5697,100.0
5698,100.0
5699,100.0
5700,100.0
5701,100.0
5702,100.0
5703,100.0
5704,100.0
5705,100.0
5706,100.0
5707,100.0
5708,100.0
5709,100.0
5710,100.0
5711,100.0
5712,100.0
5713,100.0
5714,100.0
5715,100.0
5716,100.0
5717,100.0
5718,100.0
5719,100.0
5720,100.0
5721,100.0
5722,100.0
5723,100.0
5724,100.0
5725,100.0
5726,100.0
5727,100.0
5728,100.0
5729,100.0
5730,100.0
5731,100.0
5732,100.0
5733,100.0
5734,100.0
5735,100.0
5736,100.0
5737,100.0
5738,100.0
5739,100.0
5740,100.0
5741,100.0
5742,100.0
5743,100.0
5744,100.0
5745,100.0
5746,100.0
5747,100.0
5748,100.0
5749,100.0
5750,100.0
5751,100.0
5752,100.0
5753,100.0
5754,100.0
5755,100.0
5756,100.0
5757,100.0
5758,100.0
5759,100.0
5760,100.0
5761,100.0
5762,100.0
5763,100.0
5764,100.0
5765,100.0
5766,100.0
5767,100.0
5768,100.0
5769,100.0
5770,100.0
5771,100.0
5772,100.0
5773,100.0
5774,100.0
5775,100.0
5776,100.0
5777,100.0
5778,100.0
5779,100.0
5780,100.0
5781,100.0
5782,100.0
5783,100.0
5784,100.0
5785,100.0
5786,100.0
5787,100.0
5788,100.0
5789,100.0
5790,100.0
5791,100.0
5792,100.0
5793,100.0
5794,100.0
5795,100.0
5796,100.0
5797,100.0
5798,100.0
5799,100.0
5800,100.0
5801,100.0
5802,100.0
5803,100.0
5804,100.0
5805,100.0
5806,100.0
5807,100.0
5808,100.0
5809,100.0
5810,100.0
5811,100.0
5812,100.0
5813,100.0
5814,100.0
5815,100.0
5816,100.0
5817,100.0
5818,100.0
5819,100.0
5820,100.0
5821,100.0
5822,100.0
5823,100.0
5824,100.0
5825,100.0
5826,100.0
5827,100.0
5828,100.0
5829,100.0
5830,100.0
5831,100.0
5832,100.0
5833,100.0
5834,100.0
5835,100.0
5836,100.0
5837,100.0
5838,100.0
5839,100.0
5840,100.0
5841,100.0
5842,100.0
5843,100.0
5844,100.0
5845,100.0
5846,100.0
5847,100.0
5848,100.0
5849,100.0
5850,100.0
5851,100.0
5852,100.0
5853,100.0
5854,100.0
5855,100.0
5856,100.0
5857,100.0
5858,100.0
5859,100.0
5860,100.0
5861,100.0
5862,100.0
5863,100.0
5864,100.0
5865,100.0
5866,100.0
5867,100.0
5868,100.0
5869,100.0
5870,100.0
5871,100.0
5872,100.0
5873,100.0
5874,100.0
5875,100.0
5876,100.0
5877,100.0
5878,100.0
5879,100.0
5880,100.0
5881,100.0
5882,100.0
5883,100.0
5884,100.0
5885,100.0
5886,100.0
5887,100.0
5888,100.0
5889,100.0
5890,100.0
5891,100.0
5892,100.0
5893,100.0
5894,100.0
5895,100.0
5896,100.0
5897,100.0
5898,100.0
5899,100.0
5900,100.0
5901,100.0
5902,100.0
5903,100.0
5904,100.0
5905,100.0
5906,100.0
5907,100.0
5908,100.0
5909,100.0
5910,100.0
5911,100.0
5912,100.0
5913,100.0
5914,100.0
5915,100.0
5916,100.0
5917,100.0
5918,100.0
5919,100.0
5920,100.0
5921,100.0
5922,100.0
5923,100.0
5924,100.0
5925,100.0
5926,100.0
5927,100.0
5928,100.0
5929,100.0
5930,100.0
5931,100.0
5932,100.0
5933,100.0
5934,100.0
5935,100.0
5936,100.0
5937,100.0
5938,100.0
5939,100.0
5940,100.0
5941,100.0
5942,100.0
5943,100.0
5944,100.0
5945,100.0
5946,100.0
5947,100.0
5948,100.0
5949,100.0
5950,100.0
5951,100.0
5952,100.0
5953,100.0
5954,100.0
5955,100.0
5956,100.0
5957,100.0
5958,100.0
5959,100.0
5960,100.0
5961,100.0
5962,100.0
5963,100.0
5964,100.0
5965,100.0
5966,100.0
5967,100.0
5968,100.0
5969,100.0
5970,100.0
5971,100.0
5972,100.0
5973,100.0
5974,100.0
5975,100.0
5976,100.0
5977,100.0
5978,100.0
5979,100.0
5980,100.0
5981,100.0
5982,100.0
5983,100.0
5984,100.0
5985,100.0
5986,100.0
5987,100.0
5988,100.0
5989,100.0
5990,100.0
5991,100.0
5992,100.0
5993,100.0
5994,100.0
5995,100.0
5996,100.0
5997,100.0
5998,100.0
5999,100.0
6000,100.0
6001,100.0
6002,100.0
6003,100.0
6004,100.0
6005,100.0
6006,100.0
6007,100.0
6008,100.0
6009,100.0
6010,100.0
6011,100.0
6012,100.0
6013,100.0
6014,100.0
6015,100.0
6016,100.0
6017,100.0
6018,100.0
6019,100.0
6020,100.0
6021,100.0
6022,100.0
6023,100.0
6024,100.0
6025,100.0
6026,100.0
6027,100.0
6028,100.0
6029,100.0
6030,100.0
6031,100.0
6032,100.0
6033,100.0
6034,100.0
6035,100.0
6036,100.0
6037,100.0
6038,100.0
6039,100.0
6040,100.0
6041,100.0
6042,100.0
6043,100.0
6044,100.0
6045,100.0
6046,100.0
6047,100.0
6048,100.0
6049,100.0
6050,100.0
6051,100.0
6052,100.0
6053,100.0
6054,100.0
6055,100.0
6056,100.0
6057,100.0
6058,100.0
6059,100.0
6060,100.0
6061,100.0
6062,100.0
6063,100.0
6064,100.0
6065,100.0
6066,100.0
6067,100.0
6068,100.0
6069,100.0
6070,100.0
6071,100.0
6072,100.0
6073,100.0
6074,100.0
6075,100.0
6076,100.0
6077,100.0
6078,100.0
6079,100.0
6080,100.0
6081,100.0
6082,100.0
6083,100.0
6084,100.0
6085,100.0
6086,100.0
6087,100.0
6088,100.0
6089,100.0
6090,100.0
6091,100.0
6092,100.0
6093,100.0
6094,100.0
6095,100.0
6096,100.0
6097,100.0
6098,100.0
6099,100.0
6100,100.0
6101,100.0
6102,100.0
6103,100.0
6104,100.0
6105,100.0
6106,100.0
6107,100.0
6108,100.0
6109,100.0
6110,100.0
6111,100.0
6112,100.0
6113,100.0
6114,100.0
6115,100.0
6116,100.0
6117,100.0
6118,100.0
6119,100.0
6120,100.0
6121,100.0
6122,100.0
6123,100.0
6124,100.0
6125,100.0
6126,100.0
6127,100.0
6128,100.0
6129,100.0
6130,100.0
6131,100.0
6132,100.0
6133,100.0
6134,100.0
6135,100.0
6136,100.0
6137,100.0
6138,100.0
6139,100.0
6140,100.0
6141,100.0
6142,100.0
6143,100.0
6144,100.0
6145,100.0
6146,100.0
6147,100.0
6148,100.0
6149,100.0
6150,100.0
6151,100.0
6152,100.0
6153,100.0
6154,100.0
6155,100.0
6156,100.0
6157,100.0
6158,100.0
6159,100.0
6160,100.0
6161,100.0
6162,100.0
6163,100.0
6164,100.0
6165,100.0
6166,100.0
6167,100.0
6168,100.0
6169,100.0
6170,100.0
6171,100.0
6172,100.0
6173,100.0
6174,100.0
6175,100.0
6176,100.0
6177,100.0
6178,100.0
6179,100.0
6180,100.0
6181,100.0
6182,100.0
6183,100.0
6184,100.0
6185,100.0
6186,100.0
6187,100.0
6188,100.0
6189,100.0
6190,100.0
6191,100.0
6192,100.0
6193,100.0
6194,100.0
6195,100.0
6196,100.0
6197,100.0
6198,100.0
6199,100.0
6200,100.0
6201,100.0
6202,100.0
6203,100.0
6204,100.0
6205,100.0
6206,100.0
6207,100.0
6208,100.0
6209,100.0
6210,100.0
6211,100.0
6212,100.0
6213,100.0
6214,100.0
6215,100.0
6216,100.0
6217,100.0
6218,100.0
6219,100.0
6220,100.0
6221,100.0
6222,100.0
6223,100.0
6224,100.0
6225,100.0
6226,100.0
6227,100.0
6228,100.0
6229,100.0
6230,100.0
6231,100.0
6232,100.0
6233,100.0
6234,100.0
6235,100.0
6236,100.0
6237,100.0
6238,100.0
6239,100.0
6240,100.0
6241,100.0
6242,100.0
6243,100.0
6244,100.0
6245,100.0
6246,100.0
6247,100.0
6248,100.0
6249,100.0
6250,100.0
6251,100.0
6252,100.0
6253,100.0
6254,100.0
6255,100.0
6256,100.0
6257,100.0
6258,100.0
6259,100.0
6260,100.0
6261,100.0
6262,100.0
6263,100.0
6264,100.0
6265,100.0
6266,100.0
6267,100.0
6268,100.0
6269,100.0
6270,100.0
6271,100.0
6272,100.0
6273,100.0
6274,100.0
6275,100.0
6276,100.0
6277,100.0
6278,100.0
6279,100.0
6280,100.0
6281,100.0
6282,100.0
6283,100.0
6284,100.0
6285,100.0
6286,100.0
6287,100.0
6288,100.0
6289,100.0
6290,100.0
6291,100.0
6292,100.0
6293,100.0
6294,100.0
6295,100.0
6296,100.0
6297,100.0
6298,100.0
6299,100.0
6300,100.0
6301,100.0
6302,100.0
6303,100.0
6304,100.0
6305,100.0
6306,100.0
6307,100.0
6308,100.0
6309,100.0
6310,100.0
6311,100.0
6312,100.0
6313,100.0
6314,100.0
6315,100.0
6316,100.0
6317,100.0
6318,100.0
6319,100.0
6320,100.0
6321,100.0
6322,100.0
6323,100.0
6324,100.0
6325,100.0
6326,100.0
6327,100.0
6328,100.0
6329,100.0
6330,100.0
6331,100.0
6332,100.0
6333,100.0
6334,100.0
6335,100.0
6336,100.0
6337,100.0
6338,100.0
6339,100.0
6340,100.0
6341,100.0
6342,100.0
6343,100.0
6344,100.0
6345,100.0
6346,100.0
6347,100.0
6348,100.0
6349,100.0
6350,100.0
6351,100.0
6352,100.0
6353,100.0
6354,100.0
6355,100.0
6356,100.0
6357,100.0
6358,100.0
6359,100.0
6360,100.0
6361,100.0
6362,100.0
6363,100.0
6364,100.0
6365,100.0
6366,100.0
6367,100.0
6368,100.0
6369,100.0
6370,100.0
6371,100.0
6372,100.0
6373,100.0
6374,100.0
6375,100.0
6376,100.0
6377,100.0
6378,100.0
6379,100.0
6380,100.0
6381,100.0
6382,100.0
6383,100.0
6384,100.0
6385,100.0
6386,100.0
6387,100.0
6388,100.0
6389,100.0
6390,100.0
6391,100.0
6392,100.0
6393,100.0
6394,100.0
6395,100.0
6396,100.0
6397,100.0
6398,100.0
6399,100.0
6400,100.0
6401,100.0
6402,100.0
6403,100.0
6404,100.0
6405,100.0
6406,100.0
6407,100.0
6408,100.0
6409,100.0
6410,100.0
6411,100.0
6412,100.0
6413,100.0
6414,100.0
6415,100.0
6416,100.0
6417,100.0
6418,100.0
6419,100.0
6420,100.0
6421,100.0
6422,100.0
6423,100.0
6424,100.0
6425,100.0
6426,100.0
6427,100.0
6428,100.0
6429,100.0
6430,100.0
6431,100.0
6432,100.0
6433,100.0
6434,100.0
6435,100.0
6436,100.0
6437,100.0
6438,100.0
6439,100.0
6440,100.0
6441,100.0
6442,100.0
6443,100.0
6444,100.0
6445,100.0
6446,100.0
6447,100.0
6448,100.0
6449,100.0
6450,100.0
6451,100.0
6452,100.0
6453,100.0
6454,100.0
6455,100.0
6456,100.0
6457,100.0
6458,100.0
6459,100.0
6460,100.0
6461,100.0
6462,100.0
6463,100.0
6464,100.0
6465,100.0
6466,100.0
6467,100.0
6468,100.0
6469,100.0
6470,100.0
6471,100.0
6472,100.0
6473,100.0
6474,100.0
6475,100.0
6476,100.0
6477,100.0
6478,100.0
6479,100.0
6480,100.0
6481,100.0
6482,100.0
6483,100.0
6484,100.0
6485,100.0
6486,100.0
6487,100.0
6488,100.0
6489,100.0
6490,100.0
6491,100.0
6492,100.0
6493,100.0
6494,100.0
6495,100.0
6496,100.0
6497,100.0
6498,100.0
6499,100.0
6500,100.0
6501,100.0
6502,100.0
6503,100.0
6504,100.0
6505,100.0
6506,100.0
6507,100.0
6508,100.0
6509,100.0
6510,100.0
6511,100.0
6512,100.0
6513,100.0
6514,100.0
6515,100.0
6516,100.0
6517,100.0
6518,100.0
6519,100.0
6520,100.0
6521,100.0
6522,100.0
6523,100.0
6524,100.0
6525,100.0
6526,100.0
6527,100.0
6528,100.0
6529,100.0
6530,100.0
6531,100.0
6532,100.0
6533,100.0
6534,100.0
6535,100.0
6536,100.0
6537,100.0
6538,100.0
6539,100.0
6540,100.0
6541,100.0
6542,100.0
6543,100.0
6544,100.0
6545,100.0
6546,100.0
6547,100.0
6548,100.0
6549,100.0
6550,100.0
6551,100.0
6552,100.0
6553,100.0
6554,100.0
6555,100.0
6556,100.0
6557,100.0
6558,100.0
6559,100.0
6560,100.0
6561,100.0
6562,100.0
6563,100.0
6564,100.0
6565,100.0
6566,100.0
6567,100.0
6568,100.0
6569,100.0
6570,100.0
6571,100.0
6572,100.0
6573,100.0
6574,100.0
6575,100.0
6576,100.0
6577,100.0
6578,100.0
6579,100.0
6580,100.0
6581,100.0
6582,100.0
6583,100.0
6584,100.0
6585,100.0
6586,100.0
6587,100.0
6588,100.0
6589,100.0
6590,100.0
6591,100.0
6592,100.0
6593,100.0
6594,100.0
6595,100.0
6596,100.0
6597,100.0
6598,100.0
6599,100.0
6600,100.0
6601,100.0
6602,100.0
6603,100.0
6604,100.0
6605,100.0
6606,100.0
6607,100.0
6608,100.0
6609,100.0
6610,100.0
6611,100.0
6612,100.0
6613,100.0
6614,100.0
6615,100.0
6616,100.0
6617,100.0
6618,100.0
6619,100.0
6620,100.0
6621,100.0
6622,100.0
6623,100.0
6624,100.0
6625,100.0
6626,100.0
6627,100.0
6628,100.0
6629,100.0
6630,100.0
6631,100.0
6632,100.0
6633,100.0
6634,100.0
6635,100.0
6636,100.0
6637,100.0
6638,100.0
6639,100.0
6640,100.0
6641,100.0
6642,100.0
6643,100.0
6644,100.0
6645,100.0
6646,100.0
6647,100.0
6648,100.0
6649,100.0
6650,100.0
6651,100.0
6652,100.0
6653,100.0
6654,100.0
6655,100.0
6656,100.0
6657,100.0
6658,100.0
6659,100.0
6660,100.0
6661,100.0
6662,100.0
6663,100.0
6664,100.0
6665,100.0
6666,100.0
6667,100.0
6668,100.0
6669,100.0
6670,100.0
6671,100.0
6672,100.0
6673,100.0
6674,100.0
6675,100.0
6676,100.0
6677,100.0
6678,100.0
6679,100.0
6680,100.0
6681,100.0
6682,100.0
6683,100.0
6684,100.0
6685,100.0
6686,100.0
6687,100.0
6688,100.0
6689,100.0
6690,100.0
6691,100.0
6692,100.0
6693,100.0
6694,100.0
6695,100.0
6696,100.0
6697,100.0
6698,100.0
6699,100.0
6700,100.0
6701,100.0
6702,100.0
6703,100.0
6704,100.0
6705,100.0
6706,100.0
6707,100.0
6708,100.0
6709,100.0
6710,100.0
6711,100.0
6712,100.0
6713,100.0
6714,100.0
6715,100.0
6716,100.0
6717,100.0
6718,100.0
6719,100.0
6720,100.0
6721,100.0
6722,100.0
6723,100.0
6724,100.0
6725,100.0
6726,100.0
6727,100.0
6728,100.0
6729,100.0
6730,100.0
6731,100.0
6732,100.0
6733,100.0
6734,100.0
6735,100.0
6736,100.0
6737,100.0
6738,100.0
6739,100.0
6740,100.0
6741,100.0
6742,100.0
6743,100.0
6744,100.0
6745,100.0
6746,100.0
6747,100.0
6748,100.0
6749,100.0
6750,100.0
6751,100.0
6752,100.0
6753,100.0
6754,100.0
6755,100.0
6756,100.0
6757,100.0
6758,100.0
6759,100.0
6760,100.0
6761,100.0
6762,100.0
6763,100.0
6764,100.0
6765,100.0
6766,100.0
6767,100.0
6768,100.0
6769,100.0
6770,100.0
6771,100.0
6772,100.0
6773,100.0
6774,100.0
6775,100.0
6776,100.0
6777,100.0
6778,100.0
6779,100.0
6780,100.0
6781,100.0
6782,100.0
6783,100.0
6784,100.0
6785,100.0
6786,100.0
6787,100.0
6788,100.0
6789,100.0
6790,100.0
6791,100.0
6792,100.0
6793,100.0
6794,100.0
6795,100.0
6796,100.0
6797,100.0
6798,100.0
6799,100.0
6800,100.0
6801,100.0
6802,100.0
6803,100.0
6804,100.0
6805,100.0
6806,100.0
6807,100.0
6808,100.0
6809,100.0
6810,100.0
6811,100.0
6812,100.0
6813,100.0
6814,100.0
6815,100.0
6816,100.0
6817,100.0
6818,100.0
6819,100.0
6820,100.0
6821,100.0
6822,100.0
6823,100.0
6824,100.0
6825,100.0
6826,100.0
6827,100.0
6828,100.0
6829,100.0
6830,100.0
6831,100.0
6832,100.0
6833,100.0
6834,100.0
6835,100.0
6836,100.0
6837,100.0
6838,100.0
6839,100.0
6840,100.0
6841,100.0
6842,100.0
6843,100.0
6844,100.0
6845,100.0
6846,100.0
6847,100.0
6848,100.0
6849,100.0
6850,100.0
6851,100.0
6852,100.0
6853,100.0
6854,100.0
6855,100.0
6856,100.0
6857,100.0
6858,100.0
6859,100.0
6860,100.0
6861,100.0
6862,100.0
6863,100.0
6864,100.0
6865,100.0
6866,100.0
6867,100.0
6868,100.0
6869,100.0
6870,100.0
6871,100.0
6872,100.0
6873,100.0
6874,100.0
6875,100.0
6876,100.0
6877,100.0
6878,100.0
6879,100.0
6880,100.0
6881,100.0
6882,100.0
6883,100.0
6884,100.0
6885,100.0
6886,100.0
6887,100.0
6888,100.0
6889,100.0
6890,100.0
6891,100.0
6892,100.0
6893,100.0
6894,100.0
6895,100.0
6896,100.0
6897,100.0
6898,100.0
6899,100.0
6900,100.0
6901,100.0
6902,100.0
6903,100.0
6904,100.0
6905,100.0
6906,100.0
6907,100.0
6908,100.0
6909,100.0
6910,100.0
6911,100.0
6912,100.0
6913,100.0
6914,100.0
6915,100.0
6916,100.0
6917,100.0
6918,100.0
6919,100.0
6920,100.0
6921,100.0
6922,100.0
6923,100.0
6924,100.0
6925,100.0
6926,100.0
6927,100.0
6928,100.0
6929,100.0
6930,100.0
6931,100.0
6932,100.0
6933,100.0
6934,100.0
6935,100.0
6936,100.0
6937,100.0
6938,100.0
6939,100.0
6940,100.0
6941,100.0
6942,100.0
6943,100.0
6944,100.0
6945,100.0
6946,100.0
6947,100.0
6948,100.0
6949,100.0
6950,100.0
6951,100.0
6952,100.0
6953,100.0
6954,100.0
6955,100.0
6956,100.0
6957,100.0
6958,100.0
6959,100.0
6960,100.0
6961,100.0
6962,100.0
6963,100.0
6964,100.0
6965,100.0
6966,100.0
6967,100.0
6968,100.0
6969,100.0
6970,100.0
6971,100.0
6972,100.0
6973,100.0
6974,100.0
6975,100.0
6976,100.0
6977,100.0
6978,100.0
6979,100.0
6980,100.0
6981,100.0
6982,100.0
6983,100.0
6984,100.0
6985,100.0
6986,100.0
6987,100.0
6988,100.0
6989,100.0
6990,100.0
6991,100.0
6992,100.0
6993,100.0
6994,100.0
6995,100.0
6996,100.0
6997,100.0
6998,100.0
6999,100.0
7000,100.0
7001,100.0
7002,100.0
7003,100.0
7004,100.0
7005,100.0
7006,100.0
7007,100.0
7008,100.0
7009,100.0
7010,100.0
7011,100.0
7012,100.0
7013,100.0
7014,100.0
7015,100.0
7016,100.0
7017,100.0
7018,100.0
7019,100.0
7020,100.0
7021,100.0
7022,100.0
7023,100.0
7024,100.0
7025,100.0
7026,100.0
7027,100.0
7028,100.0
7029,100.0
7030,100.0
7031,100.0
7032,100.0
7033,100.0
7034,100.0
7035,100.0
7036,100.0
7037,100.0
7038,100.0
7039,100.0
7040,100.0
7041,100.0
7042,100.0
7043,100.0
7044,100.0
7045,100.0
7046,100.0
7047,100.0
7048,100.0
7049,100.0
7050,100.0
7051,100.0
7052,100.0
7053,100.0
7054,100.0
7055,100.0
7056,100.0
7057,100.0
7058,100.0
7059,100.0
7060,100.0
7061,100.0
7062,100.0
7063,100.0
7064,100.0
7065,100.0
7066,100.0
7067,100.0
7068,100.0
7069,100.0
7070,100.0
7071,100.0
7072,100.0
7073,100.0
7074,100.0
7075,100.0
7076,100.0
7077,100.0
7078,100.0
7079,100.0
7080,100.0
7081,100.0
7082,100.0
7083,100.0
7084,100.0
7085,100.0
7086,100.0
7087,100.0
7088,100.0
7089,100.0
7090,100.0
7091,100.0
7092,100.0
7093,100.0
7094,100.0
7095,100.0
7096,100.0
7097,100.0
7098,100.0
7099,100.0
7100,100.0
7101,100.0
7102,100.0
7103,100.0
7104,100.0
7105,100.0
7106,100.0
7107,100.0
7108,100.0
7109,100.0
7110,100.0
7111,100.0
7112,100.0
7113,100.0
7114,100.0
7115,100.0
7116,100.0
7117,100.0
7118,100.0
7119,100.0
7120,100.0
7121,100.0
7122,100.0
7123,100.0
7124,100.0
7125,100.0
7126,100.0
7127,100.0
7128,100.0
7129,100.0
7130,100.0
7131,100.0
7132,100.0
7133,100.0
7134,100.0
7135,100.0
7136,100.0
7137,100.0
7138,100.0
7139,100.0
7140,100.0
7141,100.0
7142,100.0
7143,100.0
7144,100.0
7145,100.0
7146,100.0
7147,100.0
7148,100.0
7149,100.0
7150,100.0
7151,100.0
7152,100.0
7153,100.0
7154,100.0
7155,100.0
7156,100.0
7157,100.0
7158,100.0
7159,100.0
7160,100.0
7161,100.0
7162,100.0
7163,100.0
7164,100.0
7165,100.0
7166,100.0
7167,100.0
7168,100.0
7169,100.0
7170,100.0
7171,100.0
7172,100.0
7173,100.0
7174,100.0
7175,100.0
7176,100.0
7177,100.0
7178,100.0
7179,100.0
7180,100.0
7181,100.0
7182,100.0
7183,100.0
7184,100.0
7185,100.0
7186,100.0
7187,100.0
7188,100.0
7189,100.0
7190,100.0
7191,100.0
7192,100.0
7193,100.0
7194,100.0
7195,100.0
7196,100.0
7197,100.0
7198,100.0
7199,100.0
7200,100.0
7201,100.0
7202,100.0
7203,100.0
7204,100.0
7205,100.0
7206,100.0
7207,100.0
7208,100.0
7209,100.0
7210,100.0
7211,100.0
7212,100.0
7213,100.0
7214,100.0
7215,100.0
7216,100.0
7217,100.0
7218,100.0
7219,100.0
7220,100.0
7221,100.0
7222,100.0
7223,100.0
7224,100.0
7225,100.0
7226,100.0
7227,100.0
7228,100.0
7229,100.0
7230,100.0
7231,100.0
7232,100.0
7233,100.0
7234,100.0
7235,100.0
7236,100.0
7237,100.0
7238,100.0
7239,100.0
7240,100.0
7241,100.0
7242,100.0
7243,100.0
7244,100.0
7245,100.0
7246,100.0
7247,100.0
7248,100.0
7249,100.0
7250,100.0
7251,100.0
7252,100.0
7253,100.0
7254,100.0
7255,100.0
7256,100.0
7257,100.0
7258,100.0
7259,100.0
7260,100.0
7261,100.0
7262,100.0
7263,100.0
7264,100.0
7265,100.0
7266,100.0
7267,100.0
7268,100.0
7269,100.0
7270,100.0
7271,100.0
7272,100.0
7273,100.0
7274,100.0
7275,100.0
7276,100.0
7277,100.0
7278,100.0
7279,100.0
7280,100.0
7281,100.0
7282,100.0
7283,100.0
7284,100.0
7285,100.0
7286,100.0
7287,100.0
7288,100.0
7289,100.0
7290,100.0
7291,100.0
7292,100.0
7293,100.0
7294,100.0
7295,100.0
7296,100.0
7297,100.0
7298,100.0
7299,100.0
7300,100.0
7301,100.0
7302,100.0
7303,100.0
7304,100.0
7305,100.0
7306,100.0
7307,100.0
7308,100.0
7309,100.0
7310,100.0
7311,100.0
7312,100.0
7313,100.0
7314,100.0
7315,100.0
7316,100.0
7317,100.0
7318,100.0
7319,100.0
7320,100.0
7321,100.0
7322,100.0
7323,100.0
7324,100.0
7325,100.0
7326,100.0
7327,100.0
7328,100.0
7329,100.0
7330,100.0
7331,100.0
7332,100.0
7333,100.0
7334,100.0
7335,100.0
7336,100.0
7337,100.0
7338,100.0
7339,100.0
7340,100.0
7341,100.0
7342,100.0
7343,100.0
7344,100.0
7345,100.0
7346,100.0
7347,100.0
7348,100.0
7349,100.0
7350,100.0
7351,100.0
7352,100.0
7353,100.0
7354,100.0
7355,100.0
7356,100.0
7357,100.0
7358,100.0
7359,100.0
7360,100.0
7361,100.0
7362,100.0
7363,100.0
7364,100.0
7365,100.0
7366,100.0
7367,100.0
7368,100.0
7369,100.0
7370,100.0
7371,100.0
7372,100.0
7373,100.0
7374,100.0
7375,100.0
7376,100.0
7377,100.0
7378,100.0
7379,100.0
7380,100.0
7381,100.0
7382,100.0
7383,100.0
7384,100.0
7385,100.0
7386,100.0
7387,100.0
7388,100.0
7389,100.0
7390,100.0
7391,100.0
7392,100.0
7393,100.0
7394,100.0
7395,100.0
7396,100.0
7397,100.0
7398,100.0
7399,100.0
7400,100.0
7401,100.0
7402,100.0
7403,100.0
7404,100.0
7405,100.0
7406,100.0
7407,100.0
7408,100.0
7409,100.0
7410,100.0
7411,100.0
7412,100.0
7413,100.0
7414,100.0
7415,100.0
7416,100.0
7417,100.0
7418,100.0
7419,100.0
7420,100.0
7421,100.0
7422,100.0
7423,100.0
7424,100.0
7425,100.0
7426,100.0
7427,100.0
7428,100.0
7429,100.0
7430,100.0
7431,100.0
7432,100.0
7433,100.0
7434,100.0
7435,100.0
7436,100.0
7437,100.0
7438,100.0
7439,100.0
7440,100.0
7441,100.0
7442,100.0
7443,100.0
7444,100.0
7445,100.0
7446,100.0
7447,100.0
7448,100.0
7449,100.0
7450,100.0
7451,100.0
7452,100.0
7453,100.0
7454,100.0
7455,100.0
7456,100.0
7457,100.0
7458,100.0
7459,100.0
7460,100.0
7461,100.0
7462,100.0
7463,100.0
7464,100.0
7465,100.0
7466,100.0
7467,100.0
7468,100.0
7469,100.0
7470,100.0
7471,100.0
7472,100.0
7473,100.0
7474,100.0
7475,100.0
7476,100.0
7477,100.0
7478,100.0
7479,100.0
7480,100.0
7481,100.0
7482,100.0
7483,100.0
7484,100.0
7485,100.0
7486,100.0
7487,100.0
7488,100.0
7489,100.0
7490,100.0
7491,100.0
7492,100.0
7493,100.0
7494,100.0
7495,100.0
7496,100.0
7497,100.0
7498,100.0
7499,100.0
7500,100.0
7501,100.0
7502,100.0
7503,100.0
7504,100.0
7505,100.0
7506,100.0
7507,100.0
7508,100.0
7509,100.0
7510,100.0
7511,100.0
7512,100.0
7513,100.0
7514,100.0
7515,100.0
7516,100.0
7517,100.0
7518,100.0
7519,100.0
7520,100.0
7521,100.0
7522,100.0
7523,100.0
7524,100.0
7525,100.0
7526,100.0
7527,100.0
7528,100.0
7529,100.0
7530,100.0
7531,100.0
7532,100.0
7533,100.0
7534,100.0
7535,100.0
7536,100.0
7537,100.0
7538,100.0
7539,100.0
7540,100.0
7541,100.0
7542,100.0
7543,100.0
7544,100.0
7545,100.0
7546,100.0
7547,100.0
7548,100.0
7549,100.0
7550,100.0
7551,100.0
7552,100.0
7553,100.0
7554,100.0
7555,100.0
7556,100.0
7557,100.0
7558,100.0
7559,100.0
7560,100.0
7561,100.0
7562,100.0
7563,100.0
7564,100.0
7565,100.0
7566,100.0
7567,100.0
7568,100.0
7569,100.0
7570,100.0
7571,100.0
7572,100.0
7573,100.0
7574,100.0
7575,100.0
7576,100.0
7577,100.0
7578,100.0
7579,100.0
7580,100.0
7581,100.0
7582,100.0
7583,100.0
7584,100.0
7585,100.0
7586,100.0
7587,100.0
7588,100.0
7589,100.0
7590,100.0
7591,100.0
7592,100.0
7593,100.0
7594,100.0
7595,100.0
7596,100.0
7597,100.0
7598,100.0
7599,100.0
7600,100.0
7601,100.0
7602,100.0
7603,100.0
7604,100.0
7605,100.0
7606,100.0
7607,100.0
7608,100.0
7609,100.0
7610,100.0
7611,100.0
7612,100.0
7613,100.0
7614,100.0
7615,100.0
7616,100.0
7617,100.0
7618,100.0
7619,100.0
7620,100.0
7621,100.0
7622,100.0
7623,100.0
7624,100.0
7625,100.0
7626,100.0
7627,100.0
7628,100.0
7629,100.0
7630,100.0
7631,100.0
7632,100.0
7633,100.0
7634,100.0
7635,100.0
7636,100.0
7637,100.0
7638,100.0
7639,100.0
7640,100.0
7641,100.0
7642,100.0
7643,100.0
7644,100.0
7645,100.0
7646,100.0
7647,100.0
7648,100.0
7649,100.0
7650,100.0
7651,100.0
7652,100.0
7653,100.0
7654,100.0
7655,100.0
7656,100.0
7657,100.0
7658,100.0
7659,100.0
7660,100.0
7661,100.0
7662,100.0
7663,100.0
7664,100.0
7665,100.0
7666,100.0
7667,100.0
7668,100.0
7669,100.0
7670,100.0
7671,100.0
7672,100.0
7673,100.0
7674,100.0
7675,100.0
7676,100.0
7677,100.0
7678,100.0
7679,100.0
7680,100.0
7681,100.0
7682,100.0
7683,100.0
7684,100.0
7685,100.0
7686,100.0
7687,100.0
7688,100.0
7689,100.0
7690,100.0
7691,100.0
7692,100.0
7693,100.0
7694,100.0
7695,100.0
7696,100.0
7697,100.0
7698,100.0
7699,100.0
7700,100.0
7701,100.0
7702,100.0
7703,100.0
7704,100.0
7705,100.0
7706,100.0
7707,100.0
7708,100.0
7709,100.0
7710,100.0
7711,100.0
7712,100.0
7713,100.0
7714,100.0
7715,100.0
7716,100.0
7717,100.0
7718,100.0
7719,100.0
7720,100.0
7721,100.0
7722,100.0
7723,100.0
7724,100.0
7725,100.0
7726,100.0
7727,100.0
7728,100.0
7729,100.0
7730,100.0
7731,100.0
7732,100.0
7733,100.0
7734,100.0
7735,100.0
7736,100.0
7737,100.0
7738,100.0
7739,100.0
7740,100.0
7741,100.0
7742,100.0
7743,100.0
7744,100.0
7745,100.0
7746,100.0
7747,100.0
7748,100.0
7749,100.0
7750,100.0
7751,100.0
7752,100.0
7753,100.0
7754,100.0
7755,100.0
7756,100.0
7757,100.0
7758,100.0
7759,100.0
7760,100.0
7761,100.0
7762,100.0
7763,100.0
7764,100.0
7765,100.0
7766,100.0
7767,100.0
7768,100.0
7769,100.0
7770,100.0
7771,100.0
7772,100.0
7773,100.0
7774,100.0
7775,100.0
7776,100.0
7777,100.0
7778,100.0
7779,100.0
7780,100.0
7781,100.0
7782,100.0
7783,100.0
7784,100.0
7785,100.0
7786,100.0
7787,100.0
7788,100.0
7789,100.0
7790,100.0
7791,100.0
7792,100.0
7793,100.0
7794,100.0
7795,100.0
7796,100.0
7797,100.0
7798,100.0
7799,100.0
7800,100.0
7801,100.0
7802,100.0
7803,100.0
7804,100.0
7805,100.0
7806,100.0
7807,100.0
7808,100.0
7809,100.0
7810,100.0
7811,100.0
7812,100.0
7813,100.0
7814,100.0
7815,100.0
7816,100.0
7817,100.0
7818,100.0
7819,100.0
7820,100.0
7821,100.0
7822,100.0
7823,100.0
7824,100.0
7825,100.0
7826,100.0
7827,100.0
7828,100.0
7829,100.0
7830,100.0
7831,100.0
7832,100.0
7833,100.0
7834,100.0
7835,100.0
7836,100.0
7837,100.0
7838,100.0
7839,100.0
7840,100.0
7841,100.0
7842,100.0
7843,100.0
7844,100.0
7845,100.0
7846,100.0
7847,100.0
7848,100.0
7849,100.0
7850,100.0
7851,100.0
7852,100.0
7853,100.0
7854,100.0
7855,100.0
7856,100.0
7857,100.0
7858,100.0
7859,100.0
7860,100.0
7861,100.0
7862,100.0
7863,100.0
7864,100.0
7865,100.0
7866,100.0
7867,100.0
7868,100.0
7869,100.0
7870,100.0
7871,100.0
7872,100.0
7873,100.0
7874,100.0
7875,100.0
7876,100.0
7877,100.0
7878,100.0
7879,100.0
7880,100.0
7881,100.0
7882,100.0
7883,100.0
7884,100.0
7885,100.0
7886,100.0
7887,100.0
7888,100.0
7889,100.0
7890,100.0
7891,100.0
7892,100.0
7893,100.0
7894,100.0
7895,100.0
7896,100.0
7897,100.0
7898,100.0
7899,100.0
7900,100.0
7901,100.0
7902,100.0
7903,100.0
7904,100.0
7905,100.0
7906,100.0
7907,100.0
7908,100.0
7909,100.0
7910,100.0
7911,100.0
7912,100.0
7913,100.0
7914,100.0
7915,100.0
7916,100.0
7917,100.0
7918,100.0
7919,100.0
7920,100.0
7921,100.0
7922,100.0
7923,100.0
7924,100.0
7925,100.0
7926,100.0
7927,100.0
7928,100.0
7929,100.0
7930,100.0
7931,100.0
7932,100.0
7933,100.0
7934,100.0
7935,100.0
7936,100.0
7937,100.0
7938,100.0
7939,100.0
7940,100.0
7941,100.0
7942,100.0
7943,100.0
7944,100.0
7945,100.0
7946,100.0
7947,100.0
7948,100.0
7949,100.0
7950,100.0
7951,100.0
7952,100.0
7953,100.0
7954,100.0
7955,100.0
7956,100.0
7957,100.0
7958,100.0
7959,100.0
7960,100.0
7961,100.0
7962,100.0
7963,100.0
7964,100.0
7965,100.0
7966,100.0
7967,100.0
7968,100.0
7969,100.0
7970,100.0
7971,100.0
7972,100.0
7973,100.0
7974,100.0
7975,100.0
7976,100.0
7977,100.0
7978,100.0
7979,100.0
7980,100.0
7981,100.0
7982,100.0
7983,100.0
7984,100.0
7985,100.0
7986,100.0
7987,100.0
7988,100.0
7989,100.0
7990,100.0
7991,100.0
7992,100.0
7993,100.0
7994,100.0
7995,100.0
7996,100.0
7997,100.0
7998,100.0
7999,100.0
8000,100.0
8001,100.0
8002,100.0
8003,100.0
8004,100.0
8005,100.0
8006,100.0
8007,100.0
8008,100.0
8009,100.0
8010,100.0
8011,100.0
8012,100.0
8013,100.0
8014,100.0
8015,100.0
8016,100.0
8017,100.0
8018,100.0
8019,100.0
8020,100.0
8021,100.0
8022,100.0
8023,100.0
8024,100.0
8025,100.0
8026,100.0
8027,100.0
8028,100.0
8029,100.0
8030,100.0
8031,100.0
8032,100.0
8033,100.0
8034,100.0
8035,100.0
8036,100.0
8037,100.0
8038,100.0
8039,100.0
8040,100.0
8041,100.0
8042,100.0
8043,100.0
8044,100.0
8045,100.0
8046,100.0
8047,100.0
8048,100.0
8049,100.0
8050,100.0
8051,100.0
8052,100.0
8053,100.0
8054,100.0
8055,100.0
8056,100.0
8057,100.0
8058,100.0
8059,100.0
8060,100.0
8061,100.0
8062,100.0
8063,100.0
8064,100.0
8065,100.0
8066,100.0
8067,100.0
8068,100.0
8069,100.0
8070,100.0
8071,100.0
8072,100.0
8073,100.0
8074,100.0
8075,100.0
8076,100.0
8077,100.0
8078,100.0
8079,100.0
8080,100.0
8081,100.0
8082,100.0
8083,100.0
8084,100.0
8085,100.0
8086,100.0
8087,100.0
8088,100.0
8089,100.0
8090,100.0
8091,100.0
8092,100.0
8093,100.0
8094,100.0
8095,100.0
8096,100.0
8097,100.0
8098,100.0
8099,100.0
8100,100.0
8101,100.0
8102,100.0
8103,100.0
8104,100.0
8105,100.0
8106,100.0
8107,100.0
8108,100.0
8109,100.0
8110,100.0
8111,100.0
8112,100.0
8113,100.0
8114,100.0
8115,100.0
8116,100.0
8117,100.0
8118,100.0
8119,100.0
8120,100.0
8121,100.0
8122,100.0
8123,100.0
8124,100.0
8125,100.0
8126,100.0
8127,100.0
8128,100.0
8129,100.0
8130,100.0
8131,100.0
8132,100.0
8133,100.0
8134,100.0
8135,100.0
8136,100.0
8137,100.0
8138,100.0
8139,100.0
8140,100.0
8141,100.0
8142,100.0
8143,100.0
8144,100.0
8145,100.0
8146,100.0
8147,100.0
8148,100.0
8149,100.0
8150,100.0
8151,100.0
8152,100.0
8153,100.0
8154,100.0
8155,100.0
8156,100.0
8157,100.0
8158,100.0
8159,100.0
8160,100.0
8161,100.0
8162,100.0
8163,100.0
8164,100.0
8165,100.0
8166,100.0
8167,100.0
8168,100.0
8169,100.0
8170,100.0
8171,100.0
8172,100.0
8173,100.0
8174,100.0
8175,100.0
8176,100.0
8177,100.0
8178,100.0
8179,100.0
8180,100.0
8181,100.0
8182,100.0
8183,100.0
8184,100.0
8185,100.0
8186,100.0
8187,100.0
8188,100.0
8189,100.0
8190,100.0
8191,100.0
8192,100.0
8193,100.0
8194,100.0
8195,100.0
8196,100.0
8197,100.0
8198,100.0
8199,100.0
8200,100.0
8201,100.0
8202,100.0
8203,100.0
8204,100.0
8205,100.0
8206,100.0
8207,100.0
8208,100.0
8209,100.0
8210,100.0
8211,100.0
8212,100.0
8213,100.0
8214,100.0
8215,100.0
8216,100.0
8217,100.0
8218,100.0
8219,100.0
8220,100.0
8221,100.0
8222,100.0
8223,100.0
8224,100.0
8225,100.0
8226,100.0
8227,100.0
8228,100.0
8229,100.0
8230,100.0
8231,100.0
8232,100.0
8233,100.0
8234,100.0
8235,100.0
8236,100.0
8237,100.0
8238,100.0
8239,100.0
8240,100.0
8241,100.0
8242,100.0
8243,100.0
8244,100.0
8245,100.0
8246,100.0
8247,100.0
8248,100.0
8249,100.0
8250,100.0
8251,100.0
8252,100.0
8253,100.0
8254,100.0
8255,100.0
8256,100.0
8257,100.0
8258,100.0
8259,100.0
8260,100.0
8261,100.0
8262,100.0
8263,100.0
8264,100.0
8265,100.0
8266,100.0
8267,100.0
8268,100.0
8269,100.0
8270,100.0
8271,100.0
8272,100.0
8273,100.0
8274,100.0
8275,100.0
8276,100.0
8277,100.0
8278,100.0
8279,100.0
8280,100.0
8281,100.0
8282,100.0
8283,100.0
8284,100.0
8285,100.0
8286,100.0
8287,100.0
8288,100.0
8289,100.0
8290,100.0
8291,100.0
8292,100.0
8293,100.0
8294,100.0
8295,100.0
8296,100.0
8297,100.0
8298,100.0
8299,100.0
8300,100.0
8301,100.0
8302,100.0
8303,100.0
8304,100.0
8305,100.0
8306,100.0
8307,100.0
8308,100.0
8309,100.0
8310,100.0
8311,100.0
8312,100.0
8313,100.0
8314,100.0
8315,100.0
8316,100.0
8317,100.0
8318,100.0
8319,100.0
8320,100.0
8321,100.0
8322,100.0
8323,100.0
8324,100.0
8325,100.0
8326,100.0
8327,100.0
8328,100.0
8329,100.0
8330,100.0
8331,100.0
8332,100.0
8333,100.0
8334,100.0
8335,100.0
8336,100.0
8337,100.0
8338,100.0
8339,100.0
8340,100.0
8341,100.0
8342,100.0
8343,100.0
8344,100.0
8345,100.0
8346,100.0
8347,100.0
8348,100.0
8349,100.0
8350,100.0
8351,100.0
8352,100.0
8353,100.0
8354,100.0
8355,100.0
8356,100.0
8357,100.0
8358,100.0
8359,100.0
8360,100.0
8361,100.0
8362,100.0
8363,100.0
8364,100.0
8365,100.0
8366,100.0
8367,100.0
8368,100.0
8369,100.0
8370,100.0
8371,100.0
8372,100.0
8373,100.0
8374,100.0
8375,100.0
8376,100.0
8377,100.0
8378,100.0
8379,100.0
8380,100.0
8381,100.0
8382,100.0
8383,100.0
8384,100.0
8385,100.0
8386,100.0
8387,100.0
8388,100.0
8389,100.0
8390,100.0
8391,100.0
8392,100.0
8393,100.0
8394,100.0
8395,100.0
8396,100.0
8397,100.0
8398,100.0
8399,100.0
8400,100.0
8401,100.0
8402,100.0
8403,100.0
8404,100.0
8405,100.0
8406,100.0
8407,100.0
8408,100.0
8409,100.0
8410,100.0
8411,100.0
8412,100.0
8413,100.0
8414,100.0
8415,100.0
8416,100.0
8417,100.0
8418,100.0
8419,100.0
8420,100.0
8421,100.0
8422,100.0
8423,100.0
8424,100.0
8425,100.0
8426,100.0
8427,100.0
8428,100.0
8429,100.0
8430,100.0
8431,100.0
8432,100.0
8433,100.0
8434,100.0
8435,100.0
8436,100.0
8437,100.0
8438,100.0
8439,100.0
8440,100.0
8441,100.0
8442,100.0
8443,100.0
8444,100.0
8445,100.0
8446,100.0
8447,100.0
8448,100.0
8449,100.0
8450,100.0
8451,100.0
8452,100.0
8453,100.0
8454,100.0
8455,100.0
8456,100.0
8457,100.0
8458,100.0
8459,100.0
8460,100.0
8461,100.0
8462,100.0
8463,100.0
8464,100.0
8465,100.0
8466,100.0
8467,100.0
8468,100.0
8469,100.0
8470,100.0
8471,100.0
8472,100.0
8473,100.0
8474,100.0
8475,100.0
8476,100.0
8477,100.0
8478,100.0
8479,100.0
8480,100.0
8481,100.0
8482,100.0
8483,100.0
8484,100.0
8485,100.0
8486,100.0
8487,100.0
8488,100.0
8489,100.0
8490,100.0
8491,100.0
8492,100.0
8493,100.0
8494,100.0
8495,100.0
8496,100.0
8497,100.0
8498,100.0
8499,100.0
8500,100.0
8501,100.0
8502,100.0
8503,100.0
8504,100.0
8505,100.0
8506,100.0
8507,100.0
8508,100.0
8509,100.0
8510,100.0
8511,100.0
8512,100.0
8513,100.0
8514,100.0
8515,100.0
8516,100.0
8517,100.0
8518,100.0
8519,100.0
8520,100.0
8521,100.0
8522,100.0
8523,100.0
8524,100.0
8525,100.0
8526,100.0
8527,100.0
8528,100.0
8529,100.0
8530,100.0
8531,100.0
8532,100.0
8533,100.0
8534,100.0
8535,100.0
8536,100.0
8537,100.0
8538,100.0
8539,100.0
8540,100.0
8541,100.0
8542,100.0
8543,100.0
8544,100.0
8545,100.0
8546,100.0
8547,100.0
8548,100.0
8549,100.0
8550,100.0
8551,100.0
8552,100.0
8553,100.0
8554,100.0
8555,100.0
8556,100.0
8557,100.0
8558,100.0
8559,100.0
8560,100.0
8561,100.0
8562,100.0
8563,100.0
8564,100.0
8565,100.0
8566,100.0
8567,100.0
8568,100.0
8569,100.0
8570,100.0
8571,100.0
8572,100.0
8573,100.0
8574,100.0
8575,100.0
8576,100.0
8577,100.0
8578,100.0
8579,100.0
8580,100.0
8581,100.0
8582,100.0
8583,100.0
8584,100.0
8585,100.0
8586,100.0
8587,100.0
8588,100.0
8589,100.0
8590,100.0
8591,100.0
8592,100.0
8593,100.0
8594,100.0
8595,100.0
8596,100.0
8597,100.0
8598,100.0
8599,100.0
8600,100.0
8601,100.0
8602,100.0
8603,100.0
8604,100.0
8605,100.0
8606,100.0
8607,100.0
8608,100.0
8609,100.0
8610,100.0
8611,100.0
8612,100.0
8613,100.0
8614,100.0
8615,100.0
8616,100.0
8617,100.0
8618,100.0
8619,100.0
8620,100.0
8621,100.0
8622,100.0
8623,100.0
8624,100.0
8625,100.0
8626,100.0
8627,100.0
8628,100.0
8629,100.0
8630,100.0
8631,100.0
8632,100.0
8633,100.0
8634,100.0
8635,100.0
8636,100.0
8637,100.0
8638,100.0
8639,100.0
8640,100.0
8641,100.0
8642,100.0
8643,100.0
8644,100.0
8645,100.0
8646,100.0
8647,100.0
8648,100.0
8649,100.0
8650,100.0
8651,100.0
8652,100.0
8653,100.0
8654,100.0
8655,100.0
8656,100.0
8657,100.0
8658,100.0
8659,100.0
8660,100.0
8661,100.0
8662,100.0
8663,100.0
8664,100.0
8665,100.0
8666,100.0
8667,100.0
8668,100.0
8669,100.0
8670,100.0
8671,100.0
8672,100.0
8673,100.0
8674,100.0
8675,100.0
8676,100.0
8677,100.0
8678,100.0
8679,100.0
8680,100.0
8681,100.0
8682,100.0
8683,100.0
8684,100.0
8685,100.0
8686,100.0
8687,100.0
8688,100.0
8689,100.0
8690,100.0
8691,100.0
8692,100.0
8693,100.0
8694,100.0
8695,100.0
8696,100.0
8697,100.0
8698,100.0
8699,100.0
8700,100.0
8701,100.0
8702,100.0
8703,100.0
8704,100.0
8705,100.0
8706,100.0
8707,100.0
8708,100.0
8709,100.0
8710,100.0
8711,100.0
8712,100.0
8713,100.0
8714,100.0
8715,100.0
8716,100.0
8717,100.0
8718,100.0
8719,100.0
8720,100.0
8721,100.0
8722,100.0
8723,100.0
8724,100.0
8725,100.0
8726,100.0
8727,100.0
8728,100.0
8729,100.0
8730,100.0
8731,100.0
8732,100.0
8733,100.0
8734,100.0
8735,100.0
8736,100.0
8737,100.0
8738,100.0
8739,100.0
8740,100.0
8741,100.0
8742,100.0
8743,100.0
8744,100.0
8745,100.0
8746,100.0
8747,100.0
8748,100.0
8749,100.0
8750,100.0
8751,100.0
8752,100.0
8753,100.0
8754,100.0
8755,100.0
8756,100.0
8757,100.0
8758,100.0
8759,100.0
8760,100.0
8761,100.0
8762,100.0
8763,100.0
8764,100.0
8765,100.0
8766,100.0
8767,100.0
8768,100.0
8769,100.0
8770,100.0
8771,100.0
8772,100.0
8773,100.0
8774,100.0
8775,100.0
8776,100.0
8777,100.0
8778,100.0
8779,100.0
8780,100.0
8781,100.0
8782,100.0
8783,100.0
8784,100.0
8785,100.0
8786,100.0
8787,100.0
8788,100.0
8789,100.0
8790,100.0
8791,100.0
8792,100.0
8793,100.0
8794,100.0
8795,100.0
8796,100.0
8797,100.0
8798,100.0
8799,100.0
8800,100.0
8801,100.0
8802,100.0
8803,100.0
8804,100.0
8805,100.0
8806,100.0
8807,100.0
8808,100.0
8809,100.0
8810,100.0
8811,100.0
8812,100.0
8813,100.0
8814,100.0
8815,100.0
8816,100.0
8817,100.0
8818,100.0
8819,100.0
8820,100.0
8821,100.0
8822,100.0
8823,100.0
8824,100.0
8825,100.0
8826,100.0
8827,100.0
8828,100.0
8829,100.0
8830,100.0
8831,100.0
8832,100.0
8833,100.0
8834,100.0
8835,100.0
8836,100.0
8837,100.0
8838,100.0
8839,100.0
8840,100.0
8841,100.0
8842,100.0
8843,100.0
8844,100.0
8845,100.0
8846,100.0
8847,100.0
8848,100.0
8849,100.0
8850,100.0
8851,100.0
8852,100.0
8853,100.0
8854,100.0
8855,100.0
8856,100.0
8857,100.0
8858,100.0
8859,100.0
8860,100.0
8861,100.0
8862,100.0
8863,100.0
8864,100.0
8865,100.0
8866,100.0
8867,100.0
8868,100.0
8869,100.0
8870,100.0
8871,100.0
8872,100.0
8873,100.0
8874,100.0
8875,100.0
8876,100.0
8877,100.0
8878,100.0
8879,100.0
8880,100.0
8881,100.0
8882,100.0
8883,100.0
8884,100.0
8885,100.0
8886,100.0
8887,100.0
8888,100.0
8889,100.0
8890,100.0
8891,100.0
8892,100.0
8893,100.0
8894,100.0
8895,100.0
8896,100.0
8897,100.0
8898,100.0
8899,100.0
8900,100.0
8901,100.0
8902,100.0
8903,100.0
8904,100.0
8905,100.0
8906,100.0
8907,100.0
8908,100.0
8909,100.0
8910,100.0
8911,100.0
8912,100.0
8913,100.0
8914,100.0
8915,100.0
8916,100.0
8917,100.0
8918,100.0
8919,100.0
8920,100.0
8921,100.0
8922,100.0
8923,100.0
8924,100.0
8925,100.0
8926,100.0
8927,100.0
8928,100.0
8929,100.0
8930,100.0
8931,100.0
8932,100.0
8933,100.0
8934,100.0
8935,100.0
8936,100.0
8937,100.0
8938,100.0
8939,100.0
8940,100.0
8941,100.0
8942,100.0
8943,100.0
8944,100.0
8945,100.0
8946,100.0
8947,100.0
8948,100.0
8949,100.0
8950,100.0
8951,100.0
8952,100.0
8953,100.0
8954,100.0
8955,100.0
8956,100.0
8957,100.0
8958,100.0
8959,100.0
8960,100.0
8961,100.0
8962,100.0
8963,100.0
8964,100.0
8965,100.0
8966,100.0
8967,100.0
8968,100.0
8969,100.0
8970,100.0
8971,100.0
8972,100.0
8973,100.0
8974,100.0
8975,100.0
8976,100.0
8977,100.0
8978,100.0
8979,100.0
8980,100.0
8981,100.0
8982,100.0
8983,100.0
8984,100.0
8985,100.0
8986,100.0
8987,100.0
8988,100.0
8989,100.0
8990,100.0
8991,100.0
8992,100.0
8993,100.0
8994,100.0
8995,100.0
8996,100.0
8997,100.0
8998,100.0
8999,100.0
9000,100.0
9001,100.0
9002,100.0
9003,100.0
9004,100.0
9005,100.0
9006,100.0
9007,100.0
9008,100.0
9009,100.0
9010,100.0
9011,100.0
9012,100.0
9013,100.0
9014,100.0
9015,100.0
9016,100.0
9017,100.0
9018,100.0
9019,100.0
9020,100.0
9021,100.0
9022,100.0
9023,100.0
9024,100.0
9025,100.0
9026,100.0
9027,100.0
9028,100.0
9029,100.0
9030,100.0
9031,100.0
9032,100.0
9033,100.0
9034,100.0
9035,100.0
9036,100.0
9037,100.0
9038,100.0
9039,100.0
9040,100.0
9041,100.0
9042,100.0
9043,100.0
9044,100.0
9045,100.0
9046,100.0
9047,100.0
9048,100.0
9049,100.0
9050,100.0
9051,100.0
9052,100.0
9053,100.0
9054,100.0
9055,100.0
9056,100.0
9057,100.0
9058,100.0
9059,100.0
9060,100.0
9061,100.0
9062,100.0
9063,100.0
9064,100.0
9065,100.0
9066,100.0
9067,100.0
9068,100.0
9069,100.0
9070,100.0
9071,100.0
9072,100.0
9073,100.0
9074,100.0
9075,100.0
9076,100.0
9077,100.0
9078,100.0
9079,100.0
9080,100.0
9081,100.0
9082,100.0
9083,100.0
9084,100.0
9085,100.0
9086,100.0
9087,100.0
9088,100.0
9089,100.0
9090,100.0
9091,100.0
9092,100.0
9093,100.0
9094,100.0
9095,100.0
9096,100.0
9097,100.0
9098,100.0
9099,100.0
9100,100.0
9101,100.0
9102,100.0
9103,100.0
9104,100.0
9105,100.0
9106,100.0
9107,100.0
9108,100.0
9109,100.0
9110,100.0
9111,100.0
9112,100.0
9113,100.0
9114,100.0
9115,100.0
9116,100.0
9117,100.0
9118,100.0
9119,100.0
9120,100.0
9121,100.0
9122,100.0
9123,100.0
9124,100.0
9125,100.0
9126,100.0
9127,100.0
9128,100.0
9129,100.0
9130,100.0
9131,100.0
9132,100.0
9133,100.0
9134,100.0
9135,100.0
9136,100.0
9137,100.0
9138,100.0
9139,100.0
9140,100.0
9141,100.0
9142,100.0
9143,100.0
9144,100.0
9145,100.0
9146,100.0
9147,100.0
9148,100.0
9149,100.0
9150,100.0
9151,100.0
9152,100.0
9153,100.0
9154,100.0
9155,100.0
9156,100.0
9157,100.0
9158,100.0
9159,100.0
9160,100.0
9161,100.0
9162,100.0
9163,100.0
9164,100.0
9165,100.0
9166,100.0
9167,100.0
9168,100.0
9169,100.0
9170,100.0
9171,100.0
9172,100.0
9173,100.0
9174,100.0
9175,100.0
9176,100.0
9177,100.0
9178,100.0
9179,100.0
9180,100.0
9181,100.0
9182,100.0
9183,100.0
9184,100.0
9185,100.0
9186,100.0
9187,100.0
9188,100.0
9189,100.0
9190,100.0
9191,100.0
9192,100.0
9193,100.0
9194,100.0
9195,100.0
9196,100.0
9197,100.0
9198,100.0
9199,100.0
9200,100.0
9201,100.0
9202,100.0
9203,100.0
9204,100.0
9205,100.0
9206,100.0
9207,100.0
9208,100.0
9209,100.0
9210,100.0
9211,100.0
9212,100.0
9213,100.0
9214,100.0
9215,100.0
9216,100.0
9217,100.0
9218,100.0
9219,100.0
9220,100.0
9221,100.0
9222,100.0
9223,100.0
9224,100.0
9225,100.0
9226,100.0
9227,100.0
9228,100.0
9229,100.0
9230,100.0
9231,100.0
9232,100.0
9233,100.0
9234,100.0
9235,100.0
9236,100.0
9237,100.0
9238,100.0
9239,100.0
9240,100.0
9241,100.0
9242,100.0
9243,100.0
9244,100.0
9245,100.0
9246,100.0
9247,100.0
9248,100.0
9249,100.0
9250,100.0
9251,100.0
9252,100.0
9253,100.0
9254,100.0
9255,100.0
9256,100.0
9257,100.0
9258,100.0
9259,100.0
9260,100.0
9261,100.0
9262,100.0
9263,100.0
9264,100.0
9265,100.0
9266,100.0
9267,100.0
9268,100.0
9269,100.0
9270,100.0
9271,100.0
9272,100.0
9273,100.0
9274,100.0
9275,100.0
9276,100.0
9277,100.0
9278,100.0
9279,100.0
9280,100.0
9281,100.0
9282,100.0
9283,100.0
9284,100.0
9285,100.0
9286,100.0
9287,100.0
9288,100.0
9289,100.0
9290,100.0
9291,100.0
9292,100.0
9293,100.0
9294,100.0
9295,100.0
9296,100.0
9297,100.0
9298,100.0
9299,100.0
9300,100.0
9301,100.0
9302,100.0
9303,100.0
9304,100.0
9305,100.0
9306,100.0
9307,100.0
9308,100.0
9309,100.0
9310,100.0
9311,100.0
9312,100.0
9313,100.0
9314,100.0
9315,100.0
9316,100.0
9317,100.0
9318,100.0
9319,100.0
9320,100.0
9321,100.0
9322,100.0
9323,100.0
9324,100.0
9325,100.0
9326,100.0
9327,100.0
9328,100.0
9329,100.0
9330,100.0
9331,100.0
9332,100.0
9333,100.0
9334,100.0
9335,100.0
9336,100.0
9337,100.0
9338,100.0
9339,100.0
9340,100.0
9341,100.0
9342,100.0
9343,100.0
9344,100.0
9345,100.0
9346,100.0
9347,100.0
9348,100.0
9349,100.0
9350,100.0
9351,100.0
9352,100.0
9353,100.0
9354,100.0
9355,100.0
9356,100.0
9357,100.0
9358,100.0
9359,100.0
9360,100.0
9361,100.0
9362,100.0
9363,100.0
9364,100.0
9365,100.0
9366,100.0
9367,100.0
9368,100.0
9369,100.0
9370,100.0
9371,100.0
9372,100.0
9373,100.0
9374,100.0
9375,100.0
9376,100.0
9377,100.0
9378,100.0
9379,100.0
9380,100.0
9381,100.0
9382,100.0
9383,100.0
9384,100.0
9385,100.0
9386,100.0
9387,100.0
9388,100.0
9389,100.0
9390,100.0
9391,100.0
9392,100.0
9393,100.0
9394,100.0
9395,100.0
9396,100.0
9397,100.0
9398,100.0
9399,100.0
9400,100.0
9401,100.0
9402,100.0
9403,100.0
9404,100.0
9405,100.0
9406,100.0
9407,100.0
9408,100.0
9409,100.0
9410,100.0
9411,100.0
9412,100.0
9413,100.0
9414,100.0
9415,100.0
9416,100.0
9417,100.0
9418,100.0
9419,100.0
9420,100.0
9421,100.0
9422,100.0
9423,100.0
9424,100.0
9425,100.0
9426,100.0
9427,100.0
9428,100.0
9429,100.0
9430,100.0
9431,100.0
9432,100.0
9433,100.0
9434,100.0
9435,100.0
9436,100.0
9437,100.0
9438,100.0
9439,100.0
9440,100.0
9441,100.0
9442,100.0
9443,100.0
9444,100.0
9445,100.0
9446,100.0
9447,100.0
9448,100.0
9449,100.0
9450,100.0
9451,100.0
9452,100.0
9453,100.0
9454,100.0
9455,100.0
9456,100.0
9457,100.0
9458,100.0
9459,100.0
9460,100.0
9461,100.0
9462,100.0
9463,100.0
9464,100.0
9465,100.0
9466,100.0
9467,100.0
9468,100.0
9469,100.0
9470,100.0
9471,100.0
9472,100.0
9473,100.0
9474,100.0
9475,100.0
9476,100.0
9477,100.0
9478,100.0
9479,100.0
9480,100.0
9481,100.0
9482,100.0
9483,100.0
9484,100.0
9485,100.0
9486,100.0
9487,100.0
9488,100.0
9489,100.0
9490,100.0
9491,100.0
9492,100.0
9493,100.0
9494,100.0
9495,100.0
9496,100.0
9497,100.0
9498,100.0
9499,100.0
9500,100.0
9501,100.0
9502,100.0
9503,100.0
9504,100.0
9505,100.0
9506,100.0
9507,100.0
9508,100.0
9509,100.0
9510,100.0
9511,100.0
9512,100.0
9513,100.0
9514,100.0
9515,100.0
9516,100.0
9517,100.0
9518,100.0
9519,100.0
9520,100.0
9521,100.0
9522,100.0
9523,100.0
9524,100.0
9525,100.0
9526,100.0
9527,100.0
9528,100.0
9529,100.0
9530,100.0
9531,100.0
9532,100.0
9533,100.0
9534,100.0
9535,100.0
9536,100.0
9537,100.0
9538,100.0
9539,100.0
9540,100.0
9541,100.0
9542,100.0
9543,100.0
9544,100.0
9545,100.0
9546,100.0
9547,100.0
9548,100.0
9549,100.0
9550,100.0
9551,100.0
9552,100.0
9553,100.0
9554,100.0
9555,100.0
9556,100.0
9557,100.0
9558,100.0
9559,100.0
9560,100.0
9561,100.0
9562,100.0
9563,100.0
9564,100.0
9565,100.0
9566,100.0
9567,100.0
9568,100.0
9569,100.0
9570,100.0
9571,100.0
9572,100.0
9573,100.0
9574,100.0
9575,100.0
9576,100.0
9577,100.0
9578,100.0
9579,100.0
9580,100.0
9581,100.0
9582,100.0
9583,100.0
9584,100.0
9585,100.0
9586,100.0
9587,100.0
9588,100.0
9589,100.0
9590,100.0
9591,100.0
9592,100.0
9593,100.0
9594,100.0
9595,100.0
9596,100.0
9597,100.0
9598,100.0
9599,100.0
9600,100.0
9601,100.0
9602,100.0
9603,100.0
9604,100.0
9605,100.0
9606,100.0
9607,100.0
9608,100.0
9609,100.0
9610,100.0
9611,100.0
9612,100.0
9613,100.0
9614,100.0
9615,100.0
9616,100.0
9617,100.0
9618,100.0
9619,100.0
9620,100.0
9621,100.0
9622,100.0
9623,100.0
9624,100.0
9625,100.0
9626,100.0
9627,100.0
9628,100.0
9629,100.0
9630,100.0
9631,100.0
9632,100.0
9633,100.0
9634,100.0
9635,100.0
9636,100.0
9637,100.0
9638,100.0
9639,100.0
9640,100.0
9641,100.0
9642,100.0
9643,100.0
9644,100.0
9645,100.0
9646,100.0
9647,100.0
9648,100.0
9649,100.0
9650,100.0
9651,100.0
9652,100.0
9653,100.0
9654,100.0
9655,100.0
9656,100.0
9657,100.0
9658,100.0
9659,100.0
9660,100.0
9661,100.0
9662,100.0
9663,100.0
9664,100.0
9665,100.0
9666,100.0
9667,100.0
9668,100.0
9669,100.0
9670,100.0
9671,100.0
9672,100.0
9673,100.0
9674,100.0
9675,100.0
9676,100.0
9677,100.0
9678,100.0
9679,100.0
9680,100.0
9681,100.0
9682,100.0
9683,100.0
9684,100.0
9685,100.0
9686,100.0
9687,100.0
9688,100.0
9689,100.0
9690,100.0
9691,100.0
9692,100.0
9693,100.0
9694,100.0
9695,100.0
9696,100.0
9697,100.0
9698,100.0
9699,100.0
9700,100.0
9701,100.0
9702,100.0
9703,100.0
9704,100.0
9705,100.0
9706,100.0
9707,100.0
9708,100.0
9709,100.0
9710,100.0
9711,100.0
9712,100.0
9713,100.0
9714,100.0
9715,100.0
9716,100.0
9717,100.0
9718,100.0
9719,100.0
9720,100.0
9721,100.0
9722,100.0
9723,100.0
9724,100.0
9725,100.0
9726,100.0
9727,100.0
9728,100.0
9729,100.0
9730,100.0
9731,100.0
9732,100.0
9733,100.0
9734,100.0
9735,100.0
9736,100.0
9737,100.0
9738,100.0
9739,100.0
9740,100.0
9741,100.0
9742,100.0
9743,100.0
9744,100.0
9745,100.0
9746,100.0
9747,100.0
9748,100.0
9749,100.0
9750,100.0
9751,100.0
9752,100.0
9753,100.0
9754,100.0
9755,100.0
9756,100.0
9757,100.0
9758,100.0
9759,100.0
9760,100.0
9761,100.0
9762,100.0
9763,100.0
9764,100.0
9765,100.0
9766,100.0
9767,100.0
9768,100.0
9769,100.0
9770,100.0
9771,100.0
9772,100.0
9773,100.0
9774,100.0
9775,100.0
9776,100.0
9777,100.0
9778,100.0
9779,100.0
9780,100.0
9781,100.0
9782,100.0
9783,100.0
9784,100.0
9785,100.0
9786,100.0
9787,100.0
9788,100.0
9789,100.0
9790,100.0
9791,100.0
9792,100.0
9793,100.0
9794,100.0
9795,100.0
9796,100.0
9797,100.0
9798,100.0
9799,100.0
9800,100.0
9801,100.0
9802,100.0
9803,100.0
9804,100.0
9805,100.0
9806,100.0
9807,100.0
9808,100.0
9809,100.0
9810,100.0
9811,100.0
9812,100.0
9813,100.0
9814,100.0
9815,100.0
9816,100.0
9817,100.0
9818,100.0
9819,100.0
9820,100.0
9821,100.0
9822,100.0
9823,100.0
9824,100.0
9825,100.0
9826,100.0
9827,100.0
9828,100.0
9829,100.0
9830,100.0
9831,100.0
9832,100.0
9833,100.0
9834,100.0
9835,100.0
9836,100.0
9837,100.0
9838,100.0
9839,100.0
9840,100.0
9841,100.0
9842,100.0
9843,100.0
9844,100.0
9845,100.0
9846,100.0
9847,100.0
9848,100.0
9849,100.0
9850,100.0
9851,100.0
9852,100.0
9853,100.0
9854,100.0
9855,100.0
9856,100.0
9857,100.0
9858,100.0
9859,100.0
9860,100.0
9861,100.0
9862,100.0
9863,100.0
9864,100.0
9865,100.0
9866,100.0
9867,100.0
9868,100.0
9869,100.0
9870,100.0
9871,100.0
9872,100.0
9873,100.0
9874,100.0
9875,100.0
9876,100.0
9877,100.0
9878,100.0
9879,100.0
9880,100.0
9881,100.0
9882,100.0
9883,100.0
9884,100.0
9885,100.0
9886,100.0
9887,100.0
9888,100.0
9889,100.0
9890,100.0
9891,100.0
9892,100.0
9893,100.0
9894,100.0
9895,100.0
9896,100.0
9897,100.0
9898,100.0
9899,100.0
9900,100.0
9901,100.0
9902,100.0
9903,100.0
9904,100.0
9905,100.0
9906,100.0
9907,100.0
9908,100.0
9909,100.0
9910,100.0
9911,100.0
9912,100.0
9913,100.0
9914,100.0
9915,100.0
9916,100.0
9917,100.0
9918,100.0
9919,100.0
9920,100.0
9921,100.0
9922,100.0
9923,100.0
9924,100.0
9925,100.0
9926,100.0
9927,100.0
9928,100.0
9929,100.0
9930,100.0
9931,100.0
9932,100.0
9933,100.0
9934,100.0
9935,100.0
9936,100.0
9937,100.0
9938,100.0
9939,100.0
9940,100.0
9941,100.0
9942,100.0
9943,100.0
9944,100.0
9945,100.0
9946,100.0
9947,100.0
9948,100.0
9949,100.0
9950,100.0
9951,100.0
9952,100.0
9953,100.0
9954,100.0
9955,100.0
9956,100.0
9957,100.0
9958,100.0
9959,100.0
9960,100.0
9961,100.0
9962,100.0
9963,100.0
9964,100.0
9965,100.0
9966,100.0
9967,100.0
9968,100.0
9969,100.0
9970,100.0
9971,100.0
9972,100.0
9973,100.0
9974,100.0
9975,100.0
9976,100.0
9977,100.0
9978,100.0
9979,100.0
9980,100.0
9981,100.0
9982,100.0
9983,100.0
9984,100.0
9985,100.0
9986,100.0
9987,100.0
9988,100.0
9989,100.0
9990,100.0
9991,100.0
9992,100.0
9993,100.0
9994,100.0
9995,100.0
9996,100.0
9997,100.0
9998,100.0
9999,100.0
10000,100.0
10001,100.0
10002,100.0
10003,100.0
10004,100.0
10005,100.0
10006,100.0
10007,100.0
10008,100.0
10009,100.0
10010,100.0
10011,100.0
10012,100.0
10013,100.0
10014,100.0
10015,100.0
10016,100.0
10017,100.0
10018,100.0
10019,100.0
10020,100.0
10021,100.0
10022,100.0
10023,100.0
10024,100.0
10025,100.0
10026,100.0
10027,100.0
10028,100.0
10029,100.0
10030,100.0
10031,100.0
10032,100.0
10033,100.0
10034,100.0
10035,100.0
10036,100.0
10037,100.0
10038,100.0
10039,100.0
10040,100.0
10041,100.0
10042,100.0
10043,100.0
10044,100.0
10045,100.0
10046,100.0
10047,100.0
10048,100.0
10049,100.0
10050,100.0
10051,100.0
10052,100.0
10053,100.0
10054,100.0
10055,100.0
10056,100.0
10057,100.0
10058,100.0
10059,100.0
10060,100.0
10061,100.0
10062,100.0
10063,100.0
10064,100.0
10065,100.0
10066,100.0
10067,100.0
10068,100.0
10069,100.0
10070,100.0
10071,100.0
10072,100.0
10073,100.0
10074,100.0
10075,100.0
10076,100.0
10077,100.0
10078,100.0
10079,100.0
10080,100.0
10081,100.0
10082,100.0
10083,100.0
10084,100.0
10085,100.0
10086,100.0
10087,100.0
10088,100.0
10089,100.0
10090,100.0
10091,100.0
10092,100.0
10093,100.0
10094,100.0
10095,100.0
10096,100.0
10097,100.0
10098,100.0
10099,100.0
10100,100.0
10101,100.0
10102,100.0
10103,100.0
10104,100.0
10105,100.0
10106,100.0
10107,100.0
10108,100.0
10109,100.0
10110,100.0
10111,100.0
10112,100.0
10113,100.0
10114,100.0
10115,100.0
10116,100.0
10117,100.0
10118,100.0
10119,100.0
10120,100.0
10121,100.0
10122,100.0
10123,100.0
10124,100.0
10125,100.0
10126,100.0
10127,100.0
10128,100.0
10129,100.0
10130,100.0
10131,100.0
10132,100.0
10133,100.0
10134,100.0
10135,100.0
10136,100.0
10137,100.0
10138,100.0
10139,100.0
10140,100.0
10141,100.0
10142,100.0
10143,100.0
10144,100.0
10145,100.0
10146,100.0
10147,100.0
10148,100.0
10149,100.0
10150,100.0
10151,100.0
10152,100.0
10153,100.0
10154,100.0
10155,100.0
10156,100.0
10157,100.0
10158,100.0
10159,100.0
10160,100.0
10161,100.0
10162,100.0
10163,100.0
10164,100.0
10165,100.0
10166,100.0
10167,100.0
10168,100.0
10169,100.0
10170,100.0
10171,100.0
10172,100.0
10173,100.0
10174,100.0
10175,100.0
10176,100.0
10177,100.0
10178,100.0
10179,100.0
10180,100.0
10181,100.0
10182,100.0
10183,100.0
10184,100.0
10185,100.0
10186,100.0
10187,100.0
10188,100.0
10189,100.0
10190,100.0
10191,100.0
10192,100.0
10193,100.0
10194,100.0
10195,100.0
10196,100.0
10197,100.0
10198,100.0
10199,100.0
10200,100.0
10201,100.0
10202,100.0
10203,100.0
10204,100.0
10205,100.0
10206,100.0
10207,100.0
10208,100.0
10209,100.0
10210,100.0
10211,100.0
10212,100.0
10213,100.0
10214,100.0
10215,100.0
10216,100.0
10217,100.0
10218,100.0
10219,100.0
10220,100.0
10221,100.0
10222,100.0
10223,100.0
10224,100.0
10225,100.0
10226,100.0
10227,100.0
10228,100.0
10229,100.0
10230,100.0
10231,100.0
10232,100.0
10233,100.0
10234,100.0
10235,100.0
10236,100.0
10237,100.0
10238,100.0
10239,100.0
10240,100.0
10241,100.0
10242,100.0
10243,100.0
10244,100.0
10245,100.0
10246,100.0
10247,100.0
10248,100.0
10249,100.0
10250,100.0
10251,100.0
10252,100.0
10253,100.0
10254,100.0
10255,100.0
10256,100.0
10257,100.0
10258,100.0
10259,100.0
10260,100.0
10261,100.0
10262,100.0
10263,100.0
10264,100.0
10265,100.0
10266,100.0
10267,100.0
10268,100.0
10269,100.0
10270,100.0
10271,100.0
10272,100.0
10273,100.0
10274,100.0
10275,100.0
10276,100.0
10277,100.0
10278,100.0
10279,100.0
10280,100.0
10281,100.0
10282,100.0
10283,100.0
10284,100.0
10285,100.0
10286,100.0
10287,100.0
10288,100.0
10289,100.0
10290,100.0
10291,100.0
10292,100.0
10293,100.0
10294,100.0
10295,100.0
10296,100.0
10297,100.0
10298,100.0
10299,100.0
10300,100.0
10301,100.0
10302,100.0
10303,100.0
10304,100.0
10305,100.0
10306,100.0
10307,100.0
10308,100.0
10309,100.0
10310,100.0
10311,100.0
10312,100.0
10313,100.0
10314,100.0
10315,100.0
10316,100.0
10317,100.0
10318,100.0
10319,100.0
10320,100.0
10321,100.0
10322,100.0
10323,100.0
10324,100.0
10325,100.0
10326,100.0
10327,100.0
10328,100.0
10329,100.0
10330,100.0
10331,100.0
10332,100.0
10333,100.0
10334,100.0
10335,100.0
10336,100.0
10337,100.0
10338,100.0
10339,100.0
10340,100.0
10341,100.0
10342,100.0
10343,100.0
10344,100.0
10345,100.0
10346,100.0
10347,100.0
10348,100.0
10349,100.0
10350,100.0
10351,100.0
10352,100.0
10353,100.0
10354,100.0
10355,100.0
10356,100.0
10357,100.0
10358,100.0
10359,100.0
10360,100.0
10361,100.0
10362,100.0
10363,100.0
10364,100.0
10365,100.0
10366,100.0
10367,100.0
10368,100.0
10369,100.0
10370,100.0
10371,100.0
10372,100.0
10373,100.0
10374,100.0
10375,100.0
10376,100.0
10377,100.0
10378,100.0
10379,100.0
10380,100.0
10381,100.0
10382,100.0
10383,100.0
10384,100.0
10385,100.0
10386,100.0
10387,100.0
10388,100.0
10389,100.0
10390,100.0
10391,100.0
10392,100.0
10393,100.0
10394,100.0
10395,100.0
10396,100.0
10397,100.0
10398,100.0
10399,100.0
10400,100.0
10401,100.0
10402,100.0
10403,100.0
10404,100.0
10405,100.0
10406,100.0
10407,100.0
10408,100.0
10409,100.0
10410,100.0
10411,100.0
10412,100.0
10413,100.0
10414,100.0
10415,100.0
10416,100.0
10417,100.0
10418,100.0
10419,100.0
10420,100.0
10421,100.0
10422,100.0
10423,100.0
10424,100.0
10425,100.0
10426,100.0
10427,100.0
10428,100.0
10429,100.0
10430,100.0
10431,100.0
10432,100.0
10433,100.0
10434,100.0
10435,100.0
10436,100.0
10437,100.0
10438,100.0
10439,100.0
10440,100.0
10441,100.0
10442,100.0
10443,100.0
10444,100.0
10445,100.0
10446,100.0
10447,100.0
10448,100.0
10449,100.0
10450,100.0
10451,100.0
10452,100.0
10453,100.0
10454,100.0
10455,100.0
10456,100.0
10457,100.0
10458,100.0
10459,100.0
10460,100.0
10461,100.0
10462,100.0
10463,100.0
10464,100.0
10465,100.0
10466,100.0
10467,100.0
10468,100.0
10469,100.0
10470,100.0
10471,100.0
10472,100.0
10473,100.0
10474,100.0
10475,100.0
10476,100.0
10477,100.0
10478,100.0
10479,100.0
10480,100.0
10481,100.0
10482,100.0
10483,100.0
10484,100.0
10485,100.0
10486,100.0
10487,100.0
10488,100.0
10489,100.0
10490,100.0
10491,100.0
10492,100.0
10493,100.0
10494,100.0
10495,100.0
10496,100.0
10497,100.0
10498,100.0
10499,100.0
10500,100.0
10501,100.0
10502,100.0
10503,100.0
10504,100.0
10505,100.0
10506,100.0
10507,100.0
10508,100.0
10509,100.0
10510,100.0
10511,100.0
10512,100.0
10513,100.0
10514,100.0
10515,100.0
10516,100.0
10517,100.0
10518,100.0
10519,100.0
10520,100.0
10521,100.0
10522,100.0
10523,100.0
10524,100.0
10525,100.0
10526,100.0
10527,100.0
10528,100.0
10529,100.0
10530,100.0
10531,100.0
10532,100.0
10533,100.0
10534,100.0
10535,100.0
10536,100.0
10537,100.0
10538,100.0
10539,100.0
10540,100.0
10541,100.0
10542,100.0
10543,100.0
10544,100.0
10545,100.0
10546,100.0
10547,100.0
10548,100.0
10549,100.0
10550,100.0
10551,100.0
10552,100.0
10553,100.0
10554,100.0
10555,100.0
10556,100.0
10557,100.0
10558,100.0
10559,100.0
10560,100.0
10561,100.0
10562,100.0
10563,100.0
10564,100.0
10565,100.0
10566,100.0
10567,100.0
10568,100.0
10569,100.0
10570,100.0
10571,100.0
10572,100.0
10573,100.0
10574,100.0
10575,100.0
10576,100.0
10577,100.0
10578,100.0
10579,100.0
10580,100.0
10581,100.0
10582,100.0
10583,100.0
10584,100.0
10585,100.0
10586,100.0
10587,100.0
10588,100.0
10589,100.0
10590,100.0
10591,100.0
10592,100.0
10593,100.0
10594,100.0
10595,100.0
10596,100.0
10597,100.0
10598,100.0
10599,100.0
10600,100.0
10601,100.0
10602,100.0
10603,100.0
10604,100.0
10605,100.0
10606,100.0
10607,100.0
10608,100.0
10609,100.0
10610,100.0
10611,100.0
10612,100.0
10613,100.0
10614,100.0
10615,100.0
10616,100.0
10617,100.0
10618,100.0
10619,100.0
10620,100.0
10621,100.0
10622,100.0
10623,100.0
10624,100.0
10625,100.0
10626,100.0
10627,100.0
10628,100.0
10629,100.0
10630,100.0
10631,100.0
10632,100.0
10633,100.0
10634,100.0
10635,100.0
10636,100.0
10637,100.0
10638,100.0
10639,100.0
10640,100.0
10641,100.0
10642,100.0
10643,100.0
10644,100.0
10645,100.0
10646,100.0
10647,100.0
10648,100.0
10649,100.0
10650,100.0
10651,100.0
10652,100.0
10653,100.0
10654,100.0
10655,100.0
10656,100.0
10657,100.0
10658,100.0
10659,100.0
10660,100.0
10661,100.0
10662,100.0
10663,100.0
10664,100.0
10665,100.0
10666,100.0
10667,100.0
10668,100.0
10669,100.0
10670,100.0
10671,100.0
10672,100.0
10673,100.0
10674,100.0
10675,100.0
10676,100.0
10677,100.0
10678,100.0
10679,100.0
10680,100.0
10681,100.0
10682,100.0
10683,100.0
10684,100.0
10685,100.0
10686,100.0
10687,100.0
10688,100.0
10689,100.0
10690,100.0
10691,100.0
10692,100.0
10693,100.0
10694,100.0
10695,100.0
10696,100.0
10697,100.0
10698,100.0
10699,100.0
10700,100.0
10701,100.0
10702,100.0
10703,100.0
10704,100.0
10705,100.0
10706,100.0
10707,100.0
10708,100.0
10709,100.0
10710,100.0
10711,100.0
10712,100.0
10713,100.0
10714,100.0
10715,100.0
10716,100.0
10717,100.0
10718,100.0
10719,100.0
10720,100.0
10721,100.0
10722,100.0
10723,100.0
10724,100.0
10725,100.0
10726,100.0
10727,100.0
10728,100.0
10729,100.0
10730,100.0
10731,100.0
10732,100.0
10733,100.0
10734,100.0
10735,100.0
10736,100.0
10737,100.0
10738,100.0
10739,100.0
10740,100.0
10741,100.0
10742,100.0
10743,100.0
10744,100.0
10745,100.0
10746,100.0
10747,100.0
10748,100.0
10749,100.0
10750,100.0
10751,100.0
10752,100.0
10753,100.0
10754,100.0
10755,100.0
10756,100.0
10757,100.0
10758,100.0
10759,100.0
10760,100.0
10761,100.0
10762,100.0
10763,100.0
10764,100.0
10765,100.0
10766,100.0
10767,100.0
10768,100.0
10769,100.0
10770,100.0
10771,100.0
10772,100.0
10773,100.0
10774,100.0
10775,100.0
10776,100.0
10777,100.0
10778,100.0
10779,100.0
10780,100.0
10781,100.0
10782,100.0
10783,100.0
10784,100.0
10785,100.0
10786,100.0
10787,100.0
10788,100.0
10789,100.0
10790,100.0
10791,100.0
10792,100.0
10793,100.0
10794,100.0
10795,100.0
10796,100.0
10797,100.0
10798,100.0
10799,100.0
10800,100.0
10801,100.0
10802,100.0
10803,100.0
10804,100.0
10805,100.0
10806,100.0
10807,100.0
10808,100.0
10809,100.0
10810,100.0
10811,100.0
10812,100.0
10813,100.0
10814,100.0
10815,100.0
10816,100.0
10817,100.0
10818,100.0
10819,100.0
10820,100.0
10821,100.0
10822,100.0
10823,100.0
10824,100.0
10825,100.0
10826,100.0
10827,100.0
10828,100.0
10829,100.0
10830,100.0
10831,100.0
10832,100.0
10833,100.0
10834,100.0
10835,100.0
10836,100.0
10837,100.0
10838,100.0
10839,100.0
10840,100.0
10841,100.0
10842,100.0
10843,100.0
10844,100.0
10845,100.0
10846,100.0
10847,100.0
10848,100.0
10849,100.0
10850,100.0
10851,100.0
10852,100.0
10853,100.0
10854,100.0
10855,100.0
10856,100.0
10857,100.0
10858,100.0
10859,100.0
10860,100.0
10861,100.0
10862,100.0
10863,100.0
10864,100.0
10865,100.0
10866,100.0
10867,100.0
10868,100.0
10869,100.0
10870,100.0
10871,100.0
10872,100.0
10873,100.0
10874,100.0
10875,100.0
10876,100.0
10877,100.0
10878,100.0
10879,100.0
10880,100.0
10881,100.0
10882,100.0
10883,100.0
10884,100.0
10885,100.0
10886,100.0
10887,100.0
10888,100.0
10889,100.0
10890,100.0
10891,100.0
10892,100.0
10893,100.0
10894,100.0
10895,100.0
10896,100.0
10897,100.0
10898,100.0
10899,100.0
10900,100.0
10901,100.0
10902,100.0
10903,100.0
10904,100.0
10905,100.0
10906,100.0
10907,100.0
10908,100.0
10909,100.0
10910,100.0
10911,100.0
10912,100.0
10913,100.0
10914,100.0
10915,100.0
10916,100.0
10917,100.0
10918,100.0
10919,100.0
10920,100.0
10921,100.0
10922,100.0
10923,100.0
10924,100.0
10925,100.0
10926,100.0
10927,100.0
10928,100.0
10929,100.0
10930,100.0
10931,100.0
10932,100.0
10933,100.0
10934,100.0
10935,100.0
10936,100.0
10937,100.0
10938,100.0
10939,100.0
10940,100.0
10941,100.0
10942,100.0
10943,100.0
10944,100.0
10945,100.0
10946,100.0
10947,100.0
10948,100.0
10949,100.0
10950,100.0
10951,100.0
10952,100.0
10953,100.0
10954,100.0
10955,100.0
10956,100.0
10957,100.0
10958,100.0
10959,100.0
10960,100.0
10961,100.0
10962,100.0
10963,100.0
10964,100.0
10965,100.0
10966,100.0
10967,100.0
10968,100.0
10969,100.0
10970,100.0
10971,100.0
10972,100.0
10973,100.0
10974,100.0
10975,100.0
10976,100.0
10977,100.0
10978,100.0
10979,100.0
10980,100.0
10981,100.0
10982,100.0
10983,100.0
10984,100.0
10985,100.0
10986,100.0
10987,100.0
10988,100.0
10989,100.0
10990,100.0
10991,100.0
10992,100.0
10993,100.0
10994,100.0
10995,100.0
10996,100.0
10997,100.0
10998,100.0
10999,100.0
11000,100.0
11001,100.0
11002,100.0
11003,100.0
11004,100.0
11005,100.0
11006,100.0
11007,100.0
11008,100.0
11009,100.0
11010,100.0
11011,100.0
11012,100.0
11013,100.0
11014,100.0
11015,100.0
11016,100.0
11017,100.0
11018,100.0
11019,100.0
11020,100.0
11021,100.0
11022,100.0
11023,100.0
11024,100.0
11025,100.0
11026,100.0
11027,100.0
11028,100.0
11029,100.0
11030,100.0
11031,100.0
11032,100.0
11033,100.0
11034,100.0
11035,100.0
11036,100.0
11037,100.0
11038,100.0
11039,100.0
11040,100.0
11041,100.0
11042,100.0
11043,100.0
11044,100.0
11045,100.0
11046,100.0
11047,100.0
11048,100.0
11049,100.0
11050,100.0
11051,100.0
11052,100.0
11053,100.0
11054,100.0
11055,100.0
11056,100.0
11057,100.0
11058,100.0
11059,100.0
11060,100.0
11061,100.0
11062,100.0
11063,100.0
11064,100.0
11065,100.0
11066,100.0
11067,100.0
11068,100.0
11069,100.0
11070,100.0
11071,100.0
11072,100.0
11073,100.0
11074,100.0
11075,100.0
11076,100.0
11077,100.0
11078,100.0
11079,100.0
11080,100.0
11081,100.0
11082,100.0
11083,100.0
11084,100.0
11085,100.0
11086,100.0
11087,100.0
11088,100.0
11089,100.0
11090,100.0
11091,100.0
11092,100.0
11093,100.0
11094,100.0
11095,100.0
11096,100.0
11097,100.0
11098,100.0
11099,100.0
11100,100.0
11101,100.0
11102,100.0
11103,100.0
11104,100.0
11105,100.0
11106,100.0
11107,100.0
11108,100.0
11109,100.0
11110,100.0
11111,100.0
11112,100.0
11113,100.0
11114,100.0
11115,100.0
11116,100.0
11117,100.0
11118,100.0
11119,100.0
11120,100.0
11121,100.0
11122,100.0
11123,100.0
11124,100.0
11125,100.0
11126,100.0
11127,100.0
11128,100.0
11129,100.0
11130,100.0
11131,100.0
11132,100.0
11133,100.0
11134,100.0
11135,100.0
11136,100.0
11137,100.0
11138,100.0
11139,100.0
11140,100.0
11141,100.0
11142,100.0
11143,100.0
11144,100.0
11145,100.0
11146,100.0
11147,100.0
11148,100.0
11149,100.0
11150,100.0
11151,100.0
11152,100.0
11153,100.0
11154,100.0
11155,100.0
11156,100.0
11157,100.0
11158,100.0
11159,100.0
11160,100.0
11161,100.0
11162,100.0
11163,100.0
11164,100.0
11165,100.0
11166,100.0
11167,100.0
11168,100.0
11169,100.0
11170,100.0
11171,100.0
11172,100.0
11173,100.0
11174,100.0
11175,100.0
11176,100.0
11177,100.0
11178,100.0
11179,100.0
11180,100.0
11181,100.0
11182,100.0
11183,100.0
11184,100.0
11185,100.0
11186,100.0
11187,100.0
11188,100.0
11189,100.0
11190,100.0
11191,100.0
11192,100.0
11193,100.0
11194,100.0
11195,100.0
11196,100.0
11197,100.0
11198,100.0
11199,100.0
11200,100.0
11201,100.0
11202,100.0
11203,100.0
11204,100.0
11205,100.0
11206,100.0
11207,100.0
11208,100.0
11209,100.0
11210,100.0
11211,100.0
11212,100.0
11213,100.0
11214,100.0
11215,100.0
11216,100.0
11217,100.0
11218,100.0
11219,100.0
11220,100.0
11221,100.0
11222,100.0
11223,100.0
11224,100.0
11225,100.0
11226,100.0
11227,100.0
11228,100.0
11229,100.0
11230,100.0
11231,100.0
11232,100.0
11233,100.0
11234,100.0
11235,100.0
11236,100.0
11237,100.0
11238,100.0
11239,100.0
11240,100.0
11241,100.0
11242,100.0
11243,100.0
11244,100.0
11245,100.0
11246,100.0
11247,100.0
11248,100.0
11249,100.0
11250,100.0
11251,100.0
11252,100.0
11253,100.0
11254,100.0
11255,100.0
11256,100.0
11257,100.0
11258,100.0
11259,100.0
11260,100.0
11261,100.0
11262,100.0
11263,100.0
11264,100.0
11265,100.0
11266,100.0
11267,100.0
11268,100.0
11269,100.0
11270,100.0
11271,100.0
11272,100.0
11273,100.0
11274,100.0
11275,100.0
11276,100.0
11277,100.0
11278,100.0
11279,100.0
11280,100.0
11281,100.0
11282,100.0
11283,100.0
11284,100.0
11285,100.0
11286,100.0
11287,100.0
11288,100.0
11289,100.0
11290,100.0
11291,100.0
11292,100.0
11293,100.0
11294,100.0
11295,100.0
11296,100.0
11297,100.0
11298,100.0
11299,100.0
11300,100.0
11301,100.0
11302,100.0
11303,100.0
11304,100.0
11305,100.0
11306,100.0
11307,100.0
11308,100.0
11309,100.0
11310,100.0
11311,100.0
11312,100.0
11313,100.0
11314,100.0
11315,100.0
11316,100.0
11317,100.0
11318,100.0
11319,100.0
11320,100.0
11321,100.0
11322,100.0
11323,100.0
11324,100.0
11325,100.0
11326,100.0
11327,100.0
11328,100.0
11329,100.0
11330,100.0
11331,100.0
11332,100.0
11333,100.0
11334,100.0
11335,100.0
11336,100.0
11337,100.0
11338,100.0
11339,100.0
11340,100.0
11341,100.0
11342,100.0
11343,100.0
11344,100.0
11345,100.0
11346,100.0
11347,100.0
11348,100.0
11349,100.0
11350,100.0
11351,100.0
11352,100.0
11353,100.0
11354,100.0
11355,100.0
11356,100.0
11357,100.0
11358,100.0
11359,100.0
11360,100.0
11361,100.0
11362,100.0
11363,100.0
11364,100.0
11365,100.0
11366,100.0
11367,100.0
11368,100.0
11369,100.0
11370,100.0
11371,100.0
11372,100.0
11373,100.0
11374,100.0
11375,100.0
11376,100.0
11377,100.0
11378,100.0
11379,100.0
11380,100.0
11381,100.0
11382,100.0
11383,100.0
11384,100.0
11385,100.0
11386,100.0
11387,100.0
11388,100.0
11389,100.0
11390,100.0
11391,100.0
11392,100.0
11393,100.0
11394,100.0
11395,100.0
11396,100.0
11397,100.0
11398,100.0
11399,100.0
11400,100.0
11401,100.0
11402,100.0
11403,100.0
11404,100.0
11405,100.0
11406,100.0
11407,100.0
11408,100.0
11409,100.0
11410,100.0
11411,100.0
11412,100.0
11413,100.0
11414,100.0
11415,100.0
11416,100.0
11417,100.0
11418,100.0
11419,100.0
11420,100.0
11421,100.0
11422,100.0
11423,100.0
11424,100.0
11425,100.0
11426,100.0
11427,100.0
11428,100.0
11429,100.0
11430,100.0
11431,100.0
11432,100.0
11433,100.0
11434,100.0
11435,100.0
11436,100.0
11437,100.0
11438,100.0
11439,100.0
11440,100.0
11441,100.0
11442,100.0
11443,100.0
11444,100.0
11445,100.0
11446,100.0
11447,100.0
11448,100.0
11449,100.0
11450,100.0
11451,100.0
11452,100.0
11453,100.0
11454,100.0
11455,100.0
11456,100.0
11457,100.0
11458,100.0
11459,100.0
11460,100.0
11461,100.0
11462,100.0
11463,100.0
11464,100.0
11465,100.0
11466,100.0
11467,100.0
11468,100.0
11469,100.0
11470,100.0
11471,100.0
11472,100.0
11473,100.0
11474,100.0
11475,100.0
11476,100.0
11477,100.0
11478,100.0
11479,100.0
11480,100.0
11481,100.0
11482,100.0
11483,100.0
11484,100.0
11485,100.0
11486,100.0
11487,100.0
11488,100.0
11489,100.0
11490,100.0
11491,100.0
11492,100.0
11493,100.0
11494,100.0
11495,100.0
11496,100.0
11497,100.0
11498,100.0
11499,100.0
11500,100.0
11501,100.0
11502,100.0
11503,100.0
11504,100.0
11505,100.0
11506,100.0
11507,100.0
11508,100.0
11509,100.0
11510,100.0
11511,100.0
11512,100.0
11513,100.0
11514,100.0
11515,100.0
11516,100.0
11517,100.0
11518,100.0
11519,100.0
11520,100.0
11521,100.0
11522,100.0
11523,100.0
11524,100.0
11525,100.0
11526,100.0
11527,100.0
11528,100.0
11529,100.0
11530,100.0
11531,100.0
11532,100.0
11533,100.0
11534,100.0
11535,100.0
11536,100.0
11537,100.0
11538,100.0
11539,100.0
11540,100.0
11541,100.0
11542,100.0
11543,100.0
11544,100.0
11545,100.0
11546,100.0
11547,100.0
11548,100.0
11549,100.0
11550,100.0
11551,100.0
11552,100.0
11553,100.0
11554,100.0
11555,100.0
11556,100.0
11557,100.0
11558,100.0
11559,100.0
11560,100.0
11561,100.0
11562,100.0
11563,100.0
11564,100.0
11565,100.0
11566,100.0
11567,100.0
11568,100.0
11569,100.0
11570,100.0
11571,100.0
11572,100.0
11573,100.0
11574,100.0
11575,100.0
11576,100.0
11577,100.0
11578,100.0
11579,100.0
11580,100.0
11581,100.0
11582,100.0
11583,100.0
11584,100.0
11585,100.0
11586,100.0
11587,100.0
11588,100.0
11589,100.0
11590,100.0
11591,100.0
11592,100.0
11593,100.0
11594,100.0
11595,100.0
11596,100.0
11597,100.0
11598,100.0
11599,100.0
11600,100.0
11601,100.0
11602,100.0
11603,100.0
11604,100.0
11605,100.0
11606,100.0
11607,100.0
11608,100.0
11609,100.0
11610,100.0
11611,100.0
11612,100.0
11613,100.0
11614,100.0
11615,100.0
11616,100.0
11617,100.0
11618,100.0
11619,100.0
11620,100.0
11621,100.0
11622,100.0
11623,100.0
11624,100.0
11625,100.0
11626,100.0
11627,100.0
11628,100.0
11629,100.0
11630,100.0
11631,100.0
11632,100.0
11633,100.0
11634,100.0
11635,100.0
11636,100.0
11637,100.0
11638,100.0
11639,100.0
11640,100.0
11641,100.0
11642,100.0
11643,100.0
11644,100.0
11645,100.0
11646,100.0
11647,100.0
11648,100.0
11649,100.0
11650,100.0
11651,100.0
11652,100.0
11653,100.0
11654,100.0
11655,100.0
11656,100.0
11657,100.0
11658,100.0
11659,100.0
11660,100.0
11661,100.0
11662,100.0
11663,100.0
11664,100.0
11665,100.0
11666,100.0
11667,100.0
11668,100.0
11669,100.0
11670,100.0
11671,100.0
11672,100.0
11673,100.0
11674,100.0
11675,100.0
11676,100.0
11677,100.0
11678,100.0
11679,100.0
11680,100.0
11681,100.0
11682,100.0
11683,100.0
11684,100.0
11685,100.0
11686,100.0
11687,100.0
11688,100.0
11689,100.0
11690,100.0
11691,100.0
11692,100.0
11693,100.0
11694,100.0
11695,100.0
11696,100.0
11697,100.0
11698,100.0
11699,100.0
11700,100.0
11701,100.0
11702,100.0
11703,100.0
11704,100.0
11705,100.0
11706,100.0
11707,100.0
11708,100.0
11709,100.0
11710,100.0
11711,100.0
11712,100.0
11713,100.0
11714,100.0
11715,100.0
11716,100.0
11717,100.0
11718,100.0
11719,100.0
11720,100.0
11721,100.0
11722,100.0
11723,100.0
11724,100.0
11725,100.0
11726,100.0
11727,100.0
11728,100.0
11729,100.0
11730,100.0
11731,100.0
11732,100.0
11733,100.0
11734,100.0
11735,100.0
11736,100.0
11737,100.0
11738,100.0
11739,100.0
11740,100.0
11741,100.0
11742,100.0
11743,100.0
11744,100.0
11745,100.0
11746,100.0
11747,100.0
11748,100.0
11749,100.0
11750,100.0
11751,100.0
11752,100.0
11753,100.0
11754,100.0
11755,100.0
11756,100.0
11757,100.0
11758,100.0
11759,100.0
11760,100.0
11761,100.0
11762,100.0
11763,100.0
11764,100.0
11765,100.0
11766,100.0
11767,100.0
11768,100.0
11769,100.0
11770,100.0
11771,100.0
11772,100.0
11773,100.0
11774,100.0
11775,100.0
11776,100.0
11777,100.0
11778,100.0
11779,100.0
11780,100.0
11781,100.0
11782,100.0
11783,100.0
11784,100.0
11785,100.0
11786,100.0
11787,100.0
11788,100.0
11789,100.0
11790,100.0
11791,100.0
11792,100.0
11793,100.0
11794,100.0
11795,100.0
11796,100.0
11797,100.0
11798,100.0
11799,100.0
11800,100.0
11801,100.0
11802,100.0
11803,100.0
11804,100.0
11805,100.0
11806,100.0
11807,100.0
11808,100.0
11809,100.0
11810,100.0
11811,100.0
11812,100.0
11813,100.0
11814,100.0
11815,100.0
11816,100.0
11817,100.0
11818,100.0
11819,100.0
11820,100.0
11821,100.0
11822,100.0
11823,100.0
11824,100.0
11825,100.0
11826,100.0
11827,100.0
11828,100.0
11829,100.0
11830,100.0
11831,100.0
11832,100.0
11833,100.0
11834,100.0
11835,100.0
11836,100.0
11837,100.0
11838,100.0
11839,100.0
11840,100.0
11841,100.0
11842,100.0
11843,100.0
11844,100.0
11845,100.0
11846,100.0
11847,100.0
11848,100.0
11849,100.0
11850,100.0
11851,100.0
11852,100.0
11853,100.0
11854,100.0
11855,100.0
11856,100.0
11857,100.0
11858,100.0
11859,100.0
11860,100.0
11861,100.0
11862,100.0
11863,100.0
11864,100.0
11865,100.0
11866,100.0
11867,100.0
11868,100.0
11869,100.0
11870,100.0
11871,100.0
11872,100.0
11873,100.0
11874,100.0
11875,100.0
11876,100.0
11877,100.0
11878,100.0
11879,100.0
11880,100.0
11881,100.0
11882,100.0
11883,100.0
11884,100.0
11885,100.0
11886,100.0
11887,100.0
11888,100.0
11889,100.0
11890,100.0
11891,100.0
11892,100.0
11893,100.0
11894,100.0
11895,100.0
11896,100.0
11897,100.0
11898,100.0
11899,100.0
11900,100.0
11901,100.0
11902,100.0
11903,100.0
11904,100.0
11905,100.0
11906,100.0
11907,100.0
11908,100.0
11909,100.0
11910,100.0
11911,100.0
11912,100.0
11913,100.0
11914,100.0
11915,100.0
11916,100.0
11917,100.0
11918,100.0
11919,100.0
11920,100.0
11921,100.0
11922,100.0
11923,100.0
11924,100.0
11925,100.0
11926,100.0
11927,100.0
11928,100.0
11929,100.0
11930,100.0
11931,100.0
11932,100.0
11933,100.0
11934,100.0
11935,100.0
11936,100.0
11937,100.0
11938,100.0
11939,100.0
11940,100.0
11941,100.0
11942,100.0
11943,100.0
11944,100.0
11945,100.0
11946,100.0
11947,100.0
11948,100.0
11949,100.0
11950,100.0
11951,100.0
11952,100.0
11953,100.0
11954,100.0
11955,100.0
11956,100.0
11957,100.0
11958,100.0
11959,100.0
11960,100.0
11961,100.0
11962,100.0
11963,100.0
11964,100.0
11965,100.0
11966,100.0
11967,100.0
11968,100.0
11969,100.0
11970,100.0
11971,100.0
11972,100.0
11973,100.0
11974,100.0
11975,100.0
11976,100.0
11977,100.0
11978,100.0
11979,100.0
11980,100.0
11981,100.0
11982,100.0
11983,100.0
11984,100.0
11985,100.0
11986,100.0
11987,100.0
11988,100.0
11989,100.0
11990,100.0
11991,100.0
11992,100.0
11993,100.0
11994,100.0
11995,100.0
11996,100.0
11997,100.0
11998,100.0
11999,100.0
12000,100.0
12001,100.0
12002,100.0
12003,100.0
12004,100.0
12005,100.0
12006,100.0
12007,100.0
12008,100.0
12009,100.0
12010,100.0
12011,100.0
12012,100.0
12013,100.0
12014,100.0
12015,100.0
12016,100.0
12017,100.0
12018,100.0
12019,100.0
12020,100.0
12021,100.0
12022,100.0
12023,100.0
12024,100.0
12025,100.0
12026,100.0
12027,100.0
12028,100.0
12029,100.0
12030,100.0
12031,100.0
12032,100.0
12033,100.0
12034,100.0
12035,100.0
12036,100.0
12037,100.0
12038,100.0
12039,100.0
12040,100.0
12041,100.0
12042,100.0
12043,100.0
12044,100.0
12045,100.0
12046,100.0
12047,100.0
12048,100.0
12049,100.0
12050,100.0
12051,100.0
12052,100.0
12053,100.0
12054,100.0
12055,100.0
12056,100.0
12057,100.0
12058,100.0
12059,100.0
12060,100.0
12061,100.0
12062,100.0
12063,100.0
12064,100.0
12065,100.0
12066,100.0
12067,100.0
12068,100.0
12069,100.0
12070,100.0
12071,100.0
12072,100.0
12073,100.0
12074,100.0
12075,100.0
12076,100.0
12077,100.0
12078,100.0
12079,100.0
12080,100.0
12081,100.0
12082,100.0
12083,100.0
12084,100.0
12085,100.0
12086,100.0
12087,100.0
12088,100.0
12089,100.0
12090,100.0
12091,100.0
12092,100.0
12093,100.0
12094,100.0
12095,100.0
12096,100.0
12097,100.0
12098,100.0
12099,100.0
12100,100.0
12101,100.0
12102,100.0
12103,100.0
12104,100.0
12105,100.0
12106,100.0
12107,100.0
12108,100.0
12109,100.0
12110,100.0
12111,100.0
12112,100.0
12113,100.0
12114,100.0
12115,100.0
12116,100.0
12117,100.0
12118,100.0
12119,100.0
12120,100.0
12121,100.0
12122,100.0
12123,100.0
12124,100.0
12125,100.0
12126,100.0
12127,100.0
12128,100.0
12129,100.0
12130,100.0
12131,100.0
12132,100.0
12133,100.0
12134,100.0
12135,100.0
12136,100.0
12137,100.0
12138,100.0
12139,100.0
12140,100.0
12141,100.0
12142,100.0
12143,100.0
12144,100.0
12145,100.0
12146,100.0
12147,100.0
12148,100.0
12149,100.0
12150,100.0
12151,100.0
12152,100.0
12153,100.0
12154,100.0
12155,100.0
12156,100.0
12157,100.0
12158,100.0
12159,100.0
12160,100.0
12161,100.0
12162,100.0
12163,100.0
12164,100.0
12165,100.0
12166,100.0
12167,100.0
12168,100.0
12169,100.0
12170,100.0
12171,100.0
12172,100.0
12173,100.0
12174,100.0
12175,100.0
12176,100.0
12177,100.0
12178,100.0
12179,100.0
12180,100.0
12181,100.0
12182,100.0
12183,100.0
12184,100.0
12185,100.0
12186,100.0
12187,100.0
12188,100.0
12189,100.0
12190,100.0
12191,100.0
12192,100.0
12193,100.0
12194,100.0
12195,100.0
12196,100.0
12197,100.0
12198,100.0
12199,100.0
12200,100.0
12201,100.0
12202,100.0
12203,100.0
12204,100.0
12205,100.0
12206,100.0
12207,100.0
12208,100.0
12209,100.0
12210,100.0
12211,100.0
12212,100.0
12213,100.0
12214,100.0
12215,100.0
12216,100.0
12217,100.0
12218,100.0
12219,100.0
12220,100.0
12221,100.0
12222,100.0
12223,100.0
12224,100.0
12225,100.0
12226,100.0
12227,100.0
12228,100.0
12229,100.0
12230,100.0
12231,100.0
12232,100.0
12233,100.0
12234,100.0
12235,100.0
12236,100.0
12237,100.0
12238,100.0
12239,100.0
12240,100.0
12241,100.0
12242,100.0
12243,100.0
12244,100.0
12245,100.0
12246,100.0
12247,100.0
12248,100.0
12249,100.0
12250,100.0
12251,100.0
12252,100.0
12253,100.0
12254,100.0
12255,100.0
12256,100.0
12257,100.0
12258,100.0
12259,100.0
12260,100.0
12261,100.0
12262,100.0
12263,100.0
12264,100.0
12265,100.0
12266,100.0
12267,100.0
12268,100.0
12269,100.0
12270,100.0
12271,100.0
12272,100.0
12273,100.0
12274,100.0
12275,100.0
12276,100.0
12277,100.0
12278,100.0
12279,100.0
12280,100.0
12281,100.0
12282,100.0
12283,100.0
12284,100.0
12285,100.0
12286,100.0
12287,100.0
12288,100.0
12289,100.0
12290,100.0
12291,100.0
12292,100.0
12293,100.0
12294,100.0
12295,100.0
12296,100.0
12297,100.0
12298,100.0
12299,100.0
12300,100.0
12301,100.0
12302,100.0
12303,100.0
12304,100.0
12305,100.0
12306,100.0
12307,100.0
12308,100.0
12309,100.0
12310,100.0
12311,100.0
12312,100.0
12313,100.0
12314,100.0
12315,100.0
12316,100.0
12317,100.0
12318,100.0
12319,100.0
12320,100.0
12321,100.0
12322,100.0
12323,100.0
12324,100.0
12325,100.0
12326,100.0
12327,100.0
12328,100.0
12329,100.0
12330,100.0
12331,100.0
12332,100.0
12333,100.0
12334,100.0
12335,100.0
12336,100.0
12337,100.0
12338,100.0
12339,100.0
12340,100.0
12341,100.0
12342,100.0
12343,100.0
12344,100.0
12345,100.0
12346,100.0
12347,100.0
12348,100.0
12349,100.0
12350,100.0
12351,100.0
12352,100.0
12353,100.0
12354,100.0
12355,100.0
12356,100.0
12357,100.0
12358,100.0
12359,100.0
12360,100.0
12361,100.0
12362,100.0
12363,100.0
12364,100.0
12365,100.0
12366,100.0
12367,100.0
12368,100.0
12369,100.0
12370,100.0
12371,100.0
12372,100.0
12373,100.0
12374,100.0
12375,100.0
12376,100.0
12377,100.0
12378,100.0
12379,100.0
12380,100.0
12381,100.0
12382,100.0
12383,100.0
12384,100.0
12385,100.0
12386,100.0
12387,100.0
12388,100.0
12389,100.0
12390,100.0
12391,100.0
12392,100.0
12393,100.0
12394,100.0
12395,100.0
12396,100.0
12397,100.0
12398,100.0
12399,100.0
12400,100.0
12401,100.0
12402,100.0
12403,100.0
12404,100.0
12405,100.0
12406,100.0
12407,100.0
12408,100.0
12409,100.0
12410,100.0
12411,100.0
12412,100.0
12413,100.0
12414,100.0
12415,100.0
12416,100.0
12417,100.0
12418,100.0
12419,100.0
12420,100.0
12421,100.0
12422,100.0
12423,100.0
12424,100.0
12425,100.0
12426,100.0
12427,100.0
12428,100.0
12429,100.0
12430,100.0
12431,100.0
12432,100.0
12433,100.0
12434,100.0
12435,100.0
12436,100.0
12437,100.0
12438,100.0
12439,100.0
12440,100.0
12441,100.0
12442,100.0
12443,100.0
12444,100.0
12445,100.0
12446,100.0
12447,100.0
12448,100.0
12449,100.0
12450,100.0
12451,100.0
12452,100.0
12453,100.0
12454,100.0
12455,100.0
12456,100.0
12457,100.0
12458,100.0
12459,100.0
12460,100.0
12461,100.0
12462,100.0
12463,100.0
12464,100.0
12465,100.0
12466,100.0
12467,100.0
12468,100.0
12469,100.0
12470,100.0
12471,100.0
12472,100.0
12473,100.0
12474,100.0
12475,100.0
12476,100.0
12477,100.0
12478,100.0
12479,100.0
12480,100.0
12481,100.0
12482,100.0
12483,100.0
12484,100.0
12485,100.0
12486,100.0
12487,100.0
12488,100.0
12489,100.0
12490,100.0
12491,100.0
12492,100.0
12493,100.0
12494,100.0
12495,100.0
12496,100.0
12497,100.0
12498,100.0
12499,100.0
12500,100.0
12501,100.0
12502,100.0
12503,100.0
12504,100.0
12505,100.0
12506,100.0
12507,100.0
12508,100.0
12509,100.0
12510,100.0
12511,100.0
12512,100.0
12513,100.0
12514,100.0
12515,100.0
12516,100.0
12517,100.0
12518,100.0
12519,100.0
12520,100.0
12521,100.0
12522,100.0
12523,100.0
12524,100.0
12525,100.0
12526,100.0
12527,100.0
12528,100.0
12529,100.0
12530,100.0
12531,100.0
12532,100.0
12533,100.0
12534,100.0
12535,100.0
12536,100.0
12537,100.0
12538,100.0
12539,100.0
12540,100.0
12541,100.0
12542,100.0
12543,100.0
12544,100.0
12545,100.0
12546,100.0
12547,100.0
12548,100.0
12549,100.0
12550,100.0
12551,100.0
12552,100.0
12553,100.0
12554,100.0
12555,100.0
12556,100.0
12557,100.0
12558,100.0
12559,100.0
12560,100.0
12561,100.0
12562,100.0
12563,100.0
12564,100.0
12565,100.0
12566,100.0
12567,100.0
12568,100.0
12569,100.0
12570,100.0
12571,100.0
12572,100.0
12573,100.0
12574,100.0
12575,100.0
12576,100.0
12577,100.0
12578,100.0
12579,100.0
12580,100.0
12581,100.0
12582,100.0
12583,100.0
12584,100.0
12585,100.0
12586,100.0
12587,100.0
12588,100.0
12589,100.0
12590,100.0
12591,100.0
12592,100.0
12593,100.0
12594,100.0
12595,100.0
12596,100.0
12597,100.0
12598,100.0
12599,100.0
12600,100.0
12601,100.0
12602,100.0
12603,100.0
12604,100.0
12605,100.0
12606,100.0
12607,100.0
12608,100.0
12609,100.0
12610,100.0
12611,100.0
12612,100.0
12613,100.0
12614,100.0
12615,100.0
12616,100.0
12617,100.0
12618,100.0
12619,100.0
12620,100.0
12621,100.0
12622,100.0
12623,100.0
12624,100.0
12625,100.0
12626,100.0
12627,100.0
12628,100.0
12629,100.0
12630,100.0
12631,100.0
12632,100.0
12633,100.0
12634,100.0
12635,100.0
12636,100.0
12637,100.0
12638,100.0
12639,100.0
12640,100.0
12641,100.0
12642,100.0
12643,100.0
12644,100.0
12645,100.0
12646,100.0
12647,100.0
12648,100.0
12649,100.0
12650,100.0
12651,100.0
12652,100.0
12653,100.0
12654,100.0
12655,100.0
12656,100.0
12657,100.0
12658,100.0
12659,100.0
12660,100.0
12661,100.0
12662,100.0
12663,100.0
12664,100.0
12665,100.0
12666,100.0
12667,100.0
12668,100.0
12669,100.0
12670,100.0
12671,100.0
12672,100.0
12673,100.0
12674,100.0
12675,100.0
12676,100.0
12677,100.0
12678,100.0
12679,100.0
12680,100.0
12681,100.0
12682,100.0
12683,100.0
12684,100.0
12685,100.0
12686,100.0
12687,100.0
12688,100.0
12689,100.0
12690,100.0
12691,100.0
12692,100.0
12693,100.0
12694,100.0
12695,100.0
12696,100.0
12697,100.0
12698,100.0
12699,100.0
12700,100.0
12701,100.0
12702,100.0
12703,100.0
12704,100.0
12705,100.0
12706,100.0
12707,100.0
12708,100.0
12709,100.0
12710,100.0
12711,100.0
12712,100.0
12713,100.0
12714,100.0
12715,100.0
12716,100.0
12717,100.0
12718,100.0
12719,100.0
12720,100.0
12721,100.0
12722,100.0
12723,100.0
12724,100.0
12725,100.0
12726,100.0
12727,100.0
12728,100.0
12729,100.0
12730,100.0
12731,100.0
12732,100.0
12733,100.0
12734,100.0
12735,100.0
12736,100.0
12737,100.0
12738,100.0
12739,100.0
12740,100.0
12741,100.0
12742,100.0
12743,100.0
12744,100.0
12745,100.0
12746,100.0
12747,100.0
12748,100.0
12749,100.0
12750,100.0
12751,100.0
12752,100.0
12753,100.0
12754,100.0
12755,100.0
12756,100.0
12757,100.0
12758,100.0
12759,100.0
12760,100.0
12761,100.0
12762,100.0
12763,100.0
12764,100.0
12765,100.0
12766,100.0
12767,100.0
12768,100.0
12769,100.0
12770,100.0
12771,100.0
12772,100.0
12773,100.0
12774,100.0
12775,100.0
12776,100.0
12777,100.0
12778,100.0
12779,100.0
12780,100.0
12781,100.0
12782,100.0
12783,100.0
12784,100.0
12785,100.0
12786,100.0
12787,100.0
12788,100.0
12789,100.0
12790,100.0
12791,100.0
12792,100.0
12793,100.0
12794,100.0
12795,100.0
12796,100.0
12797,100.0
12798,100.0
12799,100.0
12800,100.0
12801,100.0
12802,100.0
12803,100.0
12804,100.0
12805,100.0
12806,100.0
12807,100.0
12808,100.0
12809,100.0
12810,100.0
12811,100.0
12812,100.0
12813,100.0
12814,100.0
12815,100.0
12816,100.0
12817,100.0
12818,100.0
12819,100.0
12820,100.0
12821,100.0
12822,100.0
12823,100.0
12824,100.0
12825,100.0
12826,100.0
12827,100.0
12828,100.0
12829,100.0
12830,100.0
12831,100.0
12832,100.0
12833,100.0
12834,100.0
12835,100.0
12836,100.0
12837,100.0
12838,100.0
12839,100.0
12840,100.0
12841,100.0
12842,100.0
12843,100.0
12844,100.0
12845,100.0
12846,100.0
12847,100.0
12848,100.0
12849,100.0
12850,100.0
12851,100.0
12852,100.0
12853,100.0
12854,100.0
12855,100.0
12856,100.0
12857,100.0
12858,100.0
12859,100.0
12860,100.0
12861,100.0
12862,100.0
12863,100.0
12864,100.0
12865,100.0
12866,100.0
12867,100.0
12868,100.0
12869,100.0
12870,100.0
12871,100.0
12872,100.0
12873,100.0
12874,100.0
12875,100.0
12876,100.0
12877,100.0
12878,100.0
12879,100.0
12880,100.0
12881,100.0
12882,100.0
12883,100.0
12884,100.0
12885,100.0
12886,100.0
12887,100.0
12888,100.0
12889,100.0
12890,100.0
12891,100.0
12892,100.0
12893,100.0
12894,100.0
12895,100.0
12896,100.0
12897,100.0
12898,100.0
12899,100.0
12900,100.0
12901,100.0
12902,100.0
12903,100.0
12904,100.0
12905,100.0
12906,100.0
12907,100.0
12908,100.0
12909,100.0
12910,100.0
12911,100.0
12912,100.0
12913,100.0
12914,100.0
12915,100.0
12916,100.0
12917,100.0
12918,100.0
12919,100.0
12920,100.0
12921,100.0
12922,100.0
12923,100.0
12924,100.0
12925,100.0
12926,100.0
12927,100.0
12928,100.0
12929,100.0
12930,100.0
12931,100.0
12932,100.0
12933,100.0
12934,100.0
12935,100.0
12936,100.0
12937,100.0
12938,100.0
12939,100.0
12940,100.0
12941,100.0
12942,100.0
12943,100.0
12944,100.0
12945,100.0
12946,100.0
12947,100.0
12948,100.0
12949,100.0
12950,100.0
12951,100.0
12952,100.0
12953,100.0
12954,100.0
12955,100.0
12956,100.0
12957,100.0
12958,100.0
12959,100.0
12960,100.0
12961,100.0
12962,100.0
12963,100.0
12964,100.0
12965,100.0
12966,100.0
12967,100.0
12968,100.0
12969,100.0
12970,100.0
12971,100.0
12972,100.0
12973,100.0
12974,100.0
12975,100.0
12976,100.0
12977,100.0
12978,100.0
12979,100.0
12980,100.0
12981,100.0
12982,100.0
12983,100.0
12984,100.0
12985,100.0
12986,100.0
12987,100.0
12988,100.0
12989,100.0
12990,100.0
12991,100.0
12992,100.0
12993,100.0
12994,100.0
12995,100.0
12996,100.0
12997,100.0
12998,100.0
12999,100.0
13000,100.0
13001,100.0
13002,100.0
13003,100.0
13004,100.0
13005,100.0
13006,100.0
13007,100.0
13008,100.0
13009,100.0
13010,100.0
13011,100.0
13012,100.0
13013,100.0
13014,100.0
13015,100.0
13016,100.0
13017,100.0
13018,100.0
13019,100.0
13020,100.0
13021,100.0
13022,100.0
13023,100.0
13024,100.0
13025,100.0
13026,100.0
13027,100.0
13028,100.0
13029,100.0
13030,100.0
13031,100.0
13032,100.0
13033,100.0
13034,100.0
13035,100.0
13036,100.0
13037,100.0
13038,100.0
13039,100.0
13040,100.0
13041,100.0
13042,100.0
13043,100.0
13044,100.0
13045,100.0
13046,100.0
13047,100.0
13048,100.0
13049,100.0
13050,100.0
13051,100.0
13052,100.0
13053,100.0
13054,100.0
13055,100.0
13056,100.0
13057,100.0
13058,100.0
13059,100.0
13060,100.0
13061,100.0
13062,100.0
13063,100.0
13064,100.0
13065,100.0
13066,100.0
13067,100.0
13068,100.0
13069,100.0
13070,100.0
13071,100.0
13072,100.0
13073,100.0
13074,100.0
13075,100.0
13076,100.0
13077,100.0
13078,100.0
13079,100.0
13080,100.0
13081,100.0
13082,100.0
13083,100.0
13084,100.0
13085,100.0
13086,100.0
13087,100.0
13088,100.0
13089,100.0
13090,100.0
13091,100.0
13092,100.0
13093,100.0
13094,100.0
13095,100.0
13096,100.0
13097,100.0
13098,100.0
13099,100.0
13100,100.0
13101,100.0
13102,100.0
13103,100.0
13104,100.0
13105,100.0
13106,100.0
13107,100.0
13108,100.0
13109,100.0
13110,100.0
13111,100.0
13112,100.0
13113,100.0
13114,100.0
13115,100.0
13116,100.0
13117,100.0
13118,100.0
13119,100.0
13120,100.0
13121,100.0
13122,100.0
13123,100.0
13124,100.0
13125,100.0
13126,100.0
13127,100.0
13128,100.0
13129,100.0
13130,100.0
13131,100.0
13132,100.0
13133,100.0
13134,100.0
13135,100.0
13136,100.0
13137,100.0
13138,100.0
13139,100.0
13140,100.0
13141,100.0
13142,100.0
13143,100.0
13144,100.0
13145,100.0
13146,100.0
13147,100.0
13148,100.0
13149,100.0
13150,100.0
13151,100.0
13152,100.0
13153,100.0
13154,100.0
13155,100.0
13156,100.0
13157,100.0
13158,100.0
13159,100.0
13160,100.0
13161,100.0
13162,100.0
13163,100.0
13164,100.0
13165,100.0
13166,100.0
13167,100.0
13168,100.0
13169,100.0
13170,100.0
13171,100.0
13172,100.0
13173,100.0
13174,100.0
13175,100.0
13176,100.0
13177,100.0
13178,100.0
13179,100.0
13180,100.0
13181,100.0
13182,100.0
13183,100.0
13184,100.0
13185,100.0
13186,100.0
13187,100.0
13188,100.0
13189,100.0
13190,100.0
13191,100.0
13192,100.0
13193,100.0
13194,100.0
13195,100.0
13196,100.0
13197,100.0
13198,100.0
13199,100.0
13200,100.0
13201,100.0
13202,100.0
13203,100.0
13204,100.0
13205,100.0
13206,100.0
13207,100.0
13208,100.0
13209,100.0
13210,100.0
13211,100.0
13212,100.0
13213,100.0
13214,100.0
13215,100.0
13216,100.0
13217,100.0
13218,100.0
13219,100.0
13220,100.0
13221,100.0
13222,100.0
13223,100.0
13224,100.0
13225,100.0
13226,100.0
13227,100.0
13228,100.0
13229,100.0
13230,100.0
13231,100.0
13232,100.0
13233,100.0
13234,100.0
13235,100.0
13236,100.0
13237,100.0
13238,100.0
13239,100.0
13240,100.0
13241,100.0
13242,100.0
13243,100.0
13244,100.0
13245,100.0
13246,100.0
13247,100.0
13248,100.0
13249,100.0
13250,100.0
13251,100.0
13252,100.0
13253,100.0
13254,100.0
13255,100.0
13256,100.0
13257,100.0
13258,100.0
13259,100.0
13260,100.0
13261,100.0
13262,100.0
13263,100.0
13264,100.0
13265,100.0
13266,100.0
13267,100.0
13268,100.0
13269,100.0
13270,100.0
13271,100.0
13272,100.0
13273,100.0
13274,100.0
13275,100.0
13276,100.0
13277,100.0
13278,100.0
13279,100.0
13280,100.0
13281,100.0
13282,100.0
13283,100.0
13284,100.0
13285,100.0
13286,100.0
13287,100.0
13288,100.0
13289,100.0
13290,100.0
13291,100.0
13292,100.0
13293,100.0
13294,100.0
13295,100.0
13296,100.0
13297,100.0
13298,100.0
13299,100.0
13300,100.0
13301,100.0
13302,100.0
13303,100.0
13304,100.0
13305,100.0
13306,100.0
13307,100.0
13308,100.0
13309,100.0
13310,100.0
13311,100.0
13312,100.0
13313,100.0
13314,100.0
13315,100.0
13316,100.0
13317,100.0
13318,100.0
13319,100.0
13320,100.0
13321,100.0
13322,100.0
13323,100.0
13324,100.0
13325,100.0
13326,100.0
13327,100.0
13328,100.0
13329,100.0
13330,100.0
13331,100.0
13332,100.0
13333,100.0
13334,100.0
13335,100.0
13336,100.0
13337,100.0
13338,100.0
13339,100.0
13340,100.0
13341,100.0
13342,100.0
13343,100.0
13344,100.0
13345,100.0
13346,100.0
13347,100.0
13348,100.0
13349,100.0
13350,100.0
13351,100.0
13352,100.0
13353,100.0
13354,100.0
13355,100.0
13356,100.0
13357,100.0
13358,100.0
13359,100.0
13360,100.0
13361,100.0
13362,100.0
13363,100.0
13364,100.0
13365,100.0
13366,100.0
13367,100.0
13368,100.0
13369,100.0
13370,100.0
13371,100.0
13372,100.0
13373,100.0
13374,100.0
13375,100.0
13376,100.0
13377,100.0
13378,100.0
13379,100.0
13380,100.0
13381,100.0
13382,100.0
13383,100.0
13384,100.0
13385,100.0
13386,100.0
13387,100.0
13388,100.0
13389,100.0
13390,100.0
13391,100.0
13392,100.0
13393,100.0
13394,100.0
13395,100.0
13396,100.0
13397,100.0
13398,100.0
13399,100.0
13400,100.0
13401,100.0
13402,100.0
13403,100.0
13404,100.0
13405,100.0
13406,100.0
13407,100.0
13408,100.0
13409,100.0
13410,100.0
13411,100.0
13412,100.0
13413,100.0
13414,100.0
13415,100.0
13416,100.0
13417,100.0
13418,100.0
13419,100.0
13420,100.0
13421,100.0
13422,100.0
13423,100.0
13424,100.0
13425,100.0
13426,100.0
13427,100.0
13428,100.0
13429,100.0
13430,100.0
13431,100.0
13432,100.0
13433,100.0
13434,100.0
13435,100.0
13436,100.0
13437,100.0
13438,100.0
13439,100.0
13440,100.0
13441,100.0
13442,100.0
13443,100.0
13444,100.0
13445,100.0
13446,100.0
13447,100.0
13448,100.0
13449,100.0
13450,100.0
13451,100.0
13452,100.0
13453,100.0
13454,100.0
13455,100.0
13456,100.0
13457,100.0
13458,100.0
13459,100.0
13460,100.0
13461,100.0
13462,100.0
13463,100.0
13464,100.0
13465,100.0
13466,100.0
13467,100.0
13468,100.0
13469,100.0
13470,100.0
13471,100.0
13472,100.0
13473,100.0
13474,100.0
13475,100.0
13476,100.0
13477,100.0
13478,100.0
13479,100.0
13480,100.0
13481,100.0
13482,100.0
13483,100.0
13484,100.0
13485,100.0
13486,100.0
13487,100.0
13488,100.0
13489,100.0
13490,100.0
13491,100.0
13492,100.0
13493,100.0
13494,100.0
13495,100.0
13496,100.0
13497,100.0
13498,100.0
13499,100.0
13500,100.0
13501,100.0
13502,100.0
13503,100.0
13504,100.0
13505,100.0
13506,100.0
13507,100.0
13508,100.0
13509,100.0
13510,100.0
13511,100.0
13512,100.0
13513,100.0
13514,100.0
13515,100.0
13516,100.0
13517,100.0
13518,100.0
13519,100.0
13520,100.0
13521,100.0
13522,100.0
13523,100.0
13524,100.0
13525,100.0
13526,100.0
13527,100.0
13528,100.0
13529,100.0
13530,100.0
13531,100.0
13532,100.0
13533,100.0
13534,100.0
13535,100.0
13536,100.0
13537,100.0
13538,100.0
13539,100.0
13540,100.0
13541,100.0
13542,100.0
13543,100.0
13544,100.0
13545,100.0
13546,100.0
13547,100.0
13548,100.0
13549,100.0
13550,100.0
13551,100.0
13552,100.0
13553,100.0
13554,100.0
13555,100.0
13556,100.0
13557,100.0
13558,100.0
13559,100.0
13560,100.0
13561,100.0
13562,100.0
13563,100.0
13564,100.0
13565,100.0
13566,100.0
13567,100.0
13568,100.0
13569,100.0
13570,100.0
13571,100.0
13572,100.0
13573,100.0
13574,100.0
13575,100.0
13576,100.0
13577,100.0
13578,100.0
13579,100.0
13580,100.0
13581,100.0
13582,100.0
13583,100.0
13584,100.0
13585,100.0
13586,100.0
13587,100.0
13588,100.0
13589,100.0
13590,100.0
13591,100.0
13592,100.0
13593,100.0
13594,100.0
13595,100.0
13596,100.0
13597,100.0
13598,100.0
13599,100.0
13600,100.0
13601,100.0
13602,100.0
13603,100.0
13604,100.0
13605,100.0
13606,100.0
13607,100.0
13608,100.0
13609,100.0
13610,100.0
13611,100.0
13612,100.0
13613,100.0
13614,100.0
13615,100.0
13616,100.0
13617,100.0
13618,100.0
13619,100.0
13620,100.0
13621,100.0
13622,100.0
13623,100.0
13624,100.0
13625,100.0
13626,100.0
13627,100.0
13628,100.0
13629,100.0
13630,100.0
13631,100.0
13632,100.0
13633,100.0
13634,100.0
13635,100.0
13636,100.0
13637,100.0
13638,100.0
13639,100.0
13640,100.0
13641,100.0
13642,100.0
13643,100.0
13644,100.0
13645,100.0
13646,100.0
13647,100.0
13648,100.0
13649,100.0
13650,100.0
13651,100.0
13652,100.0
13653,100.0
13654,100.0
13655,100.0
13656,100.0
13657,100.0
13658,100.0
13659,100.0
13660,100.0
13661,100.0
13662,100.0
13663,100.0
13664,100.0
13665,100.0
13666,100.0
13667,100.0
13668,100.0
13669,100.0
13670,100.0
13671,100.0
13672,100.0
13673,100.0
13674,100.0
13675,100.0
13676,100.0
13677,100.0
13678,100.0
13679,100.0
13680,100.0
13681,100.0
13682,100.0
13683,100.0
13684,100.0
13685,100.0
13686,100.0
13687,100.0
13688,100.0
13689,100.0
13690,100.0
13691,100.0
13692,100.0
13693,100.0
13694,100.0
13695,100.0
13696,100.0
13697,100.0
13698,100.0
13699,100.0
13700,100.0
13701,100.0
13702,100.0
13703,100.0
13704,100.0
13705,100.0
13706,100.0
13707,100.0
13708,100.0
13709,100.0
13710,100.0
13711,100.0
13712,100.0
13713,100.0
13714,100.0
13715,100.0
13716,100.0
13717,100.0
13718,100.0
13719,100.0
13720,100.0
13721,100.0
13722,100.0
13723,100.0
13724,100.0
13725,100.0
13726,100.0
13727,100.0
13728,100.0
13729,100.0
13730,100.0
13731,100.0
13732,100.0
13733,100.0
13734,100.0
13735,100.0
13736,100.0
13737,100.0
13738,100.0
13739,100.0
13740,100.0
13741,100.0
13742,100.0
13743,100.0
13744,100.0
13745,100.0
13746,100.0
13747,100.0
13748,100.0
13749,100.0
13750,100.0
13751,100.0
13752,100.0
13753,100.0
13754,100.0
13755,100.0
13756,100.0
13757,100.0
13758,100.0
13759,100.0
13760,100.0
13761,100.0
13762,100.0
13763,100.0
13764,100.0
13765,100.0
13766,100.0
13767,100.0
13768,100.0
13769,100.0
13770,100.0
13771,100.0
13772,100.0
13773,100.0
13774,100.0
13775,100.0
13776,100.0
13777,100.0
13778,100.0
13779,100.0
13780,100.0
13781,100.0
13782,100.0
13783,100.0
13784,100.0
13785,100.0
13786,100.0
13787,100.0
13788,100.0
13789,100.0
13790,100.0
13791,100.0
13792,100.0
13793,100.0
13794,100.0
13795,100.0
13796,100.0
13797,100.0
13798,100.0
13799,100.0
13800,100.0
13801,100.0
13802,100.0
13803,100.0
13804,100.0
13805,100.0
13806,100.0
13807,100.0
13808,100.0
13809,100.0
13810,100.0
13811,100.0
13812,100.0
13813,100.0
13814,100.0
13815,100.0
13816,100.0
13817,100.0
13818,100.0
13819,100.0
13820,100.0
13821,100.0
13822,100.0
13823,100.0
13824,100.0
13825,100.0
13826,100.0
13827,100.0
13828,100.0
13829,100.0
13830,100.0
13831,100.0
13832,100.0
13833,100.0
13834,100.0
13835,100.0
13836,100.0
13837,100.0
13838,100.0
13839,100.0
13840,100.0
13841,100.0
13842,100.0
13843,100.0
13844,100.0
13845,100.0
13846,100.0
13847,100.0
13848,100.0
13849,100.0
13850,100.0
13851,100.0
13852,100.0
13853,100.0
13854,100.0
13855,100.0
13856,100.0
13857,100.0
13858,100.0
13859,100.0
13860,100.0
13861,100.0
13862,100.0
13863,100.0
13864,100.0
13865,100.0
13866,100.0
13867,100.0
13868,100.0
13869,100.0
13870,100.0
13871,100.0
13872,100.0
13873,100.0
13874,100.0
13875,100.0
13876,100.0
13877,100.0
13878,100.0
13879,100.0
13880,100.0
13881,100.0
13882,100.0
13883,100.0
13884,100.0
13885,100.0
13886,100.0
13887,100.0
13888,100.0
13889,100.0
13890,100.0
13891,100.0
13892,100.0
13893,100.0
13894,100.0
13895,100.0
13896,100.0
13897,100.0
13898,100.0
13899,100.0
13900,100.0
13901,100.0
13902,100.0
13903,100.0
13904,100.0
13905,100.0
13906,100.0
13907,100.0
13908,100.0
13909,100.0
13910,100.0
13911,100.0
13912,100.0
13913,100.0
13914,100.0
13915,100.0
13916,100.0
13917,100.0
13918,100.0
13919,100.0
13920,100.0
13921,100.0
13922,100.0
13923,100.0
13924,100.0
13925,100.0
13926,100.0
13927,100.0
13928,100.0
13929,100.0
13930,100.0
13931,100.0
13932,100.0
13933,100.0
13934,100.0
13935,100.0
13936,100.0
13937,100.0
13938,100.0
13939,100.0
13940,100.0
13941,100.0
13942,100.0
13943,100.0
13944,100.0
13945,100.0
13946,100.0
13947,100.0
13948,100.0
13949,100.0
13950,100.0
13951,100.0
13952,100.0
13953,100.0
13954,100.0
13955,100.0
13956,100.0
13957,100.0
13958,100.0
13959,100.0
13960,100.0
13961,100.0
13962,100.0
13963,100.0
13964,100.0
13965,100.0
13966,100.0
13967,100.0
13968,100.0
13969,100.0
13970,100.0
13971,100.0
13972,100.0
13973,100.0
13974,100.0
13975,100.0
13976,100.0
13977,100.0
13978,100.0
13979,100.0
13980,100.0
13981,100.0
13982,100.0
13983,100.0
13984,100.0
13985,100.0
13986,100.0
13987,100.0
13988,100.0
13989,100.0
13990,100.0
13991,100.0
13992,100.0
13993,100.0
13994,100.0
13995,100.0
13996,100.0
13997,100.0
13998,100.0
13999,100.0
14000,100.0
14001,100.0
14002,100.0
14003,100.0
14004,100.0
14005,100.0
14006,100.0
14007,100.0
14008,100.0
14009,100.0
14010,100.0
14011,100.0
14012,100.0
14013,100.0
14014,100.0
14015,100.0
14016,100.0
14017,100.0
14018,100.0
14019,100.0
14020,100.0
14021,100.0
14022,100.0
14023,100.0
14024,100.0
14025,100.0
14026,100.0
14027,100.0
14028,100.0
14029,100.0
14030,100.0
14031,100.0
14032,100.0
14033,100.0
14034,100.0
14035,100.0
14036,100.0
14037,100.0
14038,100.0
14039,100.0
14040,100.0
14041,100.0
14042,100.0
14043,100.0
14044,100.0
14045,100.0
14046,100.0
14047,100.0
14048,100.0
14049,100.0
14050,100.0
14051,100.0
14052,100.0
14053,100.0
14054,100.0
14055,100.0
14056,100.0
14057,100.0
14058,100.0
14059,100.0
14060,100.0
14061,100.0
14062,100.0
14063,100.0
14064,100.0
14065,100.0
14066,100.0
14067,100.0
14068,100.0
14069,100.0
14070,100.0
14071,100.0
14072,100.0
14073,100.0
14074,100.0
14075,100.0
14076,100.0
14077,100.0
14078,100.0
14079,100.0
14080,100.0
14081,100.0
14082,100.0
14083,100.0
14084,100.0
14085,100.0
14086,100.0
14087,100.0
14088,100.0
14089,100.0
14090,100.0
14091,100.0
14092,100.0
14093,100.0
14094,100.0
14095,100.0
14096,100.0
14097,100.0
14098,100.0
14099,100.0
14100,100.0
14101,100.0
14102,100.0
14103,100.0
14104,100.0
14105,100.0
14106,100.0
14107,100.0
14108,100.0
14109,100.0
14110,100.0
14111,100.0
14112,100.0
14113,100.0
14114,100.0
14115,100.0
14116,100.0
14117,100.0
14118,100.0
14119,100.0
14120,100.0
14121,100.0
14122,100.0
14123,100.0
14124,100.0
14125,100.0
14126,100.0
14127,100.0
14128,100.0
14129,100.0
14130,100.0
14131,100.0
14132,100.0
14133,100.0
14134,100.0
14135,100.0
14136,100.0
14137,100.0
14138,100.0
14139,100.0
14140,100.0
14141,100.0
14142,100.0
14143,100.0
14144,100.0
14145,100.0
14146,100.0
14147,100.0
14148,100.0
14149,100.0
14150,100.0
14151,100.0
14152,100.0
14153,100.0
14154,100.0
14155,100.0
14156,100.0
14157,100.0
14158,100.0
14159,100.0
14160,100.0
14161,100.0
14162,100.0
14163,100.0
14164,100.0
14165,100.0
14166,100.0
14167,100.0
14168,100.0
14169,100.0
14170,100.0
14171,100.0
14172,100.0
14173,100.0
14174,100.0
14175,100.0
14176,100.0
14177,100.0
14178,100.0
14179,100.0
14180,100.0
14181,100.0
14182,100.0
14183,100.0
14184,100.0
14185,100.0
14186,100.0
14187,100.0
14188,100.0
14189,100.0
14190,100.0
14191,100.0
14192,100.0
14193,100.0
14194,100.0
14195,100.0
14196,100.0
14197,100.0
14198,100.0
14199,100.0
14200,100.0
14201,100.0
14202,100.0
14203,100.0
14204,100.0
14205,100.0
14206,100.0
14207,100.0
14208,100.0
14209,100.0
14210,100.0
14211,100.0
14212,100.0
14213,100.0
14214,100.0
14215,100.0
14216,100.0
14217,100.0
14218,100.0
14219,100.0
14220,100.0
14221,100.0
14222,100.0
14223,100.0
14224,100.0
14225,100.0
14226,100.0
14227,100.0
14228,100.0
14229,100.0
14230,100.0
14231,100.0
14232,100.0
14233,100.0
14234,100.0
14235,100.0
14236,100.0
14237,100.0
14238,100.0
14239,100.0
14240,100.0
14241,100.0
14242,100.0
14243,100.0
14244,100.0
14245,100.0
14246,100.0
14247,100.0
14248,100.0
14249,100.0
14250,100.0
14251,100.0
14252,100.0
14253,100.0
14254,100.0
14255,100.0
14256,100.0
14257,100.0
14258,100.0
14259,100.0
14260,100.0
14261,100.0
14262,100.0
14263,100.0
14264,100.0
14265,100.0
14266,100.0
14267,100.0
14268,100.0
14269,100.0
14270,100.0
14271,100.0
14272,100.0
14273,100.0
14274,100.0
14275,100.0
14276,100.0
14277,100.0
14278,100.0
14279,100.0
14280,100.0
14281,100.0
14282,100.0
14283,100.0
14284,100.0
14285,100.0
14286,100.0
14287,100.0
14288,100.0
14289,100.0
14290,100.0
14291,100.0
14292,100.0
14293,100.0
14294,100.0
14295,100.0
14296,100.0
14297,100.0
14298,100.0
14299,100.0
14300,100.0
14301,100.0
14302,100.0
14303,100.0
14304,100.0
14305,100.0
14306,100.0
14307,100.0
14308,100.0
14309,100.0
14310,100.0
14311,100.0
14312,100.0
14313,100.0
14314,100.0
14315,100.0
14316,100.0
14317,100.0
14318,100.0
14319,100.0
14320,100.0
14321,100.0
14322,100.0
14323,100.0
14324,100.0
14325,100.0
14326,100.0
14327,100.0
14328,100.0
14329,100.0
14330,100.0
14331,100.0
14332,100.0
14333,100.0
14334,100.0
14335,100.0
14336,100.0
14337,100.0
14338,100.0
14339,100.0
14340,100.0
14341,100.0
14342,100.0
14343,100.0
14344,100.0
14345,100.0
14346,100.0
14347,100.0
14348,100.0
14349,100.0
14350,100.0
14351,100.0
14352,100.0
14353,100.0
14354,100.0
14355,100.0
14356,100.0
14357,100.0
14358,100.0
14359,100.0
14360,100.0
14361,100.0
14362,100.0
14363,100.0
14364,100.0
14365,100.0
14366,100.0
14367,100.0
14368,100.0
14369,100.0
14370,100.0
14371,100.0
14372,100.0
14373,100.0
14374,100.0
14375,100.0
14376,100.0
14377,100.0
14378,100.0
14379,100.0
14380,100.0
14381,100.0
14382,100.0
14383,100.0
14384,100.0
14385,100.0
14386,100.0
14387,100.0
14388,100.0
14389,100.0
14390,100.0
14391,100.0
14392,100.0
14393,100.0
14394,100.0
14395,100.0
14396,100.0
14397,100.0
14398,100.0
14399,100.0
14400,100.0
14401,100.0
14402,100.0
14403,100.0
14404,100.0
14405,100.0
14406,100.0
14407,100.0
14408,100.0
14409,100.0
14410,100.0
14411,100.0
14412,100.0
14413,100.0
14414,100.0
14415,100.0
14416,100.0
14417,100.0
14418,100.0
14419,100.0
14420,100.0
14421,100.0
14422,100.0
14423,100.0
14424,100.0
14425,100.0
14426,100.0
14427,100.0
14428,100.0
14429,100.0
14430,100.0
14431,100.0
14432,100.0
14433,100.0
14434,100.0
14435,100.0
14436,100.0
14437,100.0
14438,100.0
14439,100.0
14440,100.0
14441,100.0
14442,100.0
14443,100.0
14444,100.0
14445,100.0
14446,100.0
14447,100.0
14448,100.0
14449,100.0
14450,100.0
14451,100.0
14452,100.0
14453,100.0
14454,100.0
14455,100.0
14456,100.0
14457,100.0
14458,100.0
14459,100.0
14460,100.0
14461,100.0
14462,100.0
14463,100.0
14464,100.0
14465,100.0
14466,100.0
14467,100.0
14468,100.0
14469,100.0
14470,100.0
14471,100.0
14472,100.0
14473,100.0
14474,100.0
14475,100.0
14476,100.0
14477,100.0
14478,100.0
14479,100.0
14480,100.0
14481,100.0
14482,100.0
14483,100.0
14484,100.0
14485,100.0
14486,100.0
14487,100.0
14488,100.0
14489,100.0
14490,100.0
14491,100.0
14492,100.0
14493,100.0
14494,100.0
14495,100.0
14496,100.0
14497,100.0
14498,100.0
14499,100.0
14500,100.0
14501,100.0
14502,100.0
14503,100.0
14504,100.0
14505,100.0
14506,100.0
14507,100.0
14508,100.0
14509,100.0
14510,100.0
14511,100.0
14512,100.0
14513,100.0
14514,100.0
14515,100.0
14516,100.0
14517,100.0
14518,100.0
14519,100.0
14520,100.0
14521,100.0
14522,100.0
14523,100.0
14524,100.0
14525,100.0
14526,100.0
14527,100.0
14528,100.0
14529,100.0
14530,100.0
14531,100.0
14532,100.0
14533,100.0
14534,100.0
14535,100.0
14536,100.0
14537,100.0
14538,100.0
14539,100.0
14540,100.0
14541,100.0
14542,100.0
14543,100.0
14544,100.0
14545,100.0
14546,100.0
14547,100.0
14548,100.0
14549,100.0
14550,100.0
14551,100.0
14552,100.0
14553,100.0
14554,100.0
14555,100.0
14556,100.0
14557,100.0
14558,100.0
14559,100.0
14560,100.0
14561,100.0
14562,100.0
14563,100.0
14564,100.0
14565,100.0
14566,100.0
14567,100.0
14568,100.0
14569,100.0
14570,100.0
14571,100.0
14572,100.0
14573,100.0
14574,100.0
14575,100.0
14576,100.0
14577,100.0
14578,100.0
14579,100.0
14580,100.0
14581,100.0
14582,100.0
14583,100.0
14584,100.0
14585,100.0
14586,100.0
14587,100.0
14588,100.0
14589,100.0
14590,100.0
14591,100.0
14592,100.0
14593,100.0
14594,100.0
14595,100.0
14596,100.0
14597,100.0
14598,100.0
14599,100.0
14600,100.0
14601,100.0
14602,100.0
14603,100.0
14604,100.0
14605,100.0
14606,100.0
14607,100.0
14608,100.0
14609,100.0
14610,100.0
14611,100.0
14612,100.0
14613,100.0
14614,100.0
14615,100.0
14616,100.0
14617,100.0
14618,100.0
14619,100.0
14620,100.0
14621,100.0
14622,100.0
14623,100.0
14624,100.0
14625,100.0
14626,100.0
14627,100.0
14628,100.0
14629,100.0
14630,100.0
14631,100.0
14632,100.0
14633,100.0
14634,100.0
14635,100.0
14636,100.0
14637,100.0
14638,100.0
14639,100.0
14640,100.0
14641,100.0
14642,100.0
14643,100.0
14644,100.0
14645,100.0
14646,100.0
14647,100.0
14648,100.0
14649,100.0
14650,100.0
14651,100.0
14652,100.0
14653,100.0
14654,100.0
14655,100.0
14656,100.0
14657,100.0
14658,100.0
14659,100.0
14660,100.0
14661,100.0
14662,100.0
14663,100.0
14664,100.0
14665,100.0
14666,100.0
14667,100.0
14668,100.0
14669,100.0
14670,100.0
14671,100.0
14672,100.0
14673,100.0
14674,100.0
14675,100.0
14676,100.0
14677,100.0
14678,100.0
14679,100.0
14680,100.0
14681,100.0
14682,100.0
14683,100.0
14684,100.0
14685,100.0
14686,100.0
14687,100.0
14688,100.0
14689,100.0
14690,100.0
14691,100.0
14692,100.0
14693,100.0
14694,100.0
14695,100.0
14696,100.0
14697,100.0
14698,100.0
14699,100.0
14700,100.0
14701,100.0
14702,100.0
14703,100.0
14704,100.0
14705,100.0
14706,100.0
14707,100.0
14708,100.0
14709,100.0
14710,100.0
14711,100.0
14712,100.0
14713,100.0
14714,100.0
14715,100.0
14716,100.0
14717,100.0
14718,100.0
14719,100.0
14720,100.0
14721,100.0
14722,100.0
14723,100.0
14724,100.0
14725,100.0
14726,100.0
14727,100.0
14728,100.0
14729,100.0
14730,100.0
14731,100.0
14732,100.0
14733,100.0
14734,100.0
14735,100.0
14736,100.0
14737,100.0
14738,100.0
14739,100.0
14740,100.0
14741,100.0
14742,100.0
14743,100.0
14744,100.0
14745,100.0
14746,100.0
14747,100.0
14748,100.0
14749,100.0
14750,100.0
14751,100.0
14752,100.0
14753,100.0
14754,100.0
14755,100.0
14756,100.0
14757,100.0
14758,100.0
14759,100.0
14760,100.0
14761,100.0
14762,100.0
14763,100.0
14764,100.0
14765,100.0
14766,100.0
14767,100.0
14768,100.0
14769,100.0
14770,100.0
14771,100.0
14772,100.0
14773,100.0
14774,100.0
14775,100.0
14776,100.0
14777,100.0
14778,100.0
14779,100.0
14780,100.0
14781,100.0
14782,100.0
14783,100.0
14784,100.0
14785,100.0
14786,100.0
14787,100.0
14788,100.0
14789,100.0
14790,100.0
14791,100.0
14792,100.0
14793,100.0
14794,100.0
14795,100.0
14796,100.0
14797,100.0
14798,100.0
14799,100.0
14800,100.0
14801,100.0
14802,100.0
14803,100.0
14804,100.0
14805,100.0
14806,100.0
14807,100.0
14808,100.0
14809,100.0
14810,100.0
14811,100.0
14812,100.0
14813,100.0
14814,100.0
14815,100.0
14816,100.0
14817,100.0
14818,100.0
14819,100.0
14820,100.0
14821,100.0
14822,100.0
14823,100.0
14824,100.0
14825,100.0
14826,100.0
14827,100.0
14828,100.0
14829,100.0
14830,100.0
14831,100.0
14832,100.0
14833,100.0
14834,100.0
14835,100.0
14836,100.0
14837,100.0
14838,100.0
14839,100.0
14840,100.0
14841,100.0
14842,100.0
14843,100.0
14844,100.0
14845,100.0
14846,100.0
14847,100.0
14848,100.0
14849,100.0
14850,100.0
14851,100.0
14852,100.0
14853,100.0
14854,100.0
14855,100.0
14856,100.0
14857,100.0
14858,100.0
14859,100.0
14860,100.0
14861,100.0
14862,100.0
14863,100.0
14864,100.0
14865,100.0
14866,100.0
14867,100.0
14868,100.0
14869,100.0
14870,100.0
14871,100.0
14872,100.0
14873,100.0
14874,100.0
14875,100.0
14876,100.0
14877,100.0
14878,100.0
14879,100.0
14880,100.0
14881,100.0
14882,100.0
14883,100.0
14884,100.0
14885,100.0
14886,100.0
14887,100.0
14888,100.0
14889,100.0
14890,100.0
14891,100.0
14892,100.0
14893,100.0
14894,100.0
14895,100.0
14896,100.0
14897,100.0
14898,100.0
14899,100.0
14900,100.0
14901,100.0
14902,100.0
14903,100.0
14904,100.0
14905,100.0
14906,100.0
14907,100.0
14908,100.0
14909,100.0
14910,100.0
14911,100.0
14912,100.0
14913,100.0
14914,100.0
14915,100.0
14916,100.0
14917,100.0
14918,100.0
14919,100.0
14920,100.0
14921,100.0
14922,100.0
14923,100.0
14924,100.0
14925,100.0
14926,100.0
14927,100.0
14928,100.0
14929,100.0
14930,100.0
14931,100.0
14932,100.0
14933,100.0
14934,100.0
14935,100.0
14936,100.0
14937,100.0
14938,100.0
14939,100.0
14940,100.0
14941,100.0
14942,100.0
14943,100.0
14944,100.0
14945,100.0
14946,100.0
14947,100.0
14948,100.0
14949,100.0
14950,100.0
14951,100.0
14952,100.0
14953,100.0
14954,100.0
14955,100.0
14956,100.0
14957,100.0
14958,100.0
14959,100.0
14960,100.0
14961,100.0
14962,100.0
14963,100.0
14964,100.0
14965,100.0
14966,100.0
14967,100.0
14968,100.0
14969,100.0
14970,100.0
14971,100.0
14972,100.0
14973,100.0
14974,100.0
14975,100.0
14976,100.0
14977,100.0
14978,100.0
14979,100.0
14980,100.0
14981,100.0
14982,100.0
14983,100.0
14984,100.0
14985,100.0
14986,100.0
14987,100.0
14988,100.0
14989,100.0
14990,100.0
14991,100.0
14992,100.0
14993,100.0
14994,100.0
14995,100.0
14996,100.0
14997,100.0
14998,100.0
14999,100.0
15000,100.0
15001,100.0
15002,100.0
15003,100.0
15004,100.0
15005,100.0
15006,100.0
15007,100.0
15008,100.0
15009,100.0
15010,100.0
15011,100.0
15012,100.0
15013,100.0
15014,100.0
15015,100.0
15016,100.0
15017,100.0
15018,100.0
15019,100.0
15020,100.0
15021,100.0
15022,100.0
15023,100.0
15024,100.0
15025,100.0
15026,100.0
15027,100.0
15028,100.0
15029,100.0
15030,100.0
15031,100.0
15032,100.0
15033,100.0
15034,100.0
15035,100.0
15036,100.0
15037,100.0
15038,100.0
15039,100.0
15040,100.0
15041,100.0
15042,100.0
15043,100.0
15044,100.0
15045,100.0
15046,100.0
15047,100.0
15048,100.0
15049,100.0
15050,100.0
15051,100.0
15052,100.0
15053,100.0
15054,100.0
15055,100.0
15056,100.0
15057,100.0
15058,100.0
15059,100.0
15060,100.0
15061,100.0
15062,100.0
15063,100.0
15064,100.0
15065,100.0
15066,100.0
15067,100.0
15068,100.0
15069,100.0
15070,100.0
15071,100.0
15072,100.0
15073,100.0
15074,100.0
15075,100.0
15076,100.0
15077,100.0
15078,100.0
15079,100.0
15080,100.0
15081,100.0
15082,100.0
15083,100.0
15084,100.0
15085,100.0
15086,100.0
15087,100.0
15088,100.0
15089,100.0
15090,100.0
15091,100.0
15092,100.0
15093,100.0
15094,100.0
15095,100.0
15096,100.0
15097,100.0
15098,100.0
15099,100.0
15100,100.0
15101,100.0
15102,100.0
15103,100.0
15104,100.0
15105,100.0
15106,100.0
15107,100.0
15108,100.0
15109,100.0
15110,100.0
15111,100.0
15112,100.0
15113,100.0
15114,100.0
15115,100.0
15116,100.0
15117,100.0
15118,100.0
15119,100.0
15120,100.0
15121,100.0
15122,100.0
15123,100.0
15124,100.0
15125,100.0
15126,100.0
15127,100.0
15128,100.0
15129,100.0
15130,100.0
15131,100.0
15132,100.0
15133,100.0
15134,100.0
15135,100.0
15136,100.0
15137,100.0
15138,100.0
15139,100.0
15140,100.0
15141,100.0
15142,100.0
15143,100.0
15144,100.0
15145,100.0
15146,100.0
15147,100.0
15148,100.0
15149,100.0
15150,100.0
15151,100.0
15152,100.0
15153,100.0
15154,100.0
15155,100.0
15156,100.0
15157,100.0
15158,100.0
15159,100.0
15160,100.0
15161,100.0
15162,100.0
15163,100.0
15164,100.0
15165,100.0
15166,100.0
15167,100.0
15168,100.0
15169,100.0
15170,100.0
15171,100.0
15172,100.0
15173,100.0
15174,100.0
15175,100.0
15176,100.0
15177,100.0
15178,100.0
15179,100.0
15180,100.0
15181,100.0
15182,100.0
15183,100.0
15184,100.0
15185,100.0
15186,100.0
15187,100.0
15188,100.0
15189,100.0
15190,100.0
15191,100.0
15192,100.0
15193,100.0
15194,100.0
15195,100.0
15196,100.0
15197,100.0
15198,100.0
15199,100.0
15200,100.0
15201,100.0
15202,100.0
15203,100.0
15204,100.0
15205,100.0
15206,100.0
15207,100.0
15208,100.0
15209,100.0
15210,100.0
15211,100.0
15212,100.0
15213,100.0
15214,100.0
15215,100.0
15216,100.0
15217,100.0
15218,100.0
15219,100.0
15220,100.0
15221,100.0
15222,100.0
15223,100.0
15224,100.0
15225,100.0
15226,100.0
15227,100.0
15228,100.0
15229,100.0
15230,100.0
15231,100.0
15232,100.0
15233,100.0
15234,100.0
15235,100.0
15236,100.0
15237,100.0
15238,100.0
15239,100.0
15240,100.0
15241,100.0
15242,100.0
15243,100.0
15244,100.0
15245,100.0
15246,100.0
15247,100.0
15248,100.0
15249,100.0
15250,100.0
15251,100.0
15252,100.0
15253,100.0
15254,100.0
15255,100.0
15256,100.0
15257,100.0
15258,100.0
15259,100.0
15260,100.0
15261,100.0
15262,100.0
15263,100.0
15264,100.0
15265,100.0
15266,100.0
15267,100.0
15268,100.0
15269,100.0
15270,100.0
15271,100.0
15272,100.0
15273,100.0
15274,100.0
15275,100.0
15276,100.0
15277,100.0
15278,100.0
15279,100.0
15280,100.0
15281,100.0
15282,100.0
15283,100.0
15284,100.0
15285,100.0
15286,100.0
15287,100.0
15288,100.0
15289,100.0
15290,100.0
15291,100.0
15292,100.0
15293,100.0
15294,100.0
15295,100.0
15296,100.0
15297,100.0
15298,100.0
15299,100.0
15300,100.0
15301,100.0
15302,100.0
15303,100.0
15304,100.0
15305,100.0
15306,100.0
15307,100.0
15308,100.0
15309,100.0
15310,100.0
15311,100.0
15312,100.0
15313,100.0
15314,100.0
15315,100.0
15316,100.0
15317,100.0
15318,100.0
15319,100.0
15320,100.0
15321,100.0
15322,100.0
15323,100.0
15324,100.0
15325,100.0
15326,100.0
15327,100.0
15328,100.0
15329,100.0
15330,100.0
15331,100.0
15332,100.0
15333,100.0
15334,100.0
15335,100.0
15336,100.0
15337,100.0
15338,100.0
15339,100.0
15340,100.0
15341,100.0
15342,100.0
15343,100.0
15344,100.0
15345,100.0
15346,100.0
15347,100.0
15348,100.0
15349,100.0
15350,100.0
15351,100.0
15352,100.0
15353,100.0
15354,100.0
15355,100.0
15356,100.0
15357,100.0
15358,100.0
15359,100.0
15360,100.0
15361,100.0
15362,100.0
15363,100.0
15364,100.0
15365,100.0
15366,100.0
15367,100.0
15368,100.0
15369,100.0
15370,100.0
15371,100.0
15372,100.0
15373,100.0
15374,100.0
15375,100.0
15376,100.0
15377,100.0
15378,100.0
15379,100.0
15380,100.0
15381,100.0
15382,100.0
15383,100.0
15384,100.0
15385,100.0
15386,100.0
15387,100.0
15388,100.0
15389,100.0
15390,100.0
15391,100.0
15392,100.0
15393,100.0
15394,100.0
15395,100.0
15396,100.0
15397,100.0
15398,100.0
15399,100.0
15400,100.0
15401,100.0
15402,100.0
15403,100.0
15404,100.0
15405,100.0
15406,100.0
15407,100.0
15408,100.0
15409,100.0
15410,100.0
15411,100.0
15412,100.0
15413,100.0
15414,100.0
15415,100.0
15416,100.0
15417,100.0
15418,100.0
15419,100.0
15420,100.0
15421,100.0
15422,100.0
15423,100.0
15424,100.0
15425,100.0
15426,100.0
15427,100.0
15428,100.0
15429,100.0
15430,100.0
15431,100.0
15432,100.0
15433,100.0
15434,100.0
15435,100.0
15436,100.0
15437,100.0
15438,100.0
15439,100.0
15440,100.0
15441,100.0
15442,100.0
15443,100.0
15444,100.0
15445,100.0
15446,100.0
15447,100.0
15448,100.0
15449,100.0
15450,100.0
15451,100.0
15452,100.0
15453,100.0
15454,100.0
15455,100.0
15456,100.0
15457,100.0
15458,100.0
15459,100.0
15460,100.0
15461,100.0
15462,100.0
15463,100.0
15464,100.0
15465,100.0
15466,100.0
15467,100.0
15468,100.0
15469,100.0
15470,100.0
15471,100.0
15472,100.0
15473,100.0
15474,100.0
15475,100.0
15476,100.0
15477,100.0
15478,100.0
15479,100.0
15480,100.0
15481,100.0
15482,100.0
15483,100.0
15484,100.0
15485,100.0
15486,100.0
15487,100.0
15488,100.0
15489,100.0
15490,100.0
15491,100.0
15492,100.0
15493,100.0
15494,100.0
15495,100.0
15496,100.0
15497,100.0
15498,100.0
15499,100.0
15500,100.0
15501,100.0
15502,100.0
15503,100.0
15504,100.0
15505,100.0
15506,100.0
15507,100.0
15508,100.0
15509,100.0
15510,100.0
15511,100.0
15512,100.0
15513,100.0
15514,100.0
15515,100.0
15516,100.0
15517,100.0
15518,100.0
15519,100.0
15520,100.0
15521,100.0
15522,100.0
15523,100.0
15524,100.0
15525,100.0
15526,100.0
15527,100.0
15528,100.0
15529,100.0
15530,100.0
15531,100.0
15532,100.0
15533,100.0
15534,100.0
15535,100.0
15536,100.0
15537,100.0
15538,100.0
15539,100.0
15540,100.0
15541,100.0
15542,100.0
15543,100.0
15544,100.0
15545,100.0
15546,100.0
15547,100.0
15548,100.0
15549,100.0
15550,100.0
15551,100.0
15552,100.0
15553,100.0
15554,100.0
15555,100.0
15556,100.0
15557,100.0
15558,100.0
15559,100.0
15560,100.0
15561,100.0
15562,100.0
15563,100.0
15564,100.0
15565,100.0
15566,100.0
15567,100.0
15568,100.0
15569,100.0
15570,100.0
15571,100.0
15572,100.0
15573,100.0
15574,100.0
15575,100.0
15576,100.0
15577,100.0
15578,100.0
15579,100.0
15580,100.0
15581,100.0
15582,100.0
15583,100.0
15584,100.0
15585,100.0
15586,100.0
15587,100.0
15588,100.0
15589,100.0
15590,100.0
15591,100.0
15592,100.0
15593,100.0
15594,100.0
15595,100.0
15596,100.0
15597,100.0
15598,100.0
15599,100.0
15600,100.0
15601,100.0
15602,100.0
15603,100.0
15604,100.0
15605,100.0
15606,100.0
15607,100.0
15608,100.0
15609,100.0
15610,100.0
15611,100.0
15612,100.0
15613,100.0
15614,100.0
15615,100.0
15616,100.0
15617,100.0
15618,100.0
15619,100.0
15620,100.0
15621,100.0
15622,100.0
15623,100.0
15624,100.0
15625,100.0
15626,100.0
15627,100.0
15628,100.0
15629,100.0
15630,100.0
15631,100.0
15632,100.0
15633,100.0
15634,100.0
15635,100.0
15636,100.0
15637,100.0
15638,100.0
15639,100.0
15640,100.0
15641,100.0
15642,100.0
15643,100.0
15644,100.0
15645,100.0
15646,100.0
15647,100.0
15648,100.0
15649,100.0
15650,100.0
15651,100.0
15652,100.0
15653,100.0
15654,100.0
15655,100.0
15656,100.0
15657,100.0
15658,100.0
15659,100.0
15660,100.0
15661,100.0
15662,100.0
15663,100.0
15664,100.0
15665,100.0
15666,100.0
15667,100.0
15668,100.0
15669,100.0
15670,100.0
15671,100.0
15672,100.0
15673,100.0
15674,100.0
15675,100.0
15676,100.0
15677,100.0
15678,100.0
15679,100.0
15680,100.0
15681,100.0
15682,100.0
15683,100.0
15684,100.0
15685,100.0
15686,100.0
15687,100.0
15688,100.0
15689,100.0
15690,100.0
15691,100.0
15692,100.0
15693,100.0
15694,100.0
15695,100.0
15696,100.0
15697,100.0
15698,100.0
15699,100.0
15700,100.0
15701,100.0
15702,100.0
15703,100.0
15704,100.0
15705,100.0
15706,100.0
15707,100.0
15708,100.0
15709,100.0
15710,100.0
15711,100.0
15712,100.0
15713,100.0
15714,100.0
15715,100.0
15716,100.0
15717,100.0
15718,100.0
15719,100.0
15720,100.0
15721,100.0
15722,100.0
15723,100.0
15724,100.0
15725,100.0
15726,100.0
15727,100.0
15728,100.0
15729,100.0
15730,100.0
15731,100.0
15732,100.0
15733,100.0
15734,100.0
15735,100.0
15736,100.0
15737,100.0
15738,100.0
15739,100.0
15740,100.0
15741,100.0
15742,100.0
15743,100.0
15744,100.0
15745,100.0
15746,100.0
15747,100.0
15748,100.0
15749,100.0
15750,100.0
15751,100.0
15752,100.0
15753,100.0
15754,100.0
15755,100.0
15756,100.0
15757,100.0
15758,100.0
15759,100.0
15760,100.0
15761,100.0
15762,100.0
15763,100.0
15764,100.0
15765,100.0
15766,100.0
15767,100.0
15768,100.0
15769,100.0
15770,100.0
15771,100.0
15772,100.0
15773,100.0
15774,100.0
15775,100.0
15776,100.0
15777,100.0
15778,100.0
15779,100.0
15780,100.0
15781,100.0
15782,100.0
15783,100.0
15784,100.0
15785,100.0
15786,100.0
15787,100.0
15788,100.0
15789,100.0
15790,100.0
15791,100.0
15792,100.0
15793,100.0
15794,100.0
15795,100.0
15796,100.0
15797,100.0
15798,100.0
15799,100.0
15800,100.0
15801,100.0
15802,100.0
15803,100.0
15804,100.0
15805,100.0
15806,100.0
15807,100.0
15808,100.0
15809,100.0
15810,100.0
15811,100.0
15812,100.0
15813,100.0
15814,100.0
15815,100.0
15816,100.0
15817,100.0
15818,100.0
15819,100.0
15820,100.0
15821,100.0
15822,100.0
15823,100.0
15824,100.0
15825,100.0
15826,100.0
15827,100.0
15828,100.0
15829,100.0
15830,100.0
15831,100.0
15832,100.0
15833,100.0
15834,100.0
15835,100.0
15836,100.0
15837,100.0
15838,100.0
15839,100.0
15840,100.0
15841,100.0
15842,100.0
15843,100.0
15844,100.0
15845,100.0
15846,100.0
15847,100.0
15848,100.0
15849,100.0
15850,100.0
15851,100.0
15852,100.0
15853,100.0
15854,100.0
15855,100.0
15856,100.0
15857,100.0
15858,100.0
15859,100.0
15860,100.0
15861,100.0
15862,100.0
15863,100.0
15864,100.0
15865,100.0
15866,100.0
15867,100.0
15868,100.0
15869,100.0
15870,100.0
15871,100.0
15872,100.0
15873,100.0
15874,100.0
15875,100.0
15876,100.0
15877,100.0
15878,100.0
15879,100.0
15880,100.0
15881,100.0
15882,100.0
15883,100.0
15884,100.0
15885,100.0
15886,100.0
15887,100.0
15888,100.0
15889,100.0
15890,100.0
15891,100.0
15892,100.0
15893,100.0
15894,100.0
15895,100.0
15896,100.0
15897,100.0
15898,100.0
15899,100.0
15900,100.0
15901,100.0
15902,100.0
15903,100.0
15904,100.0
15905,100.0
15906,100.0
15907,100.0
15908,100.0
15909,100.0
15910,100.0
15911,100.0
15912,100.0
15913,100.0
15914,100.0
15915,100.0
15916,100.0
15917,100.0
15918,100.0
15919,100.0
15920,100.0
15921,100.0
15922,100.0
15923,100.0
15924,100.0
15925,100.0
15926,100.0
15927,100.0
15928,100.0
15929,100.0
15930,100.0
15931,100.0
15932,100.0
15933,100.0
15934,100.0
15935,100.0
15936,100.0
15937,100.0
15938,100.0
15939,100.0
15940,100.0
15941,100.0
15942,100.0
15943,100.0
15944,100.0
15945,100.0
15946,100.0
15947,100.0
15948,100.0
15949,100.0
15950,100.0
15951,100.0
15952,100.0
15953,100.0
15954,100.0
15955,100.0
15956,100.0
15957,100.0
15958,100.0
15959,100.0
15960,100.0
15961,100.0
15962,100.0
15963,100.0
15964,100.0
15965,100.0
15966,100.0
15967,100.0
15968,100.0
15969,100.0
15970,100.0
15971,100.0
15972,100.0
15973,100.0
15974,100.0
15975,100.0
15976,100.0
15977,100.0
15978,100.0
15979,100.0
15980,100.0
15981,100.0
15982,100.0
15983,100.0
15984,100.0
15985,100.0
15986,100.0
15987,100.0
15988,100.0
15989,100.0
15990,100.0
15991,100.0
15992,100.0
15993,100.0
15994,100.0
15995,100.0
15996,100.0
15997,100.0
15998,100.0
15999,100.0
16000,100.0
16001,100.0
16002,100.0
16003,100.0
16004,100.0
16005,100.0
16006,100.0
16007,100.0
16008,100.0
16009,100.0
16010,100.0
16011,100.0
16012,100.0
16013,100.0
16014,100.0
16015,100.0
16016,100.0
16017,100.0
16018,100.0
16019,100.0
16020,100.0
16021,100.0
16022,100.0
16023,100.0
16024,100.0
16025,100.0
16026,100.0
16027,100.0
16028,100.0
16029,100.0
16030,100.0
16031,100.0
16032,100.0
16033,100.0
16034,100.0
16035,100.0
16036,100.0
16037,100.0
16038,100.0
16039,100.0
16040,100.0
16041,100.0
16042,100.0
16043,100.0
16044,100.0
16045,100.0
16046,100.0
16047,100.0
16048,100.0
16049,100.0
16050,100.0
16051,100.0
16052,100.0
16053,100.0
16054,100.0
16055,100.0
16056,100.0
16057,100.0
16058,100.0
16059,100.0
16060,100.0
16061,100.0
16062,100.0
16063,100.0
16064,100.0
16065,100.0
16066,100.0
16067,100.0
16068,100.0
16069,100.0
16070,100.0
16071,100.0
16072,100.0
16073,100.0
16074,100.0
16075,100.0
16076,100.0
16077,100.0
16078,100.0
16079,100.0
16080,100.0
16081,100.0
16082,100.0
16083,100.0
16084,100.0
16085,100.0
16086,100.0
16087,100.0
16088,100.0
16089,100.0
16090,100.0
16091,100.0
16092,100.0
16093,100.0
16094,100.0
16095,100.0
16096,100.0
16097,100.0
16098,100.0
16099,100.0
16100,100.0
16101,100.0
16102,100.0
16103,100.0
16104,100.0
16105,100.0
16106,100.0
16107,100.0
16108,100.0
16109,100.0
16110,100.0
16111,100.0
16112,100.0
16113,100.0
16114,100.0
16115,100.0
16116,100.0
16117,100.0
16118,100.0
16119,100.0
16120,100.0
16121,100.0
16122,100.0
16123,100.0
16124,100.0
16125,100.0
16126,100.0
16127,100.0
16128,100.0
16129,100.0
16130,100.0
16131,100.0
16132,100.0
16133,100.0
16134,100.0
16135,100.0
16136,100.0
16137,100.0
16138,100.0
16139,100.0
16140,100.0
16141,100.0
16142,100.0
16143,100.0
16144,100.0
16145,100.0
16146,100.0
16147,100.0
16148,100.0
16149,100.0
16150,100.0
16151,100.0
16152,100.0
16153,100.0
16154,100.0
16155,100.0
16156,100.0
16157,100.0
16158,100.0
16159,100.0
16160,100.0
16161,100.0
16162,100.0
16163,100.0
16164,100.0
16165,100.0
16166,100.0
16167,100.0
16168,100.0
16169,100.0
16170,100.0
16171,100.0
16172,100.0
16173,100.0
16174,100.0
16175,100.0
16176,100.0
16177,100.0
16178,100.0
16179,100.0
16180,100.0
16181,100.0
16182,100.0
16183,100.0
16184,100.0
16185,100.0
16186,100.0
16187,100.0
16188,100.0
16189,100.0
16190,100.0
16191,100.0
16192,100.0
16193,100.0
16194,100.0
16195,100.0
16196,100.0
16197,100.0
16198,100.0
16199,100.0
16200,100.0
16201,100.0
16202,100.0
16203,100.0
16204,100.0
16205,100.0
16206,100.0
16207,100.0
16208,100.0
16209,100.0
16210,100.0
16211,100.0
16212,100.0
16213,100.0
16214,100.0
16215,100.0
16216,100.0
16217,100.0
16218,100.0
16219,100.0
16220,100.0
16221,100.0
16222,100.0
16223,100.0
16224,100.0
16225,100.0
16226,100.0
16227,100.0
16228,100.0
16229,100.0
16230,100.0
16231,100.0
16232,100.0
16233,100.0
16234,100.0
16235,100.0
16236,100.0
16237,100.0
16238,100.0
16239,100.0
16240,100.0
16241,100.0
16242,100.0
16243,100.0
16244,100.0
16245,100.0
16246,100.0
16247,100.0
16248,100.0
16249,100.0
16250,100.0
16251,100.0
16252,100.0
16253,100.0
16254,100.0
16255,100.0
16256,100.0
16257,100.0
16258,100.0
16259,100.0
16260,100.0
16261,100.0
16262,100.0
16263,100.0
16264,100.0
16265,100.0
16266,100.0
16267,100.0
16268,100.0
16269,100.0
16270,100.0
16271,100.0
16272,100.0
16273,100.0
16274,100.0
16275,100.0
16276,100.0
16277,100.0
16278,100.0
16279,100.0
16280,100.0
16281,100.0
16282,100.0
16283,100.0
16284,100.0
16285,100.0
16286,100.0
16287,100.0
16288,100.0
16289,100.0
16290,100.0
16291,100.0
16292,100.0
16293,100.0
16294,100.0
16295,100.0
16296,100.0
16297,100.0
16298,100.0
16299,100.0
16300,100.0
16301,100.0
16302,100.0
16303,100.0
16304,100.0
16305,100.0
16306,100.0
16307,100.0
16308,100.0
16309,100.0
16310,100.0
16311,100.0
16312,100.0
16313,100.0
16314,100.0
16315,100.0
16316,100.0
16317,100.0
16318,100.0
16319,100.0
16320,100.0
16321,100.0
16322,100.0
16323,100.0
16324,100.0
16325,100.0
16326,100.0
16327,100.0
16328,100.0
16329,100.0
16330,100.0
16331,100.0
16332,100.0
16333,100.0
16334,100.0
16335,100.0
16336,100.0
16337,100.0
16338,100.0
16339,100.0
16340,100.0
16341,100.0
16342,100.0
16343,100.0
16344,100.0
16345,100.0
16346,100.0
16347,100.0
16348,100.0
16349,100.0
16350,100.0
16351,100.0
16352,100.0
16353,100.0
16354,100.0
16355,100.0
16356,100.0
16357,100.0
16358,100.0
16359,100.0
16360,100.0
16361,100.0
16362,100.0
16363,100.0
16364,100.0
16365,100.0
16366,100.0
16367,100.0
16368,100.0
16369,100.0
16370,100.0
16371,100.0
16372,100.0
16373,100.0
16374,100.0
16375,100.0
16376,100.0
16377,100.0
16378,100.0
16379,100.0
16380,100.0
16381,100.0
16382,100.0
16383,100.0
16384,100.0
16385,100.0
16386,100.0
16387,100.0
16388,100.0
16389,100.0
16390,100.0
16391,100.0
16392,100.0
16393,100.0
16394,100.0
16395,100.0
16396,100.0
16397,100.0
16398,100.0
16399,100.0
16400,100.0
16401,100.0
16402,100.0
16403,100.0
16404,100.0
16405,100.0
16406,100.0
16407,100.0
16408,100.0
16409,100.0
16410,100.0
16411,100.0
16412,100.0
16413,100.0
16414,100.0
16415,100.0
16416,100.0
16417,100.0
16418,100.0
16419,100.0
16420,100.0
16421,100.0
16422,100.0
16423,100.0
16424,100.0
16425,100.0
16426,100.0
16427,100.0
16428,100.0
16429,100.0
16430,100.0
16431,100.0
16432,100.0
16433,100.0
16434,100.0
16435,100.0
16436,100.0
16437,100.0
16438,100.0
16439,100.0
16440,100.0
16441,100.0
16442,100.0
16443,100.0
16444,100.0
16445,100.0
16446,100.0
16447,100.0
16448,100.0
16449,100.0
16450,100.0
16451,100.0
16452,100.0
16453,100.0
16454,100.0
16455,100.0
16456,100.0
16457,100.0
16458,100.0
16459,100.0
16460,100.0
16461,100.0
16462,100.0
16463,100.0
16464,100.0
16465,100.0
16466,100.0
16467,100.0
16468,100.0
16469,100.0
16470,100.0
16471,100.0
16472,100.0
16473,100.0
16474,100.0
16475,100.0
16476,100.0
16477,100.0
16478,100.0
16479,100.0
16480,100.0
16481,100.0
16482,100.0
16483,100.0
16484,100.0
16485,100.0
16486,100.0
16487,100.0
16488,100.0
16489,100.0
16490,100.0
16491,100.0
16492,100.0
16493,100.0
16494,100.0
16495,100.0
16496,100.0
16497,100.0
16498,100.0
16499,100.0
16500,100.0
16501,100.0
16502,100.0
16503,100.0
16504,100.0
16505,100.0
16506,100.0
16507,100.0
16508,100.0
16509,100.0
16510,100.0
16511,100.0
16512,100.0
16513,100.0
16514,100.0
16515,100.0
16516,100.0
16517,100.0
16518,100.0
16519,100.0
16520,100.0
16521,100.0
16522,100.0
16523,100.0
16524,100.0
16525,100.0
16526,100.0
16527,100.0
16528,100.0
16529,100.0
16530,100.0
16531,100.0
16532,100.0
16533,100.0
16534,100.0
16535,100.0
16536,100.0
16537,100.0
16538,100.0
16539,100.0
16540,100.0
16541,100.0
16542,100.0
16543,100.0
16544,100.0
16545,100.0
16546,100.0
16547,100.0
16548,100.0
16549,100.0
16550,100.0
16551,100.0
16552,100.0
16553,100.0
16554,100.0
16555,100.0
16556,100.0
16557,100.0
16558,100.0
16559,100.0
16560,100.0
16561,100.0
16562,100.0
16563,100.0
16564,100.0
16565,100.0
16566,100.0
16567,100.0
16568,100.0
16569,100.0
16570,100.0
16571,100.0
16572,100.0
16573,100.0
16574,100.0
16575,100.0
16576,100.0
16577,100.0
16578,100.0
16579,100.0
16580,100.0
16581,100.0
16582,100.0
16583,100.0
16584,100.0
16585,100.0
16586,100.0
16587,100.0
16588,100.0
16589,100.0
16590,100.0
16591,100.0
16592,100.0
16593,100.0
16594,100.0
16595,100.0
16596,100.0
16597,100.0
16598,100.0
16599,100.0
16600,100.0
16601,100.0
16602,100.0
16603,100.0
16604,100.0
16605,100.0
16606,100.0
16607,100.0
16608,100.0
16609,100.0
16610,100.0
16611,100.0
16612,100.0
16613,100.0
16614,100.0
16615,100.0
16616,100.0
16617,100.0
16618,100.0
16619,100.0
16620,100.0
16621,100.0
16622,100.0
16623,100.0
16624,100.0
16625,100.0
16626,100.0
16627,100.0
16628,100.0
16629,100.0
16630,100.0
16631,100.0
16632,100.0
16633,100.0
16634,100.0
16635,100.0
16636,100.0
16637,100.0
16638,100.0
16639,100.0
16640,100.0
16641,100.0
16642,100.0
16643,100.0
16644,100.0
16645,100.0
16646,100.0
16647,100.0
16648,100.0
16649,100.0
16650,100.0
16651,100.0
16652,100.0
16653,100.0
16654,100.0
16655,100.0
16656,100.0
16657,100.0
16658,100.0
16659,100.0
16660,100.0
16661,100.0
16662,100.0
16663,100.0
16664,100.0
16665,100.0
16666,100.0
16667,100.0
16668,100.0
16669,100.0
16670,100.0
16671,100.0
16672,100.0
16673,100.0
16674,100.0
16675,100.0
16676,100.0
16677,100.0
16678,100.0
16679,100.0
16680,100.0
16681,100.0
16682,100.0
16683,100.0
16684,100.0
16685,100.0
16686,100.0
16687,100.0
16688,100.0
16689,100.0
16690,100.0
16691,100.0
16692,100.0
16693,100.0
16694,100.0
16695,100.0
16696,100.0
16697,100.0
16698,100.0
16699,100.0
16700,100.0
16701,100.0
16702,100.0
16703,100.0
16704,100.0
16705,100.0
16706,100.0
16707,100.0
16708,100.0
16709,100.0
16710,100.0
16711,100.0
16712,100.0
16713,100.0
16714,100.0
16715,100.0
16716,100.0
16717,100.0
16718,100.0
16719,100.0
16720,100.0
16721,100.0
16722,100.0
16723,100.0
16724,100.0
16725,100.0
16726,100.0
16727,100.0
16728,100.0
16729,100.0
16730,100.0
16731,100.0
16732,100.0
16733,100.0
16734,100.0
16735,100.0
16736,100.0
16737,100.0
16738,100.0
16739,100.0
16740,100.0
16741,100.0
16742,100.0
16743,100.0
16744,100.0
16745,100.0
16746,100.0
16747,100.0
16748,100.0
16749,100.0
16750,100.0
16751,100.0
16752,100.0
16753,100.0
16754,100.0
16755,100.0
16756,100.0
16757,100.0
16758,100.0
16759,100.0
16760,100.0
16761,100.0
16762,100.0
16763,100.0
16764,100.0
16765,100.0
16766,100.0
16767,100.0
16768,100.0
16769,100.0
16770,100.0
16771,100.0
16772,100.0
16773,100.0
16774,100.0
16775,100.0
16776,100.0
16777,100.0
16778,100.0
16779,100.0
16780,100.0
16781,100.0
16782,100.0
16783,100.0
16784,100.0
16785,100.0
16786,100.0
16787,100.0
16788,100.0
16789,100.0
16790,100.0
16791,100.0
16792,100.0
16793,100.0
16794,100.0
16795,100.0
16796,100.0
16797,100.0
16798,100.0
16799,100.0
16800,100.0
16801,100.0
16802,100.0
16803,100.0
16804,100.0
16805,100.0
16806,100.0
16807,100.0
16808,100.0
16809,100.0
16810,100.0
16811,100.0
16812,100.0
16813,100.0
16814,100.0
16815,100.0
16816,100.0
16817,100.0
16818,100.0
16819,100.0
16820,100.0
16821,100.0
16822,100.0
16823,100.0
16824,100.0
16825,100.0
16826,100.0
16827,100.0
16828,100.0
16829,100.0
16830,100.0
16831,100.0
16832,100.0
16833,100.0
16834,100.0
16835,100.0
16836,100.0
16837,100.0
16838,100.0
16839,100.0
16840,100.0
16841,100.0
16842,100.0
16843,100.0
16844,100.0
16845,100.0
16846,100.0
16847,100.0
16848,100.0
16849,100.0
16850,100.0
16851,100.0
16852,100.0
16853,100.0
16854,100.0
16855,100.0
16856,100.0
16857,100.0
16858,100.0
16859,100.0
16860,100.0
16861,100.0
16862,100.0
16863,100.0
16864,100.0
16865,100.0
16866,100.0
16867,100.0
16868,100.0
16869,100.0
16870,100.0
16871,100.0
16872,100.0
16873,100.0
16874,100.0
16875,100.0
16876,100.0
16877,100.0
16878,100.0
16879,100.0
16880,100.0
16881,100.0
16882,100.0
16883,100.0
16884,100.0
16885,100.0
16886,100.0
16887,100.0
16888,100.0
16889,100.0
16890,100.0
16891,100.0
16892,100.0
16893,100.0
16894,100.0
16895,100.0
16896,100.0
16897,100.0
16898,100.0
16899,100.0
16900,100.0
16901,100.0
16902,100.0
16903,100.0
16904,100.0
16905,100.0
16906,100.0
16907,100.0
16908,100.0
16909,100.0
16910,100.0
16911,100.0
16912,100.0
16913,100.0
16914,100.0
16915,100.0
16916,100.0
16917,100.0
16918,100.0
16919,100.0
16920,100.0
16921,100.0
16922,100.0
16923,100.0
16924,100.0
16925,100.0
16926,100.0
16927,100.0
16928,100.0
16929,100.0
16930,100.0
16931,100.0
16932,100.0
16933,100.0
16934,100.0
16935,100.0
16936,100.0
16937,100.0
16938,100.0
16939,100.0
16940,100.0
16941,100.0
16942,100.0
16943,100.0
16944,100.0
16945,100.0
16946,100.0
16947,100.0
16948,100.0
16949,100.0
16950,100.0
16951,100.0
16952,100.0
16953,100.0
16954,100.0
16955,100.0
16956,100.0
16957,100.0
16958,100.0
16959,100.0
16960,100.0
16961,100.0
16962,100.0
16963,100.0
16964,100.0
16965,100.0
16966,100.0
16967,100.0
16968,100.0
16969,100.0
16970,100.0
16971,100.0
16972,100.0
16973,100.0
16974,100.0
16975,100.0
16976,100.0
16977,100.0
16978,100.0
16979,100.0
16980,100.0
16981,100.0
16982,100.0
16983,100.0
16984,100.0
16985,100.0
16986,100.0
16987,100.0
16988,100.0
16989,100.0
16990,100.0
16991,100.0
16992,100.0
16993,100.0
16994,100.0
16995,100.0
16996,100.0
16997,100.0
16998,100.0
16999,100.0
17000,100.0
17001,100.0
17002,100.0
17003,100.0
17004,100.0
17005,100.0
17006,100.0
17007,100.0
17008,100.0
17009,100.0
17010,100.0
17011,100.0
17012,100.0
17013,100.0
17014,100.0
17015,100.0
17016,100.0
17017,100.0
17018,100.0
17019,100.0
17020,100.0
17021,100.0
17022,100.0
17023,100.0
17024,100.0
17025,100.0
17026,100.0
17027,100.0
17028,100.0
17029,100.0
17030,100.0
17031,100.0
17032,100.0
17033,100.0
17034,100.0
17035,100.0
17036,100.0
17037,100.0
17038,100.0
17039,100.0
17040,100.0
17041,100.0
17042,100.0
17043,100.0
17044,100.0
17045,100.0
17046,100.0
17047,100.0
17048,100.0
17049,100.0
17050,100.0
17051,100.0
17052,100.0
17053,100.0
17054,100.0
17055,100.0
17056,100.0
17057,100.0
17058,100.0
17059,100.0
17060,100.0
17061,100.0
17062,100.0
17063,100.0
17064,100.0
17065,100.0
17066,100.0
17067,100.0
17068,100.0
17069,100.0
17070,100.0
17071,100.0
17072,100.0
17073,100.0
17074,100.0
17075,100.0
17076,100.0
17077,100.0
17078,100.0
17079,100.0
17080,100.0
17081,100.0
17082,100.0
17083,100.0
17084,100.0
17085,100.0
17086,100.0
17087,100.0
17088,100.0
17089,100.0
17090,100.0
17091,100.0
17092,100.0
17093,100.0
17094,100.0
17095,100.0
17096,100.0
17097,100.0
17098,100.0
17099,100.0
17100,100.0
17101,100.0
17102,100.0
17103,100.0
17104,100.0
17105,100.0
17106,100.0
17107,100.0
17108,100.0
17109,100.0
17110,100.0
17111,100.0
17112,100.0
17113,100.0
17114,100.0
17115,100.0
17116,100.0
17117,100.0
17118,100.0
17119,100.0
17120,100.0
17121,100.0
17122,100.0
17123,100.0
17124,100.0
17125,100.0
17126,100.0
17127,100.0
17128,100.0
17129,100.0
17130,100.0
17131,100.0
17132,100.0
17133,100.0
17134,100.0
17135,100.0
17136,100.0
17137,100.0
17138,100.0
17139,100.0
17140,100.0
17141,100.0
17142,100.0
17143,100.0
17144,100.0
17145,100.0
17146,100.0
17147,100.0
17148,100.0
17149,100.0
17150,100.0
17151,100.0
17152,100.0
17153,100.0
17154,100.0
17155,100.0
17156,100.0
17157,100.0
17158,100.0
17159,100.0
17160,100.0
17161,100.0
17162,100.0
17163,100.0
17164,100.0
17165,100.0
17166,100.0
17167,100.0
17168,100.0
17169,100.0
17170,100.0
17171,100.0
17172,100.0
17173,100.0
17174,100.0
17175,100.0
17176,100.0
17177,100.0
17178,100.0
17179,100.0
17180,100.0
17181,100.0
17182,100.0
17183,100.0
17184,100.0
17185,100.0
17186,100.0
17187,100.0
17188,100.0
17189,100.0
17190,100.0
17191,100.0
17192,100.0
17193,100.0
17194,100.0
17195,100.0
17196,100.0
17197,100.0
17198,100.0
17199,100.0
17200,100.0
17201,100.0
17202,100.0
17203,100.0
17204,100.0
17205,100.0
17206,100.0
17207,100.0
17208,100.0
17209,100.0
17210,100.0
17211,100.0
17212,100.0
17213,100.0
17214,100.0
17215,100.0
17216,100.0
17217,100.0
17218,100.0
17219,100.0
17220,100.0
17221,100.0
17222,100.0
17223,100.0
17224,100.0
17225,100.0
17226,100.0
17227,100.0
17228,100.0
17229,100.0
17230,100.0
17231,100.0
17232,100.0
17233,100.0
17234,100.0
17235,100.0
17236,100.0
17237,100.0
17238,100.0
17239,100.0
17240,100.0
17241,100.0
17242,100.0
17243,100.0
17244,100.0
17245,100.0
17246,100.0
17247,100.0
17248,100.0
17249,100.0
17250,100.0
17251,100.0
17252,100.0
17253,100.0
17254,100.0
17255,100.0
17256,100.0
17257,100.0
17258,100.0
17259,100.0
17260,100.0
17261,100.0
17262,100.0
17263,100.0
17264,100.0
17265,100.0
17266,100.0
17267,100.0
17268,100.0
17269,100.0
17270,100.0
17271,100.0
17272,100.0
17273,100.0
17274,100.0
17275,100.0
17276,100.0
17277,100.0
17278,100.0
17279,100.0
17280,100.0
17281,100.0
17282,100.0
17283,100.0
17284,100.0
17285,100.0
17286,100.0
17287,100.0
17288,100.0
17289,100.0
17290,100.0
17291,100.0
17292,100.0
17293,100.0
17294,100.0
17295,100.0
17296,100.0
17297,100.0
17298,100.0
17299,100.0
17300,100.0
17301,100.0
17302,100.0
17303,100.0
17304,100.0
17305,100.0
17306,100.0
17307,100.0
17308,100.0
17309,100.0
17310,100.0
17311,100.0
17312,100.0
17313,100.0
17314,100.0
17315,100.0
17316,100.0
17317,100.0
17318,100.0
17319,100.0
17320,100.0
17321,100.0
17322,100.0
17323,100.0
17324,100.0
17325,100.0
17326,100.0
17327,100.0
17328,100.0
17329,100.0
17330,100.0
17331,100.0
17332,100.0
17333,100.0
17334,100.0
17335,100.0
17336,100.0
17337,100.0
17338,100.0
17339,100.0
17340,100.0
17341,100.0
17342,100.0
17343,100.0
17344,100.0
17345,100.0
17346,100.0
17347,100.0
17348,100.0
17349,100.0
17350,100.0
17351,100.0
17352,100.0
17353,100.0
17354,100.0
17355,100.0
17356,100.0
17357,100.0
17358,100.0
17359,100.0
17360,100.0
17361,100.0
17362,100.0
17363,100.0
17364,100.0
17365,100.0
17366,100.0
17367,100.0
17368,100.0
17369,100.0
17370,100.0
17371,100.0
17372,100.0
17373,100.0
17374,100.0
17375,100.0
17376,100.0
17377,100.0
17378,100.0
17379,100.0
17380,100.0
17381,100.0
17382,100.0
17383,100.0
17384,100.0
17385,100.0
17386,100.0
17387,100.0
17388,100.0
17389,100.0
17390,100.0
17391,100.0
17392,100.0
17393,100.0
17394,100.0
17395,100.0
17396,100.0
17397,100.0
17398,100.0
17399,100.0
17400,100.0
17401,100.0
17402,100.0
17403,100.0
17404,100.0
17405,100.0
17406,100.0
17407,100.0
17408,100.0
17409,100.0
17410,100.0
17411,100.0
17412,100.0
17413,100.0
17414,100.0
17415,100.0
17416,100.0
17417,100.0
17418,100.0
17419,100.0
17420,100.0
17421,100.0
17422,100.0
17423,100.0
17424,100.0
17425,100.0
17426,100.0
17427,100.0
17428,100.0
17429,100.0
17430,100.0
17431,100.0
17432,100.0
17433,100.0
17434,100.0
17435,100.0
17436,100.0
17437,100.0
17438,100.0
17439,100.0
17440,100.0
17441,100.0
17442,100.0
17443,100.0
17444,100.0
17445,100.0
17446,100.0
17447,100.0
17448,100.0
17449,100.0
17450,100.0
17451,100.0
17452,100.0
17453,100.0
17454,100.0
17455,100.0
17456,100.0
17457,100.0
17458,100.0
17459,100.0
17460,100.0
17461,100.0
17462,100.0
17463,100.0
17464,100.0
17465,100.0
17466,100.0
17467,100.0
17468,100.0
17469,100.0
17470,100.0
17471,100.0
17472,100.0
17473,100.0
17474,100.0
17475,100.0
17476,100.0
17477,100.0
17478,100.0
17479,100.0
17480,100.0
17481,100.0
17482,100.0
17483,100.0
17484,100.0
17485,100.0
17486,100.0
17487,100.0
17488,100.0
17489,100.0
17490,100.0
17491,100.0
17492,100.0
17493,100.0
17494,100.0
17495,100.0
17496,100.0
17497,100.0
17498,100.0
17499,100.0
17500,100.0
17501,100.0
17502,100.0
17503,100.0
17504,100.0
17505,100.0
17506,100.0
17507,100.0
17508,100.0
17509,100.0
17510,100.0
17511,100.0
17512,100.0
17513,100.0
17514,100.0
17515,100.0
17516,100.0
17517,100.0
17518,100.0
17519,100.0
17520,100.0
17521,100.0
17522,100.0
17523,100.0
17524,100.0
17525,100.0
17526,100.0
17527,100.0
17528,100.0
17529,100.0
17530,100.0
17531,100.0
17532,100.0
17533,100.0
17534,100.0
17535,100.0
17536,100.0
17537,100.0
17538,100.0
17539,100.0
17540,100.0
17541,100.0
17542,100.0
17543,100.0
17544,100.0
17545,100.0
17546,100.0
17547,100.0
17548,100.0
17549,100.0
17550,100.0
17551,100.0
17552,100.0
17553,100.0
17554,100.0
17555,100.0
17556,100.0
17557,100.0
17558,100.0
17559,100.0
17560,100.0
17561,100.0
17562,100.0
17563,100.0
17564,100.0
17565,100.0
17566,100.0
17567,100.0
17568,100.0
17569,100.0
17570,100.0
17571,100.0
17572,100.0
17573,100.0
17574,100.0
17575,100.0
17576,100.0
17577,100.0
17578,100.0
17579,100.0
17580,100.0
17581,100.0
17582,100.0
17583,100.0
17584,100.0
17585,100.0
17586,100.0
17587,100.0
17588,100.0
17589,100.0
17590,100.0
17591,100.0
17592,100.0
17593,100.0
17594,100.0
17595,100.0
17596,100.0
17597,100.0
17598,100.0
17599,100.0
17600,100.0
17601,100.0
17602,100.0
17603,100.0
17604,100.0
17605,100.0
17606,100.0
17607,100.0
17608,100.0
17609,100.0
17610,100.0
17611,100.0
17612,100.0
17613,100.0
17614,100.0
17615,100.0
17616,100.0
17617,100.0
17618,100.0
17619,100.0
17620,100.0
17621,100.0
17622,100.0
17623,100.0
17624,100.0
17625,100.0
17626,100.0
17627,100.0
17628,100.0
17629,100.0
17630,100.0
17631,100.0
17632,100.0
17633,100.0
17634,100.0
17635,100.0
17636,100.0
17637,100.0
17638,100.0
17639,100.0
17640,100.0
17641,100.0
17642,100.0
17643,100.0
17644,100.0
17645,100.0
17646,100.0
17647,100.0
17648,100.0
17649,100.0
17650,100.0
17651,100.0
17652,100.0
17653,100.0
17654,100.0
17655,100.0
17656,100.0
17657,100.0
17658,100.0
17659,100.0
17660,100.0
17661,100.0
17662,100.0
17663,100.0
17664,100.0
17665,100.0
17666,100.0
17667,100.0
17668,100.0
17669,100.0
17670,100.0
17671,100.0
17672,100.0
17673,100.0
17674,100.0
17675,100.0
17676,100.0
17677,100.0
17678,100.0
17679,100.0
17680,100.0
17681,100.0
17682,100.0
17683,100.0
17684,100.0
17685,100.0
17686,100.0
17687,100.0
17688,100.0
17689,100.0
17690,100.0
17691,100.0
17692,100.0
17693,100.0
17694,100.0
17695,100.0
17696,100.0
17697,100.0
17698,100.0
17699,100.0
17700,100.0
17701,100.0
17702,100.0
17703,100.0
17704,100.0
17705,100.0
17706,100.0
17707,100.0
17708,100.0
17709,100.0
17710,100.0
17711,100.0
17712,100.0
17713,100.0
17714,100.0
17715,100.0
17716,100.0
17717,100.0
17718,100.0
17719,100.0
17720,100.0
17721,100.0
17722,100.0
17723,100.0
17724,100.0
17725,100.0
17726,100.0
17727,100.0
17728,100.0
17729,100.0
17730,100.0
17731,100.0
17732,100.0
17733,100.0
17734,100.0
17735,100.0
17736,100.0
17737,100.0
17738,100.0
17739,100.0
17740,100.0
17741,100.0
17742,100.0
17743,100.0
17744,100.0
17745,100.0
17746,100.0
17747,100.0
17748,100.0
17749,100.0
17750,100.0
17751,100.0
17752,100.0
17753,100.0
17754,100.0
17755,100.0
17756,100.0
17757,100.0
17758,100.0
17759,100.0
17760,100.0
17761,100.0
17762,100.0
17763,100.0
17764,100.0
17765,100.0
17766,100.0
17767,100.0
17768,100.0
17769,100.0
17770,100.0
17771,100.0
17772,100.0
17773,100.0
17774,100.0
17775,100.0
17776,100.0
17777,100.0
17778,100.0
17779,100.0
17780,100.0
17781,100.0
17782,100.0
17783,100.0
17784,100.0
17785,100.0
17786,100.0
17787,100.0
17788,100.0
17789,100.0
17790,100.0
17791,100.0
17792,100.0
17793,100.0
17794,100.0
17795,100.0
17796,100.0
17797,100.0
17798,100.0
17799,100.0
17800,100.0
17801,100.0
17802,100.0
17803,100.0
17804,100.0
17805,100.0
17806,100.0
17807,100.0
17808,100.0
17809,100.0
17810,100.0
17811,100.0
17812,100.0
17813,100.0
17814,100.0
17815,100.0
17816,100.0
17817,100.0
17818,100.0
17819,100.0
17820,100.0
17821,100.0
17822,100.0
17823,100.0
17824,100.0
17825,100.0
17826,100.0
17827,100.0
17828,100.0
17829,100.0
17830,100.0
17831,100.0
17832,100.0
17833,100.0
17834,100.0
17835,100.0
17836,100.0
17837,100.0
17838,100.0
17839,100.0
17840,100.0
17841,100.0
17842,100.0
17843,100.0
17844,100.0
17845,100.0
17846,100.0
17847,100.0
17848,100.0
17849,100.0
17850,100.0
17851,100.0
17852,100.0
17853,100.0
17854,100.0
17855,100.0
17856,100.0
17857,100.0
17858,100.0
17859,100.0
17860,100.0
17861,100.0
17862,100.0
17863,100.0
17864,100.0
17865,100.0
17866,100.0
17867,100.0
17868,100.0
17869,100.0
17870,100.0
17871,100.0
17872,100.0
17873,100.0
17874,100.0
17875,100.0
17876,100.0
17877,100.0
17878,100.0
17879,100.0
17880,100.0
17881,100.0
17882,100.0
17883,100.0
17884,100.0
17885,100.0
17886,100.0
17887,100.0
17888,100.0
17889,100.0
17890,100.0
17891,100.0
17892,100.0
17893,100.0
17894,100.0
17895,100.0
17896,100.0
17897,100.0
17898,100.0
17899,100.0
17900,100.0
17901,100.0
17902,100.0
17903,100.0
17904,100.0
17905,100.0
17906,100.0
17907,100.0
17908,100.0
17909,100.0
17910,100.0
17911,100.0
17912,100.0
17913,100.0
17914,100.0
17915,100.0
17916,100.0
17917,100.0
17918,100.0
17919,100.0
17920,100.0
17921,100.0
17922,100.0
17923,100.0
17924,100.0
17925,100.0
17926,100.0
17927,100.0
17928,100.0
17929,100.0
17930,100.0
17931,100.0
17932,100.0
17933,100.0
17934,100.0
17935,100.0
17936,100.0
17937,100.0
17938,100.0
17939,100.0
17940,100.0
17941,100.0
17942,100.0
17943,100.0
17944,100.0
17945,100.0
17946,100.0
17947,100.0
17948,100.0
17949,100.0
17950,100.0
17951,100.0
17952,100.0
17953,100.0
17954,100.0
17955,100.0
17956,100.0
17957,100.0
17958,100.0
17959,100.0
17960,100.0
17961,100.0
17962,100.0
17963,100.0
17964,100.0
17965,100.0
17966,100.0
17967,100.0
17968,100.0
17969,100.0
17970,100.0
17971,100.0
17972,100.0
17973,100.0
17974,100.0
17975,100.0
17976,100.0
17977,100.0
17978,100.0
17979,100.0
17980,100.0
17981,100.0
17982,100.0
17983,100.0
17984,100.0
17985,100.0
17986,100.0
17987,100.0
17988,100.0
17989,100.0
17990,100.0
17991,100.0
17992,100.0
17993,100.0
17994,100.0
17995,100.0
17996,100.0
17997,100.0
17998,100.0
17999,100.0
18000,100.0
18001,100.0
18002,100.0
18003,100.0
18004,100.0
18005,100.0
18006,100.0
18007,100.0
18008,100.0
18009,100.0
18010,100.0
18011,100.0
18012,100.0
18013,100.0
18014,100.0
18015,100.0
18016,100.0
18017,100.0
18018,100.0
18019,100.0
18020,100.0
18021,100.0
18022,100.0
18023,100.0
18024,100.0
18025,100.0
18026,100.0
18027,100.0
18028,100.0
18029,100.0
18030,100.0
18031,100.0
18032,100.0
18033,100.0
18034,100.0
18035,100.0
18036,100.0
18037,100.0
18038,100.0
18039,100.0
18040,100.0
18041,100.0
18042,100.0
18043,100.0
18044,100.0
18045,100.0
18046,100.0
18047,100.0
18048,100.0
18049,100.0
18050,100.0
18051,100.0
18052,100.0
18053,100.0
18054,100.0
18055,100.0
18056,100.0
18057,100.0
18058,100.0
18059,100.0
18060,100.0
18061,100.0
18062,100.0
18063,100.0
18064,100.0
18065,100.0
18066,100.0
18067,100.0
18068,100.0
18069,100.0
18070,100.0
18071,100.0
18072,100.0
18073,100.0
18074,100.0
18075,100.0
18076,100.0
18077,100.0
18078,100.0
18079,100.0
18080,100.0
18081,100.0
18082,100.0
18083,100.0
18084,100.0
18085,100.0
18086,100.0
18087,100.0
18088,100.0
18089,100.0
18090,100.0
18091,100.0
18092,100.0
18093,100.0
18094,100.0
18095,100.0
18096,100.0
18097,100.0
18098,100.0
18099,100.0
18100,100.0
18101,100.0
18102,100.0
18103,100.0
18104,100.0
18105,100.0
18106,100.0
18107,100.0
18108,100.0
18109,100.0
18110,100.0
18111,100.0
18112,100.0
18113,100.0
18114,100.0
18115,100.0
18116,100.0
18117,100.0
18118,100.0
18119,100.0
18120,100.0
18121,100.0
18122,100.0
18123,100.0
18124,100.0
18125,100.0
18126,100.0
18127,100.0
18128,100.0
18129,100.0
18130,100.0
18131,100.0
18132,100.0
18133,100.0
18134,100.0
18135,100.0
18136,100.0
18137,100.0
18138,100.0
18139,100.0
18140,100.0
18141,100.0
18142,100.0
18143,100.0
18144,100.0
18145,100.0
18146,100.0
18147,100.0
18148,100.0
18149,100.0
18150,100.0
18151,100.0
18152,100.0
18153,100.0
18154,100.0
18155,100.0
18156,100.0
18157,100.0
18158,100.0
18159,100.0
18160,100.0
18161,100.0
18162,100.0
18163,100.0
18164,100.0
18165,100.0
18166,100.0
18167,100.0
18168,100.0
18169,100.0
18170,100.0
18171,100.0
18172,100.0
18173,100.0
18174,100.0
18175,100.0
18176,100.0
18177,100.0
18178,100.0
18179,100.0
18180,100.0
18181,100.0
18182,100.0
18183,100.0
18184,100.0
18185,100.0
18186,100.0
18187,100.0
18188,100.0
18189,100.0
18190,100.0
18191,100.0
18192,100.0
18193,100.0
18194,100.0
18195,100.0
18196,100.0
18197,100.0
18198,100.0
18199,100.0
18200,100.0
18201,100.0
18202,100.0
18203,100.0
18204,100.0
18205,100.0
18206,100.0
18207,100.0
18208,100.0
18209,100.0
18210,100.0
18211,100.0
18212,100.0
18213,100.0
18214,100.0
18215,100.0
18216,100.0
18217,100.0
18218,100.0
18219,100.0
18220,100.0
18221,100.0
18222,100.0
18223,100.0
18224,100.0
18225,100.0
18226,100.0
18227,100.0
18228,100.0
18229,100.0
18230,100.0
18231,100.0
18232,100.0
18233,100.0
18234,100.0
18235,100.0
18236,100.0
18237,100.0
18238,100.0
18239,100.0
18240,100.0
18241,100.0
18242,100.0
18243,100.0
18244,100.0
18245,100.0
18246,100.0
18247,100.0
18248,100.0
18249,100.0
18250,100.0
18251,100.0
18252,100.0
18253,100.0
18254,100.0
18255,100.0
18256,100.0
18257,100.0
18258,100.0
18259,100.0
18260,100.0
18261,100.0
18262,100.0
18263,100.0
18264,100.0
18265,100.0
18266,100.0
18267,100.0
18268,100.0
18269,100.0
18270,100.0
18271,100.0
18272,100.0
18273,100.0
18274,100.0
18275,100.0
18276,100.0
18277,100.0
18278,100.0
18279,100.0
18280,100.0
18281,100.0
18282,100.0
18283,100.0
18284,100.0
18285,100.0
18286,100.0
18287,100.0
18288,100.0
18289,100.0
18290,100.0
18291,100.0
18292,100.0
18293,100.0
18294,100.0
18295,100.0
18296,100.0
18297,100.0
18298,100.0
18299,100.0
18300,100.0
18301,100.0
18302,100.0
18303,100.0
18304,100.0
18305,100.0
18306,100.0
18307,100.0
18308,100.0
18309,100.0
18310,100.0
18311,100.0
18312,100.0
18313,100.0
18314,100.0
18315,100.0
18316,100.0
18317,100.0
18318,100.0
18319,100.0
18320,100.0
18321,100.0
18322,100.0
18323,100.0
18324,100.0
18325,100.0
18326,100.0
18327,100.0
18328,100.0
18329,100.0
18330,100.0
18331,100.0
18332,100.0
18333,100.0
18334,100.0
18335,100.0
18336,100.0
18337,100.0
18338,100.0
18339,100.0
18340,100.0
18341,100.0
18342,100.0
18343,100.0
18344,100.0
18345,100.0
18346,100.0
18347,100.0
18348,100.0
18349,100.0
18350,100.0
18351,100.0
18352,100.0
18353,100.0
18354,100.0
18355,100.0
18356,100.0
18357,100.0
18358,100.0
18359,100.0
18360,100.0
18361,100.0
18362,100.0
18363,100.0
18364,100.0
18365,100.0
18366,100.0
18367,100.0
18368,100.0
18369,100.0
18370,100.0
18371,100.0
18372,100.0
18373,100.0
18374,100.0
18375,100.0
18376,100.0
18377,100.0
18378,100.0
18379,100.0
18380,100.0
18381,100.0
18382,100.0
18383,100.0
18384,100.0
18385,100.0
18386,100.0
18387,100.0
18388,100.0
18389,100.0
18390,100.0
18391,100.0
18392,100.0
18393,100.0
18394,100.0
18395,100.0
18396,100.0
18397,100.0
18398,100.0
18399,100.0
18400,100.0
18401,100.0
18402,100.0
18403,100.0
18404,100.0
18405,100.0
18406,100.0
18407,100.0
18408,100.0
18409,100.0
18410,100.0
18411,100.0
18412,100.0
18413,100.0
18414,100.0
18415,100.0
18416,100.0
18417,100.0
18418,100.0
18419,100.0
18420,100.0
18421,100.0
18422,100.0
18423,100.0
18424,100.0
18425,100.0
18426,100.0
18427,100.0
18428,100.0
18429,100.0
18430,100.0
18431,100.0
18432,100.0
18433,100.0
18434,100.0
18435,100.0
18436,100.0
18437,100.0
18438,100.0
18439,100.0
18440,100.0
18441,100.0
18442,100.0
18443,100.0
18444,100.0
18445,100.0
18446,100.0
18447,100.0
18448,100.0
18449,100.0
18450,100.0
18451,100.0
18452,100.0
18453,100.0
18454,100.0
18455,100.0
18456,100.0
18457,100.0
18458,100.0
18459,100.0
18460,100.0
18461,100.0
18462,100.0
18463,100.0
18464,100.0
18465,100.0
18466,100.0
18467,100.0
18468,100.0
18469,100.0
18470,100.0
18471,100.0
18472,100.0
18473,100.0
18474,100.0
18475,100.0
18476,100.0
18477,100.0
18478,100.0
18479,100.0
18480,100.0
18481,100.0
18482,100.0
18483,100.0
18484,100.0
18485,100.0
18486,100.0
18487,100.0
18488,100.0
18489,100.0
18490,100.0
18491,100.0
18492,100.0
18493,100.0
18494,100.0
18495,100.0
18496,100.0
18497,100.0
18498,100.0
18499,100.0
18500,100.0
18501,100.0
18502,100.0
18503,100.0
18504,100.0
18505,100.0
18506,100.0
18507,100.0
18508,100.0
18509,100.0
18510,100.0
18511,100.0
18512,100.0
18513,100.0
18514,100.0
18515,100.0
18516,100.0
18517,100.0
18518,100.0
18519,100.0
18520,100.0
18521,100.0
18522,100.0
18523,100.0
18524,100.0
18525,100.0
18526,100.0
18527,100.0
18528,100.0
18529,100.0
18530,100.0
18531,100.0
18532,100.0
18533,100.0
18534,100.0
18535,100.0
18536,100.0
18537,100.0
18538,100.0
18539,100.0
18540,100.0
18541,100.0
18542,100.0
18543,100.0
18544,100.0
18545,100.0
18546,100.0
18547,100.0
18548,100.0
18549,100.0
18550,100.0
18551,100.0
18552,100.0
18553,100.0
18554,100.0
18555,100.0
18556,100.0
18557,100.0
18558,100.0
18559,100.0
18560,100.0
18561,100.0
18562,100.0
18563,100.0
18564,100.0
18565,100.0
18566,100.0
18567,100.0
18568,100.0
18569,100.0
18570,100.0
18571,100.0
18572,100.0
18573,100.0
18574,100.0
18575,100.0
18576,100.0
18577,100.0
18578,100.0
18579,100.0
18580,100.0
18581,100.0
18582,100.0
18583,100.0
18584,100.0
18585,100.0
18586,100.0
18587,100.0
18588,100.0
18589,100.0
18590,100.0
18591,100.0
18592,100.0
18593,100.0
18594,100.0
18595,100.0
18596,100.0
18597,100.0
18598,100.0
18599,100.0
18600,100.0
18601,100.0
18602,100.0
18603,100.0
18604,100.0
18605,100.0
18606,100.0
18607,100.0
18608,100.0
18609,100.0
18610,100.0
18611,100.0
18612,100.0
18613,100.0
18614,100.0
18615,100.0
18616,100.0
18617,100.0
18618,100.0
18619,100.0
18620,100.0
18621,100.0
18622,100.0
18623,100.0
18624,100.0
18625,100.0
18626,100.0
18627,100.0
18628,100.0
18629,100.0
18630,100.0
18631,100.0
18632,100.0
18633,100.0
18634,100.0
18635,100.0
18636,100.0
18637,100.0
18638,100.0
18639,100.0
18640,100.0
18641,100.0
18642,100.0
18643,100.0
18644,100.0
18645,100.0
18646,100.0
18647,100.0
18648,100.0
18649,100.0
18650,100.0
18651,100.0
18652,100.0
18653,100.0
18654,100.0
18655,100.0
18656,100.0
18657,100.0
18658,100.0
18659,100.0
18660,100.0
18661,100.0
18662,100.0
18663,100.0
18664,100.0
18665,100.0
18666,100.0
18667,100.0
18668,100.0
18669,100.0
18670,100.0
18671,100.0
18672,100.0
18673,100.0
18674,100.0
18675,100.0
18676,100.0
18677,100.0
18678,100.0
18679,100.0
18680,100.0
18681,100.0
18682,100.0
18683,100.0
18684,100.0
18685,100.0
18686,100.0
18687,100.0
18688,100.0
18689,100.0
18690,100.0
18691,100.0
18692,100.0
18693,100.0
18694,100.0
18695,100.0
18696,100.0
18697,100.0
18698,100.0
18699,100.0
18700,100.0
18701,100.0
18702,100.0
18703,100.0
18704,100.0
18705,100.0
18706,100.0
18707,100.0
18708,100.0
18709,100.0
18710,100.0
18711,100.0
18712,100.0
18713,100.0
18714,100.0
18715,100.0
18716,100.0
18717,100.0
18718,100.0
18719,100.0
18720,100.0
18721,100.0
18722,100.0
18723,100.0
18724,100.0
18725,100.0
18726,100.0
18727,100.0
18728,100.0
18729,100.0
18730,100.0
18731,100.0
18732,100.0
18733,100.0
18734,100.0
18735,100.0
18736,100.0
18737,100.0
18738,100.0
18739,100.0
18740,100.0
18741,100.0
18742,100.0
18743,100.0
18744,100.0
18745,100.0
18746,100.0
18747,100.0
18748,100.0
18749,100.0
18750,100.0
18751,100.0
18752,100.0
18753,100.0
18754,100.0
18755,100.0
18756,100.0
18757,100.0
18758,100.0
18759,100.0
18760,100.0
18761,100.0
18762,100.0
18763,100.0
18764,100.0
18765,100.0
18766,100.0
18767,100.0
18768,100.0
18769,100.0
18770,100.0
18771,100.0
18772,100.0
18773,100.0
18774,100.0
18775,100.0
18776,100.0
18777,100.0
18778,100.0
18779,100.0
18780,100.0
18781,100.0
18782,100.0
18783,100.0
18784,100.0
18785,100.0
18786,100.0
18787,100.0
18788,100.0
18789,100.0
18790,100.0
18791,100.0
18792,100.0
18793,100.0
18794,100.0
18795,100.0
18796,100.0
18797,100.0
18798,100.0
18799,100.0
18800,100.0
18801,100.0
18802,100.0
18803,100.0
18804,100.0
18805,100.0
18806,100.0
18807,100.0
18808,100.0
18809,100.0
18810,100.0
18811,100.0
18812,100.0
18813,100.0
18814,100.0
18815,100.0
18816,100.0
18817,100.0
18818,100.0
18819,100.0
18820,100.0
18821,100.0
18822,100.0
18823,100.0
18824,100.0
18825,100.0
18826,100.0
18827,100.0
18828,100.0
18829,100.0
18830,100.0
18831,100.0
18832,100.0
18833,100.0
18834,100.0
18835,100.0
18836,100.0
18837,100.0
18838,100.0
18839,100.0
18840,100.0
18841,100.0
18842,100.0
18843,100.0
18844,100.0
18845,100.0
18846,100.0
18847,100.0
18848,100.0
18849,100.0
18850,100.0
18851,100.0
18852,100.0
18853,100.0
18854,100.0
18855,100.0
18856,100.0
18857,100.0
18858,100.0
18859,100.0
18860,100.0
18861,100.0
18862,100.0
18863,100.0
18864,100.0
18865,100.0
18866,100.0
18867,100.0
18868,100.0
18869,100.0
18870,100.0
18871,100.0
18872,100.0
18873,100.0
18874,100.0
18875,100.0
18876,100.0
18877,100.0
18878,100.0
18879,100.0
18880,100.0
18881,100.0
18882,100.0
18883,100.0
18884,100.0
18885,100.0
18886,100.0
18887,100.0
18888,100.0
18889,100.0
18890,100.0
18891,100.0
18892,100.0
18893,100.0
18894,100.0
18895,100.0
18896,100.0
18897,100.0
18898,100.0
18899,100.0
18900,100.0
18901,100.0
18902,100.0
18903,100.0
18904,100.0
18905,100.0
18906,100.0
18907,100.0
18908,100.0
18909,100.0
18910,100.0
18911,100.0
18912,100.0
18913,100.0
18914,100.0
18915,100.0
18916,100.0
18917,100.0
18918,100.0
18919,100.0
18920,100.0
18921,100.0
18922,100.0
18923,100.0
18924,100.0
18925,100.0
18926,100.0
18927,100.0
18928,100.0
18929,100.0
18930,100.0
18931,100.0
18932,100.0
18933,100.0
18934,100.0
18935,100.0
18936,100.0
18937,100.0
18938,100.0
18939,100.0
18940,100.0
18941,100.0
18942,100.0
18943,100.0
18944,100.0
18945,100.0
18946,100.0
18947,100.0
18948,100.0
18949,100.0
18950,100.0
18951,100.0
18952,100.0
18953,100.0
18954,100.0
18955,100.0
18956,100.0
18957,100.0
18958,100.0
18959,100.0
18960,100.0
18961,100.0
18962,100.0
18963,100.0
18964,100.0
18965,100.0
18966,100.0
18967,100.0
18968,100.0
18969,100.0
18970,100.0
18971,100.0
18972,100.0
18973,100.0
18974,100.0
18975,100.0
18976,100.0
18977,100.0
18978,100.0
18979,100.0
18980,100.0
18981,100.0
18982,100.0
18983,100.0
18984,100.0
18985,100.0
18986,100.0
18987,100.0
18988,100.0
18989,100.0
18990,100.0
18991,100.0
18992,100.0
18993,100.0
18994,100.0
18995,100.0
18996,100.0
18997,100.0
18998,100.0
18999,100.0
19000,100.0
19001,100.0
19002,100.0
19003,100.0
19004,100.0
19005,100.0
19006,100.0
19007,100.0
19008,100.0
19009,100.0
19010,100.0
19011,100.0
19012,100.0
19013,100.0
19014,100.0
19015,100.0
19016,100.0
19017,100.0
19018,100.0
19019,100.0
19020,100.0
19021,100.0
19022,100.0
19023,100.0
19024,100.0
19025,100.0
19026,100.0
19027,100.0
19028,100.0
19029,100.0
19030,100.0
19031,100.0
19032,100.0
19033,100.0
19034,100.0
19035,100.0
19036,100.0
19037,100.0
19038,100.0
19039,100.0
19040,100.0
19041,100.0
19042,100.0
19043,100.0
19044,100.0
19045,100.0
19046,100.0
19047,100.0
19048,100.0
19049,100.0
19050,100.0
19051,100.0
19052,100.0
19053,100.0
19054,100.0
19055,100.0
19056,100.0
19057,100.0
19058,100.0
19059,100.0
19060,100.0
19061,100.0
19062,100.0
19063,100.0
19064,100.0
19065,100.0
19066,100.0
19067,100.0
19068,100.0
19069,100.0
19070,100.0
19071,100.0
19072,100.0
19073,100.0
19074,100.0
19075,100.0
19076,100.0
19077,100.0
19078,100.0
19079,100.0
19080,100.0
19081,100.0
19082,100.0
19083,100.0
19084,100.0
19085,100.0
19086,100.0
19087,100.0
19088,100.0
19089,100.0
19090,100.0
19091,100.0
19092,100.0
19093,100.0
19094,100.0
19095,100.0
19096,100.0
19097,100.0
19098,100.0
19099,100.0
19100,100.0
19101,100.0
19102,100.0
19103,100.0
19104,100.0
19105,100.0
19106,100.0
19107,100.0
19108,100.0
19109,100.0
19110,100.0
19111,100.0
19112,100.0
19113,100.0
19114,100.0
19115,100.0
19116,100.0
19117,100.0
19118,100.0
19119,100.0
19120,100.0
19121,100.0
19122,100.0
19123,100.0
19124,100.0
19125,100.0
19126,100.0
19127,100.0
19128,100.0
19129,100.0
19130,100.0
19131,100.0
19132,100.0
19133,100.0
19134,100.0
19135,100.0
19136,100.0
19137,100.0
19138,100.0
19139,100.0
19140,100.0
19141,100.0
19142,100.0
19143,100.0
19144,100.0
19145,100.0
19146,100.0
19147,100.0
19148,100.0
19149,100.0
19150,100.0
19151,100.0
19152,100.0
19153,100.0
19154,100.0
19155,100.0
19156,100.0
19157,100.0
19158,100.0
19159,100.0
19160,100.0
19161,100.0
19162,100.0
19163,100.0
19164,100.0
19165,100.0
19166,100.0
19167,100.0
19168,100.0
19169,100.0
19170,100.0
19171,100.0
19172,100.0
19173,100.0
19174,100.0
19175,100.0
19176,100.0
19177,100.0
19178,100.0
19179,100.0
19180,100.0
19181,100.0
19182,100.0
19183,100.0
19184,100.0
19185,100.0
19186,100.0
19187,100.0
19188,100.0
19189,100.0
19190,100.0
19191,100.0
19192,100.0
19193,100.0
19194,100.0
19195,100.0
19196,100.0
19197,100.0
19198,100.0
19199,100.0
19200,100.0
19201,100.0
19202,100.0
19203,100.0
19204,100.0
19205,100.0
19206,100.0
19207,100.0
19208,100.0
19209,100.0
19210,100.0
19211,100.0
19212,100.0
19213,100.0
19214,100.0
19215,100.0
19216,100.0
19217,100.0
19218,100.0
19219,100.0
19220,100.0
19221,100.0
19222,100.0
19223,100.0
19224,100.0
19225,100.0
19226,100.0
19227,100.0
19228,100.0
19229,100.0
19230,100.0
19231,100.0
19232,100.0
19233,100.0
19234,100.0
19235,100.0
19236,100.0
19237,100.0
19238,100.0
19239,100.0
19240,100.0
19241,100.0
19242,100.0
19243,100.0
19244,100.0
19245,100.0
19246,100.0
19247,100.0
19248,100.0
19249,100.0
19250,100.0
19251,100.0
19252,100.0
19253,100.0
19254,100.0
19255,100.0
19256,100.0
19257,100.0
19258,100.0
19259,100.0
19260,100.0
19261,100.0
19262,100.0
19263,100.0
19264,100.0
19265,100.0
19266,100.0
19267,100.0
19268,100.0
19269,100.0
19270,100.0
19271,100.0
19272,100.0
19273,100.0
19274,100.0
19275,100.0
19276,100.0
19277,100.0
19278,100.0
19279,100.0
19280,100.0
19281,100.0
19282,100.0
19283,100.0
19284,100.0
19285,100.0
19286,100.0
19287,100.0
19288,100.0
19289,100.0
19290,100.0
19291,100.0
19292,100.0
19293,100.0
19294,100.0
19295,100.0
19296,100.0
19297,100.0
19298,100.0
19299,100.0
19300,100.0
19301,100.0
19302,100.0
19303,100.0
19304,100.0
19305,100.0
19306,100.0
19307,100.0
19308,100.0
19309,100.0
19310,100.0
19311,100.0
19312,100.0
19313,100.0
19314,100.0
19315,100.0
19316,100.0
19317,100.0
19318,100.0
19319,100.0
19320,100.0
19321,100.0
19322,100.0
19323,100.0
19324,100.0
19325,100.0
19326,100.0
19327,100.0
19328,100.0
19329,100.0
19330,100.0
19331,100.0
19332,100.0
19333,100.0
19334,100.0
19335,100.0
19336,100.0
19337,100.0
19338,100.0
19339,100.0
19340,100.0
19341,100.0
19342,100.0
19343,100.0
19344,100.0
19345,100.0
19346,100.0
19347,100.0
19348,100.0
19349,100.0
19350,100.0
19351,100.0
19352,100.0
19353,100.0
19354,100.0
19355,100.0
19356,100.0
19357,100.0
19358,100.0
19359,100.0
19360,100.0
19361,100.0
19362,100.0
19363,100.0
19364,100.0
19365,100.0
19366,100.0
19367,100.0
19368,100.0
19369,100.0
19370,100.0
19371,100.0
19372,100.0
19373,100.0
19374,100.0
19375,100.0
19376,100.0
19377,100.0
19378,100.0
19379,100.0
19380,100.0
19381,100.0
19382,100.0
19383,100.0
19384,100.0
19385,100.0
19386,100.0
19387,100.0
19388,100.0
19389,100.0
19390,100.0
19391,100.0
19392,100.0
19393,100.0
19394,100.0
19395,100.0
19396,100.0
19397,100.0
19398,100.0
19399,100.0
19400,100.0
19401,100.0
19402,100.0
19403,100.0
19404,100.0
19405,100.0
19406,100.0
19407,100.0
19408,100.0
19409,100.0
19410,100.0
19411,100.0
19412,100.0
19413,100.0
19414,100.0
19415,100.0
19416,100.0
19417,100.0
19418,100.0
19419,100.0
19420,100.0
19421,100.0
19422,100.0
19423,100.0
19424,100.0
19425,100.0
19426,100.0
19427,100.0
19428,100.0
19429,100.0
19430,100.0
19431,100.0
19432,100.0
19433,100.0
19434,100.0
19435,100.0
19436,100.0
19437,100.0
19438,100.0
19439,100.0
19440,100.0
19441,100.0
19442,100.0
19443,100.0
19444,100.0
19445,100.0
19446,100.0
19447,100.0
19448,100.0
19449,100.0
19450,100.0
19451,100.0
19452,100.0
19453,100.0
19454,100.0
19455,100.0
19456,100.0
19457,100.0
19458,100.0
19459,100.0
19460,100.0
19461,100.0
19462,100.0
19463,100.0
19464,100.0
19465,100.0
19466,100.0
19467,100.0
19468,100.0
19469,100.0
19470,100.0
19471,100.0
19472,100.0
19473,100.0
19474,100.0
19475,100.0
19476,100.0
19477,100.0
19478,100.0
19479,100.0
19480,100.0
19481,100.0
19482,100.0
19483,100.0
19484,100.0
19485,100.0
19486,100.0
19487,100.0
19488,100.0
19489,100.0
19490,100.0
19491,100.0
19492,100.0
19493,100.0
19494,100.0
19495,100.0
19496,100.0
19497,100.0
19498,100.0
19499,100.0
19500,100.0
19501,100.0
19502,100.0
19503,100.0
19504,100.0
19505,100.0
19506,100.0
19507,100.0
19508,100.0
19509,100.0
19510,100.0
19511,100.0
19512,100.0
19513,100.0
19514,100.0
19515,100.0
19516,100.0
19517,100.0
19518,100.0
19519,100.0
19520,100.0
19521,100.0
19522,100.0
19523,100.0
19524,100.0
19525,100.0
19526,100.0
19527,100.0
19528,100.0
19529,100.0
19530,100.0
19531,100.0
19532,100.0
19533,100.0
19534,100.0
19535,100.0
19536,100.0
19537,100.0
19538,100.0
19539,100.0
19540,100.0
19541,100.0
19542,100.0
19543,100.0
19544,100.0
19545,100.0
19546,100.0
19547,100.0
19548,100.0
19549,100.0
19550,100.0
19551,100.0
19552,100.0
19553,100.0
19554,100.0
19555,100.0
19556,100.0
19557,100.0
19558,100.0
19559,100.0
19560,100.0
19561,100.0
19562,100.0
19563,100.0
19564,100.0
19565,100.0
19566,100.0
19567,100.0
19568,100.0
19569,100.0
19570,100.0
19571,100.0
19572,100.0
19573,100.0
19574,100.0
19575,100.0
19576,100.0
19577,100.0
19578,100.0
19579,100.0
19580,100.0
19581,100.0
19582,100.0
19583,100.0
19584,100.0
19585,100.0
19586,100.0
19587,100.0
19588,100.0
19589,100.0
19590,100.0
19591,100.0
19592,100.0
19593,100.0
19594,100.0
19595,100.0
19596,100.0
19597,100.0
19598,100.0
19599,100.0
19600,100.0
19601,100.0
19602,100.0
19603,100.0
19604,100.0
19605,100.0
19606,100.0
19607,100.0
19608,100.0
19609,100.0
19610,100.0
19611,100.0
19612,100.0
19613,100.0
19614,100.0
19615,100.0
19616,100.0
19617,100.0
19618,100.0
19619,100.0
19620,100.0
19621,100.0
19622,100.0
19623,100.0
19624,100.0
19625,100.0
19626,100.0
19627,100.0
19628,100.0
19629,100.0
19630,100.0
19631,100.0
19632,100.0
19633,100.0
19634,100.0
19635,100.0
19636,100.0
19637,100.0
19638,100.0
19639,100.0
19640,100.0
19641,100.0
19642,100.0
19643,100.0
19644,100.0
19645,100.0
19646,100.0
19647,100.0
19648,100.0
19649,100.0
19650,100.0
19651,100.0
19652,100.0
19653,100.0
19654,100.0
19655,100.0
19656,100.0
19657,100.0
19658,100.0
19659,100.0
19660,100.0
19661,100.0
19662,100.0
19663,100.0
19664,100.0
19665,100.0
19666,100.0
19667,100.0
19668,100.0
19669,100.0
19670,100.0
19671,100.0
19672,100.0
19673,100.0
19674,100.0
19675,100.0
19676,100.0
19677,100.0
19678,100.0
19679,100.0
19680,100.0
19681,100.0
19682,100.0
19683,100.0
19684,100.0
19685,100.0
19686,100.0
19687,100.0
19688,100.0
19689,100.0
19690,100.0
19691,100.0
19692,100.0
19693,100.0
19694,100.0
19695,100.0
19696,100.0
19697,100.0
19698,100.0
19699,100.0
19700,100.0
19701,100.0
19702,100.0
19703,100.0
19704,100.0
19705,100.0
19706,100.0
19707,100.0
19708,100.0
19709,100.0
19710,100.0
19711,100.0
19712,100.0
19713,100.0
19714,100.0
19715,100.0
19716,100.0
19717,100.0
19718,100.0
19719,100.0
19720,100.0
19721,100.0
19722,100.0
19723,100.0
19724,100.0
19725,100.0
19726,100.0
19727,100.0
19728,100.0
19729,100.0
19730,100.0
19731,100.0
19732,100.0
19733,100.0
19734,100.0
19735,100.0
19736,100.0
19737,100.0
19738,100.0
19739,100.0
19740,100.0
19741,100.0
19742,100.0
19743,100.0
19744,100.0
19745,100.0
19746,100.0
19747,100.0
19748,100.0
19749,100.0
19750,100.0
19751,100.0
19752,100.0
19753,100.0
19754,100.0
19755,100.0
19756,100.0
19757,100.0
19758,100.0
19759,100.0
19760,100.0
19761,100.0
19762,100.0
19763,100.0
19764,100.0
19765,100.0
19766,100.0
19767,100.0
19768,100.0
19769,100.0
19770,100.0
19771,100.0
19772,100.0
19773,100.0
19774,100.0
19775,100.0
19776,100.0
19777,100.0
19778,100.0
19779,100.0
19780,100.0
19781,100.0
19782,100.0
19783,100.0
19784,100.0
19785,100.0
19786,100.0
19787,100.0
19788,100.0
19789,100.0
19790,100.0
19791,100.0
19792,100.0
19793,100.0
19794,100.0
19795,100.0
19796,100.0
19797,100.0
19798,100.0
19799,100.0
19800,100.0
19801,100.0
19802,100.0
19803,100.0
19804,100.0
19805,100.0
19806,100.0
19807,100.0
19808,100.0
19809,100.0
19810,100.0
19811,100.0
19812,100.0
19813,100.0
19814,100.0
19815,100.0
19816,100.0
19817,100.0
19818,100.0
19819,100.0
19820,100.0
19821,100.0
19822,100.0
19823,100.0
19824,100.0
19825,100.0
19826,100.0
19827,100.0
19828,100.0
19829,100.0
19830,100.0
19831,100.0
19832,100.0
19833,100.0
19834,100.0
19835,100.0
19836,100.0
19837,100.0
19838,100.0
19839,100.0
19840,100.0
19841,100.0
19842,100.0
19843,100.0
19844,100.0
19845,100.0
19846,100.0
19847,100.0
19848,100.0
19849,100.0
19850,100.0
19851,100.0
19852,100.0
19853,100.0
19854,100.0
19855,100.0
19856,100.0
19857,100.0
19858,100.0
19859,100.0
19860,100.0
19861,100.0
19862,100.0
19863,100.0
19864,100.0
19865,100.0
19866,100.0
19867,100.0
19868,100.0
19869,100.0
19870,100.0
19871,100.0
19872,100.0
19873,100.0
19874,100.0
19875,100.0
19876,100.0
19877,100.0
19878,100.0
19879,100.0
19880,100.0
19881,100.0
19882,100.0
19883,100.0
19884,100.0
19885,100.0
19886,100.0
19887,100.0
19888,100.0
19889,100.0
19890,100.0
19891,100.0
19892,100.0
19893,100.0
19894,100.0
19895,100.0
19896,100.0
19897,100.0
19898,100.0
19899,100.0
19900,100.0
19901,100.0
19902,100.0
19903,100.0
19904,100.0
19905,100.0
19906,100.0
19907,100.0
19908,100.0
19909,100.0
19910,100.0
19911,100.0
19912,100.0
19913,100.0
19914,100.0
19915,100.0
19916,100.0
19917,100.0
19918,100.0
19919,100.0
19920,100.0
19921,100.0
19922,100.0
19923,100.0
19924,100.0
19925,100.0
19926,100.0
19927,100.0
19928,100.0
19929,100.0
19930,100.0
19931,100.0
19932,100.0
19933,100.0
19934,100.0
19935,100.0
19936,100.0
19937,100.0
19938,100.0
19939,100.0
19940,100.0
19941,100.0
19942,100.0
19943,100.0
19944,100.0
19945,100.0
19946,100.0
19947,100.0
19948,100.0
19949,100.0
19950,100.0
19951,100.0
19952,100.0
19953,100.0
19954,100.0
19955,100.0
19956,100.0
19957,100.0
19958,100.0
19959,100.0
19960,100.0
19961,100.0
19962,100.0
19963,100.0
19964,100.0
19965,100.0
19966,100.0
19967,100.0
19968,100.0
19969,100.0
19970,100.0
19971,100.0
19972,100.0
19973,100.0
19974,100.0
19975,100.0
19976,100.0
19977,100.0
19978,100.0
19979,100.0
19980,100.0
19981,100.0
19982,100.0
19983,100.0
19984,100.0
19985,100.0
19986,100.0
19987,100.0
19988,100.0
19989,100.0
19990,100.0
19991,100.0
19992,100.0
19993,100.0
19994,100.0
19995,100.0
19996,100.0
19997,100.0
19998,100.0
19999,100.0
20000,100.0
20001,100.0
20002,100.0
20003,100.0
20004,100.0
20005,100.0
20006,100.0
20007,100.0
20008,100.0
20009,100.0
20010,100.0
20011,100.0
20012,100.0
20013,100.0
20014,100.0
20015,100.0
20016,100.0
20017,100.0
20018,100.0
20019,100.0
20020,100.0
20021,100.0
20022,100.0
20023,100.0
20024,100.0
20025,100.0
20026,100.0
20027,100.0
20028,100.0
20029,100.0
20030,100.0
20031,100.0
20032,100.0
20033,100.0
20034,100.0
20035,100.0
20036,100.0
20037,100.0
20038,100.0
20039,100.0
20040,100.0
20041,100.0
20042,100.0
20043,100.0
20044,100.0
20045,100.0
20046,100.0
20047,100.0
20048,100.0
20049,100.0
20050,100.0
20051,100.0
20052,100.0
20053,100.0
20054,100.0
20055,100.0
20056,100.0
20057,100.0
20058,100.0
20059,100.0
20060,100.0
20061,100.0
20062,100.0
20063,100.0
20064,100.0
20065,100.0
20066,100.0
20067,100.0
20068,100.0
20069,100.0
20070,100.0
20071,100.0
20072,100.0
20073,100.0
20074,100.0
20075,100.0
20076,100.0
20077,100.0
20078,100.0
20079,100.0
20080,100.0
20081,100.0
20082,100.0
20083,100.0
20084,100.0
20085,100.0
20086,100.0
20087,100.0
20088,100.0
20089,100.0
20090,100.0
20091,100.0
20092,100.0
20093,100.0
20094,100.0
20095,100.0
20096,100.0
20097,100.0
20098,100.0
20099,100.0
20100,100.0
20101,100.0
20102,100.0
20103,100.0
20104,100.0
20105,100.0
20106,100.0
20107,100.0
20108,100.0
20109,100.0
20110,100.0
20111,100.0
20112,100.0
20113,100.0
20114,100.0
20115,100.0
20116,100.0
20117,100.0
20118,100.0
20119,100.0
20120,100.0
20121,100.0
20122,100.0
20123,100.0
20124,100.0
20125,100.0
20126,100.0
20127,100.0
20128,100.0
20129,100.0
20130,100.0
20131,100.0
20132,100.0
20133,100.0
20134,100.0
20135,100.0
20136,100.0
20137,100.0
20138,100.0
20139,100.0
20140,100.0
20141,100.0
20142,100.0
20143,100.0
20144,100.0
20145,100.0
20146,100.0
20147,100.0
20148,100.0
20149,100.0
20150,100.0
20151,100.0
20152,100.0
20153,100.0
20154,100.0
20155,100.0
20156,100.0
20157,100.0
20158,100.0
20159,100.0
20160,100.0
20161,100.0
20162,100.0
20163,100.0
20164,100.0
20165,100.0
20166,100.0
20167,100.0
20168,100.0
20169,100.0
20170,100.0
20171,100.0
20172,100.0
20173,100.0
20174,100.0
20175,100.0
20176,100.0
20177,100.0
20178,100.0
20179,100.0
20180,100.0
20181,100.0
20182,100.0
20183,100.0
20184,100.0
20185,100.0
20186,100.0
20187,100.0
20188,100.0
20189,100.0
20190,100.0
20191,100.0
20192,100.0
20193,100.0
20194,100.0
20195,100.0
20196,100.0
20197,100.0
20198,100.0
20199,100.0
20200,100.0
20201,100.0
20202,100.0
20203,100.0
20204,100.0
20205,100.0
20206,100.0
20207,100.0
20208,100.0
20209,100.0
20210,100.0
20211,100.0
20212,100.0
20213,100.0
20214,100.0
20215,100.0
20216,100.0
20217,100.0
20218,100.0
20219,100.0
20220,100.0
20221,100.0
20222,100.0
20223,100.0
20224,100.0
20225,100.0
20226,100.0
20227,100.0
20228,100.0
20229,100.0
20230,100.0
20231,100.0
20232,100.0
20233,100.0
20234,100.0
20235,100.0
20236,100.0
20237,100.0
20238,100.0
20239,100.0
20240,100.0
20241,100.0
20242,100.0
20243,100.0
20244,100.0
20245,100.0
20246,100.0
20247,100.0
20248,100.0
20249,100.0
20250,100.0
20251,100.0
20252,100.0
20253,100.0
20254,100.0
20255,100.0
20256,100.0
20257,100.0
20258,100.0
20259,100.0
20260,100.0
20261,100.0
20262,100.0
20263,100.0
20264,100.0
20265,100.0
20266,100.0
20267,100.0
20268,100.0
20269,100.0
20270,100.0
20271,100.0
20272,100.0
20273,100.0
20274,100.0
20275,100.0
20276,100.0
20277,100.0
20278,100.0
20279,100.0
20280,100.0
20281,100.0
20282,100.0
20283,100.0
20284,100.0
20285,100.0
20286,100.0
20287,100.0
20288,100.0
20289,100.0
20290,100.0
20291,100.0
20292,100.0
20293,100.0
20294,100.0
20295,100.0
20296,100.0
20297,100.0
20298,100.0
20299,100.0
20300,100.0
20301,100.0
20302,100.0
20303,100.0
20304,100.0
20305,100.0
20306,100.0
20307,100.0
20308,100.0
20309,100.0
20310,100.0
20311,100.0
20312,100.0
20313,100.0
20314,100.0
20315,100.0
20316,100.0
20317,100.0
20318,100.0
20319,100.0
20320,100.0
20321,100.0
20322,100.0
20323,100.0
20324,100.0
20325,100.0
20326,100.0
20327,100.0
20328,100.0
20329,100.0
20330,100.0
20331,100.0
20332,100.0
20333,100.0
20334,100.0
20335,100.0
20336,100.0
20337,100.0
20338,100.0
20339,100.0
20340,100.0
20341,100.0
20342,100.0
20343,100.0
20344,100.0
20345,100.0
20346,100.0
20347,100.0
20348,100.0
20349,100.0
20350,100.0
20351,100.0
20352,100.0
20353,100.0
20354,100.0
20355,100.0
20356,100.0
20357,100.0
20358,100.0
20359,100.0
20360,100.0
20361,100.0
20362,100.0
20363,100.0
20364,100.0
20365,100.0
20366,100.0
20367,100.0
20368,100.0
20369,100.0
20370,100.0
20371,100.0
20372,100.0
20373,100.0
20374,100.0
20375,100.0
20376,100.0
20377,100.0
20378,100.0
20379,100.0
20380,100.0
20381,100.0
20382,100.0
20383,100.0
20384,100.0
20385,100.0
20386,100.0
20387,100.0
20388,100.0
20389,100.0
20390,100.0
20391,100.0
20392,100.0
20393,100.0
20394,100.0
20395,100.0
20396,100.0
20397,100.0
20398,100.0
20399,100.0
20400,100.0
20401,100.0
20402,100.0
20403,100.0
20404,100.0
20405,100.0
20406,100.0
20407,100.0
20408,100.0
20409,100.0
20410,100.0
20411,100.0
20412,100.0
20413,100.0
20414,100.0
20415,100.0
20416,100.0
20417,100.0
20418,100.0
20419,100.0
20420,100.0
20421,100.0
20422,100.0
20423,100.0
20424,100.0
20425,100.0
20426,100.0
20427,100.0
20428,100.0
20429,100.0
20430,100.0
20431,100.0
20432,100.0
20433,100.0
20434,100.0
20435,100.0
20436,100.0
20437,100.0
20438,100.0
20439,100.0
20440,100.0
20441,100.0
20442,100.0
20443,100.0
20444,100.0
20445,100.0
20446,100.0
20447,100.0
20448,100.0
20449,100.0
20450,100.0
20451,100.0
20452,100.0
20453,100.0
20454,100.0
20455,100.0
20456,100.0
20457,100.0
20458,100.0
20459,100.0
20460,100.0
20461,100.0
20462,100.0
20463,100.0
20464,100.0
20465,100.0
20466,100.0
20467,100.0
20468,100.0
20469,100.0
20470,100.0
20471,100.0
20472,100.0
20473,100.0
20474,100.0
20475,100.0
20476,100.0
20477,100.0
20478,100.0
20479,100.0
20480,100.0
20481,100.0
20482,100.0
20483,100.0
20484,100.0
20485,100.0
20486,100.0
20487,100.0
20488,100.0
20489,100.0
20490,100.0
20491,100.0
20492,100.0
20493,100.0
20494,100.0
20495,100.0
20496,100.0
20497,100.0
20498,100.0
20499,100.0
20500,100.0
20501,100.0
20502,100.0
20503,100.0
20504,100.0
20505,100.0
20506,100.0
20507,100.0
20508,100.0
20509,100.0
20510,100.0
20511,100.0
20512,100.0
20513,100.0
20514,100.0
20515,100.0
20516,100.0
20517,100.0
20518,100.0
20519,100.0
20520,100.0
20521,100.0
20522,100.0
20523,100.0
20524,100.0
20525,100.0
20526,100.0
20527,100.0
20528,100.0
20529,100.0
20530,100.0
20531,100.0
20532,100.0
20533,100.0
20534,100.0
20535,100.0
20536,100.0
20537,100.0
20538,100.0
20539,100.0
20540,100.0
20541,100.0
20542,100.0
20543,100.0
20544,100.0
20545,100.0
20546,100.0
20547,100.0
20548,100.0
20549,100.0
20550,100.0
20551,100.0
20552,100.0
20553,100.0
20554,100.0
20555,100.0
20556,100.0
20557,100.0
20558,100.0
20559,100.0
20560,100.0
20561,100.0
20562,100.0
20563,100.0
20564,100.0
20565,100.0
20566,100.0
20567,100.0
20568,100.0
20569,100.0
20570,100.0
20571,100.0
20572,100.0
20573,100.0
20574,100.0
20575,100.0
20576,100.0
20577,100.0
20578,100.0
20579,100.0
20580,100.0
20581,100.0
20582,100.0
20583,100.0
20584,100.0
20585,100.0
20586,100.0
20587,100.0
20588,100.0
20589,100.0
20590,100.0
20591,100.0
20592,100.0
20593,100.0
20594,100.0
20595,100.0
20596,100.0
20597,100.0
20598,100.0
20599,100.0
20600,100.0
20601,100.0
20602,100.0
20603,100.0
20604,100.0
20605,100.0
20606,100.0
20607,100.0
20608,100.0
20609,100.0
20610,100.0
20611,100.0
20612,100.0
20613,100.0
20614,100.0
20615,100.0
20616,100.0
20617,100.0
20618,100.0
20619,100.0
20620,100.0
20621,100.0
20622,100.0
20623,100.0
20624,100.0
20625,100.0
20626,100.0
20627,100.0
20628,100.0
20629,100.0
20630,100.0
20631,100.0
20632,100.0
20633,100.0
20634,100.0
20635,100.0
20636,100.0
20637,100.0
20638,100.0
20639,100.0
20640,100.0
20641,100.0
20642,100.0
20643,100.0
20644,100.0
20645,100.0
20646,100.0
20647,100.0
20648,100.0
20649,100.0
20650,100.0
20651,100.0
20652,100.0
20653,100.0
20654,100.0
20655,100.0
20656,100.0
20657,100.0
20658,100.0
20659,100.0
20660,100.0
20661,100.0
20662,100.0
20663,100.0
20664,100.0
20665,100.0
20666,100.0
20667,100.0
20668,100.0
20669,100.0
20670,100.0
20671,100.0
20672,100.0
20673,100.0
20674,100.0
20675,100.0
20676,100.0
20677,100.0
20678,100.0
20679,100.0
20680,100.0
20681,100.0
20682,100.0
20683,100.0
20684,100.0
20685,100.0
20686,100.0
20687,100.0
20688,100.0
20689,100.0
20690,100.0
20691,100.0
20692,100.0
20693,100.0
20694,100.0
20695,100.0
20696,100.0
20697,100.0
20698,100.0
20699,100.0
20700,100.0
20701,100.0
20702,100.0
20703,100.0
20704,100.0
20705,100.0
20706,100.0
20707,100.0
20708,100.0
20709,100.0
20710,100.0
20711,100.0
20712,100.0
20713,100.0
20714,100.0
20715,100.0
20716,100.0
20717,100.0
20718,100.0
20719,100.0
20720,100.0
20721,100.0
20722,100.0
20723,100.0
20724,100.0
20725,100.0
20726,100.0
20727,100.0
20728,100.0
20729,100.0
20730,100.0
20731,100.0
20732,100.0
20733,100.0
20734,100.0
20735,100.0
20736,100.0
20737,100.0
20738,100.0
20739,100.0
20740,100.0
20741,100.0
20742,100.0
20743,100.0
20744,100.0
20745,100.0
20746,100.0
20747,100.0
20748,100.0
20749,100.0
20750,100.0
20751,100.0
20752,100.0
20753,100.0
20754,100.0
20755,100.0
20756,100.0
20757,100.0
20758,100.0
20759,100.0
20760,100.0
20761,100.0
20762,100.0
20763,100.0
20764,100.0
20765,100.0
20766,100.0
20767,100.0
20768,100.0
20769,100.0
20770,100.0
20771,100.0
20772,100.0
20773,100.0
20774,100.0
20775,100.0
20776,100.0
20777,100.0
20778,100.0
20779,100.0
20780,100.0
20781,100.0
20782,100.0
20783,100.0
20784,100.0
20785,100.0
20786,100.0
20787,100.0
20788,100.0
20789,100.0
20790,100.0
20791,100.0
20792,100.0
20793,100.0
20794,100.0
20795,100.0
20796,100.0
20797,100.0
20798,100.0
20799,100.0
20800,100.0
20801,100.0
20802,100.0
20803,100.0
20804,100.0
20805,100.0
20806,100.0
20807,100.0
20808,100.0
20809,100.0
20810,100.0
20811,100.0
20812,100.0
20813,100.0
20814,100.0
20815,100.0
20816,100.0
20817,100.0
20818,100.0
20819,100.0
20820,100.0
20821,100.0
20822,100.0
20823,100.0
20824,100.0
20825,100.0
20826,100.0
20827,100.0
20828,100.0
20829,100.0
20830,100.0
20831,100.0
20832,100.0
20833,100.0
20834,100.0
20835,100.0
20836,100.0
20837,100.0
20838,100.0
20839,100.0
20840,100.0
20841,100.0
20842,100.0
20843,100.0
20844,100.0
20845,100.0
20846,100.0
20847,100.0
20848,100.0
20849,100.0
20850,100.0
20851,100.0
20852,100.0
20853,100.0
20854,100.0
20855,100.0
20856,100.0
20857,100.0
20858,100.0
20859,100.0
20860,100.0
20861,100.0
20862,100.0
20863,100.0
20864,100.0
20865,100.0
20866,100.0
20867,100.0
20868,100.0
20869,100.0
20870,100.0
20871,100.0
20872,100.0
20873,100.0
20874,100.0
20875,100.0
20876,100.0
20877,100.0
20878,100.0
20879,100.0
20880,100.0
20881,100.0
20882,100.0
20883,100.0
20884,100.0
20885,100.0
20886,100.0
20887,100.0
20888,100.0
20889,100.0
20890,100.0
20891,100.0
20892,100.0
20893,100.0
20894,100.0
20895,100.0
20896,100.0
20897,100.0
20898,100.0
20899,100.0
20900,100.0
20901,100.0
20902,100.0
20903,100.0
20904,100.0
20905,100.0
20906,100.0
20907,100.0
20908,100.0
20909,100.0
20910,100.0
20911,100.0
20912,100.0
20913,100.0
20914,100.0
20915,100.0
20916,100.0
20917,100.0
20918,100.0
20919,100.0
20920,100.0
20921,100.0
20922,100.0
20923,100.0
20924,100.0
20925,100.0
20926,100.0
20927,100.0
20928,100.0
20929,100.0
20930,100.0
20931,100.0
20932,100.0
20933,100.0
20934,100.0
20935,100.0
20936,100.0
20937,100.0
20938,100.0
20939,100.0
20940,100.0
20941,100.0
20942,100.0
20943,100.0
20944,100.0
20945,100.0
20946,100.0
20947,100.0
20948,100.0
20949,100.0
20950,100.0
20951,100.0
20952,100.0
20953,100.0
20954,100.0
20955,100.0
20956,100.0
20957,100.0
20958,100.0
20959,100.0
20960,100.0
20961,100.0
20962,100.0
20963,100.0
20964,100.0
20965,100.0
20966,100.0
20967,100.0
20968,100.0
20969,100.0
20970,100.0
20971,100.0
20972,100.0
20973,100.0
20974,100.0
20975,100.0
20976,100.0
20977,100.0
20978,100.0
20979,100.0
20980,100.0
20981,100.0
20982,100.0
20983,100.0
20984,100.0
20985,100.0
20986,100.0
20987,100.0
20988,100.0
20989,100.0
20990,100.0
20991,100.0
20992,100.0
20993,100.0
20994,100.0
20995,100.0
20996,100.0
20997,100.0
20998,100.0
20999,100.0
21000,100.0
21001,100.0
21002,100.0
21003,100.0
21004,100.0
21005,100.0
21006,100.0
21007,100.0
21008,100.0
21009,100.0
21010,100.0
21011,100.0
21012,100.0
21013,100.0
21014,100.0
21015,100.0
21016,100.0
21017,100.0
21018,100.0
21019,100.0
21020,100.0
21021,100.0
21022,100.0
21023,100.0
21024,100.0
21025,100.0
21026,100.0
21027,100.0
21028,100.0
21029,100.0
21030,100.0
21031,100.0
21032,100.0
21033,100.0
21034,100.0
21035,100.0
21036,100.0
21037,100.0
21038,100.0
21039,100.0
21040,100.0
21041,100.0
21042,100.0
21043,100.0
21044,100.0
21045,100.0
21046,100.0
21047,100.0
21048,100.0
21049,100.0
21050,100.0
21051,100.0
21052,100.0
21053,100.0
21054,100.0
21055,100.0
21056,100.0
21057,100.0
21058,100.0
21059,100.0
21060,100.0
21061,100.0
21062,100.0
21063,100.0
21064,100.0
21065,100.0
21066,100.0
21067,100.0
21068,100.0
21069,100.0
21070,100.0
21071,100.0
21072,100.0
21073,100.0
21074,100.0
21075,100.0
21076,100.0
21077,100.0
21078,100.0
21079,100.0
21080,100.0
21081,100.0
21082,100.0
21083,100.0
21084,100.0
21085,100.0
21086,100.0
21087,100.0
21088,100.0
21089,100.0
21090,100.0
21091,100.0
21092,100.0
21093,100.0
21094,100.0
21095,100.0
21096,100.0
21097,100.0
21098,100.0
21099,100.0
21100,100.0
21101,100.0
21102,100.0
21103,100.0
21104,100.0
21105,100.0
21106,100.0
21107,100.0
21108,100.0
21109,100.0
21110,100.0
21111,100.0
21112,100.0
21113,100.0
21114,100.0
21115,100.0
21116,100.0
21117,100.0
21118,100.0
21119,100.0
21120,100.0
21121,100.0
21122,100.0
21123,100.0
21124,100.0
21125,100.0
21126,100.0
21127,100.0
21128,100.0
21129,100.0
21130,100.0
21131,100.0
21132,100.0
21133,100.0
21134,100.0
21135,100.0
21136,100.0
21137,100.0
21138,100.0
21139,100.0
21140,100.0
21141,100.0
21142,100.0
21143,100.0
21144,100.0
21145,100.0
21146,100.0
21147,100.0
21148,100.0
21149,100.0
21150,100.0
21151,100.0
21152,100.0
21153,100.0
21154,100.0
21155,100.0
21156,100.0
21157,100.0
21158,100.0
21159,100.0
21160,100.0
21161,100.0
21162,100.0
21163,100.0
21164,100.0
21165,100.0
21166,100.0
21167,100.0
21168,100.0
21169,100.0
21170,100.0
21171,100.0
21172,100.0
21173,100.0
21174,100.0
21175,100.0
21176,100.0
21177,100.0
21178,100.0
21179,100.0
21180,100.0
21181,100.0
21182,100.0
21183,100.0
21184,100.0
21185,100.0
21186,100.0
21187,100.0
21188,100.0
21189,100.0
21190,100.0
21191,100.0
21192,100.0
21193,100.0
21194,100.0
21195,100.0
21196,100.0
21197,100.0
21198,100.0
21199,100.0
21200,100.0
21201,100.0
21202,100.0
21203,100.0
21204,100.0
21205,100.0
21206,100.0
21207,100.0
21208,100.0
21209,100.0
21210,100.0
21211,100.0
21212,100.0
21213,100.0
21214,100.0
21215,100.0
21216,100.0
21217,100.0
21218,100.0
21219,100.0
21220,100.0
21221,100.0
21222,100.0
21223,100.0
21224,100.0
21225,100.0
21226,100.0
21227,100.0
21228,100.0
21229,100.0
21230,100.0
21231,100.0
21232,100.0
21233,100.0
21234,100.0
21235,100.0
21236,100.0
21237,100.0
21238,100.0
21239,100.0
21240,100.0
21241,100.0
21242,100.0
21243,100.0
21244,100.0
21245,100.0
21246,100.0
21247,100.0
21248,100.0
21249,100.0
21250,100.0
21251,100.0
21252,100.0
21253,100.0
21254,100.0
21255,100.0
21256,100.0
21257,100.0
21258,100.0
21259,100.0
21260,100.0
21261,100.0
21262,100.0
21263,100.0
21264,100.0
21265,100.0
21266,100.0
21267,100.0
21268,100.0
21269,100.0
21270,100.0
21271,100.0
21272,100.0
21273,100.0
21274,100.0
21275,100.0
21276,100.0
21277,100.0
21278,100.0
21279,100.0
21280,100.0
21281,100.0
21282,100.0
21283,100.0
21284,100.0
21285,100.0
21286,100.0
21287,100.0
21288,100.0
21289,100.0
21290,100.0
21291,100.0
21292,100.0
21293,100.0
21294,100.0
21295,100.0
21296,100.0
21297,100.0
21298,100.0
21299,100.0
21300,100.0
21301,100.0
21302,100.0
21303,100.0
21304,100.0
21305,100.0
21306,100.0
21307,100.0
21308,100.0
21309,100.0
21310,100.0
21311,100.0
21312,100.0
21313,100.0
21314,100.0
21315,100.0
21316,100.0
21317,100.0
21318,100.0
21319,100.0
21320,100.0
21321,100.0
21322,100.0
21323,100.0
21324,100.0
21325,100.0
21326,100.0
21327,100.0
21328,100.0
21329,100.0
21330,100.0
21331,100.0
21332,100.0
21333,100.0
21334,100.0
21335,100.0
21336,100.0
21337,100.0
21338,100.0
21339,100.0
21340,100.0
21341,100.0
21342,100.0
21343,100.0
21344,100.0
21345,100.0
21346,100.0
21347,100.0
21348,100.0
21349,100.0
21350,100.0
21351,100.0
21352,100.0
21353,100.0
21354,100.0
21355,100.0
21356,100.0
21357,100.0
21358,100.0
21359,100.0
21360,100.0
21361,100.0
21362,100.0
21363,100.0
21364,100.0
21365,100.0
21366,100.0
21367,100.0
21368,100.0
21369,100.0
21370,100.0
21371,100.0
21372,100.0
21373,100.0
21374,100.0
21375,100.0
21376,100.0
21377,100.0
21378,100.0
21379,100.0
21380,100.0
21381,100.0
21382,100.0
21383,100.0
21384,100.0
21385,100.0
21386,100.0
21387,100.0
21388,100.0
21389,100.0
21390,100.0
21391,100.0
21392,100.0
21393,100.0
21394,100.0
21395,100.0
21396,100.0
21397,100.0
21398,100.0
21399,100.0
21400,100.0
21401,100.0
21402,100.0
21403,100.0
21404,100.0
21405,100.0
21406,100.0
21407,100.0
21408,100.0
21409,100.0
21410,100.0
21411,100.0
21412,100.0
21413,100.0
21414,100.0
21415,100.0
21416,100.0
21417,100.0
21418,100.0
21419,100.0
21420,100.0
21421,100.0
21422,100.0
21423,100.0
21424,100.0
21425,100.0
21426,100.0
21427,100.0
21428,100.0
21429,100.0
21430,100.0
21431,100.0
21432,100.0
21433,100.0
21434,100.0
21435,100.0
21436,100.0
21437,100.0
21438,100.0
21439,100.0
21440,100.0
21441,100.0
21442,100.0
21443,100.0
21444,100.0
21445,100.0
21446,100.0
21447,100.0
21448,100.0
21449,100.0
21450,100.0
21451,100.0
21452,100.0
21453,100.0
21454,100.0
21455,100.0
21456,100.0
21457,100.0
21458,100.0
21459,100.0
21460,100.0
21461,100.0
21462,100.0
21463,100.0
21464,100.0
21465,100.0
21466,100.0
21467,100.0
21468,100.0
21469,100.0
21470,100.0
21471,100.0
21472,100.0
21473,100.0
21474,100.0
21475,100.0
21476,100.0
21477,100.0
21478,100.0
21479,100.0
21480,100.0
21481,100.0
21482,100.0
21483,100.0
21484,100.0
21485,100.0
21486,100.0
21487,100.0
21488,100.0
21489,100.0
21490,100.0
21491,100.0
21492,100.0
21493,100.0
21494,100.0
21495,100.0
21496,100.0
21497,100.0
21498,100.0
21499,100.0
21500,100.0
21501,100.0
21502,100.0
21503,100.0
21504,100.0
21505,100.0
21506,100.0
21507,100.0
21508,100.0
21509,100.0
21510,100.0
21511,100.0
21512,100.0
21513,100.0
21514,100.0
21515,100.0
21516,100.0
21517,100.0
21518,100.0
21519,100.0
21520,100.0
21521,100.0
21522,100.0
21523,100.0
21524,100.0
21525,100.0
21526,100.0
21527,100.0
21528,100.0
21529,100.0
21530,100.0
21531,100.0
21532,100.0
21533,100.0
21534,100.0
21535,100.0
21536,100.0
21537,100.0
21538,100.0
21539,100.0
21540,100.0
21541,100.0
21542,100.0
21543,100.0
21544,100.0
21545,100.0
21546,100.0
21547,100.0
21548,100.0
21549,100.0
21550,100.0
21551,100.0
21552,100.0
21553,100.0
21554,100.0
21555,100.0
21556,100.0
21557,100.0
21558,100.0
21559,100.0
21560,100.0
21561,100.0
21562,100.0
21563,100.0
21564,100.0
21565,100.0
21566,100.0
21567,100.0
21568,100.0
21569,100.0
21570,100.0
21571,100.0
21572,100.0
21573,100.0
21574,100.0
21575,100.0
21576,100.0
21577,100.0
21578,100.0
21579,100.0
21580,100.0
21581,100.0
21582,100.0
21583,100.0
21584,100.0
21585,100.0
21586,100.0
21587,100.0
21588,100.0
21589,100.0
21590,100.0
21591,100.0
21592,100.0
21593,100.0
21594,100.0
21595,100.0
21596,100.0
21597,100.0
21598,100.0
21599,100.0
21600,100.0
21601,100.0
21602,100.0
21603,100.0
21604,100.0
21605,100.0
21606,100.0
21607,100.0
21608,100.0
21609,100.0
21610,100.0
21611,100.0
21612,100.0
21613,100.0
21614,100.0
21615,100.0
21616,100.0
21617,100.0
21618,100.0
21619,100.0
21620,100.0
21621,100.0
21622,100.0
21623,100.0
21624,100.0
21625,100.0
21626,100.0
21627,100.0
21628,100.0
21629,100.0
21630,100.0
21631,100.0
21632,100.0
21633,100.0
21634,100.0
21635,100.0
21636,100.0
21637,100.0
21638,100.0
21639,100.0
21640,100.0
21641,100.0
21642,100.0
21643,100.0
21644,100.0
21645,100.0
21646,100.0
21647,100.0
21648,100.0
21649,100.0
21650,100.0
21651,100.0
21652,100.0
21653,100.0
21654,100.0
21655,100.0
21656,100.0
21657,100.0
21658,100.0
21659,100.0
21660,100.0
21661,100.0
21662,100.0
21663,100.0
21664,100.0
21665,100.0
21666,100.0
21667,100.0
21668,100.0
21669,100.0
21670,100.0
21671,100.0
21672,100.0
21673,100.0
21674,100.0
21675,100.0
21676,100.0
21677,100.0
21678,100.0
21679,100.0
21680,100.0
21681,100.0
21682,100.0
21683,100.0
21684,100.0
21685,100.0
21686,100.0
21687,100.0
21688,100.0
21689,100.0
21690,100.0
21691,100.0
21692,100.0
21693,100.0
21694,100.0
21695,100.0
21696,100.0
21697,100.0
21698,100.0
21699,100.0
21700,100.0
21701,100.0
21702,100.0
21703,100.0
21704,100.0
21705,100.0
21706,100.0
21707,100.0
21708,100.0
21709,100.0
21710,100.0
21711,100.0
21712,100.0
21713,100.0
21714,100.0
21715,100.0
21716,100.0
21717,100.0
21718,100.0
21719,100.0
21720,100.0
21721,100.0
21722,100.0
21723,100.0
21724,100.0
21725,100.0
21726,100.0
21727,100.0
21728,100.0
21729,100.0
21730,100.0
21731,100.0
21732,100.0
21733,100.0
21734,100.0
21735,100.0
21736,100.0
21737,100.0
21738,100.0
21739,100.0
21740,100.0
21741,100.0
21742,100.0
21743,100.0
21744,100.0
21745,100.0
21746,100.0
21747,100.0
21748,100.0
21749,100.0
21750,100.0
21751,100.0
21752,100.0
21753,100.0
21754,100.0
21755,100.0
21756,100.0
21757,100.0
21758,100.0
21759,100.0
21760,100.0
21761,100.0
21762,100.0
21763,100.0
21764,100.0
21765,100.0
21766,100.0
21767,100.0
21768,100.0
21769,100.0
21770,100.0
21771,100.0
21772,100.0
21773,100.0
21774,100.0
21775,100.0
21776,100.0
21777,100.0
21778,100.0
21779,100.0
21780,100.0
21781,100.0
21782,100.0
21783,100.0
21784,100.0
21785,100.0
21786,100.0
21787,100.0
21788,100.0
21789,100.0
21790,100.0
21791,100.0
21792,100.0
21793,100.0
21794,100.0
21795,100.0
21796,100.0
21797,100.0
21798,100.0
21799,100.0
21800,100.0
21801,100.0
21802,100.0
21803,100.0
21804,100.0
21805,100.0
21806,100.0
21807,100.0
21808,100.0
21809,100.0
21810,100.0
21811,100.0
21812,100.0
21813,100.0
21814,100.0
21815,100.0
21816,100.0
21817,100.0
21818,100.0
21819,100.0
21820,100.0
21821,100.0
21822,100.0
21823,100.0
21824,100.0
21825,100.0
21826,100.0
21827,100.0
21828,100.0
21829,100.0
21830,100.0
21831,100.0
21832,100.0
21833,100.0
21834,100.0
21835,100.0
21836,100.0
21837,100.0
21838,100.0
21839,100.0
21840,100.0
21841,100.0
21842,100.0
21843,100.0
21844,100.0
21845,100.0
21846,100.0
21847,100.0
21848,100.0
21849,100.0
21850,100.0
21851,100.0
21852,100.0
21853,100.0
21854,100.0
21855,100.0
21856,100.0
21857,100.0
21858,100.0
21859,100.0
21860,100.0
21861,100.0
21862,100.0
21863,100.0
21864,100.0
21865,100.0
21866,100.0
21867,100.0
21868,100.0
21869,100.0
21870,100.0
21871,100.0
21872,100.0
21873,100.0
21874,100.0
21875,100.0
21876,100.0
21877,100.0
21878,100.0
21879,100.0
21880,100.0
21881,100.0
21882,100.0
21883,100.0
21884,100.0
21885,100.0
21886,100.0
21887,100.0
21888,100.0
21889,100.0
21890,100.0
21891,100.0
21892,100.0
21893,100.0
21894,100.0
21895,100.0
21896,100.0
21897,100.0
21898,100.0
21899,100.0
21900,100.0
21901,100.0
21902,100.0
21903,100.0
21904,100.0
21905,100.0
21906,100.0
21907,100.0
21908,100.0
21909,100.0
21910,100.0
21911,100.0
21912,100.0
21913,100.0
21914,100.0
21915,100.0
21916,100.0
21917,100.0
21918,100.0
21919,100.0
21920,100.0
21921,100.0
21922,100.0
21923,100.0
21924,100.0
21925,100.0
21926,100.0
21927,100.0
21928,100.0
21929,100.0
21930,100.0
21931,100.0
21932,100.0
21933,100.0
21934,100.0
21935,100.0
21936,100.0
21937,100.0
21938,100.0
21939,100.0
21940,100.0
21941,100.0
21942,100.0
21943,100.0
21944,100.0
21945,100.0
21946,100.0
21947,100.0
21948,100.0
21949,100.0
21950,100.0
21951,100.0
21952,100.0
21953,100.0
21954,100.0
21955,100.0
21956,100.0
21957,100.0
21958,100.0
21959,100.0
21960,100.0
21961,100.0
21962,100.0
21963,100.0
21964,100.0
21965,100.0
21966,100.0
21967,100.0
21968,100.0
21969,100.0
21970,100.0
21971,100.0
21972,100.0
21973,100.0
21974,100.0
21975,100.0
21976,100.0
21977,100.0
21978,100.0
21979,100.0
21980,100.0
21981,100.0
21982,100.0
21983,100.0
21984,100.0
21985,100.0
21986,100.0
21987,100.0
21988,100.0
21989,100.0
21990,100.0
21991,100.0
21992,100.0
21993,100.0
21994,100.0
21995,100.0
21996,100.0
21997,100.0
21998,100.0
21999,100.0
22000,100.0
22001,100.0
22002,100.0
22003,100.0
22004,100.0
22005,100.0
22006,100.0
22007,100.0
22008,100.0
22009,100.0
22010,100.0
22011,100.0
22012,100.0
22013,100.0
22014,100.0
22015,100.0
22016,100.0
22017,100.0
22018,100.0
22019,100.0
22020,100.0
22021,100.0
22022,100.0
22023,100.0
22024,100.0
22025,100.0
22026,100.0
22027,100.0
22028,100.0
22029,100.0
22030,100.0
22031,100.0
22032,100.0
22033,100.0
22034,100.0
22035,100.0
22036,100.0
22037,100.0
22038,100.0
22039,100.0
22040,100.0
22041,100.0
22042,100.0
22043,100.0
22044,100.0
22045,100.0
22046,100.0
22047,100.0
22048,100.0
22049,100.0
22050,100.0
22051,100.0
22052,100.0
22053,100.0
22054,100.0
22055,100.0
22056,100.0
22057,100.0
22058,100.0
22059,100.0
22060,100.0
22061,100.0
22062,100.0
22063,100.0
22064,100.0
22065,100.0
22066,100.0
22067,100.0
22068,100.0
22069,100.0
22070,100.0
22071,100.0
22072,100.0
22073,100.0
22074,100.0
22075,100.0
22076,100.0
22077,100.0
22078,100.0
22079,100.0
22080,100.0
22081,100.0
22082,100.0
22083,100.0
22084,100.0
22085,100.0
22086,100.0
22087,100.0
22088,100.0
22089,100.0
22090,100.0
22091,100.0
22092,100.0
22093,100.0
22094,100.0
22095,100.0
22096,100.0
22097,100.0
22098,100.0
22099,100.0
22100,100.0
22101,100.0
22102,100.0
22103,100.0
22104,100.0
22105,100.0
22106,100.0
22107,100.0
22108,100.0
22109,100.0
22110,100.0
22111,100.0
22112,100.0
22113,100.0
22114,100.0
22115,100.0
22116,100.0
22117,100.0
22118,100.0
22119,100.0
22120,100.0
22121,100.0
22122,100.0
22123,100.0
22124,100.0
22125,100.0
22126,100.0
22127,100.0
22128,100.0
22129,100.0
22130,100.0
22131,100.0
22132,100.0
22133,100.0
22134,100.0
22135,100.0
22136,100.0
22137,100.0
22138,100.0
22139,100.0
22140,100.0
22141,100.0
22142,100.0
22143,100.0
22144,100.0
22145,100.0
22146,100.0
22147,100.0
22148,100.0
22149,100.0
22150,100.0
22151,100.0
22152,100.0
22153,100.0
22154,100.0
22155,100.0
22156,100.0
22157,100.0
22158,100.0
22159,100.0
22160,100.0
22161,100.0
22162,100.0
22163,100.0
22164,100.0
22165,100.0
22166,100.0
22167,100.0
22168,100.0
22169,100.0
22170,100.0
22171,100.0
22172,100.0
22173,100.0
22174,100.0
22175,100.0
22176,100.0
22177,100.0
22178,100.0
22179,100.0
22180,100.0
22181,100.0
22182,100.0
22183,100.0
22184,100.0
22185,100.0
22186,100.0
22187,100.0
22188,100.0
22189,100.0
22190,100.0
22191,100.0
22192,100.0
22193,100.0
22194,100.0
22195,100.0
22196,100.0
22197,100.0
22198,100.0
22199,100.0
22200,100.0
22201,100.0
22202,100.0
22203,100.0
22204,100.0
22205,100.0
22206,100.0
22207,100.0
22208,100.0
22209,100.0
22210,100.0
22211,100.0
22212,100.0
22213,100.0
22214,100.0
22215,100.0
22216,100.0
22217,100.0
22218,100.0
22219,100.0
22220,100.0
22221,100.0
22222,100.0
22223,100.0
22224,100.0
22225,100.0
22226,100.0
22227,100.0
22228,100.0
22229,100.0
22230,100.0
22231,100.0
22232,100.0
22233,100.0
22234,100.0
22235,100.0
22236,100.0
22237,100.0
22238,100.0
22239,100.0
22240,100.0
22241,100.0
22242,100.0
22243,100.0
22244,100.0
22245,100.0
22246,100.0
22247,100.0
22248,100.0
22249,100.0
22250,100.0
22251,100.0
22252,100.0
22253,100.0
22254,100.0
22255,100.0
22256,100.0
22257,100.0
22258,100.0
22259,100.0
22260,100.0
22261,100.0
22262,100.0
22263,100.0
22264,100.0
22265,100.0
22266,100.0
22267,100.0
22268,100.0
22269,100.0
22270,100.0
22271,100.0
22272,100.0
22273,100.0
22274,100.0
22275,100.0
22276,100.0
22277,100.0
22278,100.0
22279,100.0
22280,100.0
22281,100.0
22282,100.0
22283,100.0
22284,100.0
22285,100.0
22286,100.0
22287,100.0
22288,100.0
22289,100.0
22290,100.0
22291,100.0
22292,100.0
22293,100.0
22294,100.0
22295,100.0
22296,100.0
22297,100.0
22298,100.0
22299,100.0
22300,100.0
22301,100.0
22302,100.0
22303,100.0
22304,100.0
22305,100.0
22306,100.0
22307,100.0
22308,100.0
22309,100.0
22310,100.0
22311,100.0
22312,100.0
22313,100.0
22314,100.0
22315,100.0
22316,100.0
22317,100.0
22318,100.0
22319,100.0
22320,100.0
22321,100.0
22322,100.0
22323,100.0
22324,100.0
22325,100.0
22326,100.0
22327,100.0
22328,100.0
22329,100.0
22330,100.0
22331,100.0
22332,100.0
22333,100.0
22334,100.0
22335,100.0
22336,100.0
22337,100.0
22338,100.0
22339,100.0
22340,100.0
22341,100.0
22342,100.0
22343,100.0
22344,100.0
22345,100.0
22346,100.0
22347,100.0
22348,100.0
22349,100.0
22350,100.0
22351,100.0
22352,100.0
22353,100.0
22354,100.0
22355,100.0
22356,100.0
22357,100.0
22358,100.0
22359,100.0
22360,100.0
22361,100.0
22362,100.0
22363,100.0
22364,100.0
22365,100.0
22366,100.0
22367,100.0
22368,100.0
22369,100.0
22370,100.0
22371,100.0
22372,100.0
22373,100.0
22374,100.0
22375,100.0
22376,100.0
22377,100.0
22378,100.0
22379,100.0
22380,100.0
22381,100.0
22382,100.0
22383,100.0
22384,100.0
22385,100.0
22386,100.0
22387,100.0
22388,100.0
22389,100.0
22390,100.0
22391,100.0
22392,100.0
22393,100.0
22394,100.0
22395,100.0
22396,100.0
22397,100.0
22398,100.0
22399,100.0
22400,100.0
22401,100.0
22402,100.0
22403,100.0
22404,100.0
22405,100.0
22406,100.0
22407,100.0
22408,100.0
22409,100.0
22410,100.0
22411,100.0
22412,100.0
22413,100.0
22414,100.0
22415,100.0
22416,100.0
22417,100.0
22418,100.0
22419,100.0
22420,100.0
22421,100.0
22422,100.0
22423,100.0
22424,100.0
22425,100.0
22426,100.0
22427,100.0
22428,100.0
22429,100.0
22430,100.0
22431,100.0
22432,100.0
22433,100.0
22434,100.0
22435,100.0
22436,100.0
22437,100.0
22438,100.0
22439,100.0
22440,100.0
22441,100.0
22442,100.0
22443,100.0
22444,100.0
22445,100.0
22446,100.0
22447,100.0
22448,100.0
22449,100.0
22450,100.0
22451,100.0
22452,100.0
22453,100.0
22454,100.0
22455,100.0
22456,100.0
22457,100.0
22458,100.0
22459,100.0
22460,100.0
22461,100.0
22462,100.0
22463,100.0
22464,100.0
22465,100.0
22466,100.0
22467,100.0
22468,100.0
22469,100.0
22470,100.0
22471,100.0
22472,100.0
22473,100.0
22474,100.0
22475,100.0
22476,100.0
22477,100.0
22478,100.0
22479,100.0
22480,100.0
22481,100.0
22482,100.0
22483,100.0
22484,100.0
22485,100.0
22486,100.0
22487,100.0
22488,100.0
22489,100.0
22490,100.0
22491,100.0
22492,100.0
22493,100.0
22494,100.0
22495,100.0
22496,100.0
22497,100.0
22498,100.0
22499,100.0
22500,100.0
22501,100.0
22502,100.0
22503,100.0
22504,100.0
22505,100.0
22506,100.0
22507,100.0
22508,100.0
22509,100.0
22510,100.0
22511,100.0
22512,100.0
22513,100.0
22514,100.0
22515,100.0
22516,100.0
22517,100.0
22518,100.0
22519,100.0
22520,100.0
22521,100.0
22522,100.0
22523,100.0
22524,100.0
22525,100.0
22526,100.0
22527,100.0
22528,100.0
22529,100.0
22530,100.0
22531,100.0
22532,100.0
22533,100.0
22534,100.0
22535,100.0
22536,100.0
22537,100.0
22538,100.0
22539,100.0
22540,100.0
22541,100.0
22542,100.0
22543,100.0
22544,100.0
22545,100.0
22546,100.0
22547,100.0
22548,100.0
22549,100.0
22550,100.0
22551,100.0
22552,100.0
22553,100.0
22554,100.0
22555,100.0
22556,100.0
22557,100.0
22558,100.0
22559,100.0
22560,100.0
22561,100.0
22562,100.0
22563,100.0
22564,100.0
22565,100.0
22566,100.0
22567,100.0
22568,100.0
22569,100.0
22570,100.0
22571,100.0
22572,100.0
22573,100.0
22574,100.0
22575,100.0
22576,100.0
22577,100.0
22578,100.0
22579,100.0
22580,100.0
22581,100.0
22582,100.0
22583,100.0
22584,100.0
22585,100.0
22586,100.0
22587,100.0
22588,100.0
22589,100.0
22590,100.0
22591,100.0
22592,100.0
22593,100.0
22594,100.0
22595,100.0
22596,100.0
22597,100.0
22598,100.0
22599,100.0
22600,100.0
22601,100.0
22602,100.0
22603,100.0
22604,100.0
22605,100.0
22606,100.0
22607,100.0
22608,100.0
22609,100.0
22610,100.0
22611,100.0
22612,100.0
22613,100.0
22614,100.0
22615,100.0
22616,100.0
22617,100.0
22618,100.0
22619,100.0
22620,100.0
22621,100.0
22622,100.0
22623,100.0
22624,100.0
22625,100.0
22626,100.0
22627,100.0
22628,100.0
22629,100.0
22630,100.0
22631,100.0
22632,100.0
22633,100.0
22634,100.0
22635,100.0
22636,100.0
22637,100.0
22638,100.0
22639,100.0
22640,100.0
22641,100.0
22642,100.0
22643,100.0
22644,100.0
22645,100.0
22646,100.0
22647,100.0
22648,100.0
22649,100.0
22650,100.0
22651,100.0
22652,100.0
22653,100.0
22654,100.0
22655,100.0
22656,100.0
22657,100.0
22658,100.0
22659,100.0
22660,100.0
22661,100.0
22662,100.0
22663,100.0
22664,100.0
22665,100.0
22666,100.0
22667,100.0
22668,100.0
22669,100.0
22670,100.0
22671,100.0
22672,100.0
22673,100.0
22674,100.0
22675,100.0
22676,100.0
22677,100.0
22678,100.0
22679,100.0
22680,100.0
22681,100.0
22682,100.0
22683,100.0
22684,100.0
22685,100.0
22686,100.0
22687,100.0
22688,100.0
22689,100.0
22690,100.0
22691,100.0
22692,100.0
22693,100.0
22694,100.0
22695,100.0
22696,100.0
22697,100.0
22698,100.0
22699,100.0
22700,100.0
22701,100.0
22702,100.0
22703,100.0
22704,100.0
22705,100.0
22706,100.0
22707,100.0
22708,100.0
22709,100.0
22710,100.0
22711,100.0
22712,100.0
22713,100.0
22714,100.0
22715,100.0
22716,100.0
22717,100.0
22718,100.0
22719,100.0
22720,100.0
22721,100.0
22722,100.0
22723,100.0
22724,100.0
22725,100.0
22726,100.0
22727,100.0
22728,100.0
22729,100.0
22730,100.0
22731,100.0
22732,100.0
22733,100.0
22734,100.0
22735,100.0
22736,100.0
22737,100.0
22738,100.0
22739,100.0
22740,100.0
22741,100.0
22742,100.0
22743,100.0
22744,100.0
22745,100.0
22746,100.0
22747,100.0
22748,100.0
22749,100.0
22750,100.0
22751,100.0
22752,100.0
22753,100.0
22754,100.0
22755,100.0
22756,100.0
22757,100.0
22758,100.0
22759,100.0
22760,100.0
22761,100.0
22762,100.0
22763,100.0
22764,100.0
22765,100.0
22766,100.0
22767,100.0
22768,100.0
22769,100.0
22770,100.0
22771,100.0
22772,100.0
22773,100.0
22774,100.0
22775,100.0
22776,100.0
22777,100.0
22778,100.0
22779,100.0
22780,100.0
22781,100.0
22782,100.0
22783,100.0
22784,100.0
22785,100.0
22786,100.0
22787,100.0
22788,100.0
22789,100.0
22790,100.0
22791,100.0
22792,100.0
22793,100.0
22794,100.0
22795,100.0
22796,100.0
22797,100.0
22798,100.0
22799,100.0
22800,100.0
22801,100.0
22802,100.0
22803,100.0
22804,100.0
22805,100.0
22806,100.0
22807,100.0
22808,100.0
22809,100.0
22810,100.0
22811,100.0
22812,100.0
22813,100.0
22814,100.0
22815,100.0
22816,100.0
22817,100.0
22818,100.0
22819,100.0
22820,100.0
22821,100.0
22822,100.0
22823,100.0
22824,100.0
22825,100.0
22826,100.0
22827,100.0
22828,100.0
22829,100.0
22830,100.0
22831,100.0
22832,100.0
22833,100.0
22834,100.0
22835,100.0
22836,100.0
22837,100.0
22838,100.0
22839,100.0
22840,100.0
22841,100.0
22842,100.0
22843,100.0
22844,100.0
22845,100.0
22846,100.0
22847,100.0
22848,100.0
22849,100.0
22850,100.0
22851,100.0
22852,100.0
22853,100.0
22854,100.0
22855,100.0
22856,100.0
22857,100.0
22858,100.0
22859,100.0
22860,100.0
22861,100.0
22862,100.0
22863,100.0
22864,100.0
22865,100.0
22866,100.0
22867,100.0
22868,100.0
22869,100.0
22870,100.0
22871,100.0
22872,100.0
22873,100.0
22874,100.0
22875,100.0
22876,100.0
22877,100.0
22878,100.0
22879,100.0
22880,100.0
22881,100.0
22882,100.0
22883,100.0
22884,100.0
22885,100.0
22886,100.0
22887,100.0
22888,100.0
22889,100.0
22890,100.0
22891,100.0
22892,100.0
22893,100.0
22894,100.0
22895,100.0
22896,100.0
22897,100.0
22898,100.0
22899,100.0
22900,100.0
22901,100.0
22902,100.0
22903,100.0
22904,100.0
22905,100.0
22906,100.0
22907,100.0
22908,100.0
22909,100.0
22910,100.0
22911,100.0
22912,100.0
22913,100.0
22914,100.0
22915,100.0
22916,100.0
22917,100.0
22918,100.0
22919,100.0
22920,100.0
22921,100.0
22922,100.0
22923,100.0
22924,100.0
22925,100.0
22926,100.0
22927,100.0
22928,100.0
22929,100.0
22930,100.0
22931,100.0
22932,100.0
22933,100.0
22934,100.0
22935,100.0
22936,100.0
22937,100.0
22938,100.0
22939,100.0
22940,100.0
22941,100.0
22942,100.0
22943,100.0
22944,100.0
22945,100.0
22946,100.0
22947,100.0
22948,100.0
22949,100.0
22950,100.0
22951,100.0
22952,100.0
22953,100.0
22954,100.0
22955,100.0
22956,100.0
22957,100.0
22958,100.0
22959,100.0
22960,100.0
22961,100.0
22962,100.0
22963,100.0
22964,100.0
22965,100.0
22966,100.0
22967,100.0
22968,100.0
22969,100.0
22970,100.0
22971,100.0
22972,100.0
22973,100.0
22974,100.0
22975,100.0
22976,100.0
22977,100.0
22978,100.0
22979,100.0
22980,100.0
22981,100.0
22982,100.0
22983,100.0
22984,100.0
22985,100.0
22986,100.0
22987,100.0
22988,100.0
22989,100.0
22990,100.0
22991,100.0
22992,100.0
22993,100.0
22994,100.0
22995,100.0
22996,100.0
22997,100.0
22998,100.0
22999,100.0
23000,100.0
23001,100.0
23002,100.0
23003,100.0
23004,100.0
23005,100.0
23006,100.0
23007,100.0
23008,100.0
23009,100.0
23010,100.0
23011,100.0
23012,100.0
23013,100.0
23014,100.0
23015,100.0
23016,100.0
23017,100.0
23018,100.0
23019,100.0
23020,100.0
23021,100.0
23022,100.0
23023,100.0
23024,100.0
23025,100.0
23026,100.0
23027,100.0
23028,100.0
23029,100.0
23030,100.0
23031,100.0
23032,100.0
23033,100.0
23034,100.0
23035,100.0
23036,100.0
23037,100.0
23038,100.0
23039,100.0
23040,100.0
23041,100.0
23042,100.0
23043,100.0
23044,100.0
23045,100.0
23046,100.0
23047,100.0
23048,100.0
23049,100.0
23050,100.0
23051,100.0
23052,100.0
23053,100.0
23054,100.0
23055,100.0
23056,100.0
23057,100.0
23058,100.0
23059,100.0
23060,100.0
23061,100.0
23062,100.0
23063,100.0
23064,100.0
23065,100.0
23066,100.0
23067,100.0
23068,100.0
23069,100.0
23070,100.0
23071,100.0
23072,100.0
23073,100.0
23074,100.0
23075,100.0
23076,100.0
23077,100.0
23078,100.0
23079,100.0
23080,100.0
23081,100.0
23082,100.0
23083,100.0
23084,100.0
23085,100.0
23086,100.0
23087,100.0
23088,100.0
23089,100.0
23090,100.0
23091,100.0
23092,100.0
23093,100.0
23094,100.0
23095,100.0
23096,100.0
23097,100.0
23098,100.0
23099,100.0
23100,100.0
23101,100.0
23102,100.0
23103,100.0
23104,100.0
23105,100.0
23106,100.0
23107,100.0
23108,100.0
23109,100.0
23110,100.0
23111,100.0
23112,100.0
23113,100.0
23114,100.0
23115,100.0
23116,100.0
23117,100.0
23118,100.0
23119,100.0
23120,100.0
23121,100.0
23122,100.0
23123,100.0
23124,100.0
23125,100.0
23126,100.0
23127,100.0
23128,100.0
23129,100.0
23130,100.0
23131,100.0
23132,100.0
23133,100.0
23134,100.0
23135,100.0
23136,100.0
23137,100.0
23138,100.0
23139,100.0
23140,100.0
23141,100.0
23142,100.0
23143,100.0
23144,100.0
23145,100.0
23146,100.0
23147,100.0
23148,100.0
23149,100.0
23150,100.0
23151,100.0
23152,100.0
23153,100.0
23154,100.0
23155,100.0
23156,100.0
23157,100.0
23158,100.0
23159,100.0
23160,100.0
23161,100.0
23162,100.0
23163,100.0
23164,100.0
23165,100.0
23166,100.0
23167,100.0
23168,100.0
23169,100.0
23170,100.0
23171,100.0
23172,100.0
23173,100.0
23174,100.0
23175,100.0
23176,100.0
23177,100.0
23178,100.0
23179,100.0
23180,100.0
23181,100.0
23182,100.0
23183,100.0
23184,100.0
23185,100.0
23186,100.0
23187,100.0
23188,100.0
23189,100.0
23190,100.0
23191,100.0
23192,100.0
23193,100.0
23194,100.0
23195,100.0
23196,100.0
23197,100.0
23198,100.0
23199,100.0
23200,100.0
23201,100.0
23202,100.0
23203,100.0
23204,100.0
23205,100.0
23206,100.0
23207,100.0
23208,100.0
23209,100.0
23210,100.0
23211,100.0
23212,100.0
23213,100.0
23214,100.0
23215,100.0
23216,100.0
23217,100.0
23218,100.0
23219,100.0
23220,100.0
23221,100.0
23222,100.0
23223,100.0
23224,100.0
23225,100.0
23226,100.0
23227,100.0
23228,100.0
23229,100.0
23230,100.0
23231,100.0
23232,100.0
23233,100.0
23234,100.0
23235,100.0
23236,100.0
23237,100.0
23238,100.0
23239,100.0
23240,100.0
23241,100.0
23242,100.0
23243,100.0
23244,100.0
23245,100.0
23246,100.0
23247,100.0
23248,100.0
23249,100.0
23250,100.0
23251,100.0
23252,100.0
23253,100.0
23254,100.0
23255,100.0
23256,100.0
23257,100.0
23258,100.0
23259,100.0
23260,100.0
23261,100.0
23262,100.0
23263,100.0
23264,100.0
23265,100.0
23266,100.0
23267,100.0
23268,100.0
23269,100.0
23270,100.0
23271,100.0
23272,100.0
23273,100.0
23274,100.0
23275,100.0
23276,100.0
23277,100.0
23278,100.0
23279,100.0
23280,100.0
23281,100.0
23282,100.0
23283,100.0
23284,100.0
23285,100.0
23286,100.0
23287,100.0
23288,100.0
23289,100.0
23290,100.0
23291,100.0
23292,100.0
23293,100.0
23294,100.0
23295,100.0
23296,100.0
23297,100.0
23298,100.0
23299,100.0
23300,100.0
23301,100.0
23302,100.0
23303,100.0
23304,100.0
23305,100.0
23306,100.0
23307,100.0
23308,100.0
23309,100.0
23310,100.0
23311,100.0
23312,100.0
23313,100.0
23314,100.0
23315,100.0
23316,100.0
23317,100.0
23318,100.0
23319,100.0
23320,100.0
23321,100.0
23322,100.0
23323,100.0
23324,100.0
23325,100.0
23326,100.0
23327,100.0
23328,100.0
23329,100.0
23330,100.0
23331,100.0
23332,100.0
23333,100.0
23334,100.0
23335,100.0
23336,100.0
23337,100.0
23338,100.0
23339,100.0
23340,100.0
23341,100.0
23342,100.0
23343,100.0
23344,100.0
23345,100.0
23346,100.0
23347,100.0
23348,100.0
23349,100.0
23350,100.0
23351,100.0
23352,100.0
23353,100.0
23354,100.0
23355,100.0
23356,100.0
23357,100.0
23358,100.0
23359,100.0
23360,100.0
23361,100.0
23362,100.0
23363,100.0
23364,100.0
23365,100.0
23366,100.0
23367,100.0
23368,100.0
23369,100.0
23370,100.0
23371,100.0
23372,100.0
23373,100.0
23374,100.0
23375,100.0
23376,100.0
23377,100.0
23378,100.0
23379,100.0
23380,100.0
23381,100.0
23382,100.0
23383,100.0
23384,100.0
23385,100.0
23386,100.0
23387,100.0
23388,100.0
23389,100.0
23390,100.0
23391,100.0
23392,100.0
23393,100.0
23394,100.0
23395,100.0
23396,100.0
23397,100.0
23398,100.0
23399,100.0
23400,100.0
23401,100.0
23402,100.0
23403,100.0
23404,100.0
23405,100.0
23406,100.0
23407,100.0
23408,100.0
23409,100.0
23410,100.0
23411,100.0
23412,100.0
23413,100.0
23414,100.0
23415,100.0
23416,100.0
23417,100.0
23418,100.0
23419,100.0
23420,100.0
23421,100.0
23422,100.0
23423,100.0
23424,100.0
23425,100.0
23426,100.0
23427,100.0
23428,100.0
23429,100.0
23430,100.0
23431,100.0
23432,100.0
23433,100.0
23434,100.0
23435,100.0
23436,100.0
23437,100.0
23438,100.0
23439,100.0
23440,100.0
23441,100.0
23442,100.0
23443,100.0
23444,100.0
23445,100.0
23446,100.0
23447,100.0
23448,100.0
23449,100.0
23450,100.0
23451,100.0
23452,100.0
23453,100.0
23454,100.0
23455,100.0
23456,100.0
23457,100.0
23458,100.0
23459,100.0
23460,100.0
23461,100.0
23462,100.0
23463,100.0
23464,100.0
23465,100.0
23466,100.0
23467,100.0
23468,100.0
23469,100.0
23470,100.0
23471,100.0
23472,100.0
23473,100.0
23474,100.0
23475,100.0
23476,100.0
23477,100.0
23478,100.0
23479,100.0
23480,100.0
23481,100.0
23482,100.0
23483,100.0
23484,100.0
23485,100.0
23486,100.0
23487,100.0
23488,100.0
23489,100.0
23490,100.0
23491,100.0
23492,100.0
23493,100.0
23494,100.0
23495,100.0
23496,100.0
23497,100.0
23498,100.0
23499,100.0
23500,100.0
23501,100.0
23502,100.0
23503,100.0
23504,100.0
23505,100.0
23506,100.0
23507,100.0
23508,100.0
23509,100.0
23510,100.0
23511,100.0
23512,100.0
23513,100.0
23514,100.0
23515,100.0
23516,100.0
23517,100.0
23518,100.0
23519,100.0
23520,100.0
23521,100.0
23522,100.0
23523,100.0
23524,100.0
23525,100.0
23526,100.0
23527,100.0
23528,100.0
23529,100.0
23530,100.0
23531,100.0
23532,100.0
23533,100.0
23534,100.0
23535,100.0
23536,100.0
23537,100.0
23538,100.0
23539,100.0
23540,100.0
23541,100.0
23542,100.0
23543,100.0
23544,100.0
23545,100.0
23546,100.0
23547,100.0
23548,100.0
23549,100.0
23550,100.0
23551,100.0
23552,100.0
23553,100.0
23554,100.0
23555,100.0
23556,100.0
23557,100.0
23558,100.0
23559,100.0
23560,100.0
23561,100.0
23562,100.0
23563,100.0
23564,100.0
23565,100.0
23566,100.0
23567,100.0
23568,100.0
23569,100.0
23570,100.0
23571,100.0
23572,100.0
23573,100.0
23574,100.0
23575,100.0
23576,100.0
23577,100.0
23578,100.0
23579,100.0
23580,100.0
23581,100.0
23582,100.0
23583,100.0
23584,100.0
23585,100.0
23586,100.0
23587,100.0
23588,100.0
23589,100.0
23590,100.0
23591,100.0
23592,100.0
23593,100.0
23594,100.0
23595,100.0
23596,100.0
23597,100.0
23598,100.0
23599,100.0
23600,100.0
23601,100.0
23602,100.0
23603,100.0
23604,100.0
23605,100.0
23606,100.0
23607,100.0
23608,100.0
23609,100.0
23610,100.0
23611,100.0
23612,100.0
23613,100.0
23614,100.0
23615,100.0
23616,100.0
23617,100.0
23618,100.0
23619,100.0
23620,100.0
23621,100.0
23622,100.0
23623,100.0
23624,100.0
23625,100.0
23626,100.0
23627,100.0
23628,100.0
23629,100.0
23630,100.0
23631,100.0
23632,100.0
23633,100.0
23634,100.0
23635,100.0
23636,100.0
23637,100.0
23638,100.0
23639,100.0
23640,100.0
23641,100.0
23642,100.0
23643,100.0
23644,100.0
23645,100.0
23646,100.0
23647,100.0
23648,100.0
23649,100.0
23650,100.0
23651,100.0
23652,100.0
23653,100.0
23654,100.0
23655,100.0
23656,100.0
23657,100.0
23658,100.0
23659,100.0
23660,100.0
23661,100.0
23662,100.0
23663,100.0
23664,100.0
23665,100.0
23666,100.0
23667,100.0
23668,100.0
23669,100.0
23670,100.0
23671,100.0
23672,100.0
23673,100.0
23674,100.0
23675,100.0
23676,100.0
23677,100.0
23678,100.0
23679,100.0
23680,100.0
23681,100.0
23682,100.0
23683,100.0
23684,100.0
23685,100.0
23686,100.0
23687,100.0
23688,100.0
23689,100.0
23690,100.0
23691,100.0
23692,100.0
23693,100.0
23694,100.0
23695,100.0
23696,100.0
23697,100.0
23698,100.0
23699,100.0
23700,100.0
23701,100.0
23702,100.0
23703,100.0
23704,100.0
23705,100.0
23706,100.0
23707,100.0
23708,100.0
23709,100.0
23710,100.0
23711,100.0
23712,100.0
23713,100.0
23714,100.0
23715,100.0
23716,100.0
23717,100.0
23718,100.0
23719,100.0
23720,100.0
23721,100.0
23722,100.0
23723,100.0
23724,100.0
23725,100.0
23726,100.0
23727,100.0
23728,100.0
23729,100.0
23730,100.0
23731,100.0
23732,100.0
23733,100.0
23734,100.0
23735,100.0
23736,100.0
23737,100.0
23738,100.0
23739,100.0
23740,100.0
23741,100.0
23742,100.0
23743,100.0
23744,100.0
23745,100.0
23746,100.0
23747,100.0
23748,100.0
23749,100.0
23750,100.0
23751,100.0
23752,100.0
23753,100.0
23754,100.0
23755,100.0
23756,100.0
23757,100.0
23758,100.0
23759,100.0
23760,100.0
23761,100.0
23762,100.0
23763,100.0
23764,100.0
23765,100.0
23766,100.0
23767,100.0
23768,100.0
23769,100.0
23770,100.0
23771,100.0
23772,100.0
23773,100.0
23774,100.0
23775,100.0
23776,100.0
23777,100.0
23778,100.0
23779,100.0
23780,100.0
23781,100.0
23782,100.0
23783,100.0
23784,100.0
23785,100.0
23786,100.0
23787,100.0
23788,100.0
23789,100.0
23790,100.0
23791,100.0
23792,100.0
23793,100.0
23794,100.0
23795,100.0
23796,100.0
23797,100.0
23798,100.0
23799,100.0
23800,100.0
23801,100.0
23802,100.0
23803,100.0
23804,100.0
23805,100.0
23806,100.0
23807,100.0
23808,100.0
23809,100.0
23810,100.0
23811,100.0
23812,100.0
23813,100.0
23814,100.0
23815,100.0
23816,100.0
23817,100.0
23818,100.0
23819,100.0
23820,100.0
23821,100.0
23822,100.0
23823,100.0
23824,100.0
23825,100.0
23826,100.0
23827,100.0
23828,100.0
23829,100.0
23830,100.0
23831,100.0
23832,100.0
23833,100.0
23834,100.0
23835,100.0
23836,100.0
23837,100.0
23838,100.0
23839,100.0
23840,100.0
23841,100.0
23842,100.0
23843,100.0
23844,100.0
23845,100.0
23846,100.0
23847,100.0
23848,100.0
23849,100.0
23850,100.0
23851,100.0
23852,100.0
23853,100.0
23854,100.0
23855,100.0
23856,100.0
23857,100.0
23858,100.0
23859,100.0
23860,100.0
23861,100.0
23862,100.0
23863,100.0
23864,100.0
23865,100.0
23866,100.0
23867,100.0
23868,100.0
23869,100.0
23870,100.0
23871,100.0
23872,100.0
23873,100.0
23874,100.0
23875,100.0
23876,100.0
23877,100.0
23878,100.0
23879,100.0
23880,100.0
23881,100.0
23882,100.0
23883,100.0
23884,100.0
23885,100.0
23886,100.0
23887,100.0
23888,100.0
23889,100.0
23890,100.0
23891,100.0
23892,100.0
23893,100.0
23894,100.0
23895,100.0
23896,100.0
23897,100.0
23898,100.0
23899,100.0
23900,100.0
23901,100.0
23902,100.0
23903,100.0
23904,100.0
23905,100.0
23906,100.0
23907,100.0
23908,100.0
23909,100.0
23910,100.0
23911,100.0
23912,100.0
23913,100.0
23914,100.0
23915,100.0
23916,100.0
23917,100.0
23918,100.0
23919,100.0
23920,100.0
23921,100.0
23922,100.0
23923,100.0
23924,100.0
23925,100.0
23926,100.0
23927,100.0
23928,100.0
23929,100.0
23930,100.0
23931,100.0
23932,100.0
23933,100.0
23934,100.0
23935,100.0
23936,100.0
23937,100.0
23938,100.0
23939,100.0
23940,100.0
23941,100.0
23942,100.0
23943,100.0
23944,100.0
23945,100.0
23946,100.0
23947,100.0
23948,100.0
23949,100.0
23950,100.0
23951,100.0
23952,100.0
23953,100.0
23954,100.0
23955,100.0
23956,100.0
23957,100.0
23958,100.0
23959,100.0
23960,100.0
23961,100.0
23962,100.0
23963,100.0
23964,100.0
23965,100.0
23966,100.0
23967,100.0
23968,100.0
23969,100.0
23970,100.0
23971,100.0
23972,100.0
23973,100.0
23974,100.0
23975,100.0
23976,100.0
23977,100.0
23978,100.0
23979,100.0
23980,100.0
23981,100.0
23982,100.0
23983,100.0
23984,100.0
23985,100.0
23986,100.0
23987,100.0
23988,100.0
23989,100.0
23990,100.0
23991,100.0
23992,100.0
23993,100.0
23994,100.0
23995,100.0
23996,100.0
23997,100.0
23998,100.0
23999,100.0
24000,100.0
24001,100.0
24002,100.0
24003,100.0
24004,100.0
24005,100.0
24006,100.0
24007,100.0
24008,100.0
24009,100.0
24010,100.0
24011,100.0
24012,100.0
24013,100.0
24014,100.0
24015,100.0
24016,100.0
24017,100.0
24018,100.0
24019,100.0
24020,100.0
24021,100.0
24022,100.0
24023,100.0
24024,100.0
24025,100.0
24026,100.0
24027,100.0
24028,100.0
24029,100.0
24030,100.0
24031,100.0
24032,100.0
24033,100.0
24034,100.0
24035,100.0
24036,100.0
24037,100.0
24038,100.0
24039,100.0
24040,100.0
24041,100.0
24042,100.0
24043,100.0
24044,100.0
24045,100.0
24046,100.0
24047,100.0
24048,100.0
24049,100.0
24050,100.0
24051,100.0
24052,100.0
24053,100.0
24054,100.0
24055,100.0
24056,100.0
24057,100.0
24058,100.0
24059,100.0
24060,100.0
24061,100.0
24062,100.0
24063,100.0
24064,100.0
24065,100.0
24066,100.0
24067,100.0
24068,100.0
24069,100.0
24070,100.0
24071,100.0
24072,100.0
24073,100.0
24074,100.0
24075,100.0
24076,100.0
24077,100.0
24078,100.0
24079,100.0
24080,100.0
24081,100.0
24082,100.0
24083,100.0
24084,100.0
24085,100.0
24086,100.0
24087,100.0
24088,100.0
24089,100.0
24090,100.0
24091,100.0
24092,100.0
24093,100.0
24094,100.0
24095,100.0
24096,100.0
24097,100.0
24098,100.0
24099,100.0
24100,100.0
24101,100.0
24102,100.0
24103,100.0
24104,100.0
24105,100.0
24106,100.0
24107,100.0
24108,100.0
24109,100.0
24110,100.0
24111,100.0
24112,100.0
24113,100.0
24114,100.0
24115,100.0
24116,100.0
24117,100.0
24118,100.0
24119,100.0
24120,100.0
24121,100.0
24122,100.0
24123,100.0
24124,100.0
24125,100.0
24126,100.0
24127,100.0
24128,100.0
24129,100.0
24130,100.0
24131,100.0
24132,100.0
24133,100.0
24134,100.0
24135,100.0
24136,100.0
24137,100.0
24138,100.0
24139,100.0
24140,100.0
24141,100.0
24142,100.0
24143,100.0
24144,100.0
24145,100.0
24146,100.0
24147,100.0
24148,100.0
24149,100.0
24150,100.0
24151,100.0
24152,100.0
24153,100.0
24154,100.0
24155,100.0
24156,100.0
24157,100.0
24158,100.0
24159,100.0
24160,100.0
24161,100.0
24162,100.0
24163,100.0
24164,100.0
24165,100.0
24166,100.0
24167,100.0
24168,100.0
24169,100.0
24170,100.0
24171,100.0
24172,100.0
24173,100.0
24174,100.0
24175,100.0
24176,100.0
24177,100.0
24178,100.0
24179,100.0
24180,100.0
24181,100.0
24182,100.0
24183,100.0
24184,100.0
24185,100.0
24186,100.0
24187,100.0
24188,100.0
24189,100.0
24190,100.0
24191,100.0
24192,100.0
24193,100.0
24194,100.0
24195,100.0
24196,100.0
24197,100.0
24198,100.0
24199,100.0
24200,100.0
24201,100.0
24202,100.0
24203,100.0
24204,100.0
24205,100.0
24206,100.0
24207,100.0
24208,100.0
24209,100.0
24210,100.0
24211,100.0
24212,100.0
24213,100.0
24214,100.0
24215,100.0
24216,100.0
24217,100.0
24218,100.0
24219,100.0
24220,100.0
24221,100.0
24222,100.0
24223,100.0
24224,100.0
24225,100.0
24226,100.0
24227,100.0
24228,100.0
24229,100.0
24230,100.0
24231,100.0
24232,100.0
24233,100.0
24234,100.0
24235,100.0
24236,100.0
24237,100.0
24238,100.0
24239,100.0
24240,100.0
24241,100.0
24242,100.0
24243,100.0
24244,100.0
24245,100.0
24246,100.0
24247,100.0
24248,100.0
24249,100.0
24250,100.0
24251,100.0
24252,100.0
24253,100.0
24254,100.0
24255,100.0
24256,100.0
24257,100.0
24258,100.0
24259,100.0
24260,100.0
24261,100.0
24262,100.0
24263,100.0
24264,100.0
24265,100.0
24266,100.0
24267,100.0
24268,100.0
24269,100.0
24270,100.0
24271,100.0
24272,100.0
24273,100.0
24274,100.0
24275,100.0
24276,100.0
24277,100.0
24278,100.0
24279,100.0
24280,100.0
24281,100.0
24282,100.0
24283,100.0
24284,100.0
24285,100.0
24286,100.0
24287,100.0
24288,100.0
24289,100.0
24290,100.0
24291,100.0
24292,100.0
24293,100.0
24294,100.0
24295,100.0
24296,100.0
24297,100.0
24298,100.0
24299,100.0
24300,100.0
24301,100.0
24302,100.0
24303,100.0
24304,100.0
24305,100.0
24306,100.0
24307,100.0
24308,100.0
24309,100.0
24310,100.0
24311,100.0
24312,100.0
24313,100.0
24314,100.0
24315,100.0
24316,100.0
24317,100.0
24318,100.0
24319,100.0
24320,100.0
24321,100.0
24322,100.0
24323,100.0
24324,100.0
24325,100.0
24326,100.0
24327,100.0
24328,100.0
24329,100.0
24330,100.0
24331,100.0
24332,100.0
24333,100.0
24334,100.0
24335,100.0
24336,100.0
24337,100.0
24338,100.0
24339,100.0
24340,100.0
24341,100.0
24342,100.0
24343,100.0
24344,100.0
24345,100.0
24346,100.0
24347,100.0
24348,100.0
24349,100.0
24350,100.0
24351,100.0
24352,100.0
24353,100.0
24354,100.0
24355,100.0
24356,100.0
24357,100.0
24358,100.0
24359,100.0
24360,100.0
24361,100.0
24362,100.0
24363,100.0
24364,100.0
24365,100.0
24366,100.0
24367,100.0
24368,100.0
24369,100.0
24370,100.0
24371,100.0
24372,100.0
24373,100.0
24374,100.0
24375,100.0
24376,100.0
24377,100.0
24378,100.0
24379,100.0
24380,100.0
24381,100.0
24382,100.0
24383,100.0
24384,100.0
24385,100.0
24386,100.0
24387,100.0
24388,100.0
24389,100.0
24390,100.0
24391,100.0
24392,100.0
24393,100.0
24394,100.0
24395,100.0
24396,100.0
24397,100.0
24398,100.0
24399,100.0
24400,100.0
24401,100.0
24402,100.0
24403,100.0
24404,100.0
24405,100.0
24406,100.0
24407,100.0
24408,100.0
24409,100.0
24410,100.0
24411,100.0
24412,100.0
24413,100.0
24414,100.0
24415,100.0
24416,100.0
24417,100.0
24418,100.0
24419,100.0
24420,100.0
24421,100.0
24422,100.0
24423,100.0
24424,100.0
24425,100.0
24426,100.0
24427,100.0
24428,100.0
24429,100.0
24430,100.0
24431,100.0
24432,100.0
24433,100.0
24434,100.0
24435,100.0
24436,100.0
24437,100.0
24438,100.0
24439,100.0
24440,100.0
24441,100.0
24442,100.0
24443,100.0
24444,100.0
24445,100.0
24446,100.0
24447,100.0
24448,100.0
24449,100.0
24450,100.0
24451,100.0
24452,100.0
24453,100.0
24454,100.0
24455,100.0
24456,100.0
24457,100.0
24458,100.0
24459,100.0
24460,100.0
24461,100.0
24462,100.0
24463,100.0
24464,100.0
24465,100.0
24466,100.0
24467,100.0
24468,100.0
24469,100.0
24470,100.0
24471,100.0
24472,100.0
24473,100.0
24474,100.0
24475,100.0
24476,100.0
24477,100.0
24478,100.0
24479,100.0
24480,100.0
24481,100.0
24482,100.0
24483,100.0
24484,100.0
24485,100.0
24486,100.0
24487,100.0
24488,100.0
24489,100.0
24490,100.0
24491,100.0
24492,100.0
24493,100.0
24494,100.0
24495,100.0
24496,100.0
24497,100.0
24498,100.0
24499,100.0
24500,100.0
24501,100.0
24502,100.0
24503,100.0
24504,100.0
24505,100.0
24506,100.0
24507,100.0
24508,100.0
24509,100.0
24510,100.0
24511,100.0
24512,100.0
24513,100.0
24514,100.0
24515,100.0
24516,100.0
24517,100.0
24518,100.0
24519,100.0
24520,100.0
24521,100.0
24522,100.0
24523,100.0
24524,100.0
24525,100.0
24526,100.0
24527,100.0
24528,100.0
24529,100.0
24530,100.0
24531,100.0
24532,100.0
24533,100.0
24534,100.0
24535,100.0
24536,100.0
24537,100.0
24538,100.0
24539,100.0
24540,100.0
24541,100.0
24542,100.0
24543,100.0
24544,100.0
24545,100.0
24546,100.0
24547,100.0
24548,100.0
24549,100.0
24550,100.0
24551,100.0
24552,100.0
24553,100.0
24554,100.0
24555,100.0
24556,100.0
24557,100.0
24558,100.0
24559,100.0
24560,100.0
24561,100.0
24562,100.0
24563,100.0
24564,100.0
24565,100.0
24566,100.0
24567,100.0
24568,100.0
24569,100.0
24570,100.0
24571,100.0
24572,100.0
24573,100.0
24574,100.0
24575,100.0
24576,100.0
24577,100.0
24578,100.0
24579,100.0
24580,100.0
24581,100.0
24582,100.0
24583,100.0
24584,100.0
24585,100.0
24586,100.0
24587,100.0
24588,100.0
24589,100.0
24590,100.0
24591,100.0
24592,100.0
24593,100.0
24594,100.0
24595,100.0
24596,100.0
24597,100.0
24598,100.0
24599,100.0
24600,100.0
24601,100.0
24602,100.0
24603,100.0
24604,100.0
24605,100.0
24606,100.0
24607,100.0
24608,100.0
24609,100.0
24610,100.0
24611,100.0
24612,100.0
24613,100.0
24614,100.0
24615,100.0
24616,100.0
24617,100.0
24618,100.0
24619,100.0
24620,100.0
24621,100.0
24622,100.0
24623,100.0
24624,100.0
24625,100.0
24626,100.0
24627,100.0
24628,100.0
24629,100.0
24630,100.0
24631,100.0
24632,100.0
24633,100.0
24634,100.0
24635,100.0
24636,100.0
24637,100.0
24638,100.0
24639,100.0
24640,100.0
24641,100.0
24642,100.0
24643,100.0
24644,100.0
24645,100.0
24646,100.0
24647,100.0
24648,100.0
24649,100.0
24650,100.0
24651,100.0
24652,100.0
24653,100.0
24654,100.0
24655,100.0
24656,100.0
24657,100.0
24658,100.0
24659,100.0
24660,100.0
24661,100.0
24662,100.0
24663,100.0
24664,100.0
24665,100.0
24666,100.0
24667,100.0
24668,100.0
24669,100.0
24670,100.0
24671,100.0
24672,100.0
24673,100.0
24674,100.0
24675,100.0
24676,100.0
24677,100.0
24678,100.0
24679,100.0
24680,100.0
24681,100.0
24682,100.0
24683,100.0
24684,100.0
24685,100.0
24686,100.0
24687,100.0
24688,100.0
24689,100.0
24690,100.0
24691,100.0
24692,100.0
24693,100.0
24694,100.0
24695,100.0
24696,100.0
24697,100.0
24698,100.0
24699,100.0
24700,100.0
24701,100.0
24702,100.0
24703,100.0
24704,100.0
24705,100.0
24706,100.0
24707,100.0
24708,100.0
24709,100.0
24710,100.0
24711,100.0
24712,100.0
24713,100.0
24714,100.0
24715,100.0
24716,100.0
24717,100.0
24718,100.0
24719,100.0
24720,100.0
24721,100.0
24722,100.0
24723,100.0
24724,100.0
24725,100.0
24726,100.0
24727,100.0
24728,100.0
24729,100.0
24730,100.0
24731,100.0
24732,100.0
24733,100.0
24734,100.0
24735,100.0
24736,100.0
24737,100.0
24738,100.0
24739,100.0
24740,100.0
24741,100.0
24742,100.0
24743,100.0
24744,100.0
24745,100.0
24746,100.0
24747,100.0
24748,100.0
24749,100.0
24750,100.0
24751,100.0
24752,100.0
24753,100.0
24754,100.0
24755,100.0
24756,100.0
24757,100.0
24758,100.0
24759,100.0
24760,100.0
24761,100.0
24762,100.0
24763,100.0
24764,100.0
24765,100.0
24766,100.0
24767,100.0
24768,100.0
24769,100.0
24770,100.0
24771,100.0
24772,100.0
24773,100.0
24774,100.0
24775,100.0
24776,100.0
24777,100.0
24778,100.0
24779,100.0
24780,100.0
24781,100.0
24782,100.0
24783,100.0
24784,100.0
24785,100.0
24786,100.0
24787,100.0
24788,100.0
24789,100.0
24790,100.0
24791,100.0
24792,100.0
24793,100.0
24794,100.0
24795,100.0
24796,100.0
24797,100.0
24798,100.0
24799,100.0
24800,100.0
24801,100.0
24802,100.0
24803,100.0
24804,100.0
24805,100.0
24806,100.0
24807,100.0
24808,100.0
24809,100.0
24810,100.0
24811,100.0
24812,100.0
24813,100.0
24814,100.0
24815,100.0
24816,100.0
24817,100.0
24818,100.0
24819,100.0
24820,100.0
24821,100.0
24822,100.0
24823,100.0
24824,100.0
24825,100.0
24826,100.0
24827,100.0
24828,100.0
24829,100.0
24830,100.0
24831,100.0
24832,100.0
24833,100.0
24834,100.0
24835,100.0
24836,100.0
24837,100.0
24838,100.0
24839,100.0
24840,100.0
24841,100.0
24842,100.0
24843,100.0
24844,100.0
24845,100.0
24846,100.0
24847,100.0
24848,100.0
24849,100.0
24850,100.0
24851,100.0
24852,100.0
24853,100.0
24854,100.0
24855,100.0
24856,100.0
24857,100.0
24858,100.0
24859,100.0
24860,100.0
24861,100.0
24862,100.0
24863,100.0
24864,100.0
24865,100.0
24866,100.0
24867,100.0
24868,100.0
24869,100.0
24870,100.0
24871,100.0
24872,100.0
24873,100.0
24874,100.0
24875,100.0
24876,100.0
24877,100.0
24878,100.0
24879,100.0
24880,100.0
24881,100.0
24882,100.0
24883,100.0
24884,100.0
24885,100.0
24886,100.0
24887,100.0
24888,100.0
24889,100.0
24890,100.0
24891,100.0
24892,100.0
24893,100.0
24894,100.0
24895,100.0
24896,100.0
24897,100.0
24898,100.0
24899,100.0
24900,100.0
24901,100.0
24902,100.0
24903,100.0
24904,100.0
24905,100.0
24906,100.0
24907,100.0
24908,100.0
24909,100.0
24910,100.0
24911,100.0
24912,100.0
24913,100.0
24914,100.0
24915,100.0
24916,100.0
24917,100.0
24918,100.0
24919,100.0
24920,100.0
24921,100.0
24922,100.0
24923,100.0
24924,100.0
24925,100.0
24926,100.0
24927,100.0
24928,100.0
24929,100.0
24930,100.0
24931,100.0
24932,100.0
24933,100.0
24934,100.0
24935,100.0
24936,100.0
24937,100.0
24938,100.0
24939,100.0
24940,100.0
24941,100.0
24942,100.0
24943,100.0
24944,100.0
24945,100.0
24946,100.0
24947,100.0
24948,100.0
24949,100.0
24950,100.0
24951,100.0
24952,100.0
24953,100.0
24954,100.0
24955,100.0
24956,100.0
24957,100.0
24958,100.0
24959,100.0
24960,100.0
24961,100.0
24962,100.0
24963,100.0
24964,100.0
24965,100.0
24966,100.0
24967,100.0
24968,100.0
24969,100.0
24970,100.0
24971,100.0
24972,100.0
24973,100.0
24974,100.0
24975,100.0
24976,100.0
24977,100.0
24978,100.0
24979,100.0
24980,100.0
24981,100.0
24982,100.0
24983,100.0
24984,100.0
24985,100.0
24986,100.0
24987,100.0
24988,100.0
24989,100.0
24990,100.0
24991,100.0
24992,100.0
24993,100.0
24994,100.0
24995,100.0
24996,100.0
24997,100.0
24998,100.0
24999,100.0
25000,100.0
25001,100.0
25002,100.0
25003,100.0
25004,100.0
25005,100.0
25006,100.0
25007,100.0
25008,100.0
25009,100.0
25010,100.0
25011,100.0
25012,100.0
25013,100.0
25014,100.0
25015,100.0
25016,100.0
25017,100.0
25018,100.0
25019,100.0
25020,100.0
25021,100.0
25022,100.0
25023,100.0
25024,100.0
25025,100.0
25026,100.0
25027,100.0
25028,100.0
25029,100.0
25030,100.0
25031,100.0
25032,100.0
25033,100.0
25034,100.0
25035,100.0
25036,100.0
25037,100.0
25038,100.0
25039,100.0
25040,100.0
25041,100.0
25042,100.0
25043,100.0
25044,100.0
25045,100.0
25046,100.0
25047,100.0
25048,100.0
25049,100.0
25050,100.0
25051,100.0
25052,100.0
25053,100.0
25054,100.0
25055,100.0
25056,100.0
25057,100.0
25058,100.0
25059,100.0
25060,100.0
25061,100.0
25062,100.0
25063,100.0
25064,100.0
25065,100.0
25066,100.0
25067,100.0
25068,100.0
25069,100.0
25070,100.0
25071,100.0
25072,100.0
25073,100.0
25074,100.0
25075,100.0
25076,100.0
25077,100.0
25078,100.0
25079,100.0
25080,100.0
25081,100.0
25082,100.0
25083,100.0
25084,100.0
25085,100.0
25086,100.0
25087,100.0
25088,100.0
25089,100.0
25090,100.0
25091,100.0
25092,100.0
25093,100.0
25094,100.0
25095,100.0
25096,100.0
25097,100.0
25098,100.0
25099,100.0
25100,100.0
25101,100.0
25102,100.0
25103,100.0
25104,100.0
25105,100.0
25106,100.0
25107,100.0
25108,100.0
25109,100.0
25110,100.0
25111,100.0
25112,100.0
25113,100.0
25114,100.0
25115,100.0
25116,100.0
25117,100.0
25118,100.0
25119,100.0
25120,100.0
25121,100.0
25122,100.0
25123,100.0
25124,100.0
25125,100.0
25126,100.0
25127,100.0
25128,100.0
25129,100.0
25130,100.0
25131,100.0
25132,100.0
25133,100.0
25134,100.0
25135,100.0
25136,100.0
25137,100.0
25138,100.0
25139,100.0
25140,100.0
25141,100.0
25142,100.0
25143,100.0
25144,100.0
25145,100.0
25146,100.0
25147,100.0
25148,100.0
25149,100.0
25150,100.0
25151,100.0
25152,100.0
25153,100.0
25154,100.0
25155,100.0
25156,100.0
25157,100.0
25158,100.0
25159,100.0
25160,100.0
25161,100.0
25162,100.0
25163,100.0
25164,100.0
25165,100.0
25166,100.0
25167,100.0
25168,100.0
25169,100.0
25170,100.0
25171,100.0
25172,100.0
25173,100.0
25174,100.0
25175,100.0
25176,100.0
25177,100.0
25178,100.0
25179,100.0
25180,100.0
25181,100.0
25182,100.0
25183,100.0
25184,100.0
25185,100.0
25186,100.0
25187,100.0
25188,100.0
25189,100.0
25190,100.0
25191,100.0
25192,100.0
25193,100.0
25194,100.0
25195,100.0
25196,100.0
25197,100.0
25198,100.0
25199,100.0
25200,100.0
25201,100.0
25202,100.0
25203,100.0
25204,100.0
25205,100.0
25206,100.0
25207,100.0
25208,100.0
25209,100.0
25210,100.0
25211,100.0
25212,100.0
25213,100.0
25214,100.0
25215,100.0
25216,100.0
25217,100.0
25218,100.0
25219,100.0
25220,100.0
25221,100.0
25222,100.0
25223,100.0
25224,100.0
25225,100.0
25226,100.0
25227,100.0
25228,100.0
25229,100.0
25230,100.0
25231,100.0
25232,100.0
25233,100.0
25234,100.0
25235,100.0
25236,100.0
25237,100.0
25238,100.0
25239,100.0
25240,100.0
25241,100.0
25242,100.0
25243,100.0
25244,100.0
25245,100.0
25246,100.0
25247,100.0
25248,100.0
25249,100.0
25250,100.0
25251,100.0
25252,100.0
25253,100.0
25254,100.0
25255,100.0
25256,100.0
25257,100.0
25258,100.0
25259,100.0
25260,100.0
25261,100.0
25262,100.0
25263,100.0
25264,100.0
25265,100.0
25266,100.0
25267,100.0
25268,100.0
25269,100.0
25270,100.0
25271,100.0
25272,100.0
25273,100.0
25274,100.0
25275,100.0
25276,100.0
25277,100.0
25278,100.0
25279,100.0
25280,100.0
25281,100.0
25282,100.0
25283,100.0
25284,100.0
25285,100.0
25286,100.0
25287,100.0
25288,100.0
25289,100.0
25290,100.0
25291,100.0
25292,100.0
25293,100.0
25294,100.0
25295,100.0
25296,100.0
25297,100.0
25298,100.0
25299,100.0
25300,100.0
25301,100.0
25302,100.0
25303,100.0
25304,100.0
25305,100.0
25306,100.0
25307,100.0
25308,100.0
25309,100.0
25310,100.0
25311,100.0
25312,100.0
25313,100.0
25314,100.0
25315,100.0
25316,100.0
25317,100.0
25318,100.0
25319,100.0
25320,100.0
25321,100.0
25322,100.0
25323,100.0
25324,100.0
25325,100.0
25326,100.0
25327,100.0
25328,100.0
25329,100.0
25330,100.0
25331,100.0
25332,100.0
25333,100.0
25334,100.0
25335,100.0
25336,100.0
25337,100.0
25338,100.0
25339,100.0
25340,100.0
25341,100.0
25342,100.0
25343,100.0
25344,100.0
25345,100.0
25346,100.0
25347,100.0
25348,100.0
25349,100.0
25350,100.0
25351,100.0
25352,100.0
25353,100.0
25354,100.0
25355,100.0
25356,100.0
25357,100.0
25358,100.0
25359,100.0
25360,100.0
25361,100.0
25362,100.0
25363,100.0
25364,100.0
25365,100.0
25366,100.0
25367,100.0
25368,100.0
25369,100.0
25370,100.0
25371,100.0
25372,100.0
25373,100.0
25374,100.0
25375,100.0
25376,100.0
25377,100.0
25378,100.0
25379,100.0
25380,100.0
25381,100.0
25382,100.0
25383,100.0
25384,100.0
25385,100.0
25386,100.0
25387,100.0
25388,100.0
25389,100.0
25390,100.0
25391,100.0
25392,100.0
25393,100.0
25394,100.0
25395,100.0
25396,100.0
25397,100.0
25398,100.0
25399,100.0
25400,100.0
25401,100.0
25402,100.0
25403,100.0
25404,100.0
25405,100.0
25406,100.0
25407,100.0
25408,100.0
25409,100.0
25410,100.0
25411,100.0
25412,100.0
25413,100.0
25414,100.0
25415,100.0
25416,100.0
25417,100.0
25418,100.0
25419,100.0
25420,100.0
25421,100.0
25422,100.0
25423,100.0
25424,100.0
25425,100.0
25426,100.0
25427,100.0
25428,100.0
25429,100.0
25430,100.0
25431,100.0
25432,100.0
25433,100.0
25434,100.0
25435,100.0
25436,100.0
25437,100.0
25438,100.0
25439,100.0
25440,100.0
25441,100.0
25442,100.0
25443,100.0
25444,100.0
25445,100.0
25446,100.0
25447,100.0
25448,100.0
25449,100.0
25450,100.0
25451,100.0
25452,100.0
25453,100.0
25454,100.0
25455,100.0
25456,100.0
25457,100.0
25458,100.0
25459,100.0
25460,100.0
25461,100.0
25462,100.0
25463,100.0
25464,100.0
25465,100.0
25466,100.0
25467,100.0
25468,100.0
25469,100.0
25470,100.0
25471,100.0
25472,100.0
25473,100.0
25474,100.0
25475,100.0
25476,100.0
25477,100.0
25478,100.0
25479,100.0
25480,100.0
25481,100.0
25482,100.0
25483,100.0
25484,100.0
25485,100.0
25486,100.0
25487,100.0
25488,100.0
25489,100.0
25490,100.0
25491,100.0
25492,100.0
25493,100.0
25494,100.0
25495,100.0
25496,100.0
25497,100.0
25498,100.0
25499,100.0
25500,100.0
25501,100.0
25502,100.0
25503,100.0
25504,100.0
25505,100.0
25506,100.0
25507,100.0
25508,100.0
25509,100.0
25510,100.0
25511,100.0
25512,100.0
25513,100.0
25514,100.0
25515,100.0
25516,100.0
25517,100.0
25518,100.0
25519,100.0
25520,100.0
25521,100.0
25522,100.0
25523,100.0
25524,100.0
25525,100.0
25526,100.0
25527,100.0
25528,100.0
25529,100.0
25530,100.0
25531,100.0
25532,100.0
25533,100.0
25534,100.0
25535,100.0
25536,100.0
25537,100.0
25538,100.0
25539,100.0
25540,100.0
25541,100.0
25542,100.0
25543,100.0
25544,100.0
25545,100.0
25546,100.0
25547,100.0
25548,100.0
25549,100.0
25550,100.0
25551,100.0
25552,100.0
25553,100.0
25554,100.0
25555,100.0
25556,100.0
25557,100.0
25558,100.0
25559,100.0
25560,100.0
25561,100.0
25562,100.0
25563,100.0
25564,100.0
25565,100.0
25566,100.0
25567,100.0
25568,100.0
25569,100.0
25570,100.0
25571,100.0
25572,100.0
25573,100.0
25574,100.0
25575,100.0
25576,100.0
25577,100.0
25578,100.0
25579,100.0
25580,100.0
25581,100.0
25582,100.0
25583,100.0
25584,100.0
25585,100.0
25586,100.0
25587,100.0
25588,100.0
25589,100.0
25590,100.0
25591,100.0
25592,100.0
25593,100.0
25594,100.0
25595,100.0
25596,100.0
25597,100.0
25598,100.0
25599,100.0
25600,100.0
25601,100.0
25602,100.0
25603,100.0
25604,100.0
25605,100.0
25606,100.0
25607,100.0
25608,100.0
25609,100.0
25610,100.0
25611,100.0
25612,100.0
25613,100.0
25614,100.0
25615,100.0
25616,100.0
25617,100.0
25618,100.0
25619,100.0
25620,100.0
25621,100.0
25622,100.0
25623,100.0
25624,100.0
25625,100.0
25626,100.0
25627,100.0
25628,100.0
25629,100.0
25630,100.0
25631,100.0
25632,100.0
25633,100.0
25634,100.0
25635,100.0
25636,100.0
25637,100.0
25638,100.0
25639,100.0
25640,100.0
25641,100.0
25642,100.0
25643,100.0
25644,100.0
25645,100.0
25646,100.0
25647,100.0
25648,100.0
25649,100.0
25650,100.0
25651,100.0
25652,100.0
25653,100.0
25654,100.0
25655,100.0
25656,100.0
25657,100.0
25658,100.0
25659,100.0
25660,100.0
25661,100.0
25662,100.0
25663,100.0
25664,100.0
25665,100.0
25666,100.0
25667,100.0
25668,100.0
25669,100.0
25670,100.0
25671,100.0
25672,100.0
25673,100.0
25674,100.0
25675,100.0
25676,100.0
25677,100.0
25678,100.0
25679,100.0
25680,100.0
25681,100.0
25682,100.0
25683,100.0
25684,100.0
25685,100.0
25686,100.0
25687,100.0
25688,100.0
25689,100.0
25690,100.0
25691,100.0
25692,100.0
25693,100.0
25694,100.0
25695,100.0
25696,100.0
25697,100.0
25698,100.0
25699,100.0
25700,100.0
25701,100.0
25702,100.0
25703,100.0
25704,100.0
25705,100.0
25706,100.0
25707,100.0
25708,100.0
25709,100.0
25710,100.0
25711,100.0
25712,100.0
25713,100.0
25714,100.0
25715,100.0
25716,100.0
25717,100.0
25718,100.0
25719,100.0
25720,100.0
25721,100.0
25722,100.0
25723,100.0
25724,100.0
25725,100.0
25726,100.0
25727,100.0
25728,100.0
25729,100.0
25730,100.0
25731,100.0
25732,100.0
25733,100.0
25734,100.0
25735,100.0
25736,100.0
25737,100.0
25738,100.0
25739,100.0
25740,100.0
25741,100.0
25742,100.0
25743,100.0
25744,100.0
25745,100.0
25746,100.0
25747,100.0
25748,100.0
25749,100.0
25750,100.0
25751,100.0
25752,100.0
25753,100.0
25754,100.0
25755,100.0
25756,100.0
25757,100.0
25758,100.0
25759,100.0
25760,100.0
25761,100.0
25762,100.0
25763,100.0
25764,100.0
25765,100.0
25766,100.0
25767,100.0
25768,100.0
25769,100.0
25770,100.0
25771,100.0
25772,100.0
25773,100.0
25774,100.0
25775,100.0
25776,100.0
25777,100.0
25778,100.0
25779,100.0
25780,100.0
25781,100.0
25782,100.0
25783,100.0
25784,100.0
25785,100.0
25786,100.0
25787,100.0
25788,100.0
25789,100.0
25790,100.0
25791,100.0
25792,100.0
25793,100.0
25794,100.0
25795,100.0
25796,100.0
25797,100.0
25798,100.0
25799,100.0
25800,100.0
25801,100.0
25802,100.0
25803,100.0
25804,100.0
25805,100.0
25806,100.0
25807,100.0
25808,100.0
25809,100.0
25810,100.0
25811,100.0
25812,100.0
25813,100.0
25814,100.0
25815,100.0
25816,100.0
25817,100.0
25818,100.0
25819,100.0
25820,100.0
25821,100.0
25822,100.0
25823,100.0
25824,100.0
25825,100.0
25826,100.0
25827,100.0
25828,100.0
25829,100.0
25830,100.0
25831,100.0
25832,100.0
25833,100.0
25834,100.0
25835,100.0
25836,100.0
25837,100.0
25838,100.0
25839,100.0
25840,100.0
25841,100.0
25842,100.0
25843,100.0
25844,100.0
25845,100.0
25846,100.0
25847,100.0
25848,100.0
25849,100.0
25850,100.0
25851,100.0
25852,100.0
25853,100.0
25854,100.0
25855,100.0
25856,100.0
25857,100.0
25858,100.0
25859,100.0
25860,100.0
25861,100.0
25862,100.0
25863,100.0
25864,100.0
25865,100.0
25866,100.0
25867,100.0
25868,100.0
25869,100.0
25870,100.0
25871,100.0
25872,100.0
25873,100.0
25874,100.0
25875,100.0
25876,100.0
25877,100.0
25878,100.0
25879,100.0
25880,100.0
25881,100.0
25882,100.0
25883,100.0
25884,100.0
25885,100.0
25886,100.0
25887,100.0
25888,100.0
25889,100.0
25890,100.0
25891,100.0
25892,100.0
25893,100.0
25894,100.0
25895,100.0
25896,100.0
25897,100.0
25898,100.0
25899,100.0
25900,100.0
25901,100.0
25902,100.0
25903,100.0
25904,100.0
25905,100.0
25906,100.0
25907,100.0
25908,100.0
25909,100.0
25910,100.0
25911,100.0
25912,100.0
25913,100.0
25914,100.0
25915,100.0
25916,100.0
25917,100.0
25918,100.0
25919,100.0
25920,100.0
25921,100.0
25922,100.0
25923,100.0
25924,100.0
25925,100.0
25926,100.0
25927,100.0
25928,100.0
25929,100.0
25930,100.0
25931,100.0
25932,100.0
25933,100.0
25934,100.0
25935,100.0
25936,100.0
25937,100.0
25938,100.0
25939,100.0
25940,100.0
25941,100.0
25942,100.0
25943,100.0
25944,100.0
25945,100.0
25946,100.0
25947,100.0
25948,100.0
25949,100.0
25950,100.0
25951,100.0
25952,100.0
25953,100.0
25954,100.0
25955,100.0
25956,100.0
25957,100.0
25958,100.0
25959,100.0
25960,100.0
25961,100.0
25962,100.0
25963,100.0
25964,100.0
25965,100.0
25966,100.0
25967,100.0
25968,100.0
25969,100.0
25970,100.0
25971,100.0
25972,100.0
25973,100.0
25974,100.0
25975,100.0
25976,100.0
25977,100.0
25978,100.0
25979,100.0
25980,100.0
25981,100.0
25982,100.0
25983,100.0
25984,100.0
25985,100.0
25986,100.0
25987,100.0
25988,100.0
25989,100.0
25990,100.0
25991,100.0
25992,100.0
25993,100.0
25994,100.0
25995,100.0
25996,100.0
25997,100.0
25998,100.0
25999,100.0
26000,100.0
26001,100.0
26002,100.0
26003,100.0
26004,100.0
26005,100.0
26006,100.0
26007,100.0
26008,100.0
26009,100.0
26010,100.0
26011,100.0
26012,100.0
26013,100.0
26014,100.0
26015,100.0
26016,100.0
26017,100.0
26018,100.0
26019,100.0
26020,100.0
26021,100.0
26022,100.0
26023,100.0
26024,100.0
26025,100.0
26026,100.0
26027,100.0
26028,100.0
26029,100.0
26030,100.0
26031,100.0
26032,100.0
26033,100.0
26034,100.0
26035,100.0
26036,100.0
26037,100.0
26038,100.0
26039,100.0
26040,100.0
26041,100.0
26042,100.0
26043,100.0
26044,100.0
26045,100.0
26046,100.0
26047,100.0
26048,100.0
26049,100.0
26050,100.0
26051,100.0
26052,100.0
26053,100.0
26054,100.0
26055,100.0
26056,100.0
26057,100.0
26058,100.0
26059,100.0
26060,100.0
26061,100.0
26062,100.0
26063,100.0
26064,100.0
26065,100.0
26066,100.0
26067,100.0
26068,100.0
26069,100.0
26070,100.0
26071,100.0
26072,100.0
26073,100.0
26074,100.0
26075,100.0
26076,100.0
26077,100.0
26078,100.0
26079,100.0
26080,100.0
26081,100.0
26082,100.0
26083,100.0
26084,100.0
26085,100.0
26086,100.0
26087,100.0
26088,100.0
26089,100.0
26090,100.0
26091,100.0
26092,100.0
26093,100.0
26094,100.0
26095,100.0
26096,100.0
26097,100.0
26098,100.0
26099,100.0
26100,100.0
26101,100.0
26102,100.0
26103,100.0
26104,100.0
26105,100.0
26106,100.0
26107,100.0
26108,100.0
26109,100.0
26110,100.0
26111,100.0
26112,100.0
26113,100.0
26114,100.0
26115,100.0
26116,100.0
26117,100.0
26118,100.0
26119,100.0
26120,100.0
26121,100.0
26122,100.0
26123,100.0
26124,100.0
26125,100.0
26126,100.0
26127,100.0
26128,100.0
26129,100.0
26130,100.0
26131,100.0
26132,100.0
26133,100.0
26134,100.0
26135,100.0
26136,100.0
26137,100.0
26138,100.0
26139,100.0
26140,100.0
26141,100.0
26142,100.0
26143,100.0
26144,100.0
26145,100.0
26146,100.0
26147,100.0
26148,100.0
26149,100.0
26150,100.0
26151,100.0
26152,100.0
26153,100.0
26154,100.0
26155,100.0
26156,100.0
26157,100.0
26158,100.0
26159,100.0
26160,100.0
26161,100.0
26162,100.0
26163,100.0
26164,100.0
26165,100.0
26166,100.0
26167,100.0
26168,100.0
26169,100.0
26170,100.0
26171,100.0
26172,100.0
26173,100.0
26174,100.0
26175,100.0
26176,100.0
26177,100.0
26178,100.0
26179,100.0
26180,100.0
26181,100.0
26182,100.0
26183,100.0
26184,100.0
26185,100.0
26186,100.0
26187,100.0
26188,100.0
26189,100.0
26190,100.0
26191,100.0
26192,100.0
26193,100.0
26194,100.0
26195,100.0
26196,100.0
26197,100.0
26198,100.0
26199,100.0
26200,100.0
26201,100.0
26202,100.0
26203,100.0
26204,100.0
26205,100.0
26206,100.0
26207,100.0
26208,100.0
26209,100.0
26210,100.0
26211,100.0
26212,100.0
26213,100.0
26214,100.0
26215,100.0
26216,100.0
26217,100.0
26218,100.0
26219,100.0
26220,100.0
26221,100.0
26222,100.0
26223,100.0
26224,100.0
26225,100.0
26226,100.0
26227,100.0
26228,100.0
26229,100.0
26230,100.0
26231,100.0
26232,100.0
26233,100.0
26234,100.0
26235,100.0
26236,100.0
26237,100.0
26238,100.0
26239,100.0
26240,100.0
26241,100.0
26242,100.0
26243,100.0
26244,100.0
26245,100.0
26246,100.0
26247,100.0
26248,100.0
26249,100.0
26250,100.0
26251,100.0
26252,100.0
26253,100.0
26254,100.0
26255,100.0
26256,100.0
26257,100.0
26258,100.0
26259,100.0
26260,100.0
26261,100.0
26262,100.0
26263,100.0
26264,100.0
26265,100.0
26266,100.0
26267,100.0
26268,100.0
26269,100.0
26270,100.0
26271,100.0
26272,100.0
26273,100.0
26274,100.0
26275,100.0
26276,100.0
26277,100.0
26278,100.0
26279,100.0
26280,100.0
26281,100.0
26282,100.0
26283,100.0
26284,100.0
26285,100.0
26286,100.0
26287,100.0
26288,100.0
26289,100.0
26290,100.0
26291,100.0
26292,100.0
26293,100.0
26294,100.0
26295,100.0
26296,100.0
26297,100.0
26298,100.0
26299,100.0
26300,100.0
26301,100.0
26302,100.0
26303,100.0
26304,100.0
26305,100.0
26306,100.0
26307,100.0
26308,100.0
26309,100.0
26310,100.0
26311,100.0
26312,100.0
26313,100.0
26314,100.0
26315,100.0
26316,100.0
26317,100.0
26318,100.0
26319,100.0
26320,100.0
26321,100.0
26322,100.0
26323,100.0
26324,100.0
26325,100.0
26326,100.0
26327,100.0
26328,100.0
26329,100.0
26330,100.0
26331,100.0
26332,100.0
26333,100.0
26334,100.0
26335,100.0
26336,100.0
26337,100.0
26338,100.0
26339,100.0
26340,100.0
26341,100.0
26342,100.0
26343,100.0
26344,100.0
26345,100.0
26346,100.0
26347,100.0
26348,100.0
26349,100.0
26350,100.0
26351,100.0
26352,100.0
26353,100.0
26354,100.0
26355,100.0
26356,100.0
26357,100.0
26358,100.0
26359,100.0
26360,100.0
26361,100.0
26362,100.0
26363,100.0
26364,100.0
26365,100.0
26366,100.0
26367,100.0
26368,100.0
26369,100.0
26370,100.0
26371,100.0
26372,100.0
26373,100.0
26374,100.0
26375,100.0
26376,100.0
26377,100.0
26378,100.0
26379,100.0
26380,100.0
26381,100.0
26382,100.0
26383,100.0
26384,100.0
26385,100.0
26386,100.0
26387,100.0
26388,100.0
26389,100.0
26390,100.0
26391,100.0
26392,100.0
26393,100.0
26394,100.0
26395,100.0
26396,100.0
26397,100.0
26398,100.0
26399,100.0
26400,100.0
26401,100.0
26402,100.0
26403,100.0
26404,100.0
26405,100.0
26406,100.0
26407,100.0
26408,100.0
26409,100.0
26410,100.0
26411,100.0
26412,100.0
26413,100.0
26414,100.0
26415,100.0
26416,100.0
26417,100.0
26418,100.0
26419,100.0
26420,100.0
26421,100.0
26422,100.0
26423,100.0
26424,100.0
26425,100.0
26426,100.0
26427,100.0
26428,100.0
26429,100.0
26430,100.0
26431,100.0
26432,100.0
26433,100.0
26434,100.0
26435,100.0
26436,100.0
26437,100.0
26438,100.0
26439,100.0
26440,100.0
26441,100.0
26442,100.0
26443,100.0
26444,100.0
26445,100.0
26446,100.0
26447,100.0
26448,100.0
26449,100.0
26450,100.0
26451,100.0
26452,100.0
26453,100.0
26454,100.0
26455,100.0
26456,100.0
26457,100.0
26458,100.0
26459,100.0
26460,100.0
26461,100.0
26462,100.0
26463,100.0
26464,100.0
26465,100.0
26466,100.0
26467,100.0
26468,100.0
26469,100.0
26470,100.0
26471,100.0
26472,100.0
26473,100.0
26474,100.0
26475,100.0
26476,100.0
26477,100.0
26478,100.0
26479,100.0
26480,100.0
26481,100.0
26482,100.0
26483,100.0
26484,100.0
26485,100.0
26486,100.0
26487,100.0
26488,100.0
26489,100.0
26490,100.0
26491,100.0
26492,100.0
26493,100.0
26494,100.0
26495,100.0
26496,100.0
26497,100.0
26498,100.0
26499,100.0
26500,100.0
26501,100.0
26502,100.0
26503,100.0
26504,100.0
26505,100.0
26506,100.0
26507,100.0
26508,100.0
26509,100.0
26510,100.0
26511,100.0
26512,100.0
26513,100.0
26514,100.0
26515,100.0
26516,100.0
26517,100.0
26518,100.0
26519,100.0
26520,100.0
26521,100.0
26522,100.0
26523,100.0
26524,100.0
26525,100.0
26526,100.0
26527,100.0
26528,100.0
26529,100.0
26530,100.0
26531,100.0
26532,100.0
26533,100.0
26534,100.0
26535,100.0
26536,100.0
26537,100.0
26538,100.0
26539,100.0
26540,100.0
26541,100.0
26542,100.0
26543,100.0
26544,100.0
26545,100.0
26546,100.0
26547,100.0
26548,100.0
26549,100.0
26550,100.0
26551,100.0
26552,100.0
26553,100.0
26554,100.0
26555,100.0
26556,100.0
26557,100.0
26558,100.0
26559,100.0
26560,100.0
26561,100.0
26562,100.0
26563,100.0
26564,100.0
26565,100.0
26566,100.0
26567,100.0
26568,100.0
26569,100.0
26570,100.0
26571,100.0
26572,100.0
26573,100.0
26574,100.0
26575,100.0
26576,100.0
26577,100.0
26578,100.0
26579,100.0
26580,100.0
26581,100.0
26582,100.0
26583,100.0
26584,100.0
26585,100.0
26586,100.0
26587,100.0
26588,100.0
26589,100.0
26590,100.0
26591,100.0
26592,100.0
26593,100.0
26594,100.0
26595,100.0
26596,100.0
26597,100.0
26598,100.0
26599,100.0
26600,100.0
26601,100.0
26602,100.0
26603,100.0
26604,100.0
26605,100.0
26606,100.0
26607,100.0
26608,100.0
26609,100.0
26610,100.0
26611,100.0
26612,100.0
26613,100.0
26614,100.0
26615,100.0
26616,100.0
26617,100.0
26618,100.0
26619,100.0
26620,100.0
26621,100.0
26622,100.0
26623,100.0
26624,100.0
26625,100.0
26626,100.0
26627,100.0
26628,100.0
26629,100.0
26630,100.0
26631,100.0
26632,100.0
26633,100.0
26634,100.0
26635,100.0
26636,100.0
26637,100.0
26638,100.0
26639,100.0
26640,100.0
26641,100.0
26642,100.0
26643,100.0
26644,100.0
26645,100.0
26646,100.0
26647,100.0
26648,100.0
26649,100.0
26650,100.0
26651,100.0
26652,100.0
26653,100.0
26654,100.0
26655,100.0
26656,100.0
26657,100.0
26658,100.0
26659,100.0
26660,100.0
26661,100.0
26662,100.0
26663,100.0
26664,100.0
26665,100.0
26666,100.0
26667,100.0
26668,100.0
26669,100.0
26670,100.0
26671,100.0
26672,100.0
26673,100.0
26674,100.0
26675,100.0
26676,100.0
26677,100.0
26678,100.0
26679,100.0
26680,100.0
26681,100.0
26682,100.0
26683,100.0
26684,100.0
26685,100.0
26686,100.0
26687,100.0
26688,100.0
26689,100.0
26690,100.0
26691,100.0
26692,100.0
26693,100.0
26694,100.0
26695,100.0
26696,100.0
26697,100.0
26698,100.0
26699,100.0
26700,100.0
26701,100.0
26702,100.0
26703,100.0
26704,100.0
26705,100.0
26706,100.0
26707,100.0
26708,100.0
26709,100.0
26710,100.0
26711,100.0
26712,100.0
26713,100.0
26714,100.0
26715,100.0
26716,100.0
26717,100.0
26718,100.0
26719,100.0
26720,100.0
26721,100.0
26722,100.0
26723,100.0
26724,100.0
26725,100.0
26726,100.0
26727,100.0
26728,100.0
26729,100.0
26730,100.0
26731,100.0
26732,100.0
26733,100.0
26734,100.0
26735,100.0
26736,100.0
26737,100.0
26738,100.0
26739,100.0
26740,100.0
26741,100.0
26742,100.0
26743,100.0
26744,100.0
26745,100.0
26746,100.0
26747,100.0
26748,100.0
26749,100.0
26750,100.0
26751,100.0
26752,100.0
26753,100.0
26754,100.0
26755,100.0
26756,100.0
26757,100.0
26758,100.0
26759,100.0
26760,100.0
26761,100.0
26762,100.0
26763,100.0
26764,100.0
26765,100.0
26766,100.0
26767,100.0
26768,100.0
26769,100.0
26770,100.0
26771,100.0
26772,100.0
26773,100.0
26774,100.0
26775,100.0
26776,100.0
26777,100.0
26778,100.0
26779,100.0
26780,100.0
26781,100.0
26782,100.0
26783,100.0
26784,100.0
26785,100.0
26786,100.0
26787,100.0
26788,100.0
26789,100.0
26790,100.0
26791,100.0
26792,100.0
26793,100.0
26794,100.0
26795,100.0
26796,100.0
26797,100.0
26798,100.0
26799,100.0
26800,100.0
26801,100.0
26802,100.0
26803,100.0
26804,100.0
26805,100.0
26806,100.0
26807,100.0
26808,100.0
26809,100.0
26810,100.0
26811,100.0
26812,100.0
26813,100.0
26814,100.0
26815,100.0
26816,100.0
26817,100.0
26818,100.0
26819,100.0
26820,100.0
26821,100.0
26822,100.0
26823,100.0
26824,100.0
26825,100.0
26826,100.0
26827,100.0
26828,100.0
26829,100.0
26830,100.0
26831,100.0
26832,100.0
26833,100.0
26834,100.0
26835,100.0
26836,100.0
26837,100.0
26838,100.0
26839,100.0
26840,100.0
26841,100.0
26842,100.0
26843,100.0
26844,100.0
26845,100.0
26846,100.0
26847,100.0
26848,100.0
26849,100.0
26850,100.0
26851,100.0
26852,100.0
26853,100.0
26854,100.0
26855,100.0
26856,100.0
26857,100.0
26858,100.0
26859,100.0
26860,100.0
26861,100.0
26862,100.0
26863,100.0
26864,100.0
26865,100.0
26866,100.0
26867,100.0
26868,100.0
26869,100.0
26870,100.0
26871,100.0
26872,100.0
26873,100.0
26874,100.0
26875,100.0
26876,100.0
26877,100.0
26878,100.0
26879,100.0
26880,100.0
26881,100.0
26882,100.0
26883,100.0
26884,100.0
26885,100.0
26886,100.0
26887,100.0
26888,100.0
26889,100.0
26890,100.0
26891,100.0
26892,100.0
26893,100.0
26894,100.0
26895,100.0
26896,100.0
26897,100.0
26898,100.0
26899,100.0
26900,100.0
26901,100.0
26902,100.0
26903,100.0
26904,100.0
26905,100.0
26906,100.0
26907,100.0
26908,100.0
26909,100.0
26910,100.0
26911,100.0
26912,100.0
26913,100.0
26914,100.0
26915,100.0
26916,100.0
26917,100.0
26918,100.0
26919,100.0
26920,100.0
26921,100.0
26922,100.0
26923,100.0
26924,100.0
26925,100.0
26926,100.0
26927,100.0
26928,100.0
26929,100.0
26930,100.0
26931,100.0
26932,100.0
26933,100.0
26934,100.0
26935,100.0
26936,100.0
26937,100.0
26938,100.0
26939,100.0
26940,100.0
26941,100.0
26942,100.0
26943,100.0
26944,100.0
26945,100.0
26946,100.0
26947,100.0
26948,100.0
26949,100.0
26950,100.0
26951,100.0
26952,100.0
26953,100.0
26954,100.0
26955,100.0
26956,100.0
26957,100.0
26958,100.0
26959,100.0
26960,100.0
26961,100.0
26962,100.0
26963,100.0
26964,100.0
26965,100.0
26966,100.0
26967,100.0
26968,100.0
26969,100.0
26970,100.0
26971,100.0
26972,100.0
26973,100.0
26974,100.0
26975,100.0
26976,100.0
26977,100.0
26978,100.0
26979,100.0
26980,100.0
26981,100.0
26982,100.0
26983,100.0
26984,100.0
26985,100.0
26986,100.0
26987,100.0
26988,100.0
26989,100.0
26990,100.0
26991,100.0
26992,100.0
26993,100.0
26994,100.0
26995,100.0
26996,100.0
26997,100.0
26998,100.0
26999,100.0
27000,100.0
27001,100.0
27002,100.0
27003,100.0
27004,100.0
27005,100.0
27006,100.0
27007,100.0
27008,100.0
27009,100.0
27010,100.0
27011,100.0
27012,100.0
27013,100.0
27014,100.0
27015,100.0
27016,100.0
27017,100.0
27018,100.0
27019,100.0
27020,100.0
27021,100.0
27022,100.0
27023,100.0
27024,100.0
27025,100.0
27026,100.0
27027,100.0
27028,100.0
27029,100.0
27030,100.0
27031,100.0
27032,100.0
27033,100.0
27034,100.0
27035,100.0
27036,100.0
27037,100.0
27038,100.0
27039,100.0
27040,100.0
27041,100.0
27042,100.0
27043,100.0
27044,100.0
27045,100.0
27046,100.0
27047,100.0
27048,100.0
27049,100.0
27050,100.0
27051,100.0
27052,100.0
27053,100.0
27054,100.0
27055,100.0
27056,100.0
27057,100.0
27058,100.0
27059,100.0
27060,100.0
27061,100.0
27062,100.0
27063,100.0
27064,100.0
27065,100.0
27066,100.0
27067,100.0
27068,100.0
27069,100.0
27070,100.0
27071,100.0
27072,100.0
27073,100.0
27074,100.0
27075,100.0
27076,100.0
27077,100.0
27078,100.0
27079,100.0
27080,100.0
27081,100.0
27082,100.0
27083,100.0
27084,100.0
27085,100.0
27086,100.0
27087,100.0
27088,100.0
27089,100.0
27090,100.0
27091,100.0
27092,100.0
27093,100.0
27094,100.0
27095,100.0
27096,100.0
27097,100.0
27098,100.0
27099,100.0
27100,100.0
27101,100.0
27102,100.0
27103,100.0
27104,100.0
27105,100.0
27106,100.0
27107,100.0
27108,100.0
27109,100.0
27110,100.0
27111,100.0
27112,100.0
27113,100.0
27114,100.0
27115,100.0
27116,100.0
27117,100.0
27118,100.0
27119,100.0
27120,100.0
27121,100.0
27122,100.0
27123,100.0
27124,100.0
27125,100.0
27126,100.0
27127,100.0
27128,100.0
27129,100.0
27130,100.0
27131,100.0
27132,100.0
27133,100.0
27134,100.0
27135,100.0
27136,100.0
27137,100.0
27138,100.0
27139,100.0
27140,100.0
27141,100.0
27142,100.0
27143,100.0
27144,100.0
27145,100.0
27146,100.0
27147,100.0
27148,100.0
27149,100.0
27150,100.0
27151,100.0
27152,100.0
27153,100.0
27154,100.0
27155,100.0
27156,100.0
27157,100.0
27158,100.0
27159,100.0
27160,100.0
27161,100.0
27162,100.0
27163,100.0
27164,100.0
27165,100.0
27166,100.0
27167,100.0
27168,100.0
27169,100.0
27170,100.0
27171,100.0
27172,100.0
27173,100.0
27174,100.0
27175,100.0
27176,100.0
27177,100.0
27178,100.0
27179,100.0
27180,100.0
27181,100.0
27182,100.0
27183,100.0
27184,100.0
27185,100.0
27186,100.0
27187,100.0
27188,100.0
27189,100.0
27190,100.0
27191,100.0
27192,100.0
27193,100.0
27194,100.0
27195,100.0
27196,100.0
27197,100.0
27198,100.0
27199,100.0
27200,100.0
27201,100.0
27202,100.0
27203,100.0
27204,100.0
27205,100.0
27206,100.0
27207,100.0
27208,100.0
27209,100.0
27210,100.0
27211,100.0
27212,100.0
27213,100.0
27214,100.0
27215,100.0
27216,100.0
27217,100.0
27218,100.0
27219,100.0
27220,100.0
27221,100.0
27222,100.0
27223,100.0
27224,100.0
27225,100.0
27226,100.0
27227,100.0
27228,100.0
27229,100.0
27230,100.0
27231,100.0
27232,100.0
27233,100.0
27234,100.0
27235,100.0
27236,100.0
27237,100.0
27238,100.0
27239,100.0
27240,100.0
27241,100.0
27242,100.0
27243,100.0
27244,100.0
27245,100.0
27246,100.0
27247,100.0
27248,100.0
27249,100.0
27250,100.0
27251,100.0
27252,100.0
27253,100.0
27254,100.0
27255,100.0
27256,100.0
27257,100.0
27258,100.0
27259,100.0
27260,100.0
27261,100.0
27262,100.0
27263,100.0
27264,100.0
27265,100.0
27266,100.0
27267,100.0
27268,100.0
27269,100.0
27270,100.0
27271,100.0
27272,100.0
27273,100.0
27274,100.0
27275,100.0
27276,100.0
27277,100.0
27278,100.0
27279,100.0
27280,100.0
27281,100.0
27282,100.0
27283,100.0
27284,100.0
27285,100.0
27286,100.0
27287,100.0
27288,100.0
27289,100.0
27290,100.0
27291,100.0
27292,100.0
27293,100.0
27294,100.0
27295,100.0
27296,100.0
27297,100.0
27298,100.0
27299,100.0
27300,100.0
27301,100.0
27302,100.0
27303,100.0
27304,100.0
27305,100.0
27306,100.0
27307,100.0
27308,100.0
27309,100.0
27310,100.0
27311,100.0
27312,100.0
27313,100.0
27314,100.0
27315,100.0
27316,100.0
27317,100.0
27318,100.0
27319,100.0
27320,100.0
27321,100.0
27322,100.0
27323,100.0
27324,100.0
27325,100.0
27326,100.0
27327,100.0
27328,100.0
27329,100.0
27330,100.0
27331,100.0
27332,100.0
27333,100.0
27334,100.0
27335,100.0
27336,100.0
27337,100.0
27338,100.0
27339,100.0
27340,100.0
27341,100.0
27342,100.0
27343,100.0
27344,100.0
27345,100.0
27346,100.0
27347,100.0
27348,100.0
27349,100.0
27350,100.0
27351,100.0
27352,100.0
27353,100.0
27354,100.0
27355,100.0
27356,100.0
27357,100.0
27358,100.0
27359,100.0
27360,100.0
27361,100.0
27362,100.0
27363,100.0
27364,100.0
27365,100.0
27366,100.0
27367,100.0
27368,100.0
27369,100.0
27370,100.0
27371,100.0
27372,100.0
27373,100.0
27374,100.0
27375,100.0
27376,100.0
27377,100.0
27378,100.0
27379,100.0
27380,100.0
27381,100.0
27382,100.0
27383,100.0
27384,100.0
27385,100.0
27386,100.0
27387,100.0
27388,100.0
27389,100.0
27390,100.0
27391,100.0
27392,100.0
27393,100.0
27394,100.0
27395,100.0
27396,100.0
27397,100.0
27398,100.0
27399,100.0
27400,100.0
27401,100.0
27402,100.0
27403,100.0
27404,100.0
27405,100.0
27406,100.0
27407,100.0
27408,100.0
27409,100.0
27410,100.0
27411,100.0
27412,100.0
27413,100.0
27414,100.0
27415,100.0
27416,100.0
27417,100.0
27418,100.0
27419,100.0
27420,100.0
27421,100.0
27422,100.0
27423,100.0
27424,100.0
27425,100.0
27426,100.0
27427,100.0
27428,100.0
27429,100.0
27430,100.0
27431,100.0
27432,100.0
27433,100.0
27434,100.0
27435,100.0
27436,100.0
27437,100.0
27438,100.0
27439,100.0
27440,100.0
27441,100.0
27442,100.0
27443,100.0
27444,100.0
27445,100.0
27446,100.0
27447,100.0
27448,100.0
27449,100.0
27450,100.0
27451,100.0
27452,100.0
27453,100.0
27454,100.0
27455,100.0
27456,100.0
27457,100.0
27458,100.0
27459,100.0
27460,100.0
27461,100.0
27462,100.0
27463,100.0
27464,100.0
27465,100.0
27466,100.0
27467,100.0
27468,100.0
27469,100.0
27470,100.0
27471,100.0
27472,100.0
27473,100.0
27474,100.0
27475,100.0
27476,100.0
27477,100.0
27478,100.0
27479,100.0
27480,100.0
27481,100.0
27482,100.0
27483,100.0
27484,100.0
27485,100.0
27486,100.0
27487,100.0
27488,100.0
27489,100.0
27490,100.0
27491,100.0
27492,100.0
27493,100.0
27494,100.0
27495,100.0
27496,100.0
27497,100.0
27498,100.0
27499,100.0
27500,100.0
27501,100.0
27502,100.0
27503,100.0
27504,100.0
27505,100.0
27506,100.0
27507,100.0
27508,100.0
27509,100.0
27510,100.0
27511,100.0
27512,100.0
27513,100.0
27514,100.0
27515,100.0
27516,100.0
27517,100.0
27518,100.0
27519,100.0
27520,100.0
27521,100.0
27522,100.0
27523,100.0
27524,100.0
27525,100.0
27526,100.0
27527,100.0
27528,100.0
27529,100.0
27530,100.0
27531,100.0
27532,100.0
27533,100.0
27534,100.0
27535,100.0
27536,100.0
27537,100.0
27538,100.0
27539,100.0
27540,100.0
27541,100.0
27542,100.0
27543,100.0
27544,100.0
27545,100.0
27546,100.0
27547,100.0
27548,100.0
27549,100.0
27550,100.0
27551,100.0
27552,100.0
27553,100.0
27554,100.0
27555,100.0
27556,100.0
27557,100.0
27558,100.0
27559,100.0
27560,100.0
27561,100.0
27562,100.0
27563,100.0
27564,100.0
27565,100.0
27566,100.0
27567,100.0
27568,100.0
27569,100.0
27570,100.0
27571,100.0
27572,100.0
27573,100.0
27574,100.0
27575,100.0
27576,100.0
27577,100.0
27578,100.0
27579,100.0
27580,100.0
27581,100.0
27582,100.0
27583,100.0
27584,100.0
27585,100.0
27586,100.0
27587,100.0
27588,100.0
27589,100.0
27590,100.0
27591,100.0
27592,100.0
27593,100.0
27594,100.0
27595,100.0
27596,100.0
27597,100.0
27598,100.0
27599,100.0
27600,100.0
27601,100.0
27602,100.0
27603,100.0
27604,100.0
27605,100.0
27606,100.0
27607,100.0
27608,100.0
27609,100.0
27610,100.0
27611,100.0
27612,100.0
27613,100.0
27614,100.0
27615,100.0
27616,100.0
27617,100.0
27618,100.0
27619,100.0
27620,100.0
27621,100.0
27622,100.0
27623,100.0
27624,100.0
27625,100.0
27626,100.0
27627,100.0
27628,100.0
27629,100.0
27630,100.0
27631,100.0
27632,100.0
27633,100.0
27634,100.0
27635,100.0
27636,100.0
27637,100.0
27638,100.0
27639,100.0
27640,100.0
27641,100.0
27642,100.0
27643,100.0
27644,100.0
27645,100.0
27646,100.0
27647,100.0
27648,100.0
27649,100.0
27650,100.0
27651,100.0
27652,100.0
27653,100.0
27654,100.0
27655,100.0
27656,100.0
27657,100.0
27658,100.0
27659,100.0
27660,100.0
27661,100.0
27662,100.0
27663,100.0
27664,100.0
27665,100.0
27666,100.0
27667,100.0
27668,100.0
27669,100.0
27670,100.0
27671,100.0
27672,100.0
27673,100.0
27674,100.0
27675,100.0
27676,100.0
27677,100.0
27678,100.0
27679,100.0
27680,100.0
27681,100.0
27682,100.0
27683,100.0
27684,100.0
27685,100.0
27686,100.0
27687,100.0
27688,100.0
27689,100.0
27690,100.0
27691,100.0
27692,100.0
27693,100.0
27694,100.0
27695,100.0
27696,100.0
27697,100.0
27698,100.0
27699,100.0
27700,100.0
27701,100.0
27702,100.0
27703,100.0
27704,100.0
27705,100.0
27706,100.0
27707,100.0
27708,100.0
27709,100.0
27710,100.0
27711,100.0
27712,100.0
27713,100.0
27714,100.0
27715,100.0
27716,100.0
27717,100.0
27718,100.0
27719,100.0
27720,100.0
27721,100.0
27722,100.0
27723,100.0
27724,100.0
27725,100.0
27726,100.0
27727,100.0
27728,100.0
27729,100.0
27730,100.0
27731,100.0
27732,100.0
27733,100.0
27734,100.0
27735,100.0
27736,100.0
27737,100.0
27738,100.0
27739,100.0
27740,100.0
27741,100.0
27742,100.0
27743,100.0
27744,100.0
27745,100.0
27746,100.0
27747,100.0
27748,100.0
27749,100.0
27750,100.0
27751,100.0
27752,100.0
27753,100.0
27754,100.0
27755,100.0
27756,100.0
27757,100.0
27758,100.0
27759,100.0
27760,100.0
27761,100.0
27762,100.0
27763,100.0
27764,100.0
27765,100.0
27766,100.0
27767,100.0
27768,100.0
27769,100.0
27770,100.0
27771,100.0
27772,100.0
27773,100.0
27774,100.0
27775,100.0
27776,100.0
27777,100.0
27778,100.0
27779,100.0
27780,100.0
27781,100.0
27782,100.0
27783,100.0
27784,100.0
27785,100.0
27786,100.0
27787,100.0
27788,100.0
27789,100.0
27790,100.0
27791,100.0
27792,100.0
27793,100.0
27794,100.0
27795,100.0
27796,100.0
27797,100.0
27798,100.0
27799,100.0
27800,100.0
27801,100.0
27802,100.0
27803,100.0
27804,100.0
27805,100.0
27806,100.0
27807,100.0
27808,100.0
27809,100.0
27810,100.0
27811,100.0
27812,100.0
27813,100.0
27814,100.0
27815,100.0
27816,100.0
27817,100.0
27818,100.0
27819,100.0
27820,100.0
27821,100.0
27822,100.0
27823,100.0
27824,100.0
27825,100.0
27826,100.0
27827,100.0
27828,100.0
27829,100.0
27830,100.0
27831,100.0
27832,100.0
27833,100.0
27834,100.0
27835,100.0
27836,100.0
27837,100.0
27838,100.0
27839,100.0
27840,100.0
27841,100.0
27842,100.0
27843,100.0
27844,100.0
27845,100.0
27846,100.0
27847,100.0
27848,100.0
27849,100.0
27850,100.0
27851,100.0
27852,100.0
27853,100.0
27854,100.0
27855,100.0
27856,100.0
27857,100.0
27858,100.0
27859,100.0
27860,100.0
27861,100.0
27862,100.0
27863,100.0
27864,100.0
27865,100.0
27866,100.0
27867,100.0
27868,100.0
27869,100.0
27870,100.0
27871,100.0
27872,100.0
27873,100.0
27874,100.0
27875,100.0
27876,100.0
27877,100.0
27878,100.0
27879,100.0
27880,100.0
27881,100.0
27882,100.0
27883,100.0
27884,100.0
27885,100.0
27886,100.0
27887,100.0
27888,100.0
27889,100.0
27890,100.0
27891,100.0
27892,100.0
27893,100.0
27894,100.0
27895,100.0
27896,100.0
27897,100.0
27898,100.0
27899,100.0
27900,100.0
27901,100.0
27902,100.0
27903,100.0
27904,100.0
27905,100.0
27906,100.0
27907,100.0
27908,100.0
27909,100.0
27910,100.0
27911,100.0
27912,100.0
27913,100.0
27914,100.0
27915,100.0
27916,100.0
27917,100.0
27918,100.0
27919,100.0
27920,100.0
27921,100.0
27922,100.0
27923,100.0
27924,100.0
27925,100.0
27926,100.0
27927,100.0
27928,100.0
27929,100.0
27930,100.0
27931,100.0
27932,100.0
27933,100.0
27934,100.0
27935,100.0
27936,100.0
27937,100.0
27938,100.0
27939,100.0
27940,100.0
27941,100.0
27942,100.0
27943,100.0
27944,100.0
27945,100.0
27946,100.0
27947,100.0
27948,100.0
27949,100.0
27950,100.0
27951,100.0
27952,100.0
27953,100.0
27954,100.0
27955,100.0
27956,100.0
27957,100.0
27958,100.0
27959,100.0
27960,100.0
27961,100.0
27962,100.0
27963,100.0
27964,100.0
27965,100.0
27966,100.0
27967,100.0
27968,100.0
27969,100.0
27970,100.0
27971,100.0
27972,100.0
27973,100.0
27974,100.0
27975,100.0
27976,100.0
27977,100.0
27978,100.0
27979,100.0
27980,100.0
27981,100.0
27982,100.0
27983,100.0
27984,100.0
27985,100.0
27986,100.0
27987,100.0
27988,100.0
27989,100.0
27990,100.0
27991,100.0
27992,100.0
27993,100.0
27994,100.0
27995,100.0
27996,100.0
27997,100.0
27998,100.0
27999,100.0
28000,100.0
28001,100.0
28002,100.0
28003,100.0
28004,100.0
28005,100.0
28006,100.0
28007,100.0
28008,100.0
28009,100.0
28010,100.0
28011,100.0
28012,100.0
28013,100.0
28014,100.0
28015,100.0
28016,100.0
28017,100.0
28018,100.0
28019,100.0
28020,100.0
28021,100.0
28022,100.0
28023,100.0
28024,100.0
28025,100.0
28026,100.0
28027,100.0
28028,100.0
28029,100.0
28030,100.0
28031,100.0
28032,100.0
28033,100.0
28034,100.0
28035,100.0
28036,100.0
28037,100.0
28038,100.0
28039,100.0
28040,100.0
28041,100.0
28042,100.0
28043,100.0
28044,100.0
28045,100.0
28046,100.0
28047,100.0
28048,100.0
28049,100.0
28050,100.0
28051,100.0
28052,100.0
28053,100.0
28054,100.0
28055,100.0
28056,100.0
28057,100.0
28058,100.0
28059,100.0
28060,100.0
28061,100.0
28062,100.0
28063,100.0
28064,100.0
28065,100.0
28066,100.0
28067,100.0
28068,100.0
28069,100.0
28070,100.0
28071,100.0
28072,100.0
28073,100.0
28074,100.0
28075,100.0
28076,100.0
28077,100.0
28078,100.0
28079,100.0
28080,100.0
28081,100.0
28082,100.0
28083,100.0
28084,100.0
28085,100.0
28086,100.0
28087,100.0
28088,100.0
28089,100.0
28090,100.0
28091,100.0
28092,100.0
28093,100.0
28094,100.0
28095,100.0
28096,100.0
28097,100.0
28098,100.0
28099,100.0
28100,100.0
28101,100.0
28102,100.0
28103,100.0
28104,100.0
28105,100.0
28106,100.0
28107,100.0
28108,100.0
28109,100.0
28110,100.0
28111,100.0
28112,100.0
28113,100.0
28114,100.0
28115,100.0
28116,100.0
28117,100.0
28118,100.0
28119,100.0
28120,100.0
28121,100.0
28122,100.0
28123,100.0
28124,100.0
28125,100.0
28126,100.0
28127,100.0
28128,100.0
28129,100.0
28130,100.0
28131,100.0
28132,100.0
28133,100.0
28134,100.0
28135,100.0
28136,100.0
28137,100.0
28138,100.0
28139,100.0
28140,100.0
28141,100.0
28142,100.0
28143,100.0
28144,100.0
28145,100.0
28146,100.0
28147,100.0
28148,100.0
28149,100.0
28150,100.0
28151,100.0
28152,100.0
28153,100.0
28154,100.0
28155,100.0
28156,100.0
28157,100.0
28158,100.0
28159,100.0
28160,100.0
28161,100.0
28162,100.0
28163,100.0
28164,100.0
28165,100.0
28166,100.0
28167,100.0
28168,100.0
28169,100.0
28170,100.0
28171,100.0
28172,100.0
28173,100.0
28174,100.0
28175,100.0
28176,100.0
28177,100.0
28178,100.0
28179,100.0
28180,100.0
28181,100.0
28182,100.0
28183,100.0
28184,100.0
28185,100.0
28186,100.0
28187,100.0
28188,100.0
28189,100.0
28190,100.0
28191,100.0
28192,100.0
28193,100.0
28194,100.0
28195,100.0
28196,100.0
28197,100.0
28198,100.0
28199,100.0
28200,100.0
28201,100.0
28202,100.0
28203,100.0
28204,100.0
28205,100.0
28206,100.0
28207,100.0
28208,100.0
28209,100.0
28210,100.0
28211,100.0
28212,100.0
28213,100.0
28214,100.0
28215,100.0
28216,100.0
28217,100.0
28218,100.0
28219,100.0
28220,100.0
28221,100.0
28222,100.0
28223,100.0
28224,100.0
28225,100.0
28226,100.0
28227,100.0
28228,100.0
28229,100.0
28230,100.0
28231,100.0
28232,100.0
28233,100.0
28234,100.0
28235,100.0
28236,100.0
28237,100.0
28238,100.0
28239,100.0
28240,100.0
28241,100.0
28242,100.0
28243,100.0
28244,100.0
28245,100.0
28246,100.0
28247,100.0
28248,100.0
28249,100.0
28250,100.0
28251,100.0
28252,100.0
28253,100.0
28254,100.0
28255,100.0
28256,100.0
28257,100.0
28258,100.0
28259,100.0
28260,100.0
28261,100.0
28262,100.0
28263,100.0
28264,100.0
28265,100.0
28266,100.0
28267,100.0
28268,100.0
28269,100.0
28270,100.0
28271,100.0
28272,100.0
28273,100.0
28274,100.0
28275,100.0
28276,100.0
28277,100.0
28278,100.0
28279,100.0
28280,100.0
28281,100.0
28282,100.0
28283,100.0
28284,100.0
28285,100.0
28286,100.0
28287,100.0
28288,100.0
28289,100.0
28290,100.0
28291,100.0
28292,100.0
28293,100.0
28294,100.0
28295,100.0
28296,100.0
28297,100.0
28298,100.0
28299,100.0
28300,100.0
28301,100.0
28302,100.0
28303,100.0
28304,100.0
28305,100.0
28306,100.0
28307,100.0
28308,100.0
28309,100.0
28310,100.0
28311,100.0
28312,100.0
28313,100.0
28314,100.0
28315,100.0
28316,100.0
28317,100.0
28318,100.0
28319,100.0
28320,100.0
28321,100.0
28322,100.0
28323,100.0
28324,100.0
28325,100.0
28326,100.0
28327,100.0
28328,100.0
28329,100.0
28330,100.0
28331,100.0
28332,100.0
28333,100.0
28334,100.0
28335,100.0
28336,100.0
28337,100.0
28338,100.0
28339,100.0
28340,100.0
28341,100.0
28342,100.0
28343,100.0
28344,100.0
28345,100.0
28346,100.0
28347,100.0
28348,100.0
28349,100.0
28350,100.0
28351,100.0
28352,100.0
28353,100.0
28354,100.0
28355,100.0
28356,100.0
28357,100.0
28358,100.0
28359,100.0
28360,100.0
28361,100.0
28362,100.0
28363,100.0
28364,100.0
28365,100.0
28366,100.0
28367,100.0
28368,100.0
28369,100.0
28370,100.0
28371,100.0
28372,100.0
28373,100.0
28374,100.0
28375,100.0
28376,100.0
28377,100.0
28378,100.0
28379,100.0
28380,100.0
28381,100.0
28382,100.0
28383,100.0
28384,100.0
28385,100.0
28386,100.0
28387,100.0
28388,100.0
28389,100.0
28390,100.0
28391,100.0
28392,100.0
28393,100.0
28394,100.0
28395,100.0
28396,100.0
28397,100.0
28398,100.0
28399,100.0
28400,100.0
28401,100.0
28402,100.0
28403,100.0
28404,100.0
28405,100.0
28406,100.0
28407,100.0
28408,100.0
28409,100.0
28410,100.0
28411,100.0
28412,100.0
28413,100.0
28414,100.0
28415,100.0
28416,100.0
28417,100.0
28418,100.0
28419,100.0
28420,100.0
28421,100.0
28422,100.0
28423,100.0
28424,100.0
28425,100.0
28426,100.0
28427,100.0
28428,100.0
28429,100.0
28430,100.0
28431,100.0
28432,100.0
28433,100.0
28434,100.0
28435,100.0
28436,100.0
28437,100.0
28438,100.0
28439,100.0
28440,100.0
28441,100.0
28442,100.0
28443,100.0
28444,100.0
28445,100.0
28446,100.0
28447,100.0
28448,100.0
28449,100.0
28450,100.0
28451,100.0
28452,100.0
28453,100.0
28454,100.0
28455,100.0
28456,100.0
28457,100.0
28458,100.0
28459,100.0
28460,100.0
28461,100.0
28462,100.0
28463,100.0
28464,100.0
28465,100.0
28466,100.0
28467,100.0
28468,100.0
28469,100.0
28470,100.0
28471,100.0
28472,100.0
28473,100.0
28474,100.0
28475,100.0
28476,100.0
28477,100.0
28478,100.0
28479,100.0
28480,100.0
28481,100.0
28482,100.0
28483,100.0
28484,100.0
28485,100.0
28486,100.0
28487,100.0
28488,100.0
28489,100.0
28490,100.0
28491,100.0
28492,100.0
28493,100.0
28494,100.0
28495,100.0
28496,100.0
28497,100.0
28498,100.0
28499,100.0
28500,100.0
28501,100.0
28502,100.0
28503,100.0
28504,100.0
28505,100.0
28506,100.0
28507,100.0
28508,100.0
28509,100.0
28510,100.0
28511,100.0
28512,100.0
28513,100.0
28514,100.0
28515,100.0
28516,100.0
28517,100.0
28518,100.0
28519,100.0
28520,100.0
28521,100.0
28522,100.0
28523,100.0
28524,100.0
28525,100.0
28526,100.0
28527,100.0
28528,100.0
28529,100.0
28530,100.0
28531,100.0
28532,100.0
28533,100.0
28534,100.0
28535,100.0
28536,100.0
28537,100.0
28538,100.0
28539,100.0
28540,100.0
28541,100.0
28542,100.0
28543,100.0
28544,100.0
28545,100.0
28546,100.0
28547,100.0
28548,100.0
28549,100.0
28550,100.0
28551,100.0
28552,100.0
28553,100.0
28554,100.0
28555,100.0
28556,100.0
28557,100.0
28558,100.0
28559,100.0
28560,100.0
28561,100.0
28562,100.0
28563,100.0
28564,100.0
28565,100.0
28566,100.0
28567,100.0
28568,100.0
28569,100.0
28570,100.0
28571,100.0
28572,100.0
28573,100.0
28574,100.0
28575,100.0
28576,100.0
28577,100.0
28578,100.0
28579,100.0
28580,100.0
28581,100.0
28582,100.0
28583,100.0
28584,100.0
28585,100.0
28586,100.0
28587,100.0
28588,100.0
28589,100.0
28590,100.0
28591,100.0
28592,100.0
28593,100.0
28594,100.0
28595,100.0
28596,100.0
28597,100.0
28598,100.0
28599,100.0
28600,100.0
28601,100.0
28602,100.0
28603,100.0
28604,100.0
28605,100.0
28606,100.0
28607,100.0
28608,100.0
28609,100.0
28610,100.0
28611,100.0
28612,100.0
28613,100.0
28614,100.0
28615,100.0
28616,100.0
28617,100.0
28618,100.0
28619,100.0
28620,100.0
28621,100.0
28622,100.0
28623,100.0
28624,100.0
28625,100.0
28626,100.0
28627,100.0
28628,100.0
28629,100.0
28630,100.0
28631,100.0
28632,100.0
28633,100.0
28634,100.0
28635,100.0
28636,100.0
28637,100.0
28638,100.0
28639,100.0
28640,100.0
28641,100.0
28642,100.0
28643,100.0
28644,100.0
28645,100.0
28646,100.0
28647,100.0
28648,100.0
28649,100.0
28650,100.0
28651,100.0
28652,100.0
28653,100.0
28654,100.0
28655,100.0
28656,100.0
28657,100.0
28658,100.0
28659,100.0
28660,100.0
28661,100.0
28662,100.0
28663,100.0
28664,100.0
28665,100.0
28666,100.0
28667,100.0
28668,100.0
28669,100.0
28670,100.0
28671,100.0
28672,100.0
28673,100.0
28674,100.0
28675,100.0
28676,100.0
28677,100.0
28678,100.0
28679,100.0
28680,100.0
28681,100.0
28682,100.0
28683,100.0
28684,100.0
28685,100.0
28686,100.0
28687,100.0
28688,100.0
28689,100.0
28690,100.0
28691,100.0
28692,100.0
28693,100.0
28694,100.0
28695,100.0
28696,100.0
28697,100.0
28698,100.0
28699,100.0
28700,100.0
28701,100.0
28702,100.0
28703,100.0
28704,100.0
28705,100.0
28706,100.0
28707,100.0
28708,100.0
28709,100.0
28710,100.0
28711,100.0
28712,100.0
28713,100.0
28714,100.0
28715,100.0
28716,100.0
28717,100.0
28718,100.0
28719,100.0
28720,100.0
28721,100.0
28722,100.0
28723,100.0
28724,100.0
28725,100.0
28726,100.0
28727,100.0
28728,100.0
28729,100.0
28730,100.0
28731,100.0
28732,100.0
28733,100.0
28734,100.0
28735,100.0
28736,100.0
28737,100.0
28738,100.0
28739,100.0
28740,100.0
28741,100.0
28742,100.0
28743,100.0
28744,100.0
28745,100.0
28746,100.0
28747,100.0
28748,100.0
28749,100.0
28750,100.0
28751,100.0
28752,100.0
28753,100.0
28754,100.0
28755,100.0
28756,100.0
28757,100.0
28758,100.0
28759,100.0
28760,100.0
28761,100.0
28762,100.0
28763,100.0
28764,100.0
28765,100.0
28766,100.0
28767,100.0
28768,100.0
28769,100.0
28770,100.0
28771,100.0
28772,100.0
28773,100.0
28774,100.0
28775,100.0
28776,100.0
28777,100.0
28778,100.0
28779,100.0
28780,100.0
28781,100.0
28782,100.0
28783,100.0
28784,100.0
28785,100.0
28786,100.0
28787,100.0
28788,100.0
28789,100.0
28790,100.0
28791,100.0
28792,100.0
28793,100.0
28794,100.0
28795,100.0
28796,100.0
28797,100.0
28798,100.0
28799,100.0
28800,100.0
28801,100.0
28802,100.0
28803,100.0
28804,100.0
28805,100.0
28806,100.0
28807,100.0
28808,100.0
28809,100.0
28810,100.0
28811,100.0
28812,100.0
28813,100.0
28814,100.0
28815,100.0
28816,100.0
28817,100.0
28818,100.0
28819,100.0
28820,100.0
28821,100.0
28822,100.0
28823,100.0
28824,100.0
28825,100.0
28826,100.0
28827,100.0
28828,100.0
28829,100.0
28830,100.0
28831,100.0
28832,100.0
28833,100.0
28834,100.0
28835,100.0
28836,100.0
28837,100.0
28838,100.0
28839,100.0
28840,100.0
28841,100.0
28842,100.0
28843,100.0
28844,100.0
28845,100.0
28846,100.0
28847,100.0
28848,100.0
28849,100.0
28850,100.0
28851,100.0
28852,100.0
28853,100.0
28854,100.0
28855,100.0
28856,100.0
28857,100.0
28858,100.0
28859,100.0
28860,100.0
28861,100.0
28862,100.0
28863,100.0
28864,100.0
28865,100.0
28866,100.0
28867,100.0
28868,100.0
28869,100.0
28870,100.0
28871,100.0
28872,100.0
28873,100.0
28874,100.0
28875,100.0
28876,100.0
28877,100.0
28878,100.0
28879,100.0
28880,100.0
28881,100.0
28882,100.0
28883,100.0
28884,100.0
28885,100.0
28886,100.0
28887,100.0
28888,100.0
28889,100.0
28890,100.0
28891,100.0
28892,100.0
28893,100.0
28894,100.0
28895,100.0
28896,100.0
28897,100.0
28898,100.0
28899,100.0
28900,100.0
28901,100.0
28902,100.0
28903,100.0
28904,100.0
28905,100.0
28906,100.0
28907,100.0
28908,100.0
28909,100.0
28910,100.0
28911,100.0
28912,100.0
28913,100.0
28914,100.0
28915,100.0
28916,100.0
28917,100.0
28918,100.0
28919,100.0
28920,100.0
28921,100.0
28922,100.0
28923,100.0
28924,100.0
28925,100.0
28926,100.0
28927,100.0
28928,100.0
28929,100.0
28930,100.0
28931,100.0
28932,100.0
28933,100.0
28934,100.0
28935,100.0
28936,100.0
28937,100.0
28938,100.0
28939,100.0
28940,100.0
28941,100.0
28942,100.0
28943,100.0
28944,100.0
28945,100.0
28946,100.0
28947,100.0
28948,100.0
28949,100.0
28950,100.0
28951,100.0
28952,100.0
28953,100.0
28954,100.0
28955,100.0
28956,100.0
28957,100.0
28958,100.0
28959,100.0
28960,100.0
28961,100.0
28962,100.0
28963,100.0
28964,100.0
28965,100.0
28966,100.0
28967,100.0
28968,100.0
28969,100.0
28970,100.0
28971,100.0
28972,100.0
28973,100.0
28974,100.0
28975,100.0
28976,100.0
28977,100.0
28978,100.0
28979,100.0
28980,100.0
28981,100.0
28982,100.0
28983,100.0
28984,100.0
28985,100.0
28986,100.0
28987,100.0
28988,100.0
28989,100.0
28990,100.0
28991,100.0
28992,100.0
28993,100.0
28994,100.0
28995,100.0
28996,100.0
28997,100.0
28998,100.0
28999,100.0
29000,100.0
29001,100.0
29002,100.0
29003,100.0
29004,100.0
29005,100.0
29006,100.0
29007,100.0
29008,100.0
29009,100.0
29010,100.0
29011,100.0
29012,100.0
29013,100.0
29014,100.0
29015,100.0
29016,100.0
29017,100.0
29018,100.0
29019,100.0
29020,100.0
29021,100.0
29022,100.0
29023,100.0
29024,100.0
29025,100.0
29026,100.0
29027,100.0
29028,100.0
29029,100.0
29030,100.0
29031,100.0
29032,100.0
29033,100.0
29034,100.0
29035,100.0
29036,100.0
29037,100.0
29038,100.0
29039,100.0
29040,100.0
29041,100.0
29042,100.0
29043,100.0
29044,100.0
29045,100.0
29046,100.0
29047,100.0
29048,100.0
29049,100.0
29050,100.0
29051,100.0
29052,100.0
29053,100.0
29054,100.0
29055,100.0
29056,100.0
29057,100.0
29058,100.0
29059,100.0
29060,100.0
29061,100.0
29062,100.0
29063,100.0
29064,100.0
29065,100.0
29066,100.0
29067,100.0
29068,100.0
29069,100.0
29070,100.0
29071,100.0
29072,100.0
29073,100.0
29074,100.0
29075,100.0
29076,100.0
29077,100.0
29078,100.0
29079,100.0
29080,100.0
29081,100.0
29082,100.0
29083,100.0
29084,100.0
29085,100.0
29086,100.0
29087,100.0
29088,100.0
29089,100.0
29090,100.0
29091,100.0
29092,100.0
29093,100.0
29094,100.0
29095,100.0
29096,100.0
29097,100.0
29098,100.0
29099,100.0
29100,100.0
29101,100.0
29102,100.0
29103,100.0
29104,100.0
29105,100.0
29106,100.0
29107,100.0
29108,100.0
29109,100.0
29110,100.0
29111,100.0
29112,100.0
29113,100.0
29114,100.0
29115,100.0
29116,100.0
29117,100.0
29118,100.0
29119,100.0
29120,100.0
29121,100.0
29122,100.0
29123,100.0
29124,100.0
29125,100.0
29126,100.0
29127,100.0
29128,100.0
29129,100.0
29130,100.0
29131,100.0
29132,100.0
29133,100.0
29134,100.0
29135,100.0
29136,100.0
29137,100.0
29138,100.0
29139,100.0
29140,100.0
29141,100.0
29142,100.0
29143,100.0
29144,100.0
29145,100.0
29146,100.0
29147,100.0
29148,100.0
29149,100.0
29150,100.0
29151,100.0
29152,100.0
29153,100.0
29154,100.0
29155,100.0
29156,100.0
29157,100.0
29158,100.0
29159,100.0
29160,100.0
29161,100.0
29162,100.0
29163,100.0
29164,100.0
29165,100.0
29166,100.0
29167,100.0
29168,100.0
29169,100.0
29170,100.0
29171,100.0
29172,100.0
29173,100.0
29174,100.0
29175,100.0
29176,100.0
29177,100.0
29178,100.0
29179,100.0
29180,100.0
29181,100.0
29182,100.0
29183,100.0
29184,100.0
29185,100.0
29186,100.0
29187,100.0
29188,100.0
29189,100.0
29190,100.0
29191,100.0
29192,100.0
29193,100.0
29194,100.0
29195,100.0
29196,100.0
29197,100.0
29198,100.0
29199,100.0
29200,100.0
29201,100.0
29202,100.0
29203,100.0
29204,100.0
29205,100.0
29206,100.0
29207,100.0
29208,100.0
29209,100.0
29210,100.0
29211,100.0
29212,100.0
29213,100.0
29214,100.0
29215,100.0
29216,100.0
29217,100.0
29218,100.0
29219,100.0
29220,100.0
29221,100.0
29222,100.0
29223,100.0
29224,100.0
29225,100.0
29226,100.0
29227,100.0
29228,100.0
29229,100.0
29230,100.0
29231,100.0
29232,100.0
29233,100.0
29234,100.0
29235,100.0
29236,100.0
29237,100.0
29238,100.0
29239,100.0
29240,100.0
29241,100.0
29242,100.0
29243,100.0
29244,100.0
29245,100.0
29246,100.0
29247,100.0
29248,100.0
29249,100.0
29250,100.0
29251,100.0
29252,100.0
29253,100.0
29254,100.0
29255,100.0
29256,100.0
29257,100.0
29258,100.0
29259,100.0
29260,100.0
29261,100.0
29262,100.0
29263,100.0
29264,100.0
29265,100.0
29266,100.0
29267,100.0
29268,100.0
29269,100.0
29270,100.0
29271,100.0
29272,100.0
29273,100.0
29274,100.0
29275,100.0
29276,100.0
29277,100.0
29278,100.0
29279,100.0
29280,100.0
29281,100.0
29282,100.0
29283,100.0
29284,100.0
29285,100.0
29286,100.0
29287,100.0
29288,100.0
29289,100.0
29290,100.0
29291,100.0
29292,100.0
29293,100.0
29294,100.0
29295,100.0
29296,100.0
29297,100.0
29298,100.0
29299,100.0
29300,100.0
29301,100.0
29302,100.0
29303,100.0
29304,100.0
29305,100.0
29306,100.0
29307,100.0
29308,100.0
29309,100.0
29310,100.0
29311,100.0
29312,100.0
29313,100.0
29314,100.0
29315,100.0
29316,100.0
29317,100.0
29318,100.0
29319,100.0
29320,100.0
29321,100.0
29322,100.0
29323,100.0
29324,100.0
29325,100.0
29326,100.0
29327,100.0
29328,100.0
29329,100.0
29330,100.0
29331,100.0
29332,100.0
29333,100.0
29334,100.0
29335,100.0
29336,100.0
29337,100.0
29338,100.0
29339,100.0
29340,100.0
29341,100.0
29342,100.0
29343,100.0
29344,100.0
29345,100.0
29346,100.0
29347,100.0
29348,100.0
29349,100.0
29350,100.0
29351,100.0
29352,100.0
29353,100.0
29354,100.0
29355,100.0
29356,100.0
29357,100.0
29358,100.0
29359,100.0
29360,100.0
29361,100.0
29362,100.0
29363,100.0
29364,100.0
29365,100.0
29366,100.0
29367,100.0
29368,100.0
29369,100.0
29370,100.0
29371,100.0
29372,100.0
29373,100.0
29374,100.0
29375,100.0
29376,100.0
29377,100.0
29378,100.0
29379,100.0
29380,100.0
29381,100.0
29382,100.0
29383,100.0
29384,100.0
29385,100.0
29386,100.0
29387,100.0
29388,100.0
29389,100.0
29390,100.0
29391,100.0
29392,100.0
29393,100.0
29394,100.0
29395,100.0
29396,100.0
29397,100.0
29398,100.0
29399,100.0
29400,100.0
29401,100.0
29402,100.0
29403,100.0
29404,100.0
29405,100.0
29406,100.0
29407,100.0
29408,100.0
29409,100.0
29410,100.0
29411,100.0
29412,100.0
29413,100.0
29414,100.0
29415,100.0
29416,100.0
29417,100.0
29418,100.0
29419,100.0
29420,100.0
29421,100.0
29422,100.0
29423,100.0
29424,100.0
29425,100.0
29426,100.0
29427,100.0
29428,100.0
29429,100.0
29430,100.0
29431,100.0
29432,100.0
29433,100.0
29434,100.0
29435,100.0
29436,100.0
29437,100.0
29438,100.0
29439,100.0
29440,100.0
29441,100.0
29442,100.0
29443,100.0
29444,100.0
29445,100.0
29446,100.0
29447,100.0
29448,100.0
29449,100.0
29450,100.0
29451,100.0
29452,100.0
29453,100.0
29454,100.0
29455,100.0
29456,100.0
29457,100.0
29458,100.0
29459,100.0
29460,100.0
29461,100.0
29462,100.0
29463,100.0
29464,100.0
29465,100.0
29466,100.0
29467,100.0
29468,100.0
29469,100.0
29470,100.0
29471,100.0
29472,100.0
29473,100.0
29474,100.0
29475,100.0
29476,100.0
29477,100.0
29478,100.0
29479,100.0
29480,100.0
29481,100.0
29482,100.0
29483,100.0
29484,100.0
29485,100.0
29486,100.0
29487,100.0
29488,100.0
29489,100.0
29490,100.0
29491,100.0
29492,100.0
29493,100.0
29494,100.0
29495,100.0
29496,100.0
29497,100.0
29498,100.0
29499,100.0
29500,100.0
29501,100.0
29502,100.0
29503,100.0
29504,100.0
29505,100.0
29506,100.0
29507,100.0
29508,100.0
29509,100.0
29510,100.0
29511,100.0
29512,100.0
29513,100.0
29514,100.0
29515,100.0
29516,100.0
29517,100.0
29518,100.0
29519,100.0
29520,100.0
29521,100.0
29522,100.0
29523,100.0
29524,100.0
29525,100.0
29526,100.0
29527,100.0
29528,100.0
29529,100.0
29530,100.0
29531,100.0
29532,100.0
29533,100.0
29534,100.0
29535,100.0
29536,100.0
29537,100.0
29538,100.0
29539,100.0
29540,100.0
29541,100.0
29542,100.0
29543,100.0
29544,100.0
29545,100.0
29546,100.0
29547,100.0
29548,100.0
29549,100.0
29550,100.0
29551,100.0
29552,100.0
29553,100.0
29554,100.0
29555,100.0
29556,100.0
29557,100.0
29558,100.0
29559,100.0
29560,100.0
29561,100.0
29562,100.0
29563,100.0
29564,100.0
29565,100.0
29566,100.0
29567,100.0
29568,100.0
29569,100.0
29570,100.0
29571,100.0
29572,100.0
29573,100.0
29574,100.0
29575,100.0
29576,100.0
29577,100.0
29578,100.0
29579,100.0
29580,100.0
29581,100.0
29582,100.0
29583,100.0
29584,100.0
29585,100.0
29586,100.0
29587,100.0
29588,100.0
29589,100.0
29590,100.0
29591,100.0
29592,100.0
29593,100.0
29594,100.0
29595,100.0
29596,100.0
29597,100.0
29598,100.0
29599,100.0
29600,100.0
29601,100.0
29602,100.0
29603,100.0
29604,100.0
29605,100.0
29606,100.0
29607,100.0
29608,100.0
29609,100.0
29610,100.0
29611,100.0
29612,100.0
29613,100.0
29614,100.0
29615,100.0
29616,100.0
29617,100.0
29618,100.0
29619,100.0
29620,100.0
29621,100.0
29622,100.0
29623,100.0
29624,100.0
29625,100.0
29626,100.0
29627,100.0
29628,100.0
29629,100.0
29630,100.0
29631,100.0
29632,100.0
29633,100.0
29634,100.0
29635,100.0
29636,100.0
29637,100.0
29638,100.0
29639,100.0
29640,100.0
29641,100.0
29642,100.0
29643,100.0
29644,100.0
29645,100.0
29646,100.0
29647,100.0
29648,100.0
29649,100.0
29650,100.0
29651,100.0
29652,100.0
29653,100.0
29654,100.0
29655,100.0
29656,100.0
29657,100.0
29658,100.0
29659,100.0
29660,100.0
29661,100.0
29662,100.0
29663,100.0
29664,100.0
29665,100.0
29666,100.0
29667,100.0
29668,100.0
29669,100.0
29670,100.0
29671,100.0
29672,100.0
29673,100.0
29674,100.0
29675,100.0
29676,100.0
29677,100.0
29678,100.0
29679,100.0
29680,100.0
29681,100.0
29682,100.0
29683,100.0
29684,100.0
29685,100.0
29686,100.0
29687,100.0
29688,100.0
29689,100.0
29690,100.0
29691,100.0
29692,100.0
29693,100.0
29694,100.0
29695,100.0
29696,100.0
29697,100.0
29698,100.0
29699,100.0
29700,100.0
29701,100.0
29702,100.0
29703,100.0
29704,100.0
29705,100.0
29706,100.0
29707,100.0
29708,100.0
29709,100.0
29710,100.0
29711,100.0
29712,100.0
29713,100.0
29714,100.0
29715,100.0
29716,100.0
29717,100.0
29718,100.0
29719,100.0
29720,100.0
29721,100.0
29722,100.0
29723,100.0
29724,100.0
29725,100.0
29726,100.0
29727,100.0
29728,100.0
29729,100.0
29730,100.0
29731,100.0
29732,100.0
29733,100.0
29734,100.0
29735,100.0
29736,100.0
29737,100.0
29738,100.0
29739,100.0
29740,100.0
29741,100.0
29742,100.0
29743,100.0
29744,100.0
29745,100.0
29746,100.0
29747,100.0
29748,100.0
29749,100.0
29750,100.0
29751,100.0
29752,100.0
29753,100.0
29754,100.0
29755,100.0
29756,100.0
29757,100.0
29758,100.0
29759,100.0
29760,100.0
29761,100.0
29762,100.0
29763,100.0
29764,100.0
29765,100.0
29766,100.0
29767,100.0
29768,100.0
29769,100.0
29770,100.0
29771,100.0
29772,100.0
29773,100.0
29774,100.0
29775,100.0
29776,100.0
29777,100.0
29778,100.0
29779,100.0
29780,100.0
29781,100.0
29782,100.0
29783,100.0
29784,100.0
29785,100.0
29786,100.0
29787,100.0
29788,100.0
29789,100.0
29790,100.0
29791,100.0
29792,100.0
29793,100.0
29794,100.0
29795,100.0
29796,100.0
29797,100.0
29798,100.0
29799,100.0
29800,100.0
29801,100.0
29802,100.0
29803,100.0
29804,100.0
29805,100.0
29806,100.0
29807,100.0
29808,100.0
29809,100.0
29810,100.0
29811,100.0
29812,100.0
29813,100.0
29814,100.0
29815,100.0
29816,100.0
29817,100.0
29818,100.0
29819,100.0
29820,100.0
29821,100.0
29822,100.0
29823,100.0
29824,100.0
29825,100.0
29826,100.0
29827,100.0
29828,100.0
29829,100.0
29830,100.0
29831,100.0
29832,100.0
29833,100.0
29834,100.0
29835,100.0
29836,100.0
29837,100.0
29838,100.0
29839,100.0
29840,100.0
29841,100.0
29842,100.0
29843,100.0
29844,100.0
29845,100.0
29846,100.0
29847,100.0
29848,100.0
29849,100.0
29850,100.0
29851,100.0
29852,100.0
29853,100.0
29854,100.0
29855,100.0
29856,100.0
29857,100.0
29858,100.0
29859,100.0
29860,100.0
29861,100.0
29862,100.0
29863,100.0
29864,100.0
29865,100.0
29866,100.0
29867,100.0
29868,100.0
29869,100.0
29870,100.0
29871,100.0
29872,100.0
29873,100.0
29874,100.0
29875,100.0
29876,100.0
29877,100.0
29878,100.0
29879,100.0
29880,100.0
29881,100.0
29882,100.0
29883,100.0
29884,100.0
29885,100.0
29886,100.0
29887,100.0
29888,100.0
29889,100.0
29890,100.0
29891,100.0
29892,100.0
29893,100.0
29894,100.0
29895,100.0
29896,100.0
29897,100.0
29898,100.0
29899,100.0
29900,100.0
29901,100.0
29902,100.0
29903,100.0
29904,100.0
29905,100.0
29906,100.0
29907,100.0
29908,100.0
29909,100.0
29910,100.0
29911,100.0
29912,100.0
29913,100.0
29914,100.0
29915,100.0
29916,100.0
29917,100.0
29918,100.0
29919,100.0
29920,100.0
29921,100.0
29922,100.0
29923,100.0
29924,100.0
29925,100.0
29926,100.0
29927,100.0
29928,100.0
29929,100.0
29930,100.0
29931,100.0
29932,100.0
29933,100.0
29934,100.0
29935,100.0
29936,100.0
29937,100.0
29938,100.0
29939,100.0
29940,100.0
29941,100.0
29942,100.0
29943,100.0
29944,100.0
29945,100.0
29946,100.0
29947,100.0
29948,100.0
29949,100.0
29950,100.0
29951,100.0
29952,100.0
29953,100.0
29954,100.0
29955,100.0
29956,100.0
29957,100.0
29958,100.0
29959,100.0
29960,100.0
29961,100.0
29962,100.0
29963,100.0
29964,100.0
29965,100.0
29966,100.0
29967,100.0
29968,100.0
29969,100.0
29970,100.0
29971,100.0
29972,100.0
29973,100.0
29974,100.0
29975,100.0
29976,100.0
29977,100.0
29978,100.0
29979,100.0
29980,100.0
29981,100.0
29982,100.0
29983,100.0
29984,100.0
29985,100.0
29986,100.0
29987,100.0
29988,100.0
29989,100.0
29990,100.0
29991,100.0
29992,100.0
29993,100.0
29994,100.0
29995,100.0
29996,100.0
29997,100.0
29998,100.0
29999,100.0
30000,100.0
30001,100.0
30002,100.0
30003,100.0
30004,100.0
30005,100.0
30006,100.0
30007,100.0
30008,100.0
30009,100.0
30010,100.0
30011,100.0
30012,100.0
30013,100.0
30014,100.0
30015,100.0
30016,100.0
30017,100.0
30018,100.0
30019,100.0
30020,100.0
30021,100.0
30022,100.0
30023,100.0
30024,100.0
30025,100.0
30026,100.0
30027,100.0
30028,100.0
30029,100.0
30030,100.0
30031,100.0
30032,100.0
30033,100.0
30034,100.0
30035,100.0
30036,100.0
30037,100.0
30038,100.0
30039,100.0
30040,100.0
30041,100.0
30042,100.0
30043,100.0
30044,100.0
30045,100.0
30046,100.0
30047,100.0
30048,100.0
30049,100.0
30050,100.0
30051,100.0
30052,100.0
30053,100.0
30054,100.0
30055,100.0
30056,100.0
30057,100.0
30058,100.0
30059,100.0
30060,100.0
30061,100.0
30062,100.0
30063,100.0
30064,100.0
30065,100.0
30066,100.0
30067,100.0
30068,100.0
30069,100.0
30070,100.0
30071,100.0
30072,100.0
30073,100.0
30074,100.0
30075,100.0
30076,100.0
30077,100.0
30078,100.0
30079,100.0
30080,100.0
30081,100.0
30082,100.0
30083,100.0
30084,100.0
30085,100.0
30086,100.0
30087,100.0
30088,100.0
30089,100.0
30090,100.0
30091,100.0
30092,100.0
30093,100.0
30094,100.0
30095,100.0
30096,100.0
30097,100.0
30098,100.0
30099,100.0
30100,100.0
30101,100.0
30102,100.0
30103,100.0
30104,100.0
30105,100.0
30106,100.0
30107,100.0
30108,100.0
30109,100.0
30110,100.0
30111,100.0
30112,100.0
30113,100.0
30114,100.0
30115,100.0
30116,100.0
30117,100.0
30118,100.0
30119,100.0
30120,100.0
30121,100.0
30122,100.0
30123,100.0
30124,100.0
30125,100.0
30126,100.0
30127,100.0
30128,100.0
30129,100.0
30130,100.0
30131,100.0
30132,100.0
30133,100.0
30134,100.0
30135,100.0
30136,100.0
30137,100.0
30138,100.0
30139,100.0
30140,100.0
30141,100.0
30142,100.0
30143,100.0
30144,100.0
30145,100.0
30146,100.0
30147,100.0
30148,100.0
30149,100.0
30150,100.0
30151,100.0
30152,100.0
30153,100.0
30154,100.0
30155,100.0
30156,100.0
30157,100.0
30158,100.0
30159,100.0
30160,100.0
30161,100.0
30162,100.0
30163,100.0
30164,100.0
30165,100.0
30166,100.0
30167,100.0
30168,100.0
30169,100.0
30170,100.0
30171,100.0
30172,100.0
30173,100.0
30174,100.0
30175,100.0
30176,100.0
30177,100.0
30178,100.0
30179,100.0
30180,100.0
30181,100.0
30182,100.0
30183,100.0
30184,100.0
30185,100.0
30186,100.0
30187,100.0
30188,100.0
30189,100.0
30190,100.0
30191,100.0
30192,100.0
30193,100.0
30194,100.0
30195,100.0
30196,100.0
30197,100.0
30198,100.0
30199,100.0
30200,100.0
30201,100.0
30202,100.0
30203,100.0
30204,100.0
30205,100.0
30206,100.0
30207,100.0
30208,100.0
30209,100.0
30210,100.0
30211,100.0
30212,100.0
30213,100.0
30214,100.0
30215,100.0
30216,100.0
30217,100.0
30218,100.0
30219,100.0
30220,100.0
30221,100.0
30222,100.0
30223,100.0
30224,100.0
30225,100.0
30226,100.0
30227,100.0
30228,100.0
30229,100.0
30230,100.0
30231,100.0
30232,100.0
30233,100.0
30234,100.0
30235,100.0
30236,100.0
30237,100.0
30238,100.0
30239,100.0
30240,100.0
30241,100.0
30242,100.0
30243,100.0
30244,100.0
30245,100.0
30246,100.0
30247,100.0
30248,100.0
30249,100.0
30250,100.0
30251,100.0
30252,100.0
30253,100.0
30254,100.0
30255,100.0
30256,100.0
30257,100.0
30258,100.0
30259,100.0
30260,100.0
30261,100.0
30262,100.0
30263,100.0
30264,100.0
30265,100.0
30266,100.0
30267,100.0
30268,100.0
30269,100.0
30270,100.0
30271,100.0
30272,100.0
30273,100.0
30274,100.0
30275,100.0
30276,100.0
30277,100.0
30278,100.0
30279,100.0
30280,100.0
30281,100.0
30282,100.0
30283,100.0
30284,100.0
30285,100.0
30286,100.0
30287,100.0
30288,100.0
30289,100.0
30290,100.0
30291,100.0
30292,100.0
30293,100.0
30294,100.0
30295,100.0
30296,100.0
30297,100.0
30298,100.0
30299,100.0
30300,100.0
30301,100.0
30302,100.0
30303,100.0
30304,100.0
30305,100.0
30306,100.0
30307,100.0
30308,100.0
30309,100.0
30310,100.0
30311,100.0
30312,100.0
30313,100.0
30314,100.0
30315,100.0
30316,100.0
30317,100.0
30318,100.0
30319,100.0
30320,100.0
30321,100.0
30322,100.0
30323,100.0
30324,100.0
30325,100.0
30326,100.0
30327,100.0
30328,100.0
30329,100.0
30330,100.0
30331,100.0
30332,100.0
30333,100.0
30334,100.0
30335,100.0
30336,100.0
30337,100.0
30338,100.0
30339,100.0
30340,100.0
30341,100.0
30342,100.0
30343,100.0
30344,100.0
30345,100.0
30346,100.0
30347,100.0
30348,100.0
30349,100.0
30350,100.0
30351,100.0
30352,100.0
30353,100.0
30354,100.0
30355,100.0
30356,100.0
30357,100.0
30358,100.0
30359,100.0
30360,100.0
30361,100.0
30362,100.0
30363,100.0
30364,100.0
30365,100.0
30366,100.0
30367,100.0
30368,100.0
30369,100.0
30370,100.0
30371,100.0
30372,100.0
30373,100.0
30374,100.0
30375,100.0
30376,100.0
30377,100.0
30378,100.0
30379,100.0
30380,100.0
30381,100.0
30382,100.0
30383,100.0
30384,100.0
30385,100.0
30386,100.0
30387,100.0
30388,100.0
30389,100.0
30390,100.0
30391,100.0
30392,100.0
30393,100.0
30394,100.0
30395,100.0
30396,100.0
30397,100.0
30398,100.0
30399,100.0
30400,100.0
30401,100.0
30402,100.0
30403,100.0
30404,100.0
30405,100.0
30406,100.0
30407,100.0
30408,100.0
30409,100.0
30410,100.0
30411,100.0
30412,100.0
30413,100.0
30414,100.0
30415,100.0
30416,100.0
30417,100.0
30418,100.0
30419,100.0
30420,100.0
30421,100.0
30422,100.0
30423,100.0
30424,100.0
30425,100.0
30426,100.0
30427,100.0
30428,100.0
30429,100.0
30430,100.0
30431,100.0
30432,100.0
30433,100.0
30434,100.0
30435,100.0
30436,100.0
30437,100.0
30438,100.0
30439,100.0
30440,100.0
30441,100.0
30442,100.0
30443,100.0
30444,100.0
30445,100.0
30446,100.0
30447,100.0
30448,100.0
30449,100.0
30450,100.0
30451,100.0
30452,100.0
30453,100.0
30454,100.0
30455,100.0
30456,100.0
30457,100.0
30458,100.0
30459,100.0
30460,100.0
30461,100.0
30462,100.0
30463,100.0
30464,100.0
30465,100.0
30466,100.0
30467,100.0
30468,100.0
30469,100.0
30470,100.0
30471,100.0
30472,100.0
30473,100.0
30474,100.0
30475,100.0
30476,100.0
30477,100.0
30478,100.0
30479,100.0
30480,100.0
30481,100.0
30482,100.0
30483,100.0
30484,100.0
30485,100.0
30486,100.0
30487,100.0
30488,100.0
30489,100.0
30490,100.0
30491,100.0
30492,100.0
30493,100.0
30494,100.0
30495,100.0
30496,100.0
30497,100.0
30498,100.0
30499,100.0
30500,100.0
30501,100.0
30502,100.0
30503,100.0
30504,100.0
30505,100.0
30506,100.0
30507,100.0
30508,100.0
30509,100.0
30510,100.0
30511,100.0
30512,100.0
30513,100.0
30514,100.0
30515,100.0
30516,100.0
30517,100.0
30518,100.0
30519,100.0
30520,100.0
30521,100.0
30522,100.0
30523,100.0
30524,100.0
30525,100.0
30526,100.0
30527,100.0
30528,100.0
30529,100.0
30530,100.0
30531,100.0
30532,100.0
30533,100.0
30534,100.0
30535,100.0
30536,100.0
30537,100.0
30538,100.0
30539,100.0
30540,100.0
30541,100.0
30542,100.0
30543,100.0
30544,100.0
30545,100.0
30546,100.0
30547,100.0
30548,100.0
30549,100.0
30550,100.0
30551,100.0
30552,100.0
30553,100.0
30554,100.0
30555,100.0
30556,100.0
30557,100.0
30558,100.0
30559,100.0
30560,100.0
30561,100.0
30562,100.0
30563,100.0
30564,100.0
30565,100.0
30566,100.0
30567,100.0
30568,100.0
30569,100.0
30570,100.0
30571,100.0
30572,100.0
30573,100.0
30574,100.0
30575,100.0
30576,100.0
30577,100.0
30578,100.0
30579,100.0
30580,100.0
30581,100.0
30582,100.0
30583,100.0
30584,100.0
30585,100.0
30586,100.0
30587,100.0
30588,100.0
30589,100.0
30590,100.0
30591,100.0
30592,100.0
30593,100.0
30594,100.0
30595,100.0
30596,100.0
30597,100.0
30598,100.0
30599,100.0
30600,100.0
30601,100.0
30602,100.0
30603,100.0
30604,100.0
30605,100.0
30606,100.0
30607,100.0
30608,100.0
30609,100.0
30610,100.0
30611,100.0
30612,100.0
30613,100.0
30614,100.0
30615,100.0
30616,100.0
30617,100.0
30618,100.0
30619,100.0
30620,100.0
30621,100.0
30622,100.0
30623,100.0
30624,100.0
30625,100.0
30626,100.0
30627,100.0
30628,100.0
30629,100.0
30630,100.0
30631,100.0
30632,100.0
30633,100.0
30634,100.0
30635,100.0
30636,100.0
30637,100.0
30638,100.0
30639,100.0
30640,100.0
30641,100.0
30642,100.0
30643,100.0
30644,100.0
30645,100.0
30646,100.0
30647,100.0
30648,100.0
30649,100.0
30650,100.0
30651,100.0
30652,100.0
30653,100.0
30654,100.0
30655,100.0
30656,100.0
30657,100.0
30658,100.0
30659,100.0
30660,100.0
30661,100.0
30662,100.0
30663,100.0
30664,100.0
30665,100.0
30666,100.0
30667,100.0
30668,100.0
30669,100.0
30670,100.0
30671,100.0
30672,100.0
30673,100.0
30674,100.0
30675,100.0
30676,100.0
30677,100.0
30678,100.0
30679,100.0
30680,100.0
30681,100.0
30682,100.0
30683,100.0
30684,100.0
30685,100.0
30686,100.0
30687,100.0
30688,100.0
30689,100.0
30690,100.0
30691,100.0
30692,100.0
30693,100.0
30694,100.0
30695,100.0
30696,100.0
30697,100.0
30698,100.0
30699,100.0
30700,100.0
30701,100.0
30702,100.0
30703,100.0
30704,100.0
30705,100.0
30706,100.0
30707,100.0
30708,100.0
30709,100.0
30710,100.0
30711,100.0
30712,100.0
30713,100.0
30714,100.0
30715,100.0
30716,100.0
30717,100.0
30718,100.0
30719,100.0
30720,100.0
30721,100.0
30722,100.0
30723,100.0
30724,100.0
30725,100.0
30726,100.0
30727,100.0
30728,100.0
30729,100.0
30730,100.0
30731,100.0
30732,100.0
30733,100.0
30734,100.0
30735,100.0
30736,100.0
30737,100.0
30738,100.0
30739,100.0
30740,100.0
30741,100.0
30742,100.0
30743,100.0
30744,100.0
30745,100.0
30746,100.0
30747,100.0
30748,100.0
30749,100.0
30750,100.0
30751,100.0
30752,100.0
30753,100.0
30754,100.0
30755,100.0
30756,100.0
30757,100.0
30758,100.0
30759,100.0
30760,100.0
30761,100.0
30762,100.0
30763,100.0
30764,100.0
30765,100.0
30766,100.0
30767,100.0
30768,100.0
30769,100.0
30770,100.0
30771,100.0
30772,100.0
30773,100.0
30774,100.0
30775,100.0
30776,100.0
30777,100.0
30778,100.0
30779,100.0
30780,100.0
30781,100.0
30782,100.0
30783,100.0
30784,100.0
30785,100.0
30786,100.0
30787,100.0
30788,100.0
30789,100.0
30790,100.0
30791,100.0
30792,100.0
30793,100.0
30794,100.0
30795,100.0
30796,100.0
30797,100.0
30798,100.0
30799,100.0
30800,100.0
30801,100.0
30802,100.0
30803,100.0
30804,100.0
30805,100.0
30806,100.0
30807,100.0
30808,100.0
30809,100.0
30810,100.0
30811,100.0
30812,100.0
30813,100.0
30814,100.0
30815,100.0
30816,100.0
30817,100.0
30818,100.0
30819,100.0
30820,100.0
30821,100.0
30822,100.0
30823,100.0
30824,100.0
30825,100.0
30826,100.0
30827,100.0
30828,100.0
30829,100.0
30830,100.0
30831,100.0
30832,100.0
30833,100.0
30834,100.0
30835,100.0
30836,100.0
30837,100.0
30838,100.0
30839,100.0
30840,100.0
30841,100.0
30842,100.0
30843,100.0
30844,100.0
30845,100.0
30846,100.0
30847,100.0
30848,100.0
30849,100.0
30850,100.0
30851,100.0
30852,100.0
30853,100.0
30854,100.0
30855,100.0
30856,100.0
30857,100.0
30858,100.0
30859,100.0
30860,100.0
30861,100.0
30862,100.0
30863,100.0
30864,100.0
30865,100.0
30866,100.0
30867,100.0
30868,100.0
30869,100.0
30870,100.0
30871,100.0
30872,100.0
30873,100.0
30874,100.0
30875,100.0
30876,100.0
30877,100.0
30878,100.0
30879,100.0
30880,100.0
30881,100.0
30882,100.0
30883,100.0
30884,100.0
30885,100.0
30886,100.0
30887,100.0
30888,100.0
30889,100.0
30890,100.0
30891,100.0
30892,100.0
30893,100.0
30894,100.0
30895,100.0
30896,100.0
30897,100.0
30898,100.0
30899,100.0
30900,100.0
30901,100.0
30902,100.0
30903,100.0
30904,100.0
30905,100.0
30906,100.0
30907,100.0
30908,100.0
30909,100.0
30910,100.0
30911,100.0
30912,100.0
30913,100.0
30914,100.0
30915,100.0
30916,100.0
30917,100.0
30918,100.0
30919,100.0
30920,100.0
30921,100.0
30922,100.0
30923,100.0
30924,100.0
30925,100.0
30926,100.0
30927,100.0
30928,100.0
30929,100.0
30930,100.0
30931,100.0
30932,100.0
30933,100.0
30934,100.0
30935,100.0
30936,100.0
30937,100.0
30938,100.0
30939,100.0
30940,100.0
30941,100.0
30942,100.0
30943,100.0
30944,100.0
30945,100.0
30946,100.0
30947,100.0
30948,100.0
30949,100.0
30950,100.0
30951,100.0
30952,100.0
30953,100.0
30954,100.0
30955,100.0
30956,100.0
30957,100.0
30958,100.0
30959,100.0
30960,100.0
30961,100.0
30962,100.0
30963,100.0
30964,100.0
30965,100.0
30966,100.0
30967,100.0
30968,100.0
30969,100.0
30970,100.0
30971,100.0
30972,100.0
30973,100.0
30974,100.0
30975,100.0
30976,100.0
30977,100.0
30978,100.0
30979,100.0
30980,100.0
30981,100.0
30982,100.0
30983,100.0
30984,100.0
30985,100.0
30986,100.0
30987,100.0
30988,100.0
30989,100.0
30990,100.0
30991,100.0
30992,100.0
30993,100.0
30994,100.0
30995,100.0
30996,100.0
30997,100.0
30998,100.0
30999,100.0
31000,100.0
31001,100.0
31002,100.0
31003,100.0
31004,100.0
31005,100.0
31006,100.0
31007,100.0
31008,100.0
31009,100.0
31010,100.0
31011,100.0
31012,100.0
31013,100.0
31014,100.0
31015,100.0
31016,100.0
31017,100.0
31018,100.0
31019,100.0
31020,100.0
31021,100.0
31022,100.0
31023,100.0
31024,100.0
31025,100.0
31026,100.0
31027,100.0
31028,100.0
31029,100.0
31030,100.0
31031,100.0
31032,100.0
31033,100.0
31034,100.0
31035,100.0
31036,100.0
31037,100.0
31038,100.0
31039,100.0
31040,100.0
31041,100.0
31042,100.0
31043,100.0
31044,100.0
31045,100.0
31046,100.0
31047,100.0
31048,100.0
31049,100.0
31050,100.0
31051,100.0
31052,100.0
31053,100.0
31054,100.0
31055,100.0
31056,100.0
31057,100.0
31058,100.0
31059,100.0
31060,100.0
31061,100.0
31062,100.0
31063,100.0
31064,100.0
31065,100.0
31066,100.0
31067,100.0
31068,100.0
31069,100.0
31070,100.0
31071,100.0
31072,100.0
31073,100.0
31074,100.0
31075,100.0
31076,100.0
31077,100.0
31078,100.0
31079,100.0
31080,100.0
31081,100.0
31082,100.0
31083,100.0
31084,100.0
31085,100.0
31086,100.0
31087,100.0
31088,100.0
31089,100.0
31090,100.0
31091,100.0
31092,100.0
31093,100.0
31094,100.0
31095,100.0
31096,100.0
31097,100.0
31098,100.0
31099,100.0
31100,100.0
31101,100.0
31102,100.0
31103,100.0
31104,100.0
31105,100.0
31106,100.0
31107,100.0
31108,100.0
31109,100.0
31110,100.0
31111,100.0
31112,100.0
31113,100.0
31114,100.0
31115,100.0
31116,100.0
31117,100.0
31118,100.0
31119,100.0
31120,100.0
31121,100.0
31122,100.0
31123,100.0
31124,100.0
31125,100.0
31126,100.0
31127,100.0
31128,100.0
31129,100.0
31130,100.0
31131,100.0
31132,100.0
31133,100.0
31134,100.0
31135,100.0
31136,100.0
31137,100.0
31138,100.0
31139,100.0
31140,100.0
31141,100.0
31142,100.0
31143,100.0
31144,100.0
31145,100.0
31146,100.0
31147,100.0
31148,100.0
31149,100.0
31150,100.0
31151,100.0
31152,100.0
31153,100.0
31154,100.0
31155,100.0
31156,100.0
31157,100.0
31158,100.0
31159,100.0
31160,100.0
31161,100.0
31162,100.0
31163,100.0
31164,100.0
31165,100.0
31166,100.0
31167,100.0
31168,100.0
31169,100.0
31170,100.0
31171,100.0
31172,100.0
31173,100.0
31174,100.0
31175,100.0
31176,100.0
31177,100.0
31178,100.0
31179,100.0
31180,100.0
31181,100.0
31182,100.0
31183,100.0
31184,100.0
31185,100.0
31186,100.0
31187,100.0
31188,100.0
31189,100.0
31190,100.0
31191,100.0
31192,100.0
31193,100.0
31194,100.0
31195,100.0
31196,100.0
31197,100.0
31198,100.0
31199,100.0
31200,100.0
31201,100.0
31202,100.0
31203,100.0
31204,100.0
31205,100.0
31206,100.0
31207,100.0
31208,100.0
31209,100.0
31210,100.0
31211,100.0
31212,100.0
31213,100.0
31214,100.0
31215,100.0
31216,100.0
31217,100.0
31218,100.0
31219,100.0
31220,100.0
31221,100.0
31222,100.0
31223,100.0
31224,100.0
31225,100.0
31226,100.0
31227,100.0
31228,100.0
31229,100.0
31230,100.0
31231,100.0
31232,100.0
31233,100.0
31234,100.0
31235,100.0
31236,100.0
31237,100.0
31238,100.0
31239,100.0
31240,100.0
31241,100.0
31242,100.0
31243,100.0
31244,100.0
31245,100.0
31246,100.0
31247,100.0
31248,100.0
31249,100.0
31250,100.0
31251,100.0
31252,100.0
31253,100.0
31254,100.0
31255,100.0
31256,100.0
31257,100.0
31258,100.0
31259,100.0
31260,100.0
31261,100.0
31262,100.0
31263,100.0
31264,100.0
31265,100.0
31266,100.0
31267,100.0
31268,100.0
31269,100.0
31270,100.0
31271,100.0
31272,100.0
31273,100.0
31274,100.0
31275,100.0
31276,100.0
31277,100.0
31278,100.0
31279,100.0
31280,100.0
31281,100.0
31282,100.0
31283,100.0
31284,100.0
31285,100.0
31286,100.0
31287,100.0
31288,100.0
31289,100.0
31290,100.0
31291,100.0
31292,100.0
31293,100.0
31294,100.0
31295,100.0
31296,100.0
31297,100.0
31298,100.0
31299,100.0
31300,100.0
31301,100.0
31302,100.0
31303,100.0
31304,100.0
31305,100.0
31306,100.0
31307,100.0
31308,100.0
31309,100.0
31310,100.0
31311,100.0
31312,100.0
31313,100.0
31314,100.0
31315,100.0
31316,100.0
31317,100.0
31318,100.0
31319,100.0
31320,100.0
31321,100.0
31322,100.0
31323,100.0
31324,100.0
31325,100.0
31326,100.0
31327,100.0
31328,100.0
31329,100.0
31330,100.0
31331,100.0
31332,100.0
31333,100.0
31334,100.0
31335,100.0
31336,100.0
31337,100.0
31338,100.0
31339,100.0
31340,100.0
31341,100.0
31342,100.0
31343,100.0
31344,100.0
31345,100.0
31346,100.0
31347,100.0
31348,100.0
31349,100.0
31350,100.0
31351,100.0
31352,100.0
31353,100.0
31354,100.0
31355,100.0
31356,100.0
31357,100.0
31358,100.0
31359,100.0
31360,100.0
31361,100.0
31362,100.0
31363,100.0
31364,100.0
31365,100.0
31366,100.0
31367,100.0
31368,100.0
31369,100.0
31370,100.0
31371,100.0
31372,100.0
31373,100.0
31374,100.0
31375,100.0
31376,100.0
31377,100.0
31378,100.0
31379,100.0
31380,100.0
31381,100.0
31382,100.0
31383,100.0
31384,100.0
31385,100.0
31386,100.0
31387,100.0
31388,100.0
31389,100.0
31390,100.0
31391,100.0
31392,100.0
31393,100.0
31394,100.0
31395,100.0
31396,100.0
31397,100.0
31398,100.0
31399,100.0
31400,100.0
31401,100.0
31402,100.0
31403,100.0
31404,100.0
31405,100.0
31406,100.0
31407,100.0
31408,100.0
31409,100.0
31410,100.0
31411,100.0
31412,100.0
31413,100.0
31414,100.0
31415,100.0
31416,100.0
31417,100.0
31418,100.0
31419,100.0
31420,100.0
31421,100.0
31422,100.0
31423,100.0
31424,100.0
31425,100.0
31426,100.0
31427,100.0
31428,100.0
31429,100.0
31430,100.0
31431,100.0
31432,100.0
31433,100.0
31434,100.0
31435,100.0
31436,100.0
31437,100.0
31438,100.0
31439,100.0
31440,100.0
31441,100.0
31442,100.0
31443,100.0
31444,100.0
31445,100.0
31446,100.0
31447,100.0
31448,100.0
31449,100.0
31450,100.0
31451,100.0
31452,100.0
31453,100.0
31454,100.0
31455,100.0
31456,100.0
31457,100.0
31458,100.0
31459,100.0
31460,100.0
31461,100.0
31462,100.0
31463,100.0
31464,100.0
31465,100.0
31466,100.0
31467,100.0
31468,100.0
31469,100.0
31470,100.0
31471,100.0
31472,100.0
31473,100.0
31474,100.0
31475,100.0
31476,100.0
31477,100.0
31478,100.0
31479,100.0
31480,100.0
31481,100.0
31482,100.0
31483,100.0
31484,100.0
31485,100.0
31486,100.0
31487,100.0
31488,100.0
31489,100.0
31490,100.0
31491,100.0
31492,100.0
31493,100.0
31494,100.0
31495,100.0
31496,100.0
31497,100.0
31498,100.0
31499,100.0
31500,100.0
31501,100.0
31502,100.0
31503,100.0
31504,100.0
31505,100.0
31506,100.0
31507,100.0
31508,100.0
31509,100.0
31510,100.0
31511,100.0
31512,100.0
31513,100.0
31514,100.0
31515,100.0
31516,100.0
31517,100.0
31518,100.0
31519,100.0
31520,100.0
31521,100.0
31522,100.0
31523,100.0
31524,100.0
31525,100.0
31526,100.0
31527,100.0
31528,100.0
31529,100.0
31530,100.0
31531,100.0
31532,100.0
31533,100.0
31534,100.0
31535,100.0
31536,100.0
31537,100.0
31538,100.0
31539,100.0
31540,100.0
31541,100.0
31542,100.0
31543,100.0
31544,100.0
31545,100.0
31546,100.0
31547,100.0
31548,100.0
31549,100.0
31550,100.0
31551,100.0
31552,100.0
31553,100.0
31554,100.0
31555,100.0
31556,100.0
31557,100.0
31558,100.0
31559,100.0
31560,100.0
31561,100.0
31562,100.0
31563,100.0
31564,100.0
31565,100.0
31566,100.0
31567,100.0
31568,100.0
31569,100.0
31570,100.0
31571,100.0
31572,100.0
31573,100.0
31574,100.0
31575,100.0
31576,100.0
31577,100.0
31578,100.0
31579,100.0
31580,100.0
31581,100.0
31582,100.0
31583,100.0
31584,100.0
31585,100.0
31586,100.0
31587,100.0
31588,100.0
31589,100.0
31590,100.0
31591,100.0
31592,100.0
31593,100.0
31594,100.0
31595,100.0
31596,100.0
31597,100.0
31598,100.0
31599,100.0
31600,100.0
31601,100.0
31602,100.0
31603,100.0
31604,100.0
31605,100.0
31606,100.0
31607,100.0
31608,100.0
31609,100.0
31610,100.0
31611,100.0
31612,100.0
31613,100.0
31614,100.0
31615,100.0
31616,100.0
31617,100.0
31618,100.0
31619,100.0
31620,100.0
31621,100.0
31622,100.0
31623,100.0
31624,100.0
31625,100.0
31626,100.0
31627,100.0
31628,100.0
31629,100.0
31630,100.0
31631,100.0
31632,100.0
31633,100.0
31634,100.0
31635,100.0
31636,100.0
31637,100.0
31638,100.0
31639,100.0
31640,100.0
31641,100.0
31642,100.0
31643,100.0
31644,100.0
31645,100.0
31646,100.0
31647,100.0
31648,100.0
31649,100.0
31650,100.0
31651,100.0
31652,100.0
31653,100.0
31654,100.0
31655,100.0
31656,100.0
31657,100.0
31658,100.0
31659,100.0
31660,100.0
31661,100.0
31662,100.0
31663,100.0
31664,100.0
31665,100.0
31666,100.0
31667,100.0
31668,100.0
31669,100.0
31670,100.0
31671,100.0
31672,100.0
31673,100.0
31674,100.0
31675,100.0
31676,100.0
31677,100.0
31678,100.0
31679,100.0
31680,100.0
31681,100.0
31682,100.0
31683,100.0
31684,100.0
31685,100.0
31686,100.0
31687,100.0
31688,100.0
31689,100.0
31690,100.0
31691,100.0
31692,100.0
31693,100.0
31694,100.0
31695,100.0
31696,100.0
31697,100.0
31698,100.0
31699,100.0
31700,100.0
31701,100.0
31702,100.0
31703,100.0
31704,100.0
31705,100.0
31706,100.0
31707,100.0
31708,100.0
31709,100.0
31710,100.0
31711,100.0
31712,100.0
31713,100.0
31714,100.0
31715,100.0
31716,100.0
31717,100.0
31718,100.0
31719,100.0
31720,100.0
31721,100.0
31722,100.0
31723,100.0
31724,100.0
31725,100.0
31726,100.0
31727,100.0
31728,100.0
31729,100.0
31730,100.0
31731,100.0
31732,100.0
31733,100.0
31734,100.0
31735,100.0
31736,100.0
31737,100.0
31738,100.0
31739,100.0
31740,100.0
31741,100.0
31742,100.0
31743,100.0
31744,100.0
31745,100.0
31746,100.0
31747,100.0
31748,100.0
31749,100.0
31750,100.0
31751,100.0
31752,100.0
31753,100.0
31754,100.0
31755,100.0
31756,100.0
31757,100.0
31758,100.0
31759,100.0
31760,100.0
31761,100.0
31762,100.0
31763,100.0
31764,100.0
31765,100.0
31766,100.0
31767,100.0
31768,100.0
31769,100.0
31770,100.0
31771,100.0
31772,100.0
31773,100.0
31774,100.0
31775,100.0
31776,100.0
31777,100.0
31778,100.0
31779,100.0
31780,100.0
31781,100.0
31782,100.0
31783,100.0
31784,100.0
31785,100.0
31786,100.0
31787,100.0
31788,100.0
31789,100.0
31790,100.0
31791,100.0
31792,100.0
31793,100.0
31794,100.0
31795,100.0
31796,100.0
31797,100.0
31798,100.0
31799,100.0
31800,100.0
31801,100.0
31802,100.0
31803,100.0
31804,100.0
31805,100.0
31806,100.0
31807,100.0
31808,100.0
31809,100.0
31810,100.0
31811,100.0
31812,100.0
31813,100.0
31814,100.0
31815,100.0
31816,100.0
31817,100.0
31818,100.0
31819,100.0
31820,100.0
31821,100.0
31822,100.0
31823,100.0
31824,100.0
31825,100.0
31826,100.0
31827,100.0
31828,100.0
31829,100.0
31830,100.0
31831,100.0
31832,100.0
31833,100.0
31834,100.0
31835,100.0
31836,100.0
31837,100.0
31838,100.0
31839,100.0
31840,100.0
31841,100.0
31842,100.0
31843,100.0
31844,100.0
31845,100.0
31846,100.0
31847,100.0
31848,100.0
31849,100.0
31850,100.0
31851,100.0
31852,100.0
31853,100.0
31854,100.0
31855,100.0
31856,100.0
31857,100.0
31858,100.0
31859,100.0
31860,100.0
31861,100.0
31862,100.0
31863,100.0
31864,100.0
31865,100.0
31866,100.0
31867,100.0
31868,100.0
31869,100.0
31870,100.0
31871,100.0
31872,100.0
31873,100.0
31874,100.0
31875,100.0
31876,100.0
31877,100.0
31878,100.0
31879,100.0
31880,100.0
31881,100.0
31882,100.0
31883,100.0
31884,100.0
31885,100.0
31886,100.0
31887,100.0
31888,100.0
31889,100.0
31890,100.0
31891,100.0
31892,100.0
31893,100.0
31894,100.0
31895,100.0
31896,100.0
31897,100.0
31898,100.0
31899,100.0
31900,100.0
31901,100.0
31902,100.0
31903,100.0
31904,100.0
31905,100.0
31906,100.0
31907,100.0
31908,100.0
31909,100.0
31910,100.0
31911,100.0
31912,100.0
31913,100.0
31914,100.0
31915,100.0
31916,100.0
31917,100.0
31918,100.0
31919,100.0
31920,100.0
31921,100.0
31922,100.0
31923,100.0
31924,100.0
31925,100.0
31926,100.0
31927,100.0
31928,100.0
31929,100.0
31930,100.0
31931,100.0
31932,100.0
31933,100.0
31934,100.0
31935,100.0
31936,100.0
31937,100.0
31938,100.0
31939,100.0
31940,100.0
31941,100.0
31942,100.0
31943,100.0
31944,100.0
31945,100.0
31946,100.0
31947,100.0
31948,100.0
31949,100.0
31950,100.0
31951,100.0
31952,100.0
31953,100.0
31954,100.0
31955,100.0
31956,100.0
31957,100.0
31958,100.0
31959,100.0
31960,100.0
31961,100.0
31962,100.0
31963,100.0
31964,100.0
31965,100.0
31966,100.0
31967,100.0
31968,100.0
31969,100.0
31970,100.0
31971,100.0
31972,100.0
31973,100.0
31974,100.0
31975,100.0
31976,100.0
31977,100.0
31978,100.0
31979,100.0
31980,100.0
31981,100.0
31982,100.0
31983,100.0
31984,100.0
31985,100.0
31986,100.0
31987,100.0
31988,100.0
31989,100.0
31990,100.0
31991,100.0
31992,100.0
31993,100.0
31994,100.0
31995,100.0
31996,100.0
31997,100.0
31998,100.0
31999,100.0
32000,100.0
32001,100.0
32002,100.0
32003,100.0
32004,100.0
32005,100.0
32006,100.0
32007,100.0
32008,100.0
32009,100.0
32010,100.0
32011,100.0
32012,100.0
32013,100.0
32014,100.0
32015,100.0
32016,100.0
32017,100.0
32018,100.0
32019,100.0
32020,100.0
32021,100.0
32022,100.0
32023,100.0
32024,100.0
32025,100.0
32026,100.0
32027,100.0
32028,100.0
32029,100.0
32030,100.0
32031,100.0
32032,100.0
32033,100.0
32034,100.0
32035,100.0
32036,100.0
32037,100.0
32038,100.0
32039,100.0
32040,100.0
32041,100.0
32042,100.0
32043,100.0
32044,100.0
32045,100.0
32046,100.0
32047,100.0
32048,100.0
32049,100.0
32050,100.0
32051,100.0
32052,100.0
32053,100.0
32054,100.0
32055,100.0
32056,100.0
32057,100.0
32058,100.0
32059,100.0
32060,100.0
32061,100.0
32062,100.0
32063,100.0
32064,100.0
32065,100.0
32066,100.0
32067,100.0
32068,100.0
32069,100.0
32070,100.0
32071,100.0
32072,100.0
32073,100.0
32074,100.0
32075,100.0
32076,100.0
32077,100.0
32078,100.0
32079,100.0
32080,100.0
32081,100.0
32082,100.0
32083,100.0
32084,100.0
32085,100.0
32086,100.0
32087,100.0
32088,100.0
32089,100.0
32090,100.0
32091,100.0
32092,100.0
32093,100.0
32094,100.0
32095,100.0
32096,100.0
32097,100.0
32098,100.0
32099,100.0
32100,100.0
32101,100.0
32102,100.0
32103,100.0
32104,100.0
32105,100.0
32106,100.0
32107,100.0
32108,100.0
32109,100.0
32110,100.0
32111,100.0
32112,100.0
32113,100.0
32114,100.0
32115,100.0
32116,100.0
32117,100.0
32118,100.0
32119,100.0
32120,100.0
32121,100.0
32122,100.0
32123,100.0
32124,100.0
32125,100.0
32126,100.0
32127,100.0
32128,100.0
32129,100.0
32130,100.0
32131,100.0
32132,100.0
32133,100.0
32134,100.0
32135,100.0
32136,100.0
32137,100.0
32138,100.0
32139,100.0
32140,100.0
32141,100.0
32142,100.0
32143,100.0
32144,100.0
32145,100.0
32146,100.0
32147,100.0
32148,100.0
32149,100.0
32150,100.0
32151,100.0
32152,100.0
32153,100.0
32154,100.0
32155,100.0
32156,100.0
32157,100.0
32158,100.0
32159,100.0
32160,100.0
32161,100.0
32162,100.0
32163,100.0
32164,100.0
32165,100.0
32166,100.0
32167,100.0
32168,100.0
32169,100.0
32170,100.0
32171,100.0
32172,100.0
32173,100.0
32174,100.0
32175,100.0
32176,100.0
32177,100.0
32178,100.0
32179,100.0
32180,100.0
32181,100.0
32182,100.0
32183,100.0
32184,100.0
32185,100.0
32186,100.0
32187,100.0
32188,100.0
32189,100.0
32190,100.0
32191,100.0
32192,100.0
32193,100.0
32194,100.0
32195,100.0
32196,100.0
32197,100.0
32198,100.0
32199,100.0
32200,100.0
32201,100.0
32202,100.0
32203,100.0
32204,100.0
32205,100.0
32206,100.0
32207,100.0
32208,100.0
32209,100.0
32210,100.0
32211,100.0
32212,100.0
32213,100.0
32214,100.0
32215,100.0
32216,100.0
32217,100.0
32218,100.0
32219,100.0
32220,100.0
32221,100.0
32222,100.0
32223,100.0
32224,100.0
32225,100.0
32226,100.0
32227,100.0
32228,100.0
32229,100.0
32230,100.0
32231,100.0
32232,100.0
32233,100.0
32234,100.0
32235,100.0
32236,100.0
32237,100.0
32238,100.0
32239,100.0
32240,100.0
32241,100.0
32242,100.0
32243,100.0
32244,100.0
32245,100.0
32246,100.0
32247,100.0
32248,100.0
32249,100.0
32250,100.0
32251,100.0
32252,100.0
32253,100.0
32254,100.0
32255,100.0
32256,100.0
32257,100.0
32258,100.0
32259,100.0
32260,100.0
32261,100.0
32262,100.0
32263,100.0
32264,100.0
32265,100.0
32266,100.0
32267,100.0
32268,100.0
32269,100.0
32270,100.0
32271,100.0
32272,100.0
32273,100.0
32274,100.0
32275,100.0
32276,100.0
32277,100.0
32278,100.0
32279,100.0
32280,100.0
32281,100.0
32282,100.0
32283,100.0
32284,100.0
32285,100.0
32286,100.0
32287,100.0
32288,100.0
32289,100.0
32290,100.0
32291,100.0
32292,100.0
32293,100.0
32294,100.0
32295,100.0
32296,100.0
32297,100.0
32298,100.0
32299,100.0
32300,100.0
32301,100.0
32302,100.0
32303,100.0
32304,100.0
32305,100.0
32306,100.0
32307,100.0
32308,100.0
32309,100.0
32310,100.0
32311,100.0
32312,100.0
32313,100.0
32314,100.0
32315,100.0
32316,100.0
32317,100.0
32318,100.0
32319,100.0
32320,100.0
32321,100.0
32322,100.0
32323,100.0
32324,100.0
32325,100.0
32326,100.0
32327,100.0
32328,100.0
32329,100.0
32330,100.0
32331,100.0
32332,100.0
32333,100.0
32334,100.0
32335,100.0
32336,100.0
32337,100.0
32338,100.0
32339,100.0
32340,100.0
32341,100.0
32342,100.0
32343,100.0
32344,100.0
32345,100.0
32346,100.0
32347,100.0
32348,100.0
32349,100.0
32350,100.0
32351,100.0
32352,100.0
32353,100.0
32354,100.0
32355,100.0
32356,100.0
32357,100.0
32358,100.0
32359,100.0
32360,100.0
32361,100.0
32362,100.0
32363,100.0
32364,100.0
32365,100.0
32366,100.0
32367,100.0
32368,100.0
32369,100.0
32370,100.0
32371,100.0
32372,100.0
32373,100.0
32374,100.0
32375,100.0
32376,100.0
32377,100.0
32378,100.0
32379,100.0
32380,100.0
32381,100.0
32382,100.0
32383,100.0
32384,100.0
32385,100.0
32386,100.0
32387,100.0
32388,100.0
32389,100.0
32390,100.0
32391,100.0
32392,100.0
32393,100.0
32394,100.0
32395,100.0
32396,100.0
32397,100.0
32398,100.0
32399,100.0
32400,100.0
32401,100.0
32402,100.0
32403,100.0
32404,100.0
32405,100.0
32406,100.0
32407,100.0
32408,100.0
32409,100.0
32410,100.0
32411,100.0
32412,100.0
32413,100.0
32414,100.0
32415,100.0
32416,100.0
32417,100.0
32418,100.0
32419,100.0
32420,100.0
32421,100.0
32422,100.0
32423,100.0
32424,100.0
32425,100.0
32426,100.0
32427,100.0
32428,100.0
32429,100.0
32430,100.0
32431,100.0
32432,100.0
32433,100.0
32434,100.0
32435,100.0
32436,100.0
32437,100.0
32438,100.0
32439,100.0
32440,100.0
32441,100.0
32442,100.0
32443,100.0
32444,100.0
32445,100.0
32446,100.0
32447,100.0
32448,100.0
32449,100.0
32450,100.0
32451,100.0
32452,100.0
32453,100.0
32454,100.0
32455,100.0
32456,100.0
32457,100.0
32458,100.0
32459,100.0
32460,100.0
32461,100.0
32462,100.0
32463,100.0
32464,100.0
32465,100.0
32466,100.0
32467,100.0
32468,100.0
32469,100.0
32470,100.0
32471,100.0
32472,100.0
32473,100.0
32474,100.0
32475,100.0
32476,100.0
32477,100.0
32478,100.0
32479,100.0
32480,100.0
32481,100.0
32482,100.0
32483,100.0
32484,100.0
32485,100.0
32486,100.0
32487,100.0
32488,100.0
32489,100.0
32490,100.0
32491,100.0
32492,100.0
32493,100.0
32494,100.0
32495,100.0
32496,100.0
32497,100.0
32498,100.0
32499,100.0
32500,100.0
32501,100.0
32502,100.0
32503,100.0
32504,100.0
32505,100.0
32506,100.0
32507,100.0
32508,100.0
32509,100.0
32510,100.0
32511,100.0
32512,100.0
32513,100.0
32514,100.0
32515,100.0
32516,100.0
32517,100.0
32518,100.0
32519,100.0
32520,100.0
32521,100.0
32522,100.0
32523,100.0
32524,100.0
32525,100.0
32526,100.0
32527,100.0
32528,100.0
32529,100.0
32530,100.0
32531,100.0
32532,100.0
32533,100.0
32534,100.0
32535,100.0
32536,100.0
32537,100.0
32538,100.0
32539,100.0
32540,100.0
32541,100.0
32542,100.0
32543,100.0
32544,100.0
32545,100.0
32546,100.0
32547,100.0
32548,100.0
32549,100.0
32550,100.0
32551,100.0
32552,100.0
32553,100.0
32554,100.0
32555,100.0
32556,100.0
32557,100.0
32558,100.0
32559,100.0
32560,100.0
32561,100.0
32562,100.0
32563,100.0
32564,100.0
32565,100.0
32566,100.0
32567,100.0
32568,100.0
32569,100.0
32570,100.0
32571,100.0
32572,100.0
32573,100.0
32574,100.0
32575,100.0
32576,100.0
32577,100.0
32578,100.0
32579,100.0
32580,100.0
32581,100.0
32582,100.0
32583,100.0
32584,100.0
32585,100.0
32586,100.0
32587,100.0
32588,100.0
32589,100.0
32590,100.0
32591,100.0
32592,100.0
32593,100.0
32594,100.0
32595,100.0
32596,100.0
32597,100.0
32598,100.0
32599,100.0
32600,100.0
32601,100.0
32602,100.0
32603,100.0
32604,100.0
32605,100.0
32606,100.0
32607,100.0
32608,100.0
32609,100.0
32610,100.0
32611,100.0
32612,100.0
32613,100.0
32614,100.0
32615,100.0
32616,100.0
32617,100.0
32618,100.0
32619,100.0
32620,100.0
32621,100.0
32622,100.0
32623,100.0
32624,100.0
32625,100.0
32626,100.0
32627,100.0
32628,100.0
32629,100.0
32630,100.0
32631,100.0
32632,100.0
32633,100.0
32634,100.0
32635,100.0
32636,100.0
32637,100.0
32638,100.0
32639,100.0
32640,100.0
32641,100.0
32642,100.0
32643,100.0
32644,100.0
32645,100.0
32646,100.0
32647,100.0
32648,100.0
32649,100.0
32650,100.0
32651,100.0
32652,100.0
32653,100.0
32654,100.0
32655,100.0
32656,100.0
32657,100.0
32658,100.0
32659,100.0
32660,100.0
32661,100.0
32662,100.0
32663,100.0
32664,100.0
32665,100.0
32666,100.0
32667,100.0
32668,100.0
32669,100.0
32670,100.0
32671,100.0
32672,100.0
32673,100.0
32674,100.0
32675,100.0
32676,100.0
32677,100.0
32678,100.0
32679,100.0
32680,100.0
32681,100.0
32682,100.0
32683,100.0
32684,100.0
32685,100.0
32686,100.0
32687,100.0
32688,100.0
32689,100.0
32690,100.0
32691,100.0
32692,100.0
32693,100.0
32694,100.0
32695,100.0
32696,100.0
32697,100.0
32698,100.0
32699,100.0
32700,100.0
32701,100.0
32702,100.0
32703,100.0
32704,100.0
32705,100.0
32706,100.0
32707,100.0
32708,100.0
32709,100.0
32710,100.0
32711,100.0
32712,100.0
32713,100.0
32714,100.0
32715,100.0
32716,100.0
32717,100.0
32718,100.0
32719,100.0
32720,100.0
32721,100.0
32722,100.0
32723,100.0
32724,100.0
32725,100.0
32726,100.0
32727,100.0
32728,100.0
32729,100.0
32730,100.0
32731,100.0
32732,100.0
32733,100.0
32734,100.0
32735,100.0
32736,100.0
32737,100.0
32738,100.0
32739,100.0
32740,100.0
32741,100.0
32742,100.0
32743,100.0
32744,100.0
32745,100.0
32746,100.0
32747,100.0
32748,100.0
32749,100.0
32750,100.0
32751,100.0
32752,100.0
32753,100.0
32754,100.0
32755,100.0
32756,100.0
32757,100.0
32758,100.0
32759,100.0
32760,100.0
32761,100.0
32762,100.0
32763,100.0
32764,100.0
32765,100.0
32766,100.0
32767,100.0
32768,100.0
32769,100.0
32770,100.0
32771,100.0
32772,100.0
32773,100.0
32774,100.0
32775,100.0
32776,100.0
32777,100.0
32778,100.0
32779,100.0
32780,100.0
32781,100.0
32782,100.0
32783,100.0
32784,100.0
32785,100.0
32786,100.0
32787,100.0
32788,100.0
32789,100.0
32790,100.0
32791,100.0
32792,100.0
32793,100.0
32794,100.0
32795,100.0
32796,100.0
32797,100.0
32798,100.0
32799,100.0
32800,100.0
32801,100.0
32802,100.0
32803,100.0
32804,100.0
32805,100.0
32806,100.0
32807,100.0
32808,100.0
32809,100.0
32810,100.0
32811,100.0
32812,100.0
32813,100.0
32814,100.0
32815,100.0
32816,100.0
32817,100.0
32818,100.0
32819,100.0
32820,100.0
32821,100.0
32822,100.0
32823,100.0
32824,100.0
32825,100.0
32826,100.0
32827,100.0
32828,100.0
32829,100.0
32830,100.0
32831,100.0
32832,100.0
32833,100.0
32834,100.0
32835,100.0
32836,100.0
32837,100.0
32838,100.0
32839,100.0
32840,100.0
32841,100.0
32842,100.0
32843,100.0
32844,100.0
32845,100.0
32846,100.0
32847,100.0
32848,100.0
32849,100.0
32850,100.0
32851,100.0
32852,100.0
32853,100.0
32854,100.0
32855,100.0
32856,100.0
32857,100.0
32858,100.0
32859,100.0
32860,100.0
32861,100.0
32862,100.0
32863,100.0
32864,100.0
32865,100.0
32866,100.0
32867,100.0
32868,100.0
32869,100.0
32870,100.0
32871,100.0
32872,100.0
32873,100.0
32874,100.0
32875,100.0
32876,100.0
32877,100.0
32878,100.0
32879,100.0
32880,100.0
32881,100.0
32882,100.0
32883,100.0
32884,100.0
32885,100.0
32886,100.0
32887,100.0
32888,100.0
32889,100.0
32890,100.0
32891,100.0
32892,100.0
32893,100.0
32894,100.0
32895,100.0
32896,100.0
32897,100.0
32898,100.0
32899,100.0
32900,100.0
32901,100.0
32902,100.0
32903,100.0
32904,100.0
32905,100.0
32906,100.0
32907,100.0
32908,100.0
32909,100.0
32910,100.0
32911,100.0
32912,100.0
32913,100.0
32914,100.0
32915,100.0
32916,100.0
32917,100.0
32918,100.0
32919,100.0
32920,100.0
32921,100.0
32922,100.0
32923,100.0
32924,100.0
32925,100.0
32926,100.0
32927,100.0
32928,100.0
32929,100.0
32930,100.0
32931,100.0
32932,100.0
32933,100.0
32934,100.0
32935,100.0
32936,100.0
32937,100.0
32938,100.0
32939,100.0
32940,100.0
32941,100.0
32942,100.0
32943,100.0
32944,100.0
32945,100.0
32946,100.0
32947,100.0
32948,100.0
32949,100.0
32950,100.0
32951,100.0
32952,100.0
32953,100.0
32954,100.0
32955,100.0
32956,100.0
32957,100.0
32958,100.0
32959,100.0
32960,100.0
32961,100.0
32962,100.0
32963,100.0
32964,100.0
32965,100.0
32966,100.0
32967,100.0
32968,100.0
32969,100.0
32970,100.0
32971,100.0
32972,100.0
32973,100.0
32974,100.0
32975,100.0
32976,100.0
32977,100.0
32978,100.0
32979,100.0
32980,100.0
32981,100.0
32982,100.0
32983,100.0
32984,100.0
32985,100.0
32986,100.0
32987,100.0
32988,100.0
32989,100.0
32990,100.0
32991,100.0
32992,100.0
32993,100.0
32994,100.0
32995,100.0
32996,100.0
32997,100.0
32998,100.0
32999,100.0
33000,100.0
33001,100.0
33002,100.0
33003,100.0
33004,100.0
33005,100.0
33006,100.0
33007,100.0
33008,100.0
33009,100.0
33010,100.0
33011,100.0
33012,100.0
33013,100.0
33014,100.0
33015,100.0
33016,100.0
33017,100.0
33018,100.0
33019,100.0
33020,100.0
33021,100.0
33022,100.0
33023,100.0
33024,100.0
33025,100.0
33026,100.0
33027,100.0
33028,100.0
33029,100.0
33030,100.0
33031,100.0
33032,100.0
33033,100.0
33034,100.0
33035,100.0
33036,100.0
33037,100.0
33038,100.0
33039,100.0
33040,100.0
33041,100.0
33042,100.0
33043,100.0
33044,100.0
33045,100.0
33046,100.0
33047,100.0
33048,100.0
33049,100.0
33050,100.0
33051,100.0
33052,100.0
33053,100.0
33054,100.0
33055,100.0
33056,100.0
33057,100.0
33058,100.0
33059,100.0
33060,100.0
33061,100.0
33062,100.0
33063,100.0
33064,100.0
33065,100.0
33066,100.0
33067,100.0
33068,100.0
33069,100.0
33070,100.0
33071,100.0
33072,100.0
33073,100.0
33074,100.0
33075,100.0
33076,100.0
33077,100.0
33078,100.0
33079,100.0
33080,100.0
33081,100.0
33082,100.0
33083,100.0
33084,100.0
33085,100.0
33086,100.0
33087,100.0
33088,100.0
33089,100.0
33090,100.0
33091,100.0
33092,100.0
33093,100.0
33094,100.0
33095,100.0
33096,100.0
33097,100.0
33098,100.0
33099,100.0
33100,100.0
33101,100.0
33102,100.0
33103,100.0
33104,100.0
33105,100.0
33106,100.0
33107,100.0
33108,100.0
33109,100.0
33110,100.0
33111,100.0
33112,100.0
33113,100.0
33114,100.0
33115,100.0
33116,100.0
33117,100.0
33118,100.0
33119,100.0
33120,100.0
33121,100.0
33122,100.0
33123,100.0
33124,100.0
33125,100.0
33126,100.0
33127,100.0
33128,100.0
33129,100.0
33130,100.0
33131,100.0
33132,100.0
33133,100.0
33134,100.0
33135,100.0
33136,100.0
33137,100.0
33138,100.0
33139,100.0
33140,100.0
33141,100.0
33142,100.0
33143,100.0
33144,100.0
33145,100.0
33146,100.0
33147,100.0
33148,100.0
33149,100.0
33150,100.0
33151,100.0
33152,100.0
33153,100.0
33154,100.0
33155,100.0
33156,100.0
33157,100.0
33158,100.0
33159,100.0
33160,100.0
33161,100.0
33162,100.0
33163,100.0
33164,100.0
33165,100.0
33166,100.0
33167,100.0
33168,100.0
33169,100.0
33170,100.0
33171,100.0
33172,100.0
33173,100.0
33174,100.0
33175,100.0
33176,100.0
33177,100.0
33178,100.0
33179,100.0
33180,100.0
33181,100.0
33182,100.0
33183,100.0
33184,100.0
33185,100.0
33186,100.0
33187,100.0
33188,100.0
33189,100.0
33190,100.0
33191,100.0
33192,100.0
33193,100.0
33194,100.0
33195,100.0
33196,100.0
33197,100.0
33198,100.0
33199,100.0
33200,100.0
33201,100.0
33202,100.0
33203,100.0
33204,100.0
33205,100.0
33206,100.0
33207,100.0
33208,100.0
33209,100.0
33210,100.0
33211,100.0
33212,100.0
33213,100.0
33214,100.0
33215,100.0
33216,100.0
33217,100.0
33218,100.0
33219,100.0
33220,100.0
33221,100.0
33222,100.0
33223,100.0
33224,100.0
33225,100.0
33226,100.0
33227,100.0
33228,100.0
33229,100.0
33230,100.0
33231,100.0
33232,100.0
33233,100.0
33234,100.0
33235,100.0
33236,100.0
33237,100.0
33238,100.0
33239,100.0
33240,100.0
33241,100.0
33242,100.0
33243,100.0
33244,100.0
33245,100.0
33246,100.0
33247,100.0
33248,100.0
33249,100.0
33250,100.0
33251,100.0
33252,100.0
33253,100.0
33254,100.0
33255,100.0
33256,100.0
33257,100.0
33258,100.0
33259,100.0
33260,100.0
33261,100.0
33262,100.0
33263,100.0
33264,100.0
33265,100.0
33266,100.0
33267,100.0
33268,100.0
33269,100.0
33270,100.0
33271,100.0
33272,100.0
33273,100.0
33274,100.0
33275,100.0
33276,100.0
33277,100.0
33278,100.0
33279,100.0
33280,100.0
33281,100.0
33282,100.0
33283,100.0
33284,100.0
33285,100.0
33286,100.0
33287,100.0
33288,100.0
33289,100.0
33290,100.0
33291,100.0
33292,100.0
33293,100.0
33294,100.0
33295,100.0
33296,100.0
33297,100.0
33298,100.0
33299,100.0
33300,100.0
33301,100.0
33302,100.0
33303,100.0
33304,100.0
33305,100.0
33306,100.0
33307,100.0
33308,100.0
33309,100.0
33310,100.0
33311,100.0
33312,100.0
33313,100.0
33314,100.0
33315,100.0
33316,100.0
33317,100.0
33318,100.0
33319,100.0
33320,100.0
33321,100.0
33322,100.0
33323,100.0
33324,100.0
33325,100.0
33326,100.0
33327,100.0
33328,100.0
33329,100.0
33330,100.0
33331,100.0
33332,100.0
33333,100.0
33334,100.0
33335,100.0
33336,100.0
33337,100.0
33338,100.0
33339,100.0
33340,100.0
33341,100.0
33342,100.0
33343,100.0
33344,100.0
33345,100.0
33346,100.0
33347,100.0
33348,100.0
33349,100.0
33350,100.0
33351,100.0
33352,100.0
33353,100.0
33354,100.0
33355,100.0
33356,100.0
33357,100.0
33358,100.0
33359,100.0
33360,100.0
33361,100.0
33362,100.0
33363,100.0
33364,100.0
33365,100.0
33366,100.0
33367,100.0
33368,100.0
33369,100.0
33370,100.0
33371,100.0
33372,100.0
33373,100.0
33374,100.0
33375,100.0
33376,100.0
33377,100.0
33378,100.0
33379,100.0
33380,100.0
33381,100.0
33382,100.0
33383,100.0
33384,100.0
33385,100.0
33386,100.0
33387,100.0
33388,100.0
33389,100.0
33390,100.0
33391,100.0
33392,100.0
33393,100.0
33394,100.0
33395,100.0
33396,100.0
33397,100.0
33398,100.0
33399,100.0
33400,100.0
33401,100.0
33402,100.0
33403,100.0
33404,100.0
33405,100.0
33406,100.0
33407,100.0
33408,100.0
33409,100.0
33410,100.0
33411,100.0
33412,100.0
33413,100.0
33414,100.0
33415,100.0
33416,100.0
33417,100.0
33418,100.0
33419,100.0
33420,100.0
33421,100.0
33422,100.0
33423,100.0
33424,100.0
33425,100.0
33426,100.0
33427,100.0
33428,100.0
33429,100.0
33430,100.0
33431,100.0
33432,100.0
33433,100.0
33434,100.0
33435,100.0
33436,100.0
33437,100.0
33438,100.0
33439,100.0
33440,100.0
33441,100.0
33442,100.0
33443,100.0
33444,100.0
33445,100.0
33446,100.0
33447,100.0
33448,100.0
33449,100.0
33450,100.0
33451,100.0
33452,100.0
33453,100.0
33454,100.0
33455,100.0
33456,100.0
33457,100.0
33458,100.0
33459,100.0
33460,100.0
33461,100.0
33462,100.0
33463,100.0
33464,100.0
33465,100.0
33466,100.0
33467,100.0
33468,100.0
33469,100.0
33470,100.0
33471,100.0
33472,100.0
33473,100.0
33474,100.0
33475,100.0
33476,100.0
33477,100.0
33478,100.0
33479,100.0
33480,100.0
33481,100.0
33482,100.0
33483,100.0
33484,100.0
33485,100.0
33486,100.0
33487,100.0
33488,100.0
33489,100.0
33490,100.0
33491,100.0
33492,100.0
33493,100.0
33494,100.0
33495,100.0
33496,100.0
33497,100.0
33498,100.0
33499,100.0
33500,100.0
33501,100.0
33502,100.0
33503,100.0
33504,100.0
33505,100.0
33506,100.0
33507,100.0
33508,100.0
33509,100.0
33510,100.0
33511,100.0
33512,100.0
33513,100.0
33514,100.0
33515,100.0
33516,100.0
33517,100.0
33518,100.0
33519,100.0
33520,100.0
33521,100.0
33522,100.0
33523,100.0
33524,100.0
33525,100.0
33526,100.0
33527,100.0
33528,100.0
33529,100.0
33530,100.0
33531,100.0
33532,100.0
33533,100.0
33534,100.0
33535,100.0
33536,100.0
33537,100.0
33538,100.0
33539,100.0
33540,100.0
33541,100.0
33542,100.0
33543,100.0
33544,100.0
33545,100.0
33546,100.0
33547,100.0
33548,100.0
33549,100.0
33550,100.0
33551,100.0
33552,100.0
33553,100.0
33554,100.0
33555,100.0
33556,100.0
33557,100.0
33558,100.0
33559,100.0
33560,100.0
33561,100.0
33562,100.0
33563,100.0
33564,100.0
33565,100.0
33566,100.0
33567,100.0
33568,100.0
33569,100.0
33570,100.0
33571,100.0
33572,100.0
33573,100.0
33574,100.0
33575,100.0
33576,100.0
33577,100.0
33578,100.0
33579,100.0
33580,100.0
33581,100.0
33582,100.0
33583,100.0
33584,100.0
33585,100.0
33586,100.0
33587,100.0
33588,100.0
33589,100.0
33590,100.0
33591,100.0
33592,100.0
33593,100.0
33594,100.0
33595,100.0
33596,100.0
33597,100.0
33598,100.0
33599,100.0
33600,100.0
33601,100.0
33602,100.0
33603,100.0
33604,100.0
33605,100.0
33606,100.0
33607,100.0
33608,100.0
33609,100.0
33610,100.0
33611,100.0
33612,100.0
33613,100.0
33614,100.0
33615,100.0
33616,100.0
33617,100.0
33618,100.0
33619,100.0
33620,100.0
33621,100.0
33622,100.0
33623,100.0
33624,100.0
33625,100.0
33626,100.0
33627,100.0
33628,100.0
33629,100.0
33630,100.0
33631,100.0
33632,100.0
33633,100.0
33634,100.0
33635,100.0
33636,100.0
33637,100.0
33638,100.0
33639,100.0
33640,100.0
33641,100.0
33642,100.0
33643,100.0
33644,100.0
33645,100.0
33646,100.0
33647,100.0
33648,100.0
33649,100.0
33650,100.0
33651,100.0
33652,100.0
33653,100.0
33654,100.0
33655,100.0
33656,100.0
33657,100.0
33658,100.0
33659,100.0
33660,100.0
33661,100.0
33662,100.0
33663,100.0
33664,100.0
33665,100.0
33666,100.0
33667,100.0
33668,100.0
33669,100.0
33670,100.0
33671,100.0
33672,100.0
33673,100.0
33674,100.0
33675,100.0
33676,100.0
33677,100.0
33678,100.0
33679,100.0
33680,100.0
33681,100.0
33682,100.0
33683,100.0
33684,100.0
33685,100.0
33686,100.0
33687,100.0
33688,100.0
33689,100.0
33690,100.0
33691,100.0
33692,100.0
33693,100.0
33694,100.0
33695,100.0
33696,100.0
33697,100.0
33698,100.0
33699,100.0
33700,100.0
33701,100.0
33702,100.0
33703,100.0
33704,100.0
33705,100.0
33706,100.0
33707,100.0
33708,100.0
33709,100.0
33710,100.0
33711,100.0
33712,100.0
33713,100.0
33714,100.0
33715,100.0
33716,100.0
33717,100.0
33718,100.0
33719,100.0
33720,100.0
33721,100.0
33722,100.0
33723,100.0
33724,100.0
33725,100.0
33726,100.0
33727,100.0
33728,100.0
33729,100.0
33730,100.0
33731,100.0
33732,100.0
33733,100.0
33734,100.0
33735,100.0
33736,100.0
33737,100.0
33738,100.0
33739,100.0
33740,100.0
33741,100.0
33742,100.0
33743,100.0
33744,100.0
33745,100.0
33746,100.0
33747,100.0
33748,100.0
33749,100.0
33750,100.0
33751,100.0
33752,100.0
33753,100.0
33754,100.0
33755,100.0
33756,100.0
33757,100.0
33758,100.0
33759,100.0
33760,100.0
33761,100.0
33762,100.0
33763,100.0
33764,100.0
33765,100.0
33766,100.0
33767,100.0
33768,100.0
33769,100.0
33770,100.0
33771,100.0
33772,100.0
33773,100.0
33774,100.0
33775,100.0
33776,100.0
33777,100.0
33778,100.0
33779,100.0
33780,100.0
33781,100.0
33782,100.0
33783,100.0
33784,100.0
33785,100.0
33786,100.0
33787,100.0
33788,100.0
33789,100.0
33790,100.0
33791,100.0
33792,100.0
33793,100.0
33794,100.0
33795,100.0
33796,100.0
33797,100.0
33798,100.0
33799,100.0
33800,100.0
33801,100.0
33802,100.0
33803,100.0
33804,100.0
33805,100.0
33806,100.0
33807,100.0
33808,100.0
33809,100.0
33810,100.0
33811,100.0
33812,100.0
33813,100.0
33814,100.0
33815,100.0
33816,100.0
33817,100.0
33818,100.0
33819,100.0
33820,100.0
33821,100.0
33822,100.0
33823,100.0
33824,100.0
33825,100.0
33826,100.0
33827,100.0
33828,100.0
33829,100.0
33830,100.0
33831,100.0
33832,100.0
33833,100.0
33834,100.0
33835,100.0
33836,100.0
33837,100.0
33838,100.0
33839,100.0
33840,100.0
33841,100.0
33842,100.0
33843,100.0
33844,100.0
33845,100.0
33846,100.0
33847,100.0
33848,100.0
33849,100.0
33850,100.0
33851,100.0
33852,100.0
33853,100.0
33854,100.0
33855,100.0
33856,100.0
33857,100.0
33858,100.0
33859,100.0
33860,100.0
33861,100.0
33862,100.0
33863,100.0
33864,100.0
33865,100.0
33866,100.0
33867,100.0
33868,100.0
33869,100.0
33870,100.0
33871,100.0
33872,100.0
33873,100.0
33874,100.0
33875,100.0
33876,100.0
33877,100.0
33878,100.0
33879,100.0
33880,100.0
33881,100.0
33882,100.0
33883,100.0
33884,100.0
33885,100.0
33886,100.0
33887,100.0
33888,100.0
33889,100.0
33890,100.0
33891,100.0
33892,100.0
33893,100.0
33894,100.0
33895,100.0
33896,100.0
33897,100.0
33898,100.0
33899,100.0
33900,100.0
33901,100.0
33902,100.0
33903,100.0
33904,100.0
33905,100.0
33906,100.0
33907,100.0
33908,100.0
33909,100.0
33910,100.0
33911,100.0
33912,100.0
33913,100.0
33914,100.0
33915,100.0
33916,100.0
33917,100.0
33918,100.0
33919,100.0
33920,100.0
33921,100.0
33922,100.0
33923,100.0
33924,100.0
33925,100.0
33926,100.0
33927,100.0
33928,100.0
33929,100.0
33930,100.0
33931,100.0
33932,100.0
33933,100.0
33934,100.0
33935,100.0
33936,100.0
33937,100.0
33938,100.0
33939,100.0
33940,100.0
33941,100.0
33942,100.0
33943,100.0
33944,100.0
33945,100.0
33946,100.0
33947,100.0
33948,100.0
33949,100.0
33950,100.0
33951,100.0
33952,100.0
33953,100.0
33954,100.0
33955,100.0
33956,100.0
33957,100.0
33958,100.0
33959,100.0
33960,100.0
33961,100.0
33962,100.0
33963,100.0
33964,100.0
33965,100.0
33966,100.0
33967,100.0
33968,100.0
33969,100.0
33970,100.0
33971,100.0
33972,100.0
33973,100.0
33974,100.0
33975,100.0
33976,100.0
33977,100.0
33978,100.0
33979,100.0
33980,100.0
33981,100.0
33982,100.0
33983,100.0
33984,100.0
33985,100.0
33986,100.0
33987,100.0
33988,100.0
33989,100.0
33990,100.0
33991,100.0
33992,100.0
33993,100.0
33994,100.0
33995,100.0
33996,100.0
33997,100.0
33998,100.0
33999,100.0
34000,100.0
34001,100.0
34002,100.0
34003,100.0
34004,100.0
34005,100.0
34006,100.0
34007,100.0
34008,100.0
34009,100.0
34010,100.0
34011,100.0
34012,100.0
34013,100.0
34014,100.0
34015,100.0
34016,100.0
34017,100.0
34018,100.0
34019,100.0
34020,100.0
34021,100.0
34022,100.0
34023,100.0
34024,100.0
34025,100.0
34026,100.0
34027,100.0
34028,100.0
34029,100.0
34030,100.0
34031,100.0
34032,100.0
34033,100.0
34034,100.0
34035,100.0
34036,100.0
34037,100.0
34038,100.0
34039,100.0
34040,100.0
34041,100.0
34042,100.0
34043,100.0
34044,100.0
34045,100.0
34046,100.0
34047,100.0
34048,100.0
34049,100.0
34050,100.0
34051,100.0
34052,100.0
34053,100.0
34054,100.0
34055,100.0
34056,100.0
34057,100.0
34058,100.0
34059,100.0
34060,100.0
34061,100.0
34062,100.0
34063,100.0
34064,100.0
34065,100.0
34066,100.0
34067,100.0
34068,100.0
34069,100.0
34070,100.0
34071,100.0
34072,100.0
34073,100.0
34074,100.0
34075,100.0
34076,100.0
34077,100.0
34078,100.0
34079,100.0
34080,100.0
34081,100.0
34082,100.0
34083,100.0
34084,100.0
34085,100.0
34086,100.0
34087,100.0
34088,100.0
34089,100.0
34090,100.0
34091,100.0
34092,100.0
34093,100.0
34094,100.0
34095,100.0
34096,100.0
34097,100.0
34098,100.0
34099,100.0
34100,100.0
34101,100.0
34102,100.0
34103,100.0
34104,100.0
34105,100.0
34106,100.0
34107,100.0
34108,100.0
34109,100.0
34110,100.0
34111,100.0
34112,100.0
34113,100.0
34114,100.0
34115,100.0
34116,100.0
34117,100.0
34118,100.0
34119,100.0
34120,100.0
34121,100.0
34122,100.0
34123,100.0
34124,100.0
34125,100.0
34126,100.0
34127,100.0
34128,100.0
34129,100.0
34130,100.0
34131,100.0
34132,100.0
34133,100.0
34134,100.0
34135,100.0
34136,100.0
34137,100.0
34138,100.0
34139,100.0
34140,100.0
34141,100.0
34142,100.0
34143,100.0
34144,100.0
34145,100.0
34146,100.0
34147,100.0
34148,100.0
34149,100.0
34150,100.0
34151,100.0
34152,100.0
34153,100.0
34154,100.0
34155,100.0
34156,100.0
34157,100.0
34158,100.0
34159,100.0
34160,100.0
34161,100.0
34162,100.0
34163,100.0
34164,100.0
34165,100.0
34166,100.0
34167,100.0
34168,100.0
34169,100.0
34170,100.0
34171,100.0
34172,100.0
34173,100.0
34174,100.0
34175,100.0
34176,100.0
34177,100.0
34178,100.0
34179,100.0
34180,100.0
34181,100.0
34182,100.0
34183,100.0
34184,100.0
34185,100.0
34186,100.0
34187,100.0
34188,100.0
34189,100.0
34190,100.0
34191,100.0
34192,100.0
34193,100.0
34194,100.0
34195,100.0
34196,100.0
34197,100.0
34198,100.0
34199,100.0
34200,100.0
34201,100.0
34202,100.0
34203,100.0
34204,100.0
34205,100.0
34206,100.0
34207,100.0
34208,100.0
34209,100.0
34210,100.0
34211,100.0
34212,100.0
34213,100.0
34214,100.0
34215,100.0
34216,100.0
34217,100.0
34218,100.0
34219,100.0
34220,100.0
34221,100.0
34222,100.0
34223,100.0
34224,100.0
34225,100.0
34226,100.0
34227,100.0
34228,100.0
34229,100.0
34230,100.0
34231,100.0
34232,100.0
34233,100.0
34234,100.0
34235,100.0
34236,100.0
34237,100.0
34238,100.0
34239,100.0
34240,100.0
34241,100.0
34242,100.0
34243,100.0
34244,100.0
34245,100.0
34246,100.0
34247,100.0
34248,100.0
34249,100.0
34250,100.0
34251,100.0
34252,100.0
34253,100.0
34254,100.0
34255,100.0
34256,100.0
34257,100.0
34258,100.0
34259,100.0
34260,100.0
34261,100.0
34262,100.0
34263,100.0
34264,100.0
34265,100.0
34266,100.0
34267,100.0
34268,100.0
34269,100.0
34270,100.0
34271,100.0
34272,100.0
34273,100.0
34274,100.0
34275,100.0
34276,100.0
34277,100.0
34278,100.0
34279,100.0
34280,100.0
34281,100.0
34282,100.0
34283,100.0
34284,100.0
34285,100.0
34286,100.0
34287,100.0
34288,100.0
34289,100.0
34290,100.0
34291,100.0
34292,100.0
34293,100.0
34294,100.0
34295,100.0
34296,100.0
34297,100.0
34298,100.0
34299,100.0
34300,100.0
34301,100.0
34302,100.0
34303,100.0
34304,100.0
34305,100.0
34306,100.0
34307,100.0
34308,100.0
34309,100.0
34310,100.0
34311,100.0
34312,100.0
34313,100.0
34314,100.0
34315,100.0
34316,100.0
34317,100.0
34318,100.0
34319,100.0
34320,100.0
34321,100.0
34322,100.0
34323,100.0
34324,100.0
34325,100.0
34326,100.0
34327,100.0
34328,100.0
34329,100.0
34330,100.0
34331,100.0
34332,100.0
34333,100.0
34334,100.0
34335,100.0
34336,100.0
34337,100.0
34338,100.0
34339,100.0
34340,100.0
34341,100.0
34342,100.0
34343,100.0
34344,100.0
34345,100.0
34346,100.0
34347,100.0
34348,100.0
34349,100.0
34350,100.0
34351,100.0
34352,100.0
34353,100.0
34354,100.0
34355,100.0
34356,100.0
34357,100.0
34358,100.0
34359,100.0
34360,100.0
34361,100.0
34362,100.0
34363,100.0
34364,100.0
34365,100.0
34366,100.0
34367,100.0
34368,100.0
34369,100.0
34370,100.0
34371,100.0
34372,100.0
34373,100.0
34374,100.0
34375,100.0
34376,100.0
34377,100.0
34378,100.0
34379,100.0
34380,100.0
34381,100.0
34382,100.0
34383,100.0
34384,100.0
34385,100.0
34386,100.0
34387,100.0
34388,100.0
34389,100.0
34390,100.0
34391,100.0
34392,100.0
34393,100.0
34394,100.0
34395,100.0
34396,100.0
34397,100.0
34398,100.0
34399,100.0
34400,100.0
34401,100.0
34402,100.0
34403,100.0
34404,100.0
34405,100.0
34406,100.0
34407,100.0
34408,100.0
34409,100.0
34410,100.0
34411,100.0
34412,100.0
34413,100.0
34414,100.0
34415,100.0
34416,100.0
34417,100.0
34418,100.0
34419,100.0
34420,100.0
34421,100.0
34422,100.0
34423,100.0
34424,100.0
34425,100.0
34426,100.0
34427,100.0
34428,100.0
34429,100.0
34430,100.0
34431,100.0
34432,100.0
34433,100.0
34434,100.0
34435,100.0
34436,100.0
34437,100.0
34438,100.0
34439,100.0
34440,100.0
34441,100.0
34442,100.0
34443,100.0
34444,100.0
34445,100.0
34446,100.0
34447,100.0
34448,100.0
34449,100.0
34450,100.0
34451,100.0
34452,100.0
34453,100.0
34454,100.0
34455,100.0
34456,100.0
34457,100.0
34458,100.0
34459,100.0
34460,100.0
34461,100.0
34462,100.0
34463,100.0
34464,100.0
34465,100.0
34466,100.0
34467,100.0
34468,100.0
34469,100.0
34470,100.0
34471,100.0
34472,100.0
34473,100.0
34474,100.0
34475,100.0
34476,100.0
34477,100.0
34478,100.0
34479,100.0
34480,100.0
34481,100.0
34482,100.0
34483,100.0
34484,100.0
34485,100.0
34486,100.0
34487,100.0
34488,100.0
34489,100.0
34490,100.0
34491,100.0
34492,100.0
34493,100.0
34494,100.0
34495,100.0
34496,100.0
34497,100.0
34498,100.0
34499,100.0
34500,100.0
34501,100.0
34502,100.0
34503,100.0
34504,100.0
34505,100.0
34506,100.0
34507,100.0
34508,100.0
34509,100.0
34510,100.0
34511,100.0
34512,100.0
34513,100.0
34514,100.0
34515,100.0
34516,100.0
34517,100.0
34518,100.0
34519,100.0
34520,100.0
34521,100.0
34522,100.0
34523,100.0
34524,100.0
34525,100.0
34526,100.0
34527,100.0
34528,100.0
34529,100.0
34530,100.0
34531,100.0
34532,100.0
34533,100.0
34534,100.0
34535,100.0
34536,100.0
34537,100.0
34538,100.0
34539,100.0
34540,100.0
34541,100.0
34542,100.0
34543,100.0
34544,100.0
34545,100.0
34546,100.0
34547,100.0
34548,100.0
34549,100.0
34550,100.0
34551,100.0
34552,100.0
34553,100.0
34554,100.0
34555,100.0
34556,100.0
34557,100.0
34558,100.0
34559,100.0
34560,100.0
34561,100.0
34562,100.0
34563,100.0
34564,100.0
34565,100.0
34566,100.0
34567,100.0
34568,100.0
34569,100.0
34570,100.0
34571,100.0
34572,100.0
34573,100.0
34574,100.0
34575,100.0
34576,100.0
34577,100.0
34578,100.0
34579,100.0
34580,100.0
34581,100.0
34582,100.0
34583,100.0
34584,100.0
34585,100.0
34586,100.0
34587,100.0
34588,100.0
34589,100.0
34590,100.0
34591,100.0
34592,100.0
34593,100.0
34594,100.0
34595,100.0
34596,100.0
34597,100.0
34598,100.0
34599,100.0
34600,100.0
34601,100.0
34602,100.0
34603,100.0
34604,100.0
34605,100.0
34606,100.0
34607,100.0
34608,100.0
34609,100.0
34610,100.0
34611,100.0
34612,100.0
34613,100.0
34614,100.0
34615,100.0
34616,100.0
34617,100.0
34618,100.0
34619,100.0
34620,100.0
34621,100.0
34622,100.0
34623,100.0
34624,100.0
34625,100.0
34626,100.0
34627,100.0
34628,100.0
34629,100.0
34630,100.0
34631,100.0
34632,100.0
34633,100.0
34634,100.0
34635,100.0
34636,100.0
34637,100.0
34638,100.0
34639,100.0
34640,100.0
34641,100.0
34642,100.0
34643,100.0
34644,100.0
34645,100.0
34646,100.0
34647,100.0
34648,100.0
34649,100.0
34650,100.0
34651,100.0
34652,100.0
34653,100.0
34654,100.0
34655,100.0
34656,100.0
34657,100.0
34658,100.0
34659,100.0
34660,100.0
34661,100.0
34662,100.0
34663,100.0
34664,100.0
34665,100.0
34666,100.0
34667,100.0
34668,100.0
34669,100.0
34670,100.0
34671,100.0
34672,100.0
34673,100.0
34674,100.0
34675,100.0
34676,100.0
34677,100.0
34678,100.0
34679,100.0
34680,100.0
34681,100.0
34682,100.0
34683,100.0
34684,100.0
34685,100.0
34686,100.0
34687,100.0
34688,100.0
34689,100.0
34690,100.0
34691,100.0
34692,100.0
34693,100.0
34694,100.0
34695,100.0
34696,100.0
34697,100.0
34698,100.0
34699,100.0
34700,100.0
34701,100.0
34702,100.0
34703,100.0
34704,100.0
34705,100.0
34706,100.0
34707,100.0
34708,100.0
34709,100.0
34710,100.0
34711,100.0
34712,100.0
34713,100.0
34714,100.0
34715,100.0
34716,100.0
34717,100.0
34718,100.0
34719,100.0
34720,100.0
34721,100.0
34722,100.0
34723,100.0
34724,100.0
34725,100.0
34726,100.0
34727,100.0
34728,100.0
34729,100.0
34730,100.0
34731,100.0
34732,100.0
34733,100.0
34734,100.0
34735,100.0
34736,100.0
34737,100.0
34738,100.0
34739,100.0
34740,100.0
34741,100.0
34742,100.0
34743,100.0
34744,100.0
34745,100.0
34746,100.0
34747,100.0
34748,100.0
34749,100.0
34750,100.0
34751,100.0
34752,100.0
34753,100.0
34754,100.0
34755,100.0
34756,100.0
34757,100.0
34758,100.0
34759,100.0
34760,100.0
34761,100.0
34762,100.0
34763,100.0
34764,100.0
34765,100.0
34766,100.0
34767,100.0
34768,100.0
34769,100.0
34770,100.0
34771,100.0
34772,100.0
34773,100.0
34774,100.0
34775,100.0
34776,100.0
34777,100.0
34778,100.0
34779,100.0
34780,100.0
34781,100.0
34782,100.0
34783,100.0
34784,100.0
34785,100.0
34786,100.0
34787,100.0
34788,100.0
34789,100.0
34790,100.0
34791,100.0
34792,100.0
34793,100.0
34794,100.0
34795,100.0
34796,100.0
34797,100.0
34798,100.0
34799,100.0
34800,100.0
34801,100.0
34802,100.0
34803,100.0
34804,100.0
34805,100.0
34806,100.0
34807,100.0
34808,100.0
34809,100.0
34810,100.0
34811,100.0
34812,100.0
34813,100.0
34814,100.0
34815,100.0
34816,100.0
34817,100.0
34818,100.0
34819,100.0
34820,100.0
34821,100.0
34822,100.0
34823,100.0
34824,100.0
34825,100.0
34826,100.0
34827,100.0
34828,100.0
34829,100.0
34830,100.0
34831,100.0
34832,100.0
34833,100.0
34834,100.0
34835,100.0
34836,100.0
34837,100.0
34838,100.0
34839,100.0
34840,100.0
34841,100.0
34842,100.0
34843,100.0
34844,100.0
34845,100.0
34846,100.0
34847,100.0
34848,100.0
34849,100.0
34850,100.0
34851,100.0
34852,100.0
34853,100.0
34854,100.0
34855,100.0
34856,100.0
34857,100.0
34858,100.0
34859,100.0
34860,100.0
34861,100.0
34862,100.0
34863,100.0
34864,100.0
34865,100.0
34866,100.0
34867,100.0
34868,100.0
34869,100.0
34870,100.0
34871,100.0
34872,100.0
34873,100.0
34874,100.0
34875,100.0
34876,100.0
34877,100.0
34878,100.0
34879,100.0
34880,100.0
34881,100.0
34882,100.0
34883,100.0
34884,100.0
34885,100.0
34886,100.0
34887,100.0
34888,100.0
34889,100.0
34890,100.0
34891,100.0
34892,100.0
34893,100.0
34894,100.0
34895,100.0
34896,100.0
34897,100.0
34898,100.0
34899,100.0
34900,100.0
34901,100.0
34902,100.0
34903,100.0
34904,100.0
34905,100.0
34906,100.0
34907,100.0
34908,100.0
34909,100.0
34910,100.0
34911,100.0
34912,100.0
34913,100.0
34914,100.0
34915,100.0
34916,100.0
34917,100.0
34918,100.0
34919,100.0
34920,100.0
34921,100.0
34922,100.0
34923,100.0
34924,100.0
34925,100.0
34926,100.0
34927,100.0
34928,100.0
34929,100.0
34930,100.0
34931,100.0
34932,100.0
34933,100.0
34934,100.0
34935,100.0
34936,100.0
34937,100.0
34938,100.0
34939,100.0
34940,100.0
34941,100.0
34942,100.0
34943,100.0
34944,100.0
34945,100.0
34946,100.0
34947,100.0
34948,100.0
34949,100.0
34950,100.0
34951,100.0
34952,100.0
34953,100.0
34954,100.0
34955,100.0
34956,100.0
34957,100.0
34958,100.0
34959,100.0
34960,100.0
34961,100.0
34962,100.0
34963,100.0
34964,100.0
34965,100.0
34966,100.0
34967,100.0
34968,100.0
34969,100.0
34970,100.0
34971,100.0
34972,100.0
34973,100.0
34974,100.0
34975,100.0
34976,100.0
34977,100.0
34978,100.0
34979,100.0
34980,100.0
34981,100.0
34982,100.0
34983,100.0
34984,100.0
34985,100.0
34986,100.0
34987,100.0
34988,100.0
34989,100.0
34990,100.0
34991,100.0
34992,100.0
34993,100.0
34994,100.0
34995,100.0
34996,100.0
34997,100.0
34998,100.0
34999,100.0
35000,100.0
35001,100.0
35002,100.0
35003,100.0
35004,100.0
35005,100.0
35006,100.0
35007,100.0
35008,100.0
35009,100.0
35010,100.0
35011,100.0
35012,100.0
35013,100.0
35014,100.0
35015,100.0
35016,100.0
35017,100.0
35018,100.0
35019,100.0
35020,100.0
35021,100.0
35022,100.0
35023,100.0
35024,100.0
35025,100.0
35026,100.0
35027,100.0
35028,100.0
35029,100.0
35030,100.0
35031,100.0
35032,100.0
35033,100.0
35034,100.0
35035,100.0
35036,100.0
35037,100.0
35038,100.0
35039,100.0
35040,100.0
35041,100.0
35042,100.0
35043,100.0
35044,100.0
35045,100.0
35046,100.0
35047,100.0
35048,100.0
35049,100.0
35050,100.0
35051,100.0
35052,100.0
35053,100.0
35054,100.0
35055,100.0
35056,100.0
35057,100.0
35058,100.0
35059,100.0
35060,100.0
35061,100.0
35062,100.0
35063,100.0
35064,100.0
35065,100.0
35066,100.0
35067,100.0
35068,100.0
35069,100.0
35070,100.0
35071,100.0
35072,100.0
35073,100.0
35074,100.0
35075,100.0
35076,100.0
35077,100.0
35078,100.0
35079,100.0
35080,100.0
35081,100.0
35082,100.0
35083,100.0
35084,100.0
35085,100.0
35086,100.0
35087,100.0
35088,100.0
35089,100.0
35090,100.0
35091,100.0
35092,100.0
35093,100.0
35094,100.0
35095,100.0
35096,100.0
35097,100.0
35098,100.0
35099,100.0
35100,100.0
35101,100.0
35102,100.0
35103,100.0
35104,100.0
35105,100.0
35106,100.0
35107,100.0
35108,100.0
35109,100.0
35110,100.0
35111,100.0
35112,100.0
35113,100.0
35114,100.0
35115,100.0
35116,100.0
35117,100.0
35118,100.0
35119,100.0
35120,100.0
35121,100.0
35122,100.0
35123,100.0
35124,100.0
35125,100.0
35126,100.0
35127,100.0
35128,100.0
35129,100.0
35130,100.0
35131,100.0
35132,100.0
35133,100.0
35134,100.0
35135,100.0
35136,100.0
35137,100.0
35138,100.0
35139,100.0
35140,100.0
35141,100.0
35142,100.0
35143,100.0
35144,100.0
35145,100.0
35146,100.0
35147,100.0
35148,100.0
35149,100.0
35150,100.0
35151,100.0
35152,100.0
35153,100.0
35154,100.0
35155,100.0
35156,100.0
35157,100.0
35158,100.0
35159,100.0
35160,100.0
35161,100.0
35162,100.0
35163,100.0
35164,100.0
35165,100.0
35166,100.0
35167,100.0
35168,100.0
35169,100.0
35170,100.0
35171,100.0
35172,100.0
35173,100.0
35174,100.0
35175,100.0
35176,100.0
35177,100.0
35178,100.0
35179,100.0
35180,100.0
35181,100.0
35182,100.0
35183,100.0
35184,100.0
35185,100.0
35186,100.0
35187,100.0
35188,100.0
35189,100.0
35190,100.0
35191,100.0
35192,100.0
35193,100.0
35194,100.0
35195,100.0
35196,100.0
35197,100.0
35198,100.0
35199,100.0
35200,100.0
35201,100.0
35202,100.0
35203,100.0
35204,100.0
35205,100.0
35206,100.0
35207,100.0
35208,100.0
35209,100.0
35210,100.0
35211,100.0
35212,100.0
35213,100.0
35214,100.0
35215,100.0
35216,100.0
35217,100.0
35218,100.0
35219,100.0
35220,100.0
35221,100.0
35222,100.0
35223,100.0
35224,100.0
35225,100.0
35226,100.0
35227,100.0
35228,100.0
35229,100.0
35230,100.0
35231,100.0
35232,100.0
35233,100.0
35234,100.0
35235,100.0
35236,100.0
35237,100.0
35238,100.0
35239,100.0
35240,100.0
35241,100.0
35242,100.0
35243,100.0
35244,100.0
35245,100.0
35246,100.0
35247,100.0
35248,100.0
35249,100.0
35250,100.0
35251,100.0
35252,100.0
35253,100.0
35254,100.0
35255,100.0
35256,100.0
35257,100.0
35258,100.0
35259,100.0
35260,100.0
35261,100.0
35262,100.0
35263,100.0
35264,100.0
35265,100.0
35266,100.0
35267,100.0
35268,100.0
35269,100.0
35270,100.0
35271,100.0
35272,100.0
35273,100.0
35274,100.0
35275,100.0
35276,100.0
35277,100.0
35278,100.0
35279,100.0
35280,100.0
35281,100.0
35282,100.0
35283,100.0
35284,100.0
35285,100.0
35286,100.0
35287,100.0
35288,100.0
35289,100.0
35290,100.0
35291,100.0
35292,100.0
35293,100.0
35294,100.0
35295,100.0
35296,100.0
35297,100.0
35298,100.0
35299,100.0
35300,100.0
35301,100.0
35302,100.0
35303,100.0
35304,100.0
35305,100.0
35306,100.0
35307,100.0
35308,100.0
35309,100.0
35310,100.0
35311,100.0
35312,100.0
35313,100.0
35314,100.0
35315,100.0
35316,100.0
35317,100.0
35318,100.0
35319,100.0
35320,100.0
35321,100.0
35322,100.0
35323,100.0
35324,100.0
35325,100.0
35326,100.0
35327,100.0
35328,100.0
35329,100.0
35330,100.0
35331,100.0
35332,100.0
35333,100.0
35334,100.0
35335,100.0
35336,100.0
35337,100.0
35338,100.0
35339,100.0
35340,100.0
35341,100.0
35342,100.0
35343,100.0
35344,100.0
35345,100.0
35346,100.0
35347,100.0
35348,100.0
35349,100.0
35350,100.0
35351,100.0
35352,100.0
35353,100.0
35354,100.0
35355,100.0
35356,100.0
35357,100.0
35358,100.0
35359,100.0
35360,100.0
35361,100.0
35362,100.0
35363,100.0
35364,100.0
35365,100.0
35366,100.0
35367,100.0
35368,100.0
35369,100.0
35370,100.0
35371,100.0
35372,100.0
35373,100.0
35374,100.0
35375,100.0
35376,100.0
35377,100.0
35378,100.0
35379,100.0
35380,100.0
35381,100.0
35382,100.0
35383,100.0
35384,100.0
35385,100.0
35386,100.0
35387,100.0
35388,100.0
35389,100.0
35390,100.0
35391,100.0
35392,100.0
35393,100.0
35394,100.0
35395,100.0
35396,100.0
35397,100.0
35398,100.0
35399,100.0
35400,100.0
35401,100.0
35402,100.0
35403,100.0
35404,100.0
35405,100.0
35406,100.0
35407,100.0
35408,100.0
35409,100.0
35410,100.0
35411,100.0
35412,100.0
35413,100.0
35414,100.0
35415,100.0
35416,100.0
35417,100.0
35418,100.0
35419,100.0
35420,100.0
35421,100.0
35422,100.0
35423,100.0
35424,100.0
35425,100.0
35426,100.0
35427,100.0
35428,100.0
35429,100.0
35430,100.0
35431,100.0
35432,100.0
35433,100.0
35434,100.0
35435,100.0
35436,100.0
35437,100.0
35438,100.0
35439,100.0
35440,100.0
35441,100.0
35442,100.0
35443,100.0
35444,100.0
35445,100.0
35446,100.0
35447,100.0
35448,100.0
35449,100.0
35450,100.0
35451,100.0
35452,100.0
35453,100.0
35454,100.0
35455,100.0
35456,100.0
35457,100.0
35458,100.0
35459,100.0
35460,100.0
35461,100.0
35462,100.0
35463,100.0
35464,100.0
35465,100.0
35466,100.0
35467,100.0
35468,100.0
35469,100.0
35470,100.0
35471,100.0
35472,100.0
35473,100.0
35474,100.0
35475,100.0
35476,100.0
35477,100.0
35478,100.0
35479,100.0
35480,100.0
35481,100.0
35482,100.0
35483,100.0
35484,100.0
35485,100.0
35486,100.0
35487,100.0
35488,100.0
35489,100.0
35490,100.0
35491,100.0
35492,100.0
35493,100.0
35494,100.0
35495,100.0
35496,100.0
35497,100.0
35498,100.0
35499,100.0
35500,100.0
35501,100.0
35502,100.0
35503,100.0
35504,100.0
35505,100.0
35506,100.0
35507,100.0
35508,100.0
35509,100.0
35510,100.0
35511,100.0
35512,100.0
35513,100.0
35514,100.0
35515,100.0
35516,100.0
35517,100.0
35518,100.0
35519,100.0
35520,100.0
35521,100.0
35522,100.0
35523,100.0
35524,100.0
35525,100.0
35526,100.0
35527,100.0
35528,100.0
35529,100.0
35530,100.0
35531,100.0
35532,100.0
35533,100.0
35534,100.0
35535,100.0
35536,100.0
35537,100.0
35538,100.0
35539,100.0
35540,100.0
35541,100.0
35542,100.0
35543,100.0
35544,100.0
35545,100.0
35546,100.0
35547,100.0
35548,100.0
35549,100.0
35550,100.0
35551,100.0
35552,100.0
35553,100.0
35554,100.0
35555,100.0
35556,100.0
35557,100.0
35558,100.0
35559,100.0
35560,100.0
35561,100.0
35562,100.0
35563,100.0
35564,100.0
35565,100.0
35566,100.0
35567,100.0
35568,100.0
35569,100.0
35570,100.0
35571,100.0
35572,100.0
35573,100.0
35574,100.0
35575,100.0
35576,100.0
35577,100.0
35578,100.0
35579,100.0
35580,100.0
35581,100.0
35582,100.0
35583,100.0
35584,100.0
35585,100.0
35586,100.0
35587,100.0
35588,100.0
35589,100.0
35590,100.0
35591,100.0
35592,100.0
35593,100.0
35594,100.0
35595,100.0
35596,100.0
35597,100.0
35598,100.0
35599,100.0
35600,100.0
35601,100.0
35602,100.0
35603,100.0
35604,100.0
35605,100.0
35606,100.0
35607,100.0
35608,100.0
35609,100.0
35610,100.0
35611,100.0
35612,100.0
35613,100.0
35614,100.0
35615,100.0
35616,100.0
35617,100.0
35618,100.0
35619,100.0
35620,100.0
35621,100.0
35622,100.0
35623,100.0
35624,100.0
35625,100.0
35626,100.0
35627,100.0
35628,100.0
35629,100.0
35630,100.0
35631,100.0
35632,100.0
35633,100.0
35634,100.0
35635,100.0
35636,100.0
35637,100.0
35638,100.0
35639,100.0
35640,100.0
35641,100.0
35642,100.0
35643,100.0
35644,100.0
35645,100.0
35646,100.0
35647,100.0
35648,100.0
35649,100.0
35650,100.0
35651,100.0
35652,100.0
35653,100.0
35654,100.0
35655,100.0
35656,100.0
35657,100.0
35658,100.0
35659,100.0
35660,100.0
35661,100.0
35662,100.0
35663,100.0
35664,100.0
35665,100.0
35666,100.0
35667,100.0
35668,100.0
35669,100.0
35670,100.0
35671,100.0
35672,100.0
35673,100.0
35674,100.0
35675,100.0
35676,100.0
35677,100.0
35678,100.0
35679,100.0
35680,100.0
35681,100.0
35682,100.0
35683,100.0
35684,100.0
35685,100.0
35686,100.0
35687,100.0
35688,100.0
35689,100.0
35690,100.0
35691,100.0
35692,100.0
35693,100.0
35694,100.0
35695,100.0
35696,100.0
35697,100.0
35698,100.0
35699,100.0
35700,100.0
35701,100.0
35702,100.0
35703,100.0
35704,100.0
35705,100.0
35706,100.0
35707,100.0
35708,100.0
35709,100.0
35710,100.0
35711,100.0
35712,100.0
35713,100.0
35714,100.0
35715,100.0
35716,100.0
35717,100.0
35718,100.0
35719,100.0
35720,100.0
35721,100.0
35722,100.0
35723,100.0
35724,100.0
35725,100.0
35726,100.0
35727,100.0
35728,100.0
35729,100.0
35730,100.0
35731,100.0
35732,100.0
35733,100.0
35734,100.0
35735,100.0
35736,100.0
35737,100.0
35738,100.0
35739,100.0
35740,100.0
35741,100.0
35742,100.0
35743,100.0
35744,100.0
35745,100.0
35746,100.0
35747,100.0
35748,100.0
35749,100.0
35750,100.0
35751,100.0
35752,100.0
35753,100.0
35754,100.0
35755,100.0
35756,100.0
35757,100.0
35758,100.0
35759,100.0
35760,100.0
35761,100.0
35762,100.0
35763,100.0
35764,100.0
35765,100.0
35766,100.0
35767,100.0
35768,100.0
35769,100.0
35770,100.0
35771,100.0
35772,100.0
35773,100.0
35774,100.0
35775,100.0
35776,100.0
35777,100.0
35778,100.0
35779,100.0
35780,100.0
35781,100.0
35782,100.0
35783,100.0
35784,100.0
35785,100.0
35786,100.0
35787,100.0
35788,100.0
35789,100.0
35790,100.0
35791,100.0
35792,100.0
35793,100.0
35794,100.0
35795,100.0
35796,100.0
35797,100.0
35798,100.0
35799,100.0
35800,100.0
35801,100.0
35802,100.0
35803,100.0
35804,100.0
35805,100.0
35806,100.0
35807,100.0
35808,100.0
35809,100.0
35810,100.0
35811,100.0
35812,100.0
35813,100.0
35814,100.0
35815,100.0
35816,100.0
35817,100.0
35818,100.0
35819,100.0
35820,100.0
35821,100.0
35822,100.0
35823,100.0
35824,100.0
35825,100.0
35826,100.0
35827,100.0
35828,100.0
35829,100.0
35830,100.0
35831,100.0
35832,100.0
35833,100.0
35834,100.0
35835,100.0
35836,100.0
35837,100.0
35838,100.0
35839,100.0
35840,100.0
35841,100.0
35842,100.0
35843,100.0
35844,100.0
35845,100.0
35846,100.0
35847,100.0
35848,100.0
35849,100.0
35850,100.0
35851,100.0
35852,100.0
35853,100.0
35854,100.0
35855,100.0
35856,100.0
35857,100.0
35858,100.0
35859,100.0
35860,100.0
35861,100.0
35862,100.0
35863,100.0
35864,100.0
35865,100.0
35866,100.0
35867,100.0
35868,100.0
35869,100.0
35870,100.0
35871,100.0
35872,100.0
35873,100.0
35874,100.0
35875,100.0
35876,100.0
35877,100.0
35878,100.0
35879,100.0
35880,100.0
35881,100.0
35882,100.0
35883,100.0
35884,100.0
35885,100.0
35886,100.0
35887,100.0
35888,100.0
35889,100.0
35890,100.0
35891,100.0
35892,100.0
35893,100.0
35894,100.0
35895,100.0
35896,100.0
35897,100.0
35898,100.0
35899,100.0
35900,100.0
35901,100.0
35902,100.0
35903,100.0
35904,100.0
35905,100.0
35906,100.0
35907,100.0
35908,100.0
35909,100.0
35910,100.0
35911,100.0
35912,100.0
35913,100.0
35914,100.0
35915,100.0
35916,100.0
35917,100.0
35918,100.0
35919,100.0
35920,100.0
35921,100.0
35922,100.0
35923,100.0
35924,100.0
35925,100.0
35926,100.0
35927,100.0
35928,100.0
35929,100.0
35930,100.0
35931,100.0
35932,100.0
35933,100.0
35934,100.0
35935,100.0
35936,100.0
35937,100.0
35938,100.0
35939,100.0
35940,100.0
35941,100.0
35942,100.0
35943,100.0
35944,100.0
35945,100.0
35946,100.0
35947,100.0
35948,100.0
35949,100.0
35950,100.0
35951,100.0
35952,100.0
35953,100.0
35954,100.0
35955,100.0
35956,100.0
35957,100.0
35958,100.0
35959,100.0
35960,100.0
35961,100.0
35962,100.0
35963,100.0
35964,100.0
35965,100.0
35966,100.0
35967,100.0
35968,100.0
35969,100.0
35970,100.0
35971,100.0
35972,100.0
35973,100.0
35974,100.0
35975,100.0
35976,100.0
35977,100.0
35978,100.0
35979,100.0
35980,100.0
35981,100.0
35982,100.0
35983,100.0
35984,100.0
35985,100.0
35986,100.0
35987,100.0
35988,100.0
35989,100.0
35990,100.0
35991,100.0
35992,100.0
35993,100.0
35994,100.0
35995,100.0
35996,100.0
35997,100.0
35998,100.0
35999,100.0
36000,100.0
36001,100.0
36002,100.0
36003,100.0
36004,100.0
36005,100.0
36006,100.0
36007,100.0
36008,100.0
36009,100.0
36010,100.0
36011,100.0
36012,100.0
36013,100.0
36014,100.0
36015,100.0
36016,100.0
36017,100.0
36018,100.0
36019,100.0
36020,100.0
36021,100.0
36022,100.0
36023,100.0
36024,100.0
36025,100.0
36026,100.0
36027,100.0
36028,100.0
36029,100.0
36030,100.0
36031,100.0
36032,100.0
36033,100.0
36034,100.0
36035,100.0
36036,100.0
36037,100.0
36038,100.0
36039,100.0
36040,100.0
36041,100.0
36042,100.0
36043,100.0
36044,100.0
36045,100.0
36046,100.0
36047,100.0
36048,100.0
36049,100.0
36050,100.0
36051,100.0
36052,100.0
36053,100.0
36054,100.0
36055,100.0
36056,100.0
36057,100.0
36058,100.0
36059,100.0
36060,100.0
36061,100.0
36062,100.0
36063,100.0
36064,100.0
36065,100.0
36066,100.0
36067,100.0
36068,100.0
36069,100.0
36070,100.0
36071,100.0
36072,100.0
36073,100.0
36074,100.0
36075,100.0
36076,100.0
36077,100.0
36078,100.0
36079,100.0
36080,100.0
36081,100.0
36082,100.0
36083,100.0
36084,100.0
36085,100.0
36086,100.0
36087,100.0
36088,100.0
36089,100.0
36090,100.0
36091,100.0
36092,100.0
36093,100.0
36094,100.0
36095,100.0
36096,100.0
36097,100.0
36098,100.0
36099,100.0
36100,100.0
36101,100.0
36102,100.0
36103,100.0
36104,100.0
36105,100.0
36106,100.0
36107,100.0
36108,100.0
36109,100.0
36110,100.0
36111,100.0
36112,100.0
36113,100.0
36114,100.0
36115,100.0
36116,100.0
36117,100.0
36118,100.0
36119,100.0
36120,100.0
36121,100.0
36122,100.0
36123,100.0
36124,100.0
36125,100.0
36126,100.0
36127,100.0
36128,100.0
36129,100.0
36130,100.0
36131,100.0
36132,100.0
36133,100.0
36134,100.0
36135,100.0
36136,100.0
36137,100.0
36138,100.0
36139,100.0
36140,100.0
36141,100.0
36142,100.0
36143,100.0
36144,100.0
36145,100.0
36146,100.0
36147,100.0
36148,100.0
36149,100.0
36150,100.0
36151,100.0
36152,100.0
36153,100.0
36154,100.0
36155,100.0
36156,100.0
36157,100.0
36158,100.0
36159,100.0
36160,100.0
36161,100.0
36162,100.0
36163,100.0
36164,100.0
36165,100.0
36166,100.0
36167,100.0
36168,100.0
36169,100.0
36170,100.0
36171,100.0
36172,100.0
36173,100.0
36174,100.0
36175,100.0
36176,100.0
36177,100.0
36178,100.0
36179,100.0
36180,100.0
36181,100.0
36182,100.0
36183,100.0
36184,100.0
36185,100.0
36186,100.0
36187,100.0
36188,100.0
36189,100.0
36190,100.0
36191,100.0
36192,100.0
36193,100.0
36194,100.0
36195,100.0
36196,100.0
36197,100.0
36198,100.0
36199,100.0
36200,100.0
36201,100.0
36202,100.0
36203,100.0
36204,100.0
36205,100.0
36206,100.0
36207,100.0
36208,100.0
36209,100.0
36210,100.0
36211,100.0
36212,100.0
36213,100.0
36214,100.0
36215,100.0
36216,100.0
36217,100.0
36218,100.0
36219,100.0
36220,100.0
36221,100.0
36222,100.0
36223,100.0
36224,100.0
36225,100.0
36226,100.0
36227,100.0
36228,100.0
36229,100.0
36230,100.0
36231,100.0
36232,100.0
36233,100.0
36234,100.0
36235,100.0
36236,100.0
36237,100.0
36238,100.0
36239,100.0
36240,100.0
36241,100.0
36242,100.0
36243,100.0
36244,100.0
36245,100.0
36246,100.0
36247,100.0
36248,100.0
36249,100.0
36250,100.0
36251,100.0
36252,100.0
36253,100.0
36254,100.0
36255,100.0
36256,100.0
36257,100.0
36258,100.0
36259,100.0
36260,100.0
36261,100.0
36262,100.0
36263,100.0
36264,100.0
36265,100.0
36266,100.0
36267,100.0
36268,100.0
36269,100.0
36270,100.0
36271,100.0
36272,100.0
36273,100.0
36274,100.0
36275,100.0
36276,100.0
36277,100.0
36278,100.0
36279,100.0
36280,100.0
36281,100.0
36282,100.0
36283,100.0
36284,100.0
36285,100.0
36286,100.0
36287,100.0
36288,100.0
36289,100.0
36290,100.0
36291,100.0
36292,100.0
36293,100.0
36294,100.0
36295,100.0
36296,100.0
36297,100.0
36298,100.0
36299,100.0
36300,100.0
36301,100.0
36302,100.0
36303,100.0
36304,100.0
36305,100.0
36306,100.0
36307,100.0
36308,100.0
36309,100.0
36310,100.0
36311,100.0
36312,100.0
36313,100.0
36314,100.0
36315,100.0
36316,100.0
36317,100.0
36318,100.0
36319,100.0
36320,100.0
36321,100.0
36322,100.0
36323,100.0
36324,100.0
36325,100.0
36326,100.0
36327,100.0
36328,100.0
36329,100.0
36330,100.0
36331,100.0
36332,100.0
36333,100.0
36334,100.0
36335,100.0
36336,100.0
36337,100.0
36338,100.0
36339,100.0
36340,100.0
36341,100.0
36342,100.0
36343,100.0
36344,100.0
36345,100.0
36346,100.0
36347,100.0
36348,100.0
36349,100.0
36350,100.0
36351,100.0
36352,100.0
36353,100.0
36354,100.0
36355,100.0
36356,100.0
36357,100.0
36358,100.0
36359,100.0
36360,100.0
36361,100.0
36362,100.0
36363,100.0
36364,100.0
36365,100.0
36366,100.0
36367,100.0
36368,100.0
36369,100.0
36370,100.0
36371,100.0
36372,100.0
36373,100.0
36374,100.0
36375,100.0
36376,100.0
36377,100.0
36378,100.0
36379,100.0
36380,100.0
36381,100.0
36382,100.0
36383,100.0
36384,100.0
36385,100.0
36386,100.0
36387,100.0
36388,100.0
36389,100.0
36390,100.0
36391,100.0
36392,100.0
36393,100.0
36394,100.0
36395,100.0
36396,100.0
36397,100.0
36398,100.0
36399,100.0
36400,100.0
36401,100.0
36402,100.0
36403,100.0
36404,100.0
36405,100.0
36406,100.0
36407,100.0
36408,100.0
36409,100.0
36410,100.0
36411,100.0
36412,100.0
36413,100.0
36414,100.0
36415,100.0
36416,100.0
36417,100.0
36418,100.0
36419,100.0
36420,100.0
36421,100.0
36422,100.0
36423,100.0
36424,100.0
36425,100.0
36426,100.0
36427,100.0
36428,100.0
36429,100.0
36430,100.0
36431,100.0
36432,100.0
36433,100.0
36434,100.0
36435,100.0
36436,100.0
36437,100.0
36438,100.0
36439,100.0
36440,100.0
36441,100.0
36442,100.0
36443,100.0
36444,100.0
36445,100.0
36446,100.0
36447,100.0
36448,100.0
36449,100.0
36450,100.0
36451,100.0
36452,100.0
36453,100.0
36454,100.0
36455,100.0
36456,100.0
36457,100.0
36458,100.0
36459,100.0
36460,100.0
36461,100.0
36462,100.0
36463,100.0
36464,100.0
36465,100.0
36466,100.0
36467,100.0
36468,100.0
36469,100.0
36470,100.0
36471,100.0
36472,100.0
36473,100.0
36474,100.0
36475,100.0
36476,100.0
36477,100.0
36478,100.0
36479,100.0
36480,100.0
36481,100.0
36482,100.0
36483,100.0
36484,100.0
36485,100.0
36486,100.0
36487,100.0
36488,100.0
36489,100.0
36490,100.0
36491,100.0
36492,100.0
36493,100.0
36494,100.0
36495,100.0
36496,100.0
36497,100.0
36498,100.0
36499,100.0
36500,100.0
36501,100.0
36502,100.0
36503,100.0
36504,100.0
36505,100.0
36506,100.0
36507,100.0
36508,100.0
36509,100.0
36510,100.0
36511,100.0
36512,100.0
36513,100.0
36514,100.0
36515,100.0
36516,100.0
36517,100.0
36518,100.0
36519,100.0
36520,100.0
36521,100.0
36522,100.0
36523,100.0
36524,100.0
36525,100.0
36526,100.0
36527,100.0
36528,100.0
36529,100.0
36530,100.0
36531,100.0
36532,100.0
36533,100.0
36534,100.0
36535,100.0
36536,100.0
36537,100.0
36538,100.0
36539,100.0
36540,100.0
36541,100.0
36542,100.0
36543,100.0
36544,100.0
36545,100.0
36546,100.0
36547,100.0
36548,100.0
36549,100.0
36550,100.0
36551,100.0
36552,100.0
36553,100.0
36554,100.0
36555,100.0
36556,100.0
36557,100.0
36558,100.0
36559,100.0
36560,100.0
36561,100.0
36562,100.0
36563,100.0
36564,100.0
36565,100.0
36566,100.0
36567,100.0
36568,100.0
36569,100.0
36570,100.0
36571,100.0
36572,100.0
36573,100.0
36574,100.0
36575,100.0
36576,100.0
36577,100.0
36578,100.0
36579,100.0
36580,100.0
36581,100.0
36582,100.0
36583,100.0
36584,100.0
36585,100.0
36586,100.0
36587,100.0
36588,100.0
36589,100.0
36590,100.0
36591,100.0
36592,100.0
36593,100.0
36594,100.0
36595,100.0
36596,100.0
36597,100.0
36598,100.0
36599,100.0
36600,100.0
36601,100.0
36602,100.0
36603,100.0
36604,100.0
36605,100.0
36606,100.0
36607,100.0
36608,100.0
36609,100.0
36610,100.0
36611,100.0
36612,100.0
36613,100.0
36614,100.0
36615,100.0
36616,100.0
36617,100.0
36618,100.0
36619,100.0
36620,100.0
36621,100.0
36622,100.0
36623,100.0
36624,100.0
36625,100.0
36626,100.0
36627,100.0
36628,100.0
36629,100.0
36630,100.0
36631,100.0
36632,100.0
36633,100.0
36634,100.0
36635,100.0
36636,100.0
36637,100.0
36638,100.0
36639,100.0
36640,100.0
36641,100.0
36642,100.0
36643,100.0
36644,100.0
36645,100.0
36646,100.0
36647,100.0
36648,100.0
36649,100.0
36650,100.0
36651,100.0
36652,100.0
36653,100.0
36654,100.0
36655,100.0
36656,100.0
36657,100.0
36658,100.0
36659,100.0
36660,100.0
36661,100.0
36662,100.0
36663,100.0
36664,100.0
36665,100.0
36666,100.0
36667,100.0
36668,100.0
36669,100.0
36670,100.0
36671,100.0
36672,100.0
36673,100.0
36674,100.0
36675,100.0
36676,100.0
36677,100.0
36678,100.0
36679,100.0
36680,100.0
36681,100.0
36682,100.0
36683,100.0
36684,100.0
36685,100.0
36686,100.0
36687,100.0
36688,100.0
36689,100.0
36690,100.0
36691,100.0
36692,100.0
36693,100.0
36694,100.0
36695,100.0
36696,100.0
36697,100.0
36698,100.0
36699,100.0
36700,100.0
36701,100.0
36702,100.0
36703,100.0
36704,100.0
36705,100.0
36706,100.0
36707,100.0
36708,100.0
36709,100.0
36710,100.0
36711,100.0
36712,100.0
36713,100.0
36714,100.0
36715,100.0
36716,100.0
36717,100.0
36718,100.0
36719,100.0
36720,100.0
36721,100.0
36722,100.0
36723,100.0
36724,100.0
36725,100.0
36726,100.0
36727,100.0
36728,100.0
36729,100.0
36730,100.0
36731,100.0
36732,100.0
36733,100.0
36734,100.0
36735,100.0
36736,100.0
36737,100.0
36738,100.0
36739,100.0
36740,100.0
36741,100.0
36742,100.0
36743,100.0
36744,100.0
36745,100.0
36746,100.0
36747,100.0
36748,100.0
36749,100.0
36750,100.0
36751,100.0
36752,100.0
36753,100.0
36754,100.0
36755,100.0
36756,100.0
36757,100.0
36758,100.0
36759,100.0
36760,100.0
36761,100.0
36762,100.0
36763,100.0
36764,100.0
36765,100.0
36766,100.0
36767,100.0
36768,100.0
36769,100.0
36770,100.0
36771,100.0
36772,100.0
36773,100.0
36774,100.0
36775,100.0
36776,100.0
36777,100.0
36778,100.0
36779,100.0
36780,100.0
36781,100.0
36782,100.0
36783,100.0
36784,100.0
36785,100.0
36786,100.0
36787,100.0
36788,100.0
36789,100.0
36790,100.0
36791,100.0
36792,100.0
36793,100.0
36794,100.0
36795,100.0
36796,100.0
36797,100.0
36798,100.0
36799,100.0
36800,100.0
36801,100.0
36802,100.0
36803,100.0
36804,100.0
36805,100.0
36806,100.0
36807,100.0
36808,100.0
36809,100.0
36810,100.0
36811,100.0
36812,100.0
36813,100.0
36814,100.0
36815,100.0
36816,100.0
36817,100.0
36818,100.0
36819,100.0
36820,100.0
36821,100.0
36822,100.0
36823,100.0
36824,100.0
36825,100.0
36826,100.0
36827,100.0
36828,100.0
36829,100.0
36830,100.0
36831,100.0
36832,100.0
36833,100.0
36834,100.0
36835,100.0
36836,100.0
36837,100.0
36838,100.0
36839,100.0
36840,100.0
36841,100.0
36842,100.0
36843,100.0
36844,100.0
36845,100.0
36846,100.0
36847,100.0
36848,100.0
36849,100.0
36850,100.0
36851,100.0
36852,100.0
36853,100.0
36854,100.0
36855,100.0
36856,100.0
36857,100.0
36858,100.0
36859,100.0
36860,100.0
36861,100.0
36862,100.0
36863,100.0
36864,100.0
36865,100.0
36866,100.0
36867,100.0
36868,100.0
36869,100.0
36870,100.0
36871,100.0
36872,100.0
36873,100.0
36874,100.0
36875,100.0
36876,100.0
36877,100.0
36878,100.0
36879,100.0
36880,100.0
36881,100.0
36882,100.0
36883,100.0
36884,100.0
36885,100.0
36886,100.0
36887,100.0
36888,100.0
36889,100.0
36890,100.0
36891,100.0
36892,100.0
36893,100.0
36894,100.0
36895,100.0
36896,100.0
36897,100.0
36898,100.0
36899,100.0
36900,100.0
36901,100.0
36902,100.0
36903,100.0
36904,100.0
36905,100.0
36906,100.0
36907,100.0
36908,100.0
36909,100.0
36910,100.0
36911,100.0
36912,100.0
36913,100.0
36914,100.0
36915,100.0
36916,100.0
36917,100.0
36918,100.0
36919,100.0
36920,100.0
36921,100.0
36922,100.0
36923,100.0
36924,100.0
36925,100.0
36926,100.0
36927,100.0
36928,100.0
36929,100.0
36930,100.0
36931,100.0
36932,100.0
36933,100.0
36934,100.0
36935,100.0
36936,100.0
36937,100.0
36938,100.0
36939,100.0
36940,100.0
36941,100.0
36942,100.0
36943,100.0
36944,100.0
36945,100.0
36946,100.0
36947,100.0
36948,100.0
36949,100.0
36950,100.0
36951,100.0
36952,100.0
36953,100.0
36954,100.0
36955,100.0
36956,100.0
36957,100.0
36958,100.0
36959,100.0
36960,100.0
36961,100.0
36962,100.0
36963,100.0
36964,100.0
36965,100.0
36966,100.0
36967,100.0
36968,100.0
36969,100.0
36970,100.0
36971,100.0
36972,100.0
36973,100.0
36974,100.0
36975,100.0
36976,100.0
36977,100.0
36978,100.0
36979,100.0
36980,100.0
36981,100.0
36982,100.0
36983,100.0
36984,100.0
36985,100.0
36986,100.0
36987,100.0
36988,100.0
36989,100.0
36990,100.0
36991,100.0
36992,100.0
36993,100.0
36994,100.0
36995,100.0
36996,100.0
36997,100.0
36998,100.0
36999,100.0
37000,100.0
37001,100.0
37002,100.0
37003,100.0
37004,100.0
37005,100.0
37006,100.0
37007,100.0
37008,100.0
37009,100.0
37010,100.0
37011,100.0
37012,100.0
37013,100.0
37014,100.0
37015,100.0
37016,100.0
37017,100.0
37018,100.0
37019,100.0
37020,100.0
37021,100.0
37022,100.0
37023,100.0
37024,100.0
37025,100.0
37026,100.0
37027,100.0
37028,100.0
37029,100.0
37030,100.0
37031,100.0
37032,100.0
37033,100.0
37034,100.0
37035,100.0
37036,100.0
37037,100.0
37038,100.0
37039,100.0
37040,100.0
37041,100.0
37042,100.0
37043,100.0
37044,100.0
37045,100.0
37046,100.0
37047,100.0
37048,100.0
37049,100.0
37050,100.0
37051,100.0
37052,100.0
37053,100.0
37054,100.0
37055,100.0
37056,100.0
37057,100.0
37058,100.0
37059,100.0
37060,100.0
37061,100.0
37062,100.0
37063,100.0
37064,100.0
37065,100.0
37066,100.0
37067,100.0
37068,100.0
37069,100.0
37070,100.0
37071,100.0
37072,100.0
37073,100.0
37074,100.0
37075,100.0
37076,100.0
37077,100.0
37078,100.0
37079,100.0
37080,100.0
37081,100.0
37082,100.0
37083,100.0
37084,100.0
37085,100.0
37086,100.0
37087,100.0
37088,100.0
37089,100.0
37090,100.0
37091,100.0
37092,100.0
37093,100.0
37094,100.0
37095,100.0
37096,100.0
37097,100.0
37098,100.0
37099,100.0
37100,100.0
37101,100.0
37102,100.0
37103,100.0
37104,100.0
37105,100.0
37106,100.0
37107,100.0
37108,100.0
37109,100.0
37110,100.0
37111,100.0
37112,100.0
37113,100.0
37114,100.0
37115,100.0
37116,100.0
37117,100.0
37118,100.0
37119,100.0
37120,100.0
37121,100.0
37122,100.0
37123,100.0
37124,100.0
37125,100.0
37126,100.0
37127,100.0
37128,100.0
37129,100.0
37130,100.0
37131,100.0
37132,100.0
37133,100.0
37134,100.0
37135,100.0
37136,100.0
37137,100.0
37138,100.0
37139,100.0
37140,100.0
37141,100.0
37142,100.0
37143,100.0
37144,100.0
37145,100.0
37146,100.0
37147,100.0
37148,100.0
37149,100.0
37150,100.0
37151,100.0
37152,100.0
37153,100.0
37154,100.0
37155,100.0
37156,100.0
37157,100.0
37158,100.0
37159,100.0
37160,100.0
37161,100.0
37162,100.0
37163,100.0
37164,100.0
37165,100.0
37166,100.0
37167,100.0
37168,100.0
37169,100.0
37170,100.0
37171,100.0
37172,100.0
37173,100.0
37174,100.0
37175,100.0
37176,100.0
37177,100.0
37178,100.0
37179,100.0
37180,100.0
37181,100.0
37182,100.0
37183,100.0
37184,100.0
37185,100.0
37186,100.0
37187,100.0
37188,100.0
37189,100.0
37190,100.0
37191,100.0
37192,100.0
37193,100.0
37194,100.0
37195,100.0
37196,100.0
37197,100.0
37198,100.0
37199,100.0
37200,100.0
37201,100.0
37202,100.0
37203,100.0
37204,100.0
37205,100.0
37206,100.0
37207,100.0
37208,100.0
37209,100.0
37210,100.0
37211,100.0
37212,100.0
37213,100.0
37214,100.0
37215,100.0
37216,100.0
37217,100.0
37218,100.0
37219,100.0
37220,100.0
37221,100.0
37222,100.0
37223,100.0
37224,100.0
37225,100.0
37226,100.0
37227,100.0
37228,100.0
37229,100.0
37230,100.0
37231,100.0
37232,100.0
37233,100.0
37234,100.0
37235,100.0
37236,100.0
37237,100.0
37238,100.0
37239,100.0
37240,100.0
37241,100.0
37242,100.0
37243,100.0
37244,100.0
37245,100.0
37246,100.0
37247,100.0
37248,100.0
37249,100.0
37250,100.0
37251,100.0
37252,100.0
37253,100.0
37254,100.0
37255,100.0
37256,100.0
37257,100.0
37258,100.0
37259,100.0
37260,100.0
37261,100.0
37262,100.0
37263,100.0
37264,100.0
37265,100.0
37266,100.0
37267,100.0
37268,100.0
37269,100.0
37270,100.0
37271,100.0
37272,100.0
37273,100.0
37274,100.0
37275,100.0
37276,100.0
37277,100.0
37278,100.0
37279,100.0
37280,100.0
37281,100.0
37282,100.0
37283,100.0
37284,100.0
37285,100.0
37286,100.0
37287,100.0
37288,100.0
37289,100.0
37290,100.0
37291,100.0
37292,100.0
37293,100.0
37294,100.0
37295,100.0
37296,100.0
37297,100.0
37298,100.0
37299,100.0
37300,100.0
37301,100.0
37302,100.0
37303,100.0
37304,100.0
37305,100.0
37306,100.0
37307,100.0
37308,100.0
37309,100.0
37310,100.0
37311,100.0
37312,100.0
37313,100.0
37314,100.0
37315,100.0
37316,100.0
37317,100.0
37318,100.0
37319,100.0
37320,100.0
37321,100.0
37322,100.0
37323,100.0
37324,100.0
37325,100.0
37326,100.0
37327,100.0
37328,100.0
37329,100.0
37330,100.0
37331,100.0
37332,100.0
37333,100.0
37334,100.0
37335,100.0
37336,100.0
37337,100.0
37338,100.0
37339,100.0
37340,100.0
37341,100.0
37342,100.0
37343,100.0
37344,100.0
37345,100.0
37346,100.0
37347,100.0
37348,100.0
37349,100.0
37350,100.0
37351,100.0
37352,100.0
37353,100.0
37354,100.0
37355,100.0
37356,100.0
37357,100.0
37358,100.0
37359,100.0
37360,100.0
37361,100.0
37362,100.0
37363,100.0
37364,100.0
37365,100.0
37366,100.0
37367,100.0
37368,100.0
37369,100.0
37370,100.0
37371,100.0
37372,100.0
37373,100.0
37374,100.0
37375,100.0
37376,100.0
37377,100.0
37378,100.0
37379,100.0
37380,100.0
37381,100.0
37382,100.0
37383,100.0
37384,100.0
37385,100.0
37386,100.0
37387,100.0
37388,100.0
37389,100.0
37390,100.0
37391,100.0
37392,100.0
37393,100.0
37394,100.0
37395,100.0
37396,100.0
37397,100.0
37398,100.0
37399,100.0
37400,100.0
37401,100.0
37402,100.0
37403,100.0
37404,100.0
37405,100.0
37406,100.0
37407,100.0
37408,100.0
37409,100.0
37410,100.0
37411,100.0
37412,100.0
37413,100.0
37414,100.0
37415,100.0
37416,100.0
37417,100.0
37418,100.0
37419,100.0
37420,100.0
37421,100.0
37422,100.0
37423,100.0
37424,100.0
37425,100.0
37426,100.0
37427,100.0
37428,100.0
37429,100.0
37430,100.0
37431,100.0
37432,100.0
37433,100.0
37434,100.0
37435,100.0
37436,100.0
37437,100.0
37438,100.0
37439,100.0
37440,100.0
37441,100.0
37442,100.0
37443,100.0
37444,100.0
37445,100.0
37446,100.0
37447,100.0
37448,100.0
37449,100.0
37450,100.0
37451,100.0
37452,100.0
37453,100.0
37454,100.0
37455,100.0
37456,100.0
37457,100.0
37458,100.0
37459,100.0
37460,100.0
37461,100.0
37462,100.0
37463,100.0
37464,100.0
37465,100.0
37466,100.0
37467,100.0
37468,100.0
37469,100.0
37470,100.0
37471,100.0
37472,100.0
37473,100.0
37474,100.0
37475,100.0
37476,100.0
37477,100.0
37478,100.0
37479,100.0
37480,100.0
37481,100.0
37482,100.0
37483,100.0
37484,100.0
37485,100.0
37486,100.0
37487,100.0
37488,100.0
37489,100.0
37490,100.0
37491,100.0
37492,100.0
37493,100.0
37494,100.0
37495,100.0
37496,100.0
37497,100.0
37498,100.0
37499,100.0
37500,100.0
37501,100.0
37502,100.0
37503,100.0
37504,100.0
37505,100.0
37506,100.0
37507,100.0
37508,100.0
37509,100.0
37510,100.0
37511,100.0
37512,100.0
37513,100.0
37514,100.0
37515,100.0
37516,100.0
37517,100.0
37518,100.0
37519,100.0
37520,100.0
37521,100.0
37522,100.0
37523,100.0
37524,100.0
37525,100.0
37526,100.0
37527,100.0
37528,100.0
37529,100.0
37530,100.0
37531,100.0
37532,100.0
37533,100.0
37534,100.0
37535,100.0
37536,100.0
37537,100.0
37538,100.0
37539,100.0
37540,100.0
37541,100.0
37542,100.0
37543,100.0
37544,100.0
37545,100.0
37546,100.0
37547,100.0
37548,100.0
37549,100.0
37550,100.0
37551,100.0
37552,100.0
37553,100.0
37554,100.0
37555,100.0
37556,100.0
37557,100.0
37558,100.0
37559,100.0
37560,100.0
37561,100.0
37562,100.0
37563,100.0
37564,100.0
37565,100.0
37566,100.0
37567,100.0
37568,100.0
37569,100.0
37570,100.0
37571,100.0
37572,100.0
37573,100.0
37574,100.0
37575,100.0
37576,100.0
37577,100.0
37578,100.0
37579,100.0
37580,100.0
37581,100.0
37582,100.0
37583,100.0
37584,100.0
37585,100.0
37586,100.0
37587,100.0
37588,100.0
37589,100.0
37590,100.0
37591,100.0
37592,100.0
37593,100.0
37594,100.0
37595,100.0
37596,100.0
37597,100.0
37598,100.0
37599,100.0
37600,100.0
37601,100.0
37602,100.0
37603,100.0
37604,100.0
37605,100.0
37606,100.0
37607,100.0
37608,100.0
37609,100.0
37610,100.0
37611,100.0
37612,100.0
37613,100.0
37614,100.0
37615,100.0
37616,100.0
37617,100.0
37618,100.0
37619,100.0
37620,100.0
37621,100.0
37622,100.0
37623,100.0
37624,100.0
37625,100.0
37626,100.0
37627,100.0
37628,100.0
37629,100.0
37630,100.0
37631,100.0
37632,100.0
37633,100.0
37634,100.0
37635,100.0
37636,100.0
37637,100.0
37638,100.0
37639,100.0
37640,100.0
37641,100.0
37642,100.0
37643,100.0
37644,100.0
37645,100.0
37646,100.0
37647,100.0
37648,100.0
37649,100.0
37650,100.0
37651,100.0
37652,100.0
37653,100.0
37654,100.0
37655,100.0
37656,100.0
37657,100.0
37658,100.0
37659,100.0
37660,100.0
37661,100.0
37662,100.0
37663,100.0
37664,100.0
37665,100.0
37666,100.0
37667,100.0
37668,100.0
37669,100.0
37670,100.0
37671,100.0
37672,100.0
37673,100.0
37674,100.0
37675,100.0
37676,100.0
37677,100.0
37678,100.0
37679,100.0
37680,100.0
37681,100.0
37682,100.0
37683,100.0
37684,100.0
37685,100.0
37686,100.0
37687,100.0
37688,100.0
37689,100.0
37690,100.0
37691,100.0
37692,100.0
37693,100.0
37694,100.0
37695,100.0
37696,100.0
37697,100.0
37698,100.0
37699,100.0
37700,100.0
37701,100.0
37702,100.0
37703,100.0
37704,100.0
37705,100.0
37706,100.0
37707,100.0
37708,100.0
37709,100.0
37710,100.0
37711,100.0
37712,100.0
37713,100.0
37714,100.0
37715,100.0
37716,100.0
37717,100.0
37718,100.0
37719,100.0
37720,100.0
37721,100.0
37722,100.0
37723,100.0
37724,100.0
37725,100.0
37726,100.0
37727,100.0
37728,100.0
37729,100.0
37730,100.0
37731,100.0
37732,100.0
37733,100.0
37734,100.0
37735,100.0
37736,100.0
37737,100.0
37738,100.0
37739,100.0
37740,100.0
37741,100.0
37742,100.0
37743,100.0
37744,100.0
37745,100.0
37746,100.0
37747,100.0
37748,100.0
37749,100.0
37750,100.0
37751,100.0
37752,100.0
37753,100.0
37754,100.0
37755,100.0
37756,100.0
37757,100.0
37758,100.0
37759,100.0
37760,100.0
37761,100.0
37762,100.0
37763,100.0
37764,100.0
37765,100.0
37766,100.0
37767,100.0
37768,100.0
37769,100.0
37770,100.0
37771,100.0
37772,100.0
37773,100.0
37774,100.0
37775,100.0
37776,100.0
37777,100.0
37778,100.0
37779,100.0
37780,100.0
37781,100.0
37782,100.0
37783,100.0
37784,100.0
37785,100.0
37786,100.0
37787,100.0
37788,100.0
37789,100.0
37790,100.0
37791,100.0
37792,100.0
37793,100.0
37794,100.0
37795,100.0
37796,100.0
37797,100.0
37798,100.0
37799,100.0
37800,100.0
37801,100.0
37802,100.0
37803,100.0
37804,100.0
37805,100.0
37806,100.0
37807,100.0
37808,100.0
37809,100.0
37810,100.0
37811,100.0
37812,100.0
37813,100.0
37814,100.0
37815,100.0
37816,100.0
37817,100.0
37818,100.0
37819,100.0
37820,100.0
37821,100.0
37822,100.0
37823,100.0
37824,100.0
37825,100.0
37826,100.0
37827,100.0
37828,100.0
37829,100.0
37830,100.0
37831,100.0
37832,100.0
37833,100.0
37834,100.0
37835,100.0
37836,100.0
37837,100.0
37838,100.0
37839,100.0
37840,100.0
37841,100.0
37842,100.0
37843,100.0
37844,100.0
37845,100.0
37846,100.0
37847,100.0
37848,100.0
37849,100.0
37850,100.0
37851,100.0
37852,100.0
37853,100.0
37854,100.0
37855,100.0
37856,100.0
37857,100.0
37858,100.0
37859,100.0
37860,100.0
37861,100.0
37862,100.0
37863,100.0
37864,100.0
37865,100.0
37866,100.0
37867,100.0
37868,100.0
37869,100.0
37870,100.0
37871,100.0
37872,100.0
37873,100.0
37874,100.0
37875,100.0
37876,100.0
37877,100.0
37878,100.0
37879,100.0
37880,100.0
37881,100.0
37882,100.0
37883,100.0
37884,100.0
37885,100.0
37886,100.0
37887,100.0
37888,100.0
37889,100.0
37890,100.0
37891,100.0
37892,100.0
37893,100.0
37894,100.0
37895,100.0
37896,100.0
37897,100.0
37898,100.0
37899,100.0
37900,100.0
37901,100.0
37902,100.0
37903,100.0
37904,100.0
37905,100.0
37906,100.0
37907,100.0
37908,100.0
37909,100.0
37910,100.0
37911,100.0
37912,100.0
37913,100.0
37914,100.0
37915,100.0
37916,100.0
37917,100.0
37918,100.0
37919,100.0
37920,100.0
37921,100.0
37922,100.0
37923,100.0
37924,100.0
37925,100.0
37926,100.0
37927,100.0
37928,100.0
37929,100.0
37930,100.0
37931,100.0
37932,100.0
37933,100.0
37934,100.0
37935,100.0
37936,100.0
37937,100.0
37938,100.0
37939,100.0
37940,100.0
37941,100.0
37942,100.0
37943,100.0
37944,100.0
37945,100.0
37946,100.0
37947,100.0
37948,100.0
37949,100.0
37950,100.0
37951,100.0
37952,100.0
37953,100.0
37954,100.0
37955,100.0
37956,100.0
37957,100.0
37958,100.0
37959,100.0
37960,100.0
37961,100.0
37962,100.0
37963,100.0
37964,100.0
37965,100.0
37966,100.0
37967,100.0
37968,100.0
37969,100.0
37970,100.0
37971,100.0
37972,100.0
37973,100.0
37974,100.0
37975,100.0
37976,100.0
37977,100.0
37978,100.0
37979,100.0
37980,100.0
37981,100.0
37982,100.0
37983,100.0
37984,100.0
37985,100.0
37986,100.0
37987,100.0
37988,100.0
37989,100.0
37990,100.0
37991,100.0
37992,100.0
37993,100.0
37994,100.0
37995,100.0
37996,100.0
37997,100.0
37998,100.0
37999,100.0
38000,100.0
38001,100.0
38002,100.0
38003,100.0
38004,100.0
38005,100.0
38006,100.0
38007,100.0
38008,100.0
38009,100.0
38010,100.0
38011,100.0
38012,100.0
38013,100.0
38014,100.0
38015,100.0
38016,100.0
38017,100.0
38018,100.0
38019,100.0
38020,100.0
38021,100.0
38022,100.0
38023,100.0
38024,100.0
38025,100.0
38026,100.0
38027,100.0
38028,100.0
38029,100.0
38030,100.0
38031,100.0
38032,100.0
38033,100.0
38034,100.0
38035,100.0
38036,100.0
38037,100.0
38038,100.0
38039,100.0
38040,100.0
38041,100.0
38042,100.0
38043,100.0
38044,100.0
38045,100.0
38046,100.0
38047,100.0
38048,100.0
38049,100.0
38050,100.0
38051,100.0
38052,100.0
38053,100.0
38054,100.0
38055,100.0
38056,100.0
38057,100.0
38058,100.0
38059,100.0
38060,100.0
38061,100.0
38062,100.0
38063,100.0
38064,100.0
38065,100.0
38066,100.0
38067,100.0
38068,100.0
38069,100.0
38070,100.0
38071,100.0
38072,100.0
38073,100.0
38074,100.0
38075,100.0
38076,100.0
38077,100.0
38078,100.0
38079,100.0
38080,100.0
38081,100.0
38082,100.0
38083,100.0
38084,100.0
38085,100.0
38086,100.0
38087,100.0
38088,100.0
38089,100.0
38090,100.0
38091,100.0
38092,100.0
38093,100.0
38094,100.0
38095,100.0
38096,100.0
38097,100.0
38098,100.0
38099,100.0
38100,100.0
38101,100.0
38102,100.0
38103,100.0
38104,100.0
38105,100.0
38106,100.0
38107,100.0
38108,100.0
38109,100.0
38110,100.0
38111,100.0
38112,100.0
38113,100.0
38114,100.0
38115,100.0
38116,100.0
38117,100.0
38118,100.0
38119,100.0
38120,100.0
38121,100.0
38122,100.0
38123,100.0
38124,100.0
38125,100.0
38126,100.0
38127,100.0
38128,100.0
38129,100.0
38130,100.0
38131,100.0
38132,100.0
38133,100.0
38134,100.0
38135,100.0
38136,100.0
38137,100.0
38138,100.0
38139,100.0
38140,100.0
38141,100.0
38142,100.0
38143,100.0
38144,100.0
38145,100.0
38146,100.0
38147,100.0
38148,100.0
38149,100.0
38150,100.0
38151,100.0
38152,100.0
38153,100.0
38154,100.0
38155,100.0
38156,100.0
38157,100.0
38158,100.0
38159,100.0
38160,100.0
38161,100.0
38162,100.0
38163,100.0
38164,100.0
38165,100.0
38166,100.0
38167,100.0
38168,100.0
38169,100.0
38170,100.0
38171,100.0
38172,100.0
38173,100.0
38174,100.0
38175,100.0
38176,100.0
38177,100.0
38178,100.0
38179,100.0
38180,100.0
38181,100.0
38182,100.0
38183,100.0
38184,100.0
38185,100.0
38186,100.0
38187,100.0
38188,100.0
38189,100.0
38190,100.0
38191,100.0
38192,100.0
38193,100.0
38194,100.0
38195,100.0
38196,100.0
38197,100.0
38198,100.0
38199,100.0
38200,100.0
38201,100.0
38202,100.0
38203,100.0
38204,100.0
38205,100.0
38206,100.0
38207,100.0
38208,100.0
38209,100.0
38210,100.0
38211,100.0
38212,100.0
38213,100.0
38214,100.0
38215,100.0
38216,100.0
38217,100.0
38218,100.0
38219,100.0
38220,100.0
38221,100.0
38222,100.0
38223,100.0
38224,100.0
38225,100.0
38226,100.0
38227,100.0
38228,100.0
38229,100.0
38230,100.0
38231,100.0
38232,100.0
38233,100.0
38234,100.0
38235,100.0
38236,100.0
38237,100.0
38238,100.0
38239,100.0
38240,100.0
38241,100.0
38242,100.0
38243,100.0
38244,100.0
38245,100.0
38246,100.0
38247,100.0
38248,100.0
38249,100.0
38250,100.0
38251,100.0
38252,100.0
38253,100.0
38254,100.0
38255,100.0
38256,100.0
38257,100.0
38258,100.0
38259,100.0
38260,100.0
38261,100.0
38262,100.0
38263,100.0
38264,100.0
38265,100.0
38266,100.0
38267,100.0
38268,100.0
38269,100.0
38270,100.0
38271,100.0
38272,100.0
38273,100.0
38274,100.0
38275,100.0
38276,100.0
38277,100.0
38278,100.0
38279,100.0
38280,100.0
38281,100.0
38282,100.0
38283,100.0
38284,100.0
38285,100.0
38286,100.0
38287,100.0
38288,100.0
38289,100.0
38290,100.0
38291,100.0
38292,100.0
38293,100.0
38294,100.0
38295,100.0
38296,100.0
38297,100.0
38298,100.0
38299,100.0
38300,100.0
38301,100.0
38302,100.0
38303,100.0
38304,100.0
38305,100.0
38306,100.0
38307,100.0
38308,100.0
38309,100.0
38310,100.0
38311,100.0
38312,100.0
38313,100.0
38314,100.0
38315,100.0
38316,100.0
38317,100.0
38318,100.0
38319,100.0
38320,100.0
38321,100.0
38322,100.0
38323,100.0
38324,100.0
38325,100.0
38326,100.0
38327,100.0
38328,100.0
38329,100.0
38330,100.0
38331,100.0
38332,100.0
38333,100.0
38334,100.0
38335,100.0
38336,100.0
38337,100.0
38338,100.0
38339,100.0
38340,100.0
38341,100.0
38342,100.0
38343,100.0
38344,100.0
38345,100.0
38346,100.0
38347,100.0
38348,100.0
38349,100.0
38350,100.0
38351,100.0
38352,100.0
38353,100.0
38354,100.0
38355,100.0
38356,100.0
38357,100.0
38358,100.0
38359,100.0
38360,100.0
38361,100.0
38362,100.0
38363,100.0
38364,100.0
38365,100.0
38366,100.0
38367,100.0
38368,100.0
38369,100.0
38370,100.0
38371,100.0
38372,100.0
38373,100.0
38374,100.0
38375,100.0
38376,100.0
38377,100.0
38378,100.0
38379,100.0
38380,100.0
38381,100.0
38382,100.0
38383,100.0
38384,100.0
38385,100.0
38386,100.0
38387,100.0
38388,100.0
38389,100.0
38390,100.0
38391,100.0
38392,100.0
38393,100.0
38394,100.0
38395,100.0
38396,100.0
38397,100.0
38398,100.0
38399,100.0
38400,100.0
38401,100.0
38402,100.0
38403,100.0
38404,100.0
38405,100.0
38406,100.0
38407,100.0
38408,100.0
38409,100.0
38410,100.0
38411,100.0
38412,100.0
38413,100.0
38414,100.0
38415,100.0
38416,100.0
38417,100.0
38418,100.0
38419,100.0
38420,100.0
38421,100.0
38422,100.0
38423,100.0
38424,100.0
38425,100.0
38426,100.0
38427,100.0
38428,100.0
38429,100.0
38430,100.0
38431,100.0
38432,100.0
38433,100.0
38434,100.0
38435,100.0
38436,100.0
38437,100.0
38438,100.0
38439,100.0
38440,100.0
38441,100.0
38442,100.0
38443,100.0
38444,100.0
38445,100.0
38446,100.0
38447,100.0
38448,100.0
38449,100.0
38450,100.0
38451,100.0
38452,100.0
38453,100.0
38454,100.0
38455,100.0
38456,100.0
38457,100.0
38458,100.0
38459,100.0
38460,100.0
38461,100.0
38462,100.0
38463,100.0
38464,100.0
38465,100.0
38466,100.0
38467,100.0
38468,100.0
38469,100.0
38470,100.0
38471,100.0
38472,100.0
38473,100.0
38474,100.0
38475,100.0
38476,100.0
38477,100.0
38478,100.0
38479,100.0
38480,100.0
38481,100.0
38482,100.0
38483,100.0
38484,100.0
38485,100.0
38486,100.0
38487,100.0
38488,100.0
38489,100.0
38490,100.0
38491,100.0
38492,100.0
38493,100.0
38494,100.0
38495,100.0
38496,100.0
38497,100.0
38498,100.0
38499,100.0
38500,100.0
38501,100.0
38502,100.0
38503,100.0
38504,100.0
38505,100.0
38506,100.0
38507,100.0
38508,100.0
38509,100.0
38510,100.0
38511,100.0
38512,100.0
38513,100.0
38514,100.0
38515,100.0
38516,100.0
38517,100.0
38518,100.0
38519,100.0
38520,100.0
38521,100.0
38522,100.0
38523,100.0
38524,100.0
38525,100.0
38526,100.0
38527,100.0
38528,100.0
38529,100.0
38530,100.0
38531,100.0
38532,100.0
38533,100.0
38534,100.0
38535,100.0
38536,100.0
38537,100.0
38538,100.0
38539,100.0
38540,100.0
38541,100.0
38542,100.0
38543,100.0
38544,100.0
38545,100.0
38546,100.0
38547,100.0
38548,100.0
38549,100.0
38550,100.0
38551,100.0
38552,100.0
38553,100.0
38554,100.0
38555,100.0
38556,100.0
38557,100.0
38558,100.0
38559,100.0
38560,100.0
38561,100.0
38562,100.0
38563,100.0
38564,100.0
38565,100.0
38566,100.0
38567,100.0
38568,100.0
38569,100.0
38570,100.0
38571,100.0
38572,100.0
38573,100.0
38574,100.0
38575,100.0
38576,100.0
38577,100.0
38578,100.0
38579,100.0
38580,100.0
38581,100.0
38582,100.0
38583,100.0
38584,100.0
38585,100.0
38586,100.0
38587,100.0
38588,100.0
38589,100.0
38590,100.0
38591,100.0
38592,100.0
38593,100.0
38594,100.0
38595,100.0
38596,100.0
38597,100.0
38598,100.0
38599,100.0
38600,100.0
38601,100.0
38602,100.0
38603,100.0
38604,100.0
38605,100.0
38606,100.0
38607,100.0
38608,100.0
38609,100.0
38610,100.0
38611,100.0
38612,100.0
38613,100.0
38614,100.0
38615,100.0
38616,100.0
38617,100.0
38618,100.0
38619,100.0
38620,100.0
38621,100.0
38622,100.0
38623,100.0
38624,100.0
38625,100.0
38626,100.0
38627,100.0
38628,100.0
38629,100.0
38630,100.0
38631,100.0
38632,100.0
38633,100.0
38634,100.0
38635,100.0
38636,100.0
38637,100.0
38638,100.0
38639,100.0
38640,100.0
38641,100.0
38642,100.0
38643,100.0
38644,100.0
38645,100.0
38646,100.0
38647,100.0
38648,100.0
38649,100.0
38650,100.0
38651,100.0
38652,100.0
38653,100.0
38654,100.0
38655,100.0
38656,100.0
38657,100.0
38658,100.0
38659,100.0
38660,100.0
38661,100.0
38662,100.0
38663,100.0
38664,100.0
38665,100.0
38666,100.0
38667,100.0
38668,100.0
38669,100.0
38670,100.0
38671,100.0
38672,100.0
38673,100.0
38674,100.0
38675,100.0
38676,100.0
38677,100.0
38678,100.0
38679,100.0
38680,100.0
38681,100.0
38682,100.0
38683,100.0
38684,100.0
38685,100.0
38686,100.0
38687,100.0
38688,100.0
38689,100.0
38690,100.0
38691,100.0
38692,100.0
38693,100.0
38694,100.0
38695,100.0
38696,100.0
38697,100.0
38698,100.0
38699,100.0
38700,100.0
38701,100.0
38702,100.0
38703,100.0
38704,100.0
38705,100.0
38706,100.0
38707,100.0
38708,100.0
38709,100.0
38710,100.0
38711,100.0
38712,100.0
38713,100.0
38714,100.0
38715,100.0
38716,100.0
38717,100.0
38718,100.0
38719,100.0
38720,100.0
38721,100.0
38722,100.0
38723,100.0
38724,100.0
38725,100.0
38726,100.0
38727,100.0
38728,100.0
38729,100.0
38730,100.0
38731,100.0
38732,100.0
38733,100.0
38734,100.0
38735,100.0
38736,100.0
38737,100.0
38738,100.0
38739,100.0
38740,100.0
38741,100.0
38742,100.0
38743,100.0
38744,100.0
38745,100.0
38746,100.0
38747,100.0
38748,100.0
38749,100.0
38750,100.0
38751,100.0
38752,100.0
38753,100.0
38754,100.0
38755,100.0
38756,100.0
38757,100.0
38758,100.0
38759,100.0
38760,100.0
38761,100.0
38762,100.0
38763,100.0
38764,100.0
38765,100.0
38766,100.0
38767,100.0
38768,100.0
38769,100.0
38770,100.0
38771,100.0
38772,100.0
38773,100.0
38774,100.0
38775,100.0
38776,100.0
38777,100.0
38778,100.0
38779,100.0
38780,100.0
38781,100.0
38782,100.0
38783,100.0
38784,100.0
38785,100.0
38786,100.0
38787,100.0
38788,100.0
38789,100.0
38790,100.0
38791,100.0
38792,100.0
38793,100.0
38794,100.0
38795,100.0
38796,100.0
38797,100.0
38798,100.0
38799,100.0
38800,100.0
38801,100.0
38802,100.0
38803,100.0
38804,100.0
38805,100.0
38806,100.0
38807,100.0
38808,100.0
38809,100.0
38810,100.0
38811,100.0
38812,100.0
38813,100.0
38814,100.0
38815,100.0
38816,100.0
38817,100.0
38818,100.0
38819,100.0
38820,100.0
38821,100.0
38822,100.0
38823,100.0
38824,100.0
38825,100.0
38826,100.0
38827,100.0
38828,100.0
38829,100.0
38830,100.0
38831,100.0
38832,100.0
38833,100.0
38834,100.0
38835,100.0
38836,100.0
38837,100.0
38838,100.0
38839,100.0
38840,100.0
38841,100.0
38842,100.0
38843,100.0
38844,100.0
38845,100.0
38846,100.0
38847,100.0
38848,100.0
38849,100.0
38850,100.0
38851,100.0
38852,100.0
38853,100.0
38854,100.0
38855,100.0
38856,100.0
38857,100.0
38858,100.0
38859,100.0
38860,100.0
38861,100.0
38862,100.0
38863,100.0
38864,100.0
38865,100.0
38866,100.0
38867,100.0
38868,100.0
38869,100.0
38870,100.0
38871,100.0
38872,100.0
38873,100.0
38874,100.0
38875,100.0
38876,100.0
38877,100.0
38878,100.0
38879,100.0
38880,100.0
38881,100.0
38882,100.0
38883,100.0
38884,100.0
38885,100.0
38886,100.0
38887,100.0
38888,100.0
38889,100.0
38890,100.0
38891,100.0
38892,100.0
38893,100.0
38894,100.0
38895,100.0
38896,100.0
38897,100.0
38898,100.0
38899,100.0
38900,100.0
38901,100.0
38902,100.0
38903,100.0
38904,100.0
38905,100.0
38906,100.0
38907,100.0
38908,100.0
38909,100.0
38910,100.0
38911,100.0
38912,100.0
38913,100.0
38914,100.0
38915,100.0
38916,100.0
38917,100.0
38918,100.0
38919,100.0
38920,100.0
38921,100.0
38922,100.0
38923,100.0
38924,100.0
38925,100.0
38926,100.0
38927,100.0
38928,100.0
38929,100.0
38930,100.0
38931,100.0
38932,100.0
38933,100.0
38934,100.0
38935,100.0
38936,100.0
38937,100.0
38938,100.0
38939,100.0
38940,100.0
38941,100.0
38942,100.0
38943,100.0
38944,100.0
38945,100.0
38946,100.0
38947,100.0
38948,100.0
38949,100.0
38950,100.0
38951,100.0
38952,100.0
38953,100.0
38954,100.0
38955,100.0
38956,100.0
38957,100.0
38958,100.0
38959,100.0
38960,100.0
38961,100.0
38962,100.0
38963,100.0
38964,100.0
38965,100.0
38966,100.0
38967,100.0
38968,100.0
38969,100.0
38970,100.0
38971,100.0
38972,100.0
38973,100.0
38974,100.0
38975,100.0
38976,100.0
38977,100.0
38978,100.0
38979,100.0
38980,100.0
38981,100.0
38982,100.0
38983,100.0
38984,100.0
38985,100.0
38986,100.0
38987,100.0
38988,100.0
38989,100.0
38990,100.0
38991,100.0
38992,100.0
38993,100.0
38994,100.0
38995,100.0
38996,100.0
38997,100.0
38998,100.0
38999,100.0
39000,100.0
39001,100.0
39002,100.0
39003,100.0
39004,100.0
39005,100.0
39006,100.0
39007,100.0
39008,100.0
39009,100.0
39010,100.0
39011,100.0
39012,100.0
39013,100.0
39014,100.0
39015,100.0
39016,100.0
39017,100.0
39018,100.0
39019,100.0
39020,100.0
39021,100.0
39022,100.0
39023,100.0
39024,100.0
39025,100.0
39026,100.0
39027,100.0
39028,100.0
39029,100.0
39030,100.0
39031,100.0
39032,100.0
39033,100.0
39034,100.0
39035,100.0
39036,100.0
39037,100.0
39038,100.0
39039,100.0
39040,100.0
39041,100.0
39042,100.0
39043,100.0
39044,100.0
39045,100.0
39046,100.0
39047,100.0
39048,100.0
39049,100.0
39050,100.0
39051,100.0
39052,100.0
39053,100.0
39054,100.0
39055,100.0
39056,100.0
39057,100.0
39058,100.0
39059,100.0
39060,100.0
39061,100.0
39062,100.0
39063,100.0
39064,100.0
39065,100.0
39066,100.0
39067,100.0
39068,100.0
39069,100.0
39070,100.0
39071,100.0
39072,100.0
39073,100.0
39074,100.0
39075,100.0
39076,100.0
39077,100.0
39078,100.0
39079,100.0
39080,100.0
39081,100.0
39082,100.0
39083,100.0
39084,100.0
39085,100.0
39086,100.0
39087,100.0
39088,100.0
39089,100.0
39090,100.0
39091,100.0
39092,100.0
39093,100.0
39094,100.0
39095,100.0
39096,100.0
39097,100.0
39098,100.0
39099,100.0
39100,100.0
39101,100.0
39102,100.0
39103,100.0
39104,100.0
39105,100.0
39106,100.0
39107,100.0
39108,100.0
39109,100.0
39110,100.0
39111,100.0
39112,100.0
39113,100.0
39114,100.0
39115,100.0
39116,100.0
39117,100.0
39118,100.0
39119,100.0
39120,100.0
39121,100.0
39122,100.0
39123,100.0
39124,100.0
39125,100.0
39126,100.0
39127,100.0
39128,100.0
39129,100.0
39130,100.0
39131,100.0
39132,100.0
39133,100.0
39134,100.0
39135,100.0
39136,100.0
39137,100.0
39138,100.0
39139,100.0
39140,100.0
39141,100.0
39142,100.0
39143,100.0
39144,100.0
39145,100.0
39146,100.0
39147,100.0
39148,100.0
39149,100.0
39150,100.0
39151,100.0
39152,100.0
39153,100.0
39154,100.0
39155,100.0
39156,100.0
39157,100.0
39158,100.0
39159,100.0
39160,100.0
39161,100.0
39162,100.0
39163,100.0
39164,100.0
39165,100.0
39166,100.0
39167,100.0
39168,100.0
39169,100.0
39170,100.0
39171,100.0
39172,100.0
39173,100.0
39174,100.0
39175,100.0
39176,100.0
39177,100.0
39178,100.0
39179,100.0
39180,100.0
39181,100.0
39182,100.0
39183,100.0
39184,100.0
39185,100.0
39186,100.0
39187,100.0
39188,100.0
39189,100.0
39190,100.0
39191,100.0
39192,100.0
39193,100.0
39194,100.0
39195,100.0
39196,100.0
39197,100.0
39198,100.0
39199,100.0
39200,100.0
39201,100.0
39202,100.0
39203,100.0
39204,100.0
39205,100.0
39206,100.0
39207,100.0
39208,100.0
39209,100.0
39210,100.0
39211,100.0
39212,100.0
39213,100.0
39214,100.0
39215,100.0
39216,100.0
39217,100.0
39218,100.0
39219,100.0
39220,100.0
39221,100.0
39222,100.0
39223,100.0
39224,100.0
39225,100.0
39226,100.0
39227,100.0
39228,100.0
39229,100.0
39230,100.0
39231,100.0
39232,100.0
39233,100.0
39234,100.0
39235,100.0
39236,100.0
39237,100.0
39238,100.0
39239,100.0
39240,100.0
39241,100.0
39242,100.0
39243,100.0
39244,100.0
39245,100.0
39246,100.0
39247,100.0
39248,100.0
39249,100.0
39250,100.0
39251,100.0
39252,100.0
39253,100.0
39254,100.0
39255,100.0
39256,100.0
39257,100.0
39258,100.0
39259,100.0
39260,100.0
39261,100.0
39262,100.0
39263,100.0
39264,100.0
39265,100.0
39266,100.0
39267,100.0
39268,100.0
39269,100.0
39270,100.0
39271,100.0
39272,100.0
39273,100.0
39274,100.0
39275,100.0
39276,100.0
39277,100.0
39278,100.0
39279,100.0
39280,100.0
39281,100.0
39282,100.0
39283,100.0
39284,100.0
39285,100.0
39286,100.0
39287,100.0
39288,100.0
39289,100.0
39290,100.0
39291,100.0
39292,100.0
39293,100.0
39294,100.0
39295,100.0
39296,100.0
39297,100.0
39298,100.0
39299,100.0
39300,100.0
39301,100.0
39302,100.0
39303,100.0
39304,100.0
39305,100.0
39306,100.0
39307,100.0
39308,100.0
39309,100.0
39310,100.0
39311,100.0
39312,100.0
39313,100.0
39314,100.0
39315,100.0
39316,100.0
39317,100.0
39318,100.0
39319,100.0
39320,100.0
39321,100.0
39322,100.0
39323,100.0
39324,100.0
39325,100.0
39326,100.0
39327,100.0
39328,100.0
39329,100.0
39330,100.0
39331,100.0
39332,100.0
39333,100.0
39334,100.0
39335,100.0
39336,100.0
39337,100.0
39338,100.0
39339,100.0
39340,100.0
39341,100.0
39342,100.0
39343,100.0
39344,100.0
39345,100.0
39346,100.0
39347,100.0
39348,100.0
39349,100.0
39350,100.0
39351,100.0
39352,100.0
39353,100.0
39354,100.0
39355,100.0
39356,100.0
39357,100.0
39358,100.0
39359,100.0
39360,100.0
39361,100.0
39362,100.0
39363,100.0
39364,100.0
39365,100.0
39366,100.0
39367,100.0
39368,100.0
39369,100.0
39370,100.0
39371,100.0
39372,100.0
39373,100.0
39374,100.0
39375,100.0
39376,100.0
39377,100.0
39378,100.0
39379,100.0
39380,100.0
39381,100.0
39382,100.0
39383,100.0
39384,100.0
39385,100.0
39386,100.0
39387,100.0
39388,100.0
39389,100.0
39390,100.0
39391,100.0
39392,100.0
39393,100.0
39394,100.0
39395,100.0
39396,100.0
39397,100.0
39398,100.0
39399,100.0
39400,100.0
39401,100.0
39402,100.0
39403,100.0
39404,100.0
39405,100.0
39406,100.0
39407,100.0
39408,100.0
39409,100.0
39410,100.0
39411,100.0
39412,100.0
39413,100.0
39414,100.0
39415,100.0
39416,100.0
39417,100.0
39418,100.0
39419,100.0
39420,100.0
39421,100.0
39422,100.0
39423,100.0
39424,100.0
39425,100.0
39426,100.0
39427,100.0
39428,100.0
39429,100.0
39430,100.0
39431,100.0
39432,100.0
39433,100.0
39434,100.0
39435,100.0
39436,100.0
39437,100.0
39438,100.0
39439,100.0
39440,100.0
39441,100.0
39442,100.0
39443,100.0
39444,100.0
39445,100.0
39446,100.0
39447,100.0
39448,100.0
39449,100.0
39450,100.0
39451,100.0
39452,100.0
39453,100.0
39454,100.0
39455,100.0
39456,100.0
39457,100.0
39458,100.0
39459,100.0
39460,100.0
39461,100.0
39462,100.0
39463,100.0
39464,100.0
39465,100.0
39466,100.0
39467,100.0
39468,100.0
39469,100.0
39470,100.0
39471,100.0
39472,100.0
39473,100.0
39474,100.0
39475,100.0
39476,100.0
39477,100.0
39478,100.0
39479,100.0
39480,100.0
39481,100.0
39482,100.0
39483,100.0
39484,100.0
39485,100.0
39486,100.0
39487,100.0
39488,100.0
39489,100.0
39490,100.0
39491,100.0
39492,100.0
39493,100.0
39494,100.0
39495,100.0
39496,100.0
39497,100.0
39498,100.0
39499,100.0
39500,100.0
39501,100.0
39502,100.0
39503,100.0
39504,100.0
39505,100.0
39506,100.0
39507,100.0
39508,100.0
39509,100.0
39510,100.0
39511,100.0
39512,100.0
39513,100.0
39514,100.0
39515,100.0
39516,100.0
39517,100.0
39518,100.0
39519,100.0
39520,100.0
39521,100.0
39522,100.0
39523,100.0
39524,100.0
39525,100.0
39526,100.0
39527,100.0
39528,100.0
39529,100.0
39530,100.0
39531,100.0
39532,100.0
39533,100.0
39534,100.0
39535,100.0
39536,100.0
39537,100.0
39538,100.0
39539,100.0
39540,100.0
39541,100.0
39542,100.0
39543,100.0
39544,100.0
39545,100.0
39546,100.0
39547,100.0
39548,100.0
39549,100.0
39550,100.0
39551,100.0
39552,100.0
39553,100.0
39554,100.0
39555,100.0
39556,100.0
39557,100.0
39558,100.0
39559,100.0
39560,100.0
39561,100.0
39562,100.0
39563,100.0
39564,100.0
39565,100.0
39566,100.0
39567,100.0
39568,100.0
39569,100.0
39570,100.0
39571,100.0
39572,100.0
39573,100.0
39574,100.0
39575,100.0
39576,100.0
39577,100.0
39578,100.0
39579,100.0
39580,100.0
39581,100.0
39582,100.0
39583,100.0
39584,100.0
39585,100.0
39586,100.0
39587,100.0
39588,100.0
39589,100.0
39590,100.0
39591,100.0
39592,100.0
39593,100.0
39594,100.0
39595,100.0
39596,100.0
39597,100.0
39598,100.0
39599,100.0
39600,100.0
39601,100.0
39602,100.0
39603,100.0
39604,100.0
39605,100.0
39606,100.0
39607,100.0
39608,100.0
39609,100.0
39610,100.0
39611,100.0
39612,100.0
39613,100.0
39614,100.0
39615,100.0
39616,100.0
39617,100.0
39618,100.0
39619,100.0
39620,100.0
39621,100.0
39622,100.0
39623,100.0
39624,100.0
39625,100.0
39626,100.0
39627,100.0
39628,100.0
39629,100.0
39630,100.0
39631,100.0
39632,100.0
39633,100.0
39634,100.0
39635,100.0
39636,100.0
39637,100.0
39638,100.0
39639,100.0
39640,100.0
39641,100.0
39642,100.0
39643,100.0
39644,100.0
39645,100.0
39646,100.0
39647,100.0
39648,100.0
39649,100.0
39650,100.0
39651,100.0
39652,100.0
39653,100.0
39654,100.0
39655,100.0
39656,100.0
39657,100.0
39658,100.0
39659,100.0
39660,100.0
39661,100.0
39662,100.0
39663,100.0
39664,100.0
39665,100.0
39666,100.0
39667,100.0
39668,100.0
39669,100.0
39670,100.0
39671,100.0
39672,100.0
39673,100.0
39674,100.0
39675,100.0
39676,100.0
39677,100.0
39678,100.0
39679,100.0
39680,100.0
39681,100.0
39682,100.0
39683,100.0
39684,100.0
39685,100.0
39686,100.0
39687,100.0
39688,100.0
39689,100.0
39690,100.0
39691,100.0
39692,100.0
39693,100.0
39694,100.0
39695,100.0
39696,100.0
39697,100.0
39698,100.0
39699,100.0
39700,100.0
39701,100.0
39702,100.0
39703,100.0
39704,100.0
39705,100.0
39706,100.0
39707,100.0
39708,100.0
39709,100.0
39710,100.0
39711,100.0
39712,100.0
39713,100.0
39714,100.0
39715,100.0
39716,100.0
39717,100.0
39718,100.0
39719,100.0
39720,100.0
39721,100.0
39722,100.0
39723,100.0
39724,100.0
39725,100.0
39726,100.0
39727,100.0
39728,100.0
39729,100.0
39730,100.0
39731,100.0
39732,100.0
39733,100.0
39734,100.0
39735,100.0
39736,100.0
39737,100.0
39738,100.0
39739,100.0
39740,100.0
39741,100.0
39742,100.0
39743,100.0
39744,100.0
39745,100.0
39746,100.0
39747,100.0
39748,100.0
39749,100.0
39750,100.0
39751,100.0
39752,100.0
39753,100.0
39754,100.0
39755,100.0
39756,100.0
39757,100.0
39758,100.0
39759,100.0
39760,100.0
39761,100.0
39762,100.0
39763,100.0
39764,100.0
39765,100.0
39766,100.0
39767,100.0
39768,100.0
39769,100.0
39770,100.0
39771,100.0
39772,100.0
39773,100.0
39774,100.0
39775,100.0
39776,100.0
39777,100.0
39778,100.0
39779,100.0
39780,100.0
39781,100.0
39782,100.0
39783,100.0
39784,100.0
39785,100.0
39786,100.0
39787,100.0
39788,100.0
39789,100.0
39790,100.0
39791,100.0
39792,100.0
39793,100.0
39794,100.0
39795,100.0
39796,100.0
39797,100.0
39798,100.0
39799,100.0
39800,100.0
39801,100.0
39802,100.0
39803,100.0
39804,100.0
39805,100.0
39806,100.0
39807,100.0
39808,100.0
39809,100.0
39810,100.0
39811,100.0
39812,100.0
39813,100.0
39814,100.0
39815,100.0
39816,100.0
39817,100.0
39818,100.0
39819,100.0
39820,100.0
39821,100.0
39822,100.0
39823,100.0
39824,100.0
39825,100.0
39826,100.0
39827,100.0
39828,100.0
39829,100.0
39830,100.0
39831,100.0
39832,100.0
39833,100.0
39834,100.0
39835,100.0
39836,100.0
39837,100.0
39838,100.0
39839,100.0
39840,100.0
39841,100.0
39842,100.0
39843,100.0
39844,100.0
39845,100.0
39846,100.0
39847,100.0
39848,100.0
39849,100.0
39850,100.0
39851,100.0
39852,100.0
39853,100.0
39854,100.0
39855,100.0
39856,100.0
39857,100.0
39858,100.0
39859,100.0
39860,100.0
39861,100.0
39862,100.0
39863,100.0
39864,100.0
39865,100.0
39866,100.0
39867,100.0
39868,100.0
39869,100.0
39870,100.0
39871,100.0
39872,100.0
39873,100.0
39874,100.0
39875,100.0
39876,100.0
39877,100.0
39878,100.0
39879,100.0
39880,100.0
39881,100.0
39882,100.0
39883,100.0
39884,100.0
39885,100.0
39886,100.0
39887,100.0
39888,100.0
39889,100.0
39890,100.0
39891,100.0
39892,100.0
39893,100.0
39894,100.0
39895,100.0
39896,100.0
39897,100.0
39898,100.0
39899,100.0
39900,100.0
39901,100.0
39902,100.0
39903,100.0
39904,100.0
39905,100.0
39906,100.0
39907,100.0
39908,100.0
39909,100.0
39910,100.0
39911,100.0
39912,100.0
39913,100.0
39914,100.0
39915,100.0
39916,100.0
39917,100.0
39918,100.0
39919,100.0
39920,100.0
39921,100.0
39922,100.0
39923,100.0
39924,100.0
39925,100.0
39926,100.0
39927,100.0
39928,100.0
39929,100.0
39930,100.0
39931,100.0
39932,100.0
39933,100.0
39934,100.0
39935,100.0
39936,100.0
39937,100.0
39938,100.0
39939,100.0
39940,100.0
39941,100.0
39942,100.0
39943,100.0
39944,100.0
39945,100.0
39946,100.0
39947,100.0
39948,100.0
39949,100.0
39950,100.0
39951,100.0
39952,100.0
39953,100.0
39954,100.0
39955,100.0
39956,100.0
39957,100.0
39958,100.0
39959,100.0
39960,100.0
39961,100.0
39962,100.0
39963,100.0
39964,100.0
39965,100.0
39966,100.0
39967,100.0
39968,100.0
39969,100.0
39970,100.0
39971,100.0
39972,100.0
39973,100.0
39974,100.0
39975,100.0
39976,100.0
39977,100.0
39978,100.0
39979,100.0
39980,100.0
39981,100.0
39982,100.0
39983,100.0
39984,100.0
39985,100.0
39986,100.0
39987,100.0
39988,100.0
39989,100.0
39990,100.0
39991,100.0
39992,100.0
39993,100.0
39994,100.0
39995,100.0
39996,100.0
39997,100.0
39998,100.0
39999,100.0
40000,100.0
40001,100.0
40002,100.0
40003,100.0
40004,100.0
40005,100.0
40006,100.0
40007,100.0
40008,100.0
40009,100.0
40010,100.0
40011,100.0
40012,100.0
40013,100.0
40014,100.0
40015,100.0
40016,100.0
40017,100.0
40018,100.0
40019,100.0
40020,100.0
40021,100.0
40022,100.0
40023,100.0
40024,100.0
40025,100.0
40026,100.0
40027,100.0
40028,100.0
40029,100.0
40030,100.0
40031,100.0
40032,100.0
40033,100.0
40034,100.0
40035,100.0
40036,100.0
40037,100.0
40038,100.0
40039,100.0
40040,100.0
40041,100.0
40042,100.0
40043,100.0
40044,100.0
40045,100.0
40046,100.0
40047,100.0
40048,100.0
40049,100.0
40050,100.0
40051,100.0
40052,100.0
40053,100.0
40054,100.0
40055,100.0
40056,100.0
40057,100.0
40058,100.0
40059,100.0
40060,100.0
40061,100.0
40062,100.0
40063,100.0
40064,100.0
40065,100.0
40066,100.0
40067,100.0
40068,100.0
40069,100.0
40070,100.0
40071,100.0
40072,100.0
40073,100.0
40074,100.0
40075,100.0
40076,100.0
40077,100.0
40078,100.0
40079,100.0
40080,100.0
40081,100.0
40082,100.0
40083,100.0
40084,100.0
40085,100.0
40086,100.0
40087,100.0
40088,100.0
40089,100.0
40090,100.0
40091,100.0
40092,100.0
40093,100.0
40094,100.0
40095,100.0
40096,100.0
40097,100.0
40098,100.0
40099,100.0
40100,100.0
40101,100.0
40102,100.0
40103,100.0
40104,100.0
40105,100.0
40106,100.0
40107,100.0
40108,100.0
40109,100.0
40110,100.0
40111,100.0
40112,100.0
40113,100.0
40114,100.0
40115,100.0
40116,100.0
40117,100.0
40118,100.0
40119,100.0
40120,100.0
40121,100.0
40122,100.0
40123,100.0
40124,100.0
40125,100.0
40126,100.0
40127,100.0
40128,100.0
40129,100.0
40130,100.0
40131,100.0
40132,100.0
40133,100.0
40134,100.0
40135,100.0
40136,100.0
40137,100.0
40138,100.0
40139,100.0
40140,100.0
40141,100.0
40142,100.0
40143,100.0
40144,100.0
40145,100.0
40146,100.0
40147,100.0
40148,100.0
40149,100.0
40150,100.0
40151,100.0
40152,100.0
40153,100.0
40154,100.0
40155,100.0
40156,100.0
40157,100.0
40158,100.0
40159,100.0
40160,100.0
40161,100.0
40162,100.0
40163,100.0
40164,100.0
40165,100.0
40166,100.0
40167,100.0
40168,100.0
40169,100.0
40170,100.0
40171,100.0
40172,100.0
40173,100.0
40174,100.0
40175,100.0
40176,100.0
40177,100.0
40178,100.0
40179,100.0
40180,100.0
40181,100.0
40182,100.0
40183,100.0
40184,100.0
40185,100.0
40186,100.0
40187,100.0
40188,100.0
40189,100.0
40190,100.0
40191,100.0
40192,100.0
40193,100.0
40194,100.0
40195,100.0
40196,100.0
40197,100.0
40198,100.0
40199,100.0
40200,100.0
40201,100.0
40202,100.0
40203,100.0
40204,100.0
40205,100.0
40206,100.0
40207,100.0
40208,100.0
40209,100.0
40210,100.0
40211,100.0
40212,100.0
40213,100.0
40214,100.0
40215,100.0
40216,100.0
40217,100.0
40218,100.0
40219,100.0
40220,100.0
40221,100.0
40222,100.0
40223,100.0
40224,100.0
40225,100.0
40226,100.0
40227,100.0
40228,100.0
40229,100.0
40230,100.0
40231,100.0
40232,100.0
40233,100.0
40234,100.0
40235,100.0
40236,100.0
40237,100.0
40238,100.0
40239,100.0
40240,100.0
40241,100.0
40242,100.0
40243,100.0
40244,100.0
40245,100.0
40246,100.0
40247,100.0
40248,100.0
40249,100.0
40250,100.0
40251,100.0
40252,100.0
40253,100.0
40254,100.0
40255,100.0
40256,100.0
40257,100.0
40258,100.0
40259,100.0
40260,100.0
40261,100.0
40262,100.0
40263,100.0
40264,100.0
40265,100.0
40266,100.0
40267,100.0
40268,100.0
40269,100.0
40270,100.0
40271,100.0
40272,100.0
40273,100.0
40274,100.0
40275,100.0
40276,100.0
40277,100.0
40278,100.0
40279,100.0
40280,100.0
40281,100.0
40282,100.0
40283,100.0
40284,100.0
40285,100.0
40286,100.0
40287,100.0
40288,100.0
40289,100.0
40290,100.0
40291,100.0
40292,100.0
40293,100.0
40294,100.0
40295,100.0
40296,100.0
40297,100.0
40298,100.0
40299,100.0
40300,100.0
40301,100.0
40302,100.0
40303,100.0
40304,100.0
40305,100.0
40306,100.0
40307,100.0
40308,100.0
40309,100.0
40310,100.0
40311,100.0
40312,100.0
40313,100.0
40314,100.0
40315,100.0
40316,100.0
40317,100.0
40318,100.0
40319,100.0
40320,100.0
40321,100.0
40322,100.0
40323,100.0
40324,100.0
40325,100.0
40326,100.0
40327,100.0
40328,100.0
40329,100.0
40330,100.0
40331,100.0
40332,100.0
40333,100.0
40334,100.0
40335,100.0
40336,100.0
40337,100.0
40338,100.0
40339,100.0
40340,100.0
40341,100.0
40342,100.0
40343,100.0
40344,100.0
40345,100.0
40346,100.0
40347,100.0
40348,100.0
40349,100.0
40350,100.0
40351,100.0
40352,100.0
40353,100.0
40354,100.0
40355,100.0
40356,100.0
40357,100.0
40358,100.0
40359,100.0
40360,100.0
40361,100.0
40362,100.0
40363,100.0
40364,100.0
40365,100.0
40366,100.0
40367,100.0
40368,100.0
40369,100.0
40370,100.0
40371,100.0
40372,100.0
40373,100.0
40374,100.0
40375,100.0
40376,100.0
40377,100.0
40378,100.0
40379,100.0
40380,100.0
40381,100.0
40382,100.0
40383,100.0
40384,100.0
40385,100.0
40386,100.0
40387,100.0
40388,100.0
40389,100.0
40390,100.0
40391,100.0
40392,100.0
40393,100.0
40394,100.0
40395,100.0
40396,100.0
40397,100.0
40398,100.0
40399,100.0
40400,100.0
40401,100.0
40402,100.0
40403,100.0
40404,100.0
40405,100.0
40406,100.0
40407,100.0
40408,100.0
40409,100.0
40410,100.0
40411,100.0
40412,100.0
40413,100.0
40414,100.0
40415,100.0
40416,100.0
40417,100.0
40418,100.0
40419,100.0
40420,100.0
40421,100.0
40422,100.0
40423,100.0
40424,100.0
40425,100.0
40426,100.0
40427,100.0
40428,100.0
40429,100.0
40430,100.0
40431,100.0
40432,100.0
40433,100.0
40434,100.0
40435,100.0
40436,100.0
40437,100.0
40438,100.0
40439,100.0
40440,100.0
40441,100.0
40442,100.0
40443,100.0
40444,100.0
40445,100.0
40446,100.0
40447,100.0
40448,100.0
40449,100.0
40450,100.0
40451,100.0
40452,100.0
40453,100.0
40454,100.0
40455,100.0
40456,100.0
40457,100.0
40458,100.0
40459,100.0
40460,100.0
40461,100.0
40462,100.0
40463,100.0
40464,100.0
40465,100.0
40466,100.0
40467,100.0
40468,100.0
40469,100.0
40470,100.0
40471,100.0
40472,100.0
40473,100.0
40474,100.0
40475,100.0
40476,100.0
40477,100.0
40478,100.0
40479,100.0
40480,100.0
40481,100.0
40482,100.0
40483,100.0
40484,100.0
40485,100.0
40486,100.0
40487,100.0
40488,100.0
40489,100.0
40490,100.0
40491,100.0
40492,100.0
40493,100.0
40494,100.0
40495,100.0
40496,100.0
40497,100.0
40498,100.0
40499,100.0
40500,100.0
40501,100.0
40502,100.0
40503,100.0
40504,100.0
40505,100.0
40506,100.0
40507,100.0
40508,100.0
40509,100.0
40510,100.0
40511,100.0
40512,100.0
40513,100.0
40514,100.0
40515,100.0
40516,100.0
40517,100.0
40518,100.0
40519,100.0
40520,100.0
40521,100.0
40522,100.0
40523,100.0
40524,100.0
40525,100.0
40526,100.0
40527,100.0
40528,100.0
40529,100.0
40530,100.0
40531,100.0
40532,100.0
40533,100.0
40534,100.0
40535,100.0
40536,100.0
40537,100.0
40538,100.0
40539,100.0
40540,100.0
40541,100.0
40542,100.0
40543,100.0
40544,100.0
40545,100.0
40546,100.0
40547,100.0
40548,100.0
40549,100.0
40550,100.0
40551,100.0
40552,100.0
40553,100.0
40554,100.0
40555,100.0
40556,100.0
40557,100.0
40558,100.0
40559,100.0
40560,100.0
40561,100.0
40562,100.0
40563,100.0
40564,100.0
40565,100.0
40566,100.0
40567,100.0
40568,100.0
40569,100.0
40570,100.0
40571,100.0
40572,100.0
40573,100.0
40574,100.0
40575,100.0
40576,100.0
40577,100.0
40578,100.0
40579,100.0
40580,100.0
40581,100.0
40582,100.0
40583,100.0
40584,100.0
40585,100.0
40586,100.0
40587,100.0
40588,100.0
40589,100.0
40590,100.0
40591,100.0
40592,100.0
40593,100.0
40594,100.0
40595,100.0
40596,100.0
40597,100.0
40598,100.0
40599,100.0
40600,100.0
40601,100.0
40602,100.0
40603,100.0
40604,100.0
40605,100.0
40606,100.0
40607,100.0
40608,100.0
40609,100.0
40610,100.0
40611,100.0
40612,100.0
40613,100.0
40614,100.0
40615,100.0
40616,100.0
40617,100.0
40618,100.0
40619,100.0
40620,100.0
40621,100.0
40622,100.0
40623,100.0
40624,100.0
40625,100.0
40626,100.0
40627,100.0
40628,100.0
40629,100.0
40630,100.0
40631,100.0
40632,100.0
40633,100.0
40634,100.0
40635,100.0
40636,100.0
40637,100.0
40638,100.0
40639,100.0
40640,100.0
40641,100.0
40642,100.0
40643,100.0
40644,100.0
40645,100.0
40646,100.0
40647,100.0
40648,100.0
40649,100.0
40650,100.0
40651,100.0
40652,100.0
40653,100.0
40654,100.0
40655,100.0
40656,100.0
40657,100.0
40658,100.0
40659,100.0
40660,100.0
40661,100.0
40662,100.0
40663,100.0
40664,100.0
40665,100.0
40666,100.0
40667,100.0
40668,100.0
40669,100.0
40670,100.0
40671,100.0
40672,100.0
40673,100.0
40674,100.0
40675,100.0
40676,100.0
40677,100.0
40678,100.0
40679,100.0
40680,100.0
40681,100.0
40682,100.0
40683,100.0
40684,100.0
40685,100.0
40686,100.0
40687,100.0
40688,100.0
40689,100.0
40690,100.0
40691,100.0
40692,100.0
40693,100.0
40694,100.0
40695,100.0
40696,100.0
40697,100.0
40698,100.0
40699,100.0
40700,100.0
40701,100.0
40702,100.0
40703,100.0
40704,100.0
40705,100.0
40706,100.0
40707,100.0
40708,100.0
40709,100.0
40710,100.0
40711,100.0
40712,100.0
40713,100.0
40714,100.0
40715,100.0
40716,100.0
40717,100.0
40718,100.0
40719,100.0
40720,100.0
40721,100.0
40722,100.0
40723,100.0
40724,100.0
40725,100.0
40726,100.0
40727,100.0
40728,100.0
40729,100.0
40730,100.0
40731,100.0
40732,100.0
40733,100.0
40734,100.0
40735,100.0
40736,100.0
40737,100.0
40738,100.0
40739,100.0
40740,100.0
40741,100.0
40742,100.0
40743,100.0
40744,100.0
40745,100.0
40746,100.0
40747,100.0
40748,100.0
40749,100.0
40750,100.0
40751,100.0
40752,100.0
40753,100.0
40754,100.0
40755,100.0
40756,100.0
40757,100.0
40758,100.0
40759,100.0
40760,100.0
40761,100.0
40762,100.0
40763,100.0
40764,100.0
40765,100.0
40766,100.0
40767,100.0
40768,100.0
40769,100.0
40770,100.0
40771,100.0
40772,100.0
40773,100.0
40774,100.0
40775,100.0
40776,100.0
40777,100.0
40778,100.0
40779,100.0
40780,100.0
40781,100.0
40782,100.0
40783,100.0
40784,100.0
40785,100.0
40786,100.0
40787,100.0
40788,100.0
40789,100.0
40790,100.0
40791,100.0
40792,100.0
40793,100.0
40794,100.0
40795,100.0
40796,100.0
40797,100.0
40798,100.0
40799,100.0
40800,100.0
40801,100.0
40802,100.0
40803,100.0
40804,100.0
40805,100.0
40806,100.0
40807,100.0
40808,100.0
40809,100.0
40810,100.0
40811,100.0
40812,100.0
40813,100.0
40814,100.0
40815,100.0
40816,100.0
40817,100.0
40818,100.0
40819,100.0
40820,100.0
40821,100.0
40822,100.0
40823,100.0
40824,100.0
40825,100.0
40826,100.0
40827,100.0
40828,100.0
40829,100.0
40830,100.0
40831,100.0
40832,100.0
40833,100.0
40834,100.0
40835,100.0
40836,100.0
40837,100.0
40838,100.0
40839,100.0
40840,100.0
40841,100.0
40842,100.0
40843,100.0
40844,100.0
40845,100.0
40846,100.0
40847,100.0
40848,100.0
40849,100.0
40850,100.0
40851,100.0
40852,100.0
40853,100.0
40854,100.0
40855,100.0
40856,100.0
40857,100.0
40858,100.0
40859,100.0
40860,100.0
40861,100.0
40862,100.0
40863,100.0
40864,100.0
40865,100.0
40866,100.0
40867,100.0
40868,100.0
40869,100.0
40870,100.0
40871,100.0
40872,100.0
40873,100.0
40874,100.0
40875,100.0
40876,100.0
40877,100.0
40878,100.0
40879,100.0
40880,100.0
40881,100.0
40882,100.0
40883,100.0
40884,100.0
40885,100.0
40886,100.0
40887,100.0
40888,100.0
40889,100.0
40890,100.0
40891,100.0
40892,100.0
40893,100.0
40894,100.0
40895,100.0
40896,100.0
40897,100.0
40898,100.0
40899,100.0
40900,100.0
40901,100.0
40902,100.0
40903,100.0
40904,100.0
40905,100.0
40906,100.0
40907,100.0
40908,100.0
40909,100.0
40910,100.0
40911,100.0
40912,100.0
40913,100.0
40914,100.0
40915,100.0
40916,100.0
40917,100.0
40918,100.0
40919,100.0
40920,100.0
40921,100.0
40922,100.0
40923,100.0
40924,100.0
40925,100.0
40926,100.0
40927,100.0
40928,100.0
40929,100.0
40930,100.0
40931,100.0
40932,100.0
40933,100.0
40934,100.0
40935,100.0
40936,100.0
40937,100.0
40938,100.0
40939,100.0
40940,100.0
40941,100.0
40942,100.0
40943,100.0
40944,100.0
40945,100.0
40946,100.0
40947,100.0
40948,100.0
40949,100.0
40950,100.0
40951,100.0
40952,100.0
40953,100.0
40954,100.0
40955,100.0
40956,100.0
40957,100.0
40958,100.0
40959,100.0
40960,100.0
40961,100.0
40962,100.0
40963,100.0
40964,100.0
40965,100.0
40966,100.0
40967,100.0
40968,100.0
40969,100.0
40970,100.0
40971,100.0
40972,100.0
40973,100.0
40974,100.0
40975,100.0
40976,100.0
40977,100.0
40978,100.0
40979,100.0
40980,100.0
40981,100.0
40982,100.0
40983,100.0
40984,100.0
40985,100.0
40986,100.0
40987,100.0
40988,100.0
40989,100.0
40990,100.0
40991,100.0
40992,100.0
40993,100.0
40994,100.0
40995,100.0
40996,100.0
40997,100.0
40998,100.0
40999,100.0
41000,100.0
41001,100.0
41002,100.0
41003,100.0
41004,100.0
41005,100.0
41006,100.0
41007,100.0
41008,100.0
41009,100.0
41010,100.0
41011,100.0
41012,100.0
41013,100.0
41014,100.0
41015,100.0
41016,100.0
41017,100.0
41018,100.0
41019,100.0
41020,100.0
41021,100.0
41022,100.0
41023,100.0
41024,100.0
41025,100.0
41026,100.0
41027,100.0
41028,100.0
41029,100.0
41030,100.0
41031,100.0
41032,100.0
41033,100.0
41034,100.0
41035,100.0
41036,100.0
41037,100.0
41038,100.0
41039,100.0
41040,100.0
41041,100.0
41042,100.0
41043,100.0
41044,100.0
41045,100.0
41046,100.0
41047,100.0
41048,100.0
41049,100.0
41050,100.0
41051,100.0
41052,100.0
41053,100.0
41054,100.0
41055,100.0
41056,100.0
41057,100.0
41058,100.0
41059,100.0
41060,100.0
41061,100.0
41062,100.0
41063,100.0
41064,100.0
41065,100.0
41066,100.0
41067,100.0
41068,100.0
41069,100.0
41070,100.0
41071,100.0
41072,100.0
41073,100.0
41074,100.0
41075,100.0
41076,100.0
41077,100.0
41078,100.0
41079,100.0
41080,100.0
41081,100.0
41082,100.0
41083,100.0
41084,100.0
41085,100.0
41086,100.0
41087,100.0
41088,100.0
41089,100.0
41090,100.0
41091,100.0
41092,100.0
41093,100.0
41094,100.0
41095,100.0
41096,100.0
41097,100.0
41098,100.0
41099,100.0
41100,100.0
41101,100.0
41102,100.0
41103,100.0
41104,100.0
41105,100.0
41106,100.0
41107,100.0
41108,100.0
41109,100.0
41110,100.0
41111,100.0
41112,100.0
41113,100.0
41114,100.0
41115,100.0
41116,100.0
41117,100.0
41118,100.0
41119,100.0
41120,100.0
41121,100.0
41122,100.0
41123,100.0
41124,100.0
41125,100.0
41126,100.0
41127,100.0
41128,100.0
41129,100.0
41130,100.0
41131,100.0
41132,100.0
41133,100.0
41134,100.0
41135,100.0
41136,100.0
41137,100.0
41138,100.0
41139,100.0
41140,100.0
41141,100.0
41142,100.0
41143,100.0
41144,100.0
41145,100.0
41146,100.0
41147,100.0
41148,100.0
41149,100.0
41150,100.0
41151,100.0
41152,100.0
41153,100.0
41154,100.0
41155,100.0
41156,100.0
41157,100.0
41158,100.0
41159,100.0
41160,100.0
41161,100.0
41162,100.0
41163,100.0
41164,100.0
41165,100.0
41166,100.0
41167,100.0
41168,100.0
41169,100.0
41170,100.0
41171,100.0
41172,100.0
41173,100.0
41174,100.0
41175,100.0
41176,100.0
41177,100.0
41178,100.0
41179,100.0
41180,100.0
41181,100.0
41182,100.0
41183,100.0
41184,100.0
41185,100.0
41186,100.0
41187,100.0
41188,100.0
41189,100.0
41190,100.0
41191,100.0
41192,100.0
41193,100.0
41194,100.0
41195,100.0
41196,100.0
41197,100.0
41198,100.0
41199,100.0
41200,100.0
41201,100.0
41202,100.0
41203,100.0
41204,100.0
41205,100.0
41206,100.0
41207,100.0
41208,100.0
41209,100.0
41210,100.0
41211,100.0
41212,100.0
41213,100.0
41214,100.0
41215,100.0
41216,100.0
41217,100.0
41218,100.0
41219,100.0
41220,100.0
41221,100.0
41222,100.0
41223,100.0
41224,100.0
41225,100.0
41226,100.0
41227,100.0
41228,100.0
41229,100.0
41230,100.0
41231,100.0
41232,100.0
41233,100.0
41234,100.0
41235,100.0
41236,100.0
41237,100.0
41238,100.0
41239,100.0
41240,100.0
41241,100.0
41242,100.0
41243,100.0
41244,100.0
41245,100.0
41246,100.0
41247,100.0
41248,100.0
41249,100.0
41250,100.0
41251,100.0
41252,100.0
41253,100.0
41254,100.0
41255,100.0
41256,100.0
41257,100.0
41258,100.0
41259,100.0
41260,100.0
41261,100.0
41262,100.0
41263,100.0
41264,100.0
41265,100.0
41266,100.0
41267,100.0
41268,100.0
41269,100.0
41270,100.0
41271,100.0
41272,100.0
41273,100.0
41274,100.0
41275,100.0
41276,100.0
41277,100.0
41278,100.0
41279,100.0
41280,100.0
41281,100.0
41282,100.0
41283,100.0
41284,100.0
41285,100.0
41286,100.0
41287,100.0
41288,100.0
41289,100.0
41290,100.0
41291,100.0
41292,100.0
41293,100.0
41294,100.0
41295,100.0
41296,100.0
41297,100.0
41298,100.0
41299,100.0
41300,100.0
41301,100.0
41302,100.0
41303,100.0
41304,100.0
41305,100.0
41306,100.0
41307,100.0
41308,100.0
41309,100.0
41310,100.0
41311,100.0
41312,100.0
41313,100.0
41314,100.0
41315,100.0
41316,100.0
41317,100.0
41318,100.0
41319,100.0
41320,100.0
41321,100.0
41322,100.0
41323,100.0
41324,100.0
41325,100.0
41326,100.0
41327,100.0
41328,100.0
41329,100.0
41330,100.0
41331,100.0
41332,100.0
41333,100.0
41334,100.0
41335,100.0
41336,100.0
41337,100.0
41338,100.0
41339,100.0
41340,100.0
41341,100.0
41342,100.0
41343,100.0
41344,100.0
41345,100.0
41346,100.0
41347,100.0
41348,100.0
41349,100.0
41350,100.0
41351,100.0
41352,100.0
41353,100.0
41354,100.0
41355,100.0
41356,100.0
41357,100.0
41358,100.0
41359,100.0
41360,100.0
41361,100.0
41362,100.0
41363,100.0
41364,100.0
41365,100.0
41366,100.0
41367,100.0
41368,100.0
41369,100.0
41370,100.0
41371,100.0
41372,100.0
41373,100.0
41374,100.0
41375,100.0
41376,100.0
41377,100.0
41378,100.0
41379,100.0
41380,100.0
41381,100.0
41382,100.0
41383,100.0
41384,100.0
41385,100.0
41386,100.0
41387,100.0
41388,100.0
41389,100.0
41390,100.0
41391,100.0
41392,100.0
41393,100.0
41394,100.0
41395,100.0
41396,100.0
41397,100.0
41398,100.0
41399,100.0
41400,100.0
41401,100.0
41402,100.0
41403,100.0
41404,100.0
41405,100.0
41406,100.0
41407,100.0
41408,100.0
41409,100.0
41410,100.0
41411,100.0
41412,100.0
41413,100.0
41414,100.0
41415,100.0
41416,100.0
41417,100.0
41418,100.0
41419,100.0
41420,100.0
41421,100.0
41422,100.0
41423,100.0
41424,100.0
41425,100.0
41426,100.0
41427,100.0
41428,100.0
41429,100.0
41430,100.0
41431,100.0
41432,100.0
41433,100.0
41434,100.0
41435,100.0
41436,100.0
41437,100.0
41438,100.0
41439,100.0
41440,100.0
41441,100.0
41442,100.0
41443,100.0
41444,100.0
41445,100.0
41446,100.0
41447,100.0
41448,100.0
41449,100.0
41450,100.0
41451,100.0
41452,100.0
41453,100.0
41454,100.0
41455,100.0
41456,100.0
41457,100.0
41458,100.0
41459,100.0
41460,100.0
41461,100.0
41462,100.0
41463,100.0
41464,100.0
41465,100.0
41466,100.0
41467,100.0
41468,100.0
41469,100.0
41470,100.0
41471,100.0
41472,100.0
41473,100.0
41474,100.0
41475,100.0
41476,100.0
41477,100.0
41478,100.0
41479,100.0
41480,100.0
41481,100.0
41482,100.0
41483,100.0
41484,100.0
41485,100.0
41486,100.0
41487,100.0
41488,100.0
41489,100.0
41490,100.0
41491,100.0
41492,100.0
41493,100.0
41494,100.0
41495,100.0
41496,100.0
41497,100.0
41498,100.0
41499,100.0
41500,100.0
41501,100.0
41502,100.0
41503,100.0
41504,100.0
41505,100.0
41506,100.0
41507,100.0
41508,100.0
41509,100.0
41510,100.0
41511,100.0
41512,100.0
41513,100.0
41514,100.0
41515,100.0
41516,100.0
41517,100.0
41518,100.0
41519,100.0
41520,100.0
41521,100.0
41522,100.0
41523,100.0
41524,100.0
41525,100.0
41526,100.0
41527,100.0
41528,100.0
41529,100.0
41530,100.0
41531,100.0
41532,100.0
41533,100.0
41534,100.0
41535,100.0
41536,100.0
41537,100.0
41538,100.0
41539,100.0
41540,100.0
41541,100.0
41542,100.0
41543,100.0
41544,100.0
41545,100.0
41546,100.0
41547,100.0
41548,100.0
41549,100.0
41550,100.0
41551,100.0
41552,100.0
41553,100.0
41554,100.0
41555,100.0
41556,100.0
41557,100.0
41558,100.0
41559,100.0
41560,100.0
41561,100.0
41562,100.0
41563,100.0
41564,100.0
41565,100.0
41566,100.0
41567,100.0
41568,100.0
41569,100.0
41570,100.0
41571,100.0
41572,100.0
41573,100.0
41574,100.0
41575,100.0
41576,100.0
41577,100.0
41578,100.0
41579,100.0
41580,100.0
41581,100.0
41582,100.0
41583,100.0
41584,100.0
41585,100.0
41586,100.0
41587,100.0
41588,100.0
41589,100.0
41590,100.0
41591,100.0
41592,100.0
41593,100.0
41594,100.0
41595,100.0
41596,100.0
41597,100.0
41598,100.0
41599,100.0
41600,100.0
41601,100.0
41602,100.0
41603,100.0
41604,100.0
41605,100.0
41606,100.0
41607,100.0
41608,100.0
41609,100.0
41610,100.0
41611,100.0
41612,100.0
41613,100.0
41614,100.0
41615,100.0
41616,100.0
41617,100.0
41618,100.0
41619,100.0
41620,100.0
41621,100.0
41622,100.0
41623,100.0
41624,100.0
41625,100.0
41626,100.0
41627,100.0
41628,100.0
41629,100.0
41630,100.0
41631,100.0
41632,100.0
41633,100.0
41634,100.0
41635,100.0
41636,100.0
41637,100.0
41638,100.0
41639,100.0
41640,100.0
41641,100.0
41642,100.0
41643,100.0
41644,100.0
41645,100.0
41646,100.0
41647,100.0
41648,100.0
41649,100.0
41650,100.0
41651,100.0
41652,100.0
41653,100.0
41654,100.0
41655,100.0
41656,100.0
41657,100.0
41658,100.0
41659,100.0
41660,100.0
41661,100.0
41662,100.0
41663,100.0
41664,100.0
41665,100.0
41666,100.0
41667,100.0
41668,100.0
41669,100.0
41670,100.0
41671,100.0
41672,100.0
41673,100.0
41674,100.0
41675,100.0
41676,100.0
41677,100.0
41678,100.0
41679,100.0
41680,100.0
41681,100.0
41682,100.0
41683,100.0
41684,100.0
41685,100.0
41686,100.0
41687,100.0
41688,100.0
41689,100.0
41690,100.0
41691,100.0
41692,100.0
41693,100.0
41694,100.0
41695,100.0
41696,100.0
41697,100.0
41698,100.0
41699,100.0
41700,100.0
41701,100.0
41702,100.0
41703,100.0
41704,100.0
41705,100.0
41706,100.0
41707,100.0
41708,100.0
41709,100.0
41710,100.0
41711,100.0
41712,100.0
41713,100.0
41714,100.0
41715,100.0
41716,100.0
41717,100.0
41718,100.0
41719,100.0
41720,100.0
41721,100.0
41722,100.0
41723,100.0
41724,100.0
41725,100.0
41726,100.0
41727,100.0
41728,100.0
41729,100.0
41730,100.0
41731,100.0
41732,100.0
41733,100.0
41734,100.0
41735,100.0
41736,100.0
41737,100.0
41738,100.0
41739,100.0
41740,100.0
41741,100.0
41742,100.0
41743,100.0
41744,100.0
41745,100.0
41746,100.0
41747,100.0
41748,100.0
41749,100.0
41750,100.0
41751,100.0
41752,100.0
41753,100.0
41754,100.0
41755,100.0
41756,100.0
41757,100.0
41758,100.0
41759,100.0
41760,100.0
41761,100.0
41762,100.0
41763,100.0
41764,100.0
41765,100.0
41766,100.0
41767,100.0
41768,100.0
41769,100.0
41770,100.0
41771,100.0
41772,100.0
41773,100.0
41774,100.0
41775,100.0
41776,100.0
41777,100.0
41778,100.0
41779,100.0
41780,100.0
41781,100.0
41782,100.0
41783,100.0
41784,100.0
41785,100.0
41786,100.0
41787,100.0
41788,100.0
41789,100.0
41790,100.0
41791,100.0
41792,100.0
41793,100.0
41794,100.0
41795,100.0
41796,100.0
41797,100.0
41798,100.0
41799,100.0
41800,100.0
41801,100.0
41802,100.0
41803,100.0
41804,100.0
41805,100.0
41806,100.0
41807,100.0
41808,100.0
41809,100.0
41810,100.0
41811,100.0
41812,100.0
41813,100.0
41814,100.0
41815,100.0
41816,100.0
41817,100.0
41818,100.0
41819,100.0
41820,100.0
41821,100.0
41822,100.0
41823,100.0
41824,100.0
41825,100.0
41826,100.0
41827,100.0
41828,100.0
41829,100.0
41830,100.0
41831,100.0
41832,100.0
41833,100.0
41834,100.0
41835,100.0
41836,100.0
41837,100.0
41838,100.0
41839,100.0
41840,100.0
41841,100.0
41842,100.0
41843,100.0
41844,100.0
41845,100.0
41846,100.0
41847,100.0
41848,100.0
41849,100.0
41850,100.0
41851,100.0
41852,100.0
41853,100.0
41854,100.0
41855,100.0
41856,100.0
41857,100.0
41858,100.0
41859,100.0
41860,100.0
41861,100.0
41862,100.0
41863,100.0
41864,100.0
41865,100.0
41866,100.0
41867,100.0
41868,100.0
41869,100.0
41870,100.0
41871,100.0
41872,100.0
41873,100.0
41874,100.0
41875,100.0
41876,100.0
41877,100.0
41878,100.0
41879,100.0
41880,100.0
41881,100.0
41882,100.0
41883,100.0
41884,100.0
41885,100.0
41886,100.0
41887,100.0
41888,100.0
41889,100.0
41890,100.0
41891,100.0
41892,100.0
41893,100.0
41894,100.0
41895,100.0
41896,100.0
41897,100.0
41898,100.0
41899,100.0
41900,100.0
41901,100.0
41902,100.0
41903,100.0
41904,100.0
41905,100.0
41906,100.0
41907,100.0
41908,100.0
41909,100.0
41910,100.0
41911,100.0
41912,100.0
41913,100.0
41914,100.0
41915,100.0
41916,100.0
41917,100.0
41918,100.0
41919,100.0
41920,100.0
41921,100.0
41922,100.0
41923,100.0
41924,100.0
41925,100.0
41926,100.0
41927,100.0
41928,100.0
41929,100.0
41930,100.0
41931,100.0
41932,100.0
41933,100.0
41934,100.0
41935,100.0
41936,100.0
41937,100.0
41938,100.0
41939,100.0
41940,100.0
41941,100.0
41942,100.0
41943,100.0
41944,100.0
41945,100.0
41946,100.0
41947,100.0
41948,100.0
41949,100.0
41950,100.0
41951,100.0
41952,100.0
41953,100.0
41954,100.0
41955,100.0
41956,100.0
41957,100.0
41958,100.0
41959,100.0
41960,100.0
41961,100.0
41962,100.0
41963,100.0
41964,100.0
41965,100.0
41966,100.0
41967,100.0
41968,100.0
41969,100.0
41970,100.0
41971,100.0
41972,100.0
41973,100.0
41974,100.0
41975,100.0
41976,100.0
41977,100.0
41978,100.0
41979,100.0
41980,100.0
41981,100.0
41982,100.0
41983,100.0
41984,100.0
41985,100.0
41986,100.0
41987,100.0
41988,100.0
41989,100.0
41990,100.0
41991,100.0
41992,100.0
41993,100.0
41994,100.0
41995,100.0
41996,100.0
41997,100.0
41998,100.0
41999,100.0
42000,100.0
42001,100.0
42002,100.0
42003,100.0
42004,100.0
42005,100.0
42006,100.0
42007,100.0
42008,100.0
42009,100.0
42010,100.0
42011,100.0
42012,100.0
42013,100.0
42014,100.0
42015,100.0
42016,100.0
42017,100.0
42018,100.0
42019,100.0
42020,100.0
42021,100.0
42022,100.0
42023,100.0
42024,100.0
42025,100.0
42026,100.0
42027,100.0
42028,100.0
42029,100.0
42030,100.0
42031,100.0
42032,100.0
42033,100.0
42034,100.0
42035,100.0
42036,100.0
42037,100.0
42038,100.0
42039,100.0
42040,100.0
42041,100.0
42042,100.0
42043,100.0
42044,100.0
42045,100.0
42046,100.0
42047,100.0
42048,100.0
42049,100.0
42050,100.0
42051,100.0
42052,100.0
42053,100.0
42054,100.0
42055,100.0
42056,100.0
42057,100.0
42058,100.0
42059,100.0
42060,100.0
42061,100.0
42062,100.0
42063,100.0
42064,100.0
42065,100.0
42066,100.0
42067,100.0
42068,100.0
42069,100.0
42070,100.0
42071,100.0
42072,100.0
42073,100.0
42074,100.0
42075,100.0
42076,100.0
42077,100.0
42078,100.0
42079,100.0
42080,100.0
42081,100.0
42082,100.0
42083,100.0
42084,100.0
42085,100.0
42086,100.0
42087,100.0
42088,100.0
42089,100.0
42090,100.0
42091,100.0
42092,100.0
42093,100.0
42094,100.0
42095,100.0
42096,100.0
42097,100.0
42098,100.0
42099,100.0
42100,100.0
42101,100.0
42102,100.0
42103,100.0
42104,100.0
42105,100.0
42106,100.0
42107,100.0
42108,100.0
42109,100.0
42110,100.0
42111,100.0
42112,100.0
42113,100.0
42114,100.0
42115,100.0
42116,100.0
42117,100.0
42118,100.0
42119,100.0
42120,100.0
42121,100.0
42122,100.0
42123,100.0
42124,100.0
42125,100.0
42126,100.0
42127,100.0
42128,100.0
42129,100.0
42130,100.0
42131,100.0
42132,100.0
42133,100.0
42134,100.0
42135,100.0
42136,100.0
42137,100.0
42138,100.0
42139,100.0
42140,100.0
42141,100.0
42142,100.0
42143,100.0
42144,100.0
42145,100.0
42146,100.0
42147,100.0
42148,100.0
42149,100.0
42150,100.0
42151,100.0
42152,100.0
42153,100.0
42154,100.0
42155,100.0
42156,100.0
42157,100.0
42158,100.0
42159,100.0
42160,100.0
42161,100.0
42162,100.0
42163,100.0
42164,100.0
42165,100.0
42166,100.0
42167,100.0
42168,100.0
42169,100.0
42170,100.0
42171,100.0
42172,100.0
42173,100.0
42174,100.0
42175,100.0
42176,100.0
42177,100.0
42178,100.0
42179,100.0
42180,100.0
42181,100.0
42182,100.0
42183,100.0
42184,100.0
42185,100.0
42186,100.0
42187,100.0
42188,100.0
42189,100.0
42190,100.0
42191,100.0
42192,100.0
42193,100.0
42194,100.0
42195,100.0
42196,100.0
42197,100.0
42198,100.0
42199,100.0
42200,100.0
42201,100.0
42202,100.0
42203,100.0
42204,100.0
42205,100.0
42206,100.0
42207,100.0
42208,100.0
42209,100.0
42210,100.0
42211,100.0
42212,100.0
42213,100.0
42214,100.0
42215,100.0
42216,100.0
42217,100.0
42218,100.0
42219,100.0
42220,100.0
42221,100.0
42222,100.0
42223,100.0
42224,100.0
42225,100.0
42226,100.0
42227,100.0
42228,100.0
42229,100.0
42230,100.0
42231,100.0
42232,100.0
42233,100.0
42234,100.0
42235,100.0
42236,100.0
42237,100.0
42238,100.0
42239,100.0
42240,100.0
42241,100.0
42242,100.0
42243,100.0
42244,100.0
42245,100.0
42246,100.0
42247,100.0
42248,100.0
42249,100.0
42250,100.0
42251,100.0
42252,100.0
42253,100.0
42254,100.0
42255,100.0
42256,100.0
42257,100.0
42258,100.0
42259,100.0
42260,100.0
42261,100.0
42262,100.0
42263,100.0
42264,100.0
42265,100.0
42266,100.0
42267,100.0
42268,100.0
42269,100.0
42270,100.0
42271,100.0
42272,100.0
42273,100.0
42274,100.0
42275,100.0
42276,100.0
42277,100.0
42278,100.0
42279,100.0
42280,100.0
42281,100.0
42282,100.0
42283,100.0
42284,100.0
42285,100.0
42286,100.0
42287,100.0
42288,100.0
42289,100.0
42290,100.0
42291,100.0
42292,100.0
42293,100.0
42294,100.0
42295,100.0
42296,100.0
42297,100.0
42298,100.0
42299,100.0
42300,100.0
42301,100.0
42302,100.0
42303,100.0
42304,100.0
42305,100.0
42306,100.0
42307,100.0
42308,100.0
42309,100.0
42310,100.0
42311,100.0
42312,100.0
42313,100.0
42314,100.0
42315,100.0
42316,100.0
42317,100.0
42318,100.0
42319,100.0
42320,100.0
42321,100.0
42322,100.0
42323,100.0
42324,100.0
42325,100.0
42326,100.0
42327,100.0
42328,100.0
42329,100.0
42330,100.0
42331,100.0
42332,100.0
42333,100.0
42334,100.0
42335,100.0
42336,100.0
42337,100.0
42338,100.0
42339,100.0
42340,100.0
42341,100.0
42342,100.0
42343,100.0
42344,100.0
42345,100.0
42346,100.0
42347,100.0
42348,100.0
42349,100.0
42350,100.0
42351,100.0
42352,100.0
42353,100.0
42354,100.0
42355,100.0
42356,100.0
42357,100.0
42358,100.0
42359,100.0
42360,100.0
42361,100.0
42362,100.0
42363,100.0
42364,100.0
42365,100.0
42366,100.0
42367,100.0
42368,100.0
42369,100.0
42370,100.0
42371,100.0
42372,100.0
42373,100.0
42374,100.0
42375,100.0
42376,100.0
42377,100.0
42378,100.0
42379,100.0
42380,100.0
42381,100.0
42382,100.0
42383,100.0
42384,100.0
42385,100.0
42386,100.0
42387,100.0
42388,100.0
42389,100.0
42390,100.0
42391,100.0
42392,100.0
42393,100.0
42394,100.0
42395,100.0
42396,100.0
42397,100.0
42398,100.0
42399,100.0
42400,100.0
42401,100.0
42402,100.0
42403,100.0
42404,100.0
42405,100.0
42406,100.0
42407,100.0
42408,100.0
42409,100.0
42410,100.0
42411,100.0
42412,100.0
42413,100.0
42414,100.0
42415,100.0
42416,100.0
42417,100.0
42418,100.0
42419,100.0
42420,100.0
42421,100.0
42422,100.0
42423,100.0
42424,100.0
42425,100.0
42426,100.0
42427,100.0
42428,100.0
42429,100.0
42430,100.0
42431,100.0
42432,100.0
42433,100.0
42434,100.0
42435,100.0
42436,100.0
42437,100.0
42438,100.0
42439,100.0
42440,100.0
42441,100.0
42442,100.0
42443,100.0
42444,100.0
42445,100.0
42446,100.0
42447,100.0
42448,100.0
42449,100.0
42450,100.0
42451,100.0
42452,100.0
42453,100.0
42454,100.0
42455,100.0
42456,100.0
42457,100.0
42458,100.0
42459,100.0
42460,100.0
42461,100.0
42462,100.0
42463,100.0
42464,100.0
42465,100.0
42466,100.0
42467,100.0
42468,100.0
42469,100.0
42470,100.0
42471,100.0
42472,100.0
42473,100.0
42474,100.0
42475,100.0
42476,100.0
42477,100.0
42478,100.0
42479,100.0
42480,100.0
42481,100.0
42482,100.0
42483,100.0
42484,100.0
42485,100.0
42486,100.0
42487,100.0
42488,100.0
42489,100.0
42490,100.0
42491,100.0
42492,100.0
42493,100.0
42494,100.0
42495,100.0
42496,100.0
42497,100.0
42498,100.0
42499,100.0
42500,100.0
42501,100.0
42502,100.0
42503,100.0
42504,100.0
42505,100.0
42506,100.0
42507,100.0
42508,100.0
42509,100.0
42510,100.0
42511,100.0
42512,100.0
42513,100.0
42514,100.0
42515,100.0
42516,100.0
42517,100.0
42518,100.0
42519,100.0
42520,100.0
42521,100.0
42522,100.0
42523,100.0
42524,100.0
42525,100.0
42526,100.0
42527,100.0
42528,100.0
42529,100.0
42530,100.0
42531,100.0
42532,100.0
42533,100.0
42534,100.0
42535,100.0
42536,100.0
42537,100.0
42538,100.0
42539,100.0
42540,100.0
42541,100.0
42542,100.0
42543,100.0
42544,100.0
42545,100.0
42546,100.0
42547,100.0
42548,100.0
42549,100.0
42550,100.0
42551,100.0
42552,100.0
42553,100.0
42554,100.0
42555,100.0
42556,100.0
42557,100.0
42558,100.0
42559,100.0
42560,100.0
42561,100.0
42562,100.0
42563,100.0
42564,100.0
42565,100.0
42566,100.0
42567,100.0
42568,100.0
42569,100.0
42570,100.0
42571,100.0
42572,100.0
42573,100.0
42574,100.0
42575,100.0
42576,100.0
42577,100.0
42578,100.0
42579,100.0
42580,100.0
42581,100.0
42582,100.0
42583,100.0
42584,100.0
42585,100.0
42586,100.0
42587,100.0
42588,100.0
42589,100.0
42590,100.0
42591,100.0
42592,100.0
42593,100.0
42594,100.0
42595,100.0
42596,100.0
42597,100.0
42598,100.0
42599,100.0
42600,100.0
42601,100.0
42602,100.0
42603,100.0
42604,100.0
42605,100.0
42606,100.0
42607,100.0
42608,100.0
42609,100.0
42610,100.0
42611,100.0
42612,100.0
42613,100.0
42614,100.0
42615,100.0
42616,100.0
42617,100.0
42618,100.0
42619,100.0
42620,100.0
42621,100.0
42622,100.0
42623,100.0
42624,100.0
42625,100.0
42626,100.0
42627,100.0
42628,100.0
42629,100.0
42630,100.0
42631,100.0
42632,100.0
42633,100.0
42634,100.0
42635,100.0
42636,100.0
42637,100.0
42638,100.0
42639,100.0
42640,100.0
42641,100.0
42642,100.0
42643,100.0
42644,100.0
42645,100.0
42646,100.0
42647,100.0
42648,100.0
42649,100.0
42650,100.0
42651,100.0
42652,100.0
42653,100.0
42654,100.0
42655,100.0
42656,100.0
42657,100.0
42658,100.0
42659,100.0
42660,100.0
42661,100.0
42662,100.0
42663,100.0
42664,100.0
42665,100.0
42666,100.0
42667,100.0
42668,100.0
42669,100.0
42670,100.0
42671,100.0
42672,100.0
42673,100.0
42674,100.0
42675,100.0
42676,100.0
42677,100.0
42678,100.0
42679,100.0
42680,100.0
42681,100.0
42682,100.0
42683,100.0
42684,100.0
42685,100.0
42686,100.0
42687,100.0
42688,100.0
42689,100.0
42690,100.0
42691,100.0
42692,100.0
42693,100.0
42694,100.0
42695,100.0
42696,100.0
42697,100.0
42698,100.0
42699,100.0
42700,100.0
42701,100.0
42702,100.0
42703,100.0
42704,100.0
42705,100.0
42706,100.0
42707,100.0
42708,100.0
42709,100.0
42710,100.0
42711,100.0
42712,100.0
42713,100.0
42714,100.0
42715,100.0
42716,100.0
42717,100.0
42718,100.0
42719,100.0
42720,100.0
42721,100.0
42722,100.0
42723,100.0
42724,100.0
42725,100.0
42726,100.0
42727,100.0
42728,100.0
42729,100.0
42730,100.0
42731,100.0
42732,100.0
42733,100.0
42734,100.0
42735,100.0
42736,100.0
42737,100.0
42738,100.0
42739,100.0
42740,100.0
42741,100.0
42742,100.0
42743,100.0
42744,100.0
42745,100.0
42746,100.0
42747,100.0
42748,100.0
42749,100.0
42750,100.0
42751,100.0
42752,100.0
42753,100.0
42754,100.0
42755,100.0
42756,100.0
42757,100.0
42758,100.0
42759,100.0
42760,100.0
42761,100.0
42762,100.0
42763,100.0
42764,100.0
42765,100.0
42766,100.0
42767,100.0
42768,100.0
42769,100.0
42770,100.0
42771,100.0
42772,100.0
42773,100.0
42774,100.0
42775,100.0
42776,100.0
42777,100.0
42778,100.0
42779,100.0
42780,100.0
42781,100.0
42782,100.0
42783,100.0
42784,100.0
42785,100.0
42786,100.0
42787,100.0
42788,100.0
42789,100.0
42790,100.0
42791,100.0
42792,100.0
42793,100.0
42794,100.0
42795,100.0
42796,100.0
42797,100.0
42798,100.0
42799,100.0
42800,100.0
42801,100.0
42802,100.0
42803,100.0
42804,100.0
42805,100.0
42806,100.0
42807,100.0
42808,100.0
42809,100.0
42810,100.0
42811,100.0
42812,100.0
42813,100.0
42814,100.0
42815,100.0
42816,100.0
42817,100.0
42818,100.0
42819,100.0
42820,100.0
42821,100.0
42822,100.0
42823,100.0
42824,100.0
42825,100.0
42826,100.0
42827,100.0
42828,100.0
42829,100.0
42830,100.0
42831,100.0
42832,100.0
42833,100.0
42834,100.0
42835,100.0
42836,100.0
42837,100.0
42838,100.0
42839,100.0
42840,100.0
42841,100.0
42842,100.0
42843,100.0
42844,100.0
42845,100.0
42846,100.0
42847,100.0
42848,100.0
42849,100.0
42850,100.0
42851,100.0
42852,100.0
42853,100.0
42854,100.0
42855,100.0
42856,100.0
42857,100.0
42858,100.0
42859,100.0
42860,100.0
42861,100.0
42862,100.0
42863,100.0
42864,100.0
42865,100.0
42866,100.0
42867,100.0
42868,100.0
42869,100.0
42870,100.0
42871,100.0
42872,100.0
42873,100.0
42874,100.0
42875,100.0
42876,100.0
42877,100.0
42878,100.0
42879,100.0
42880,100.0
42881,100.0
42882,100.0
42883,100.0
42884,100.0
42885,100.0
42886,100.0
42887,100.0
42888,100.0
42889,100.0
42890,100.0
42891,100.0
42892,100.0
42893,100.0
42894,100.0
42895,100.0
42896,100.0
42897,100.0
42898,100.0
42899,100.0
42900,100.0
42901,100.0
42902,100.0
42903,100.0
42904,100.0
42905,100.0
42906,100.0
42907,100.0
42908,100.0
42909,100.0
42910,100.0
42911,100.0
42912,100.0
42913,100.0
42914,100.0
42915,100.0
42916,100.0
42917,100.0
42918,100.0
42919,100.0
42920,100.0
42921,100.0
42922,100.0
42923,100.0
42924,100.0
42925,100.0
42926,100.0
42927,100.0
42928,100.0
42929,100.0
42930,100.0
42931,100.0
42932,100.0
42933,100.0
42934,100.0
42935,100.0
42936,100.0
42937,100.0
42938,100.0
42939,100.0
42940,100.0
42941,100.0
42942,100.0
42943,100.0
42944,100.0
42945,100.0
42946,100.0
42947,100.0
42948,100.0
42949,100.0
42950,100.0
42951,100.0
42952,100.0
42953,100.0
42954,100.0
42955,100.0
42956,100.0
42957,100.0
42958,100.0
42959,100.0
42960,100.0
42961,100.0
42962,100.0
42963,100.0
42964,100.0
42965,100.0
42966,100.0
42967,100.0
42968,100.0
42969,100.0
42970,100.0
42971,100.0
42972,100.0
42973,100.0
42974,100.0
42975,100.0
42976,100.0
42977,100.0
42978,100.0
42979,100.0
42980,100.0
42981,100.0
42982,100.0
42983,100.0
42984,100.0
42985,100.0
42986,100.0
42987,100.0
42988,100.0
42989,100.0
42990,100.0
42991,100.0
42992,100.0
42993,100.0
42994,100.0
42995,100.0
42996,100.0
42997,100.0
42998,100.0
42999,100.0
43000,100.0
43001,100.0
43002,100.0
43003,100.0
43004,100.0
43005,100.0
43006,100.0
43007,100.0
43008,100.0
43009,100.0
43010,100.0
43011,100.0
43012,100.0
43013,100.0
43014,100.0
43015,100.0
43016,100.0
43017,100.0
43018,100.0
43019,100.0
43020,100.0
43021,100.0
43022,100.0
43023,100.0
43024,100.0
43025,100.0
43026,100.0
43027,100.0
43028,100.0
43029,100.0
43030,100.0
43031,100.0
43032,100.0
43033,100.0
43034,100.0
43035,100.0
43036,100.0
43037,100.0
43038,100.0
43039,100.0
43040,100.0
43041,100.0
43042,100.0
43043,100.0
43044,100.0
43045,100.0
43046,100.0
43047,100.0
43048,100.0
43049,100.0
43050,100.0
43051,100.0
43052,100.0
43053,100.0
43054,100.0
43055,100.0
43056,100.0
43057,100.0
43058,100.0
43059,100.0
43060,100.0
43061,100.0
43062,100.0
43063,100.0
43064,100.0
43065,100.0
43066,100.0
43067,100.0
43068,100.0
43069,100.0
43070,100.0
43071,100.0
43072,100.0
43073,100.0
43074,100.0
43075,100.0
43076,100.0
43077,100.0
43078,100.0
43079,100.0
43080,100.0
43081,100.0
43082,100.0
43083,100.0
43084,100.0
43085,100.0
43086,100.0
43087,100.0
43088,100.0
43089,100.0
43090,100.0
43091,100.0
43092,100.0
43093,100.0
43094,100.0
43095,100.0
43096,100.0
43097,100.0
43098,100.0
43099,100.0
43100,100.0
43101,100.0
43102,100.0
43103,100.0
43104,100.0
43105,100.0
43106,100.0
43107,100.0
43108,100.0
43109,100.0
43110,100.0
43111,100.0
43112,100.0
43113,100.0
43114,100.0
43115,100.0
43116,100.0
43117,100.0
43118,100.0
43119,100.0
43120,100.0
43121,100.0
43122,100.0
43123,100.0
43124,100.0
43125,100.0
43126,100.0
43127,100.0
43128,100.0
43129,100.0
43130,100.0
43131,100.0
43132,100.0
43133,100.0
43134,100.0
43135,100.0
43136,100.0
43137,100.0
43138,100.0
43139,100.0
43140,100.0
43141,100.0
43142,100.0
43143,100.0
43144,100.0
43145,100.0
43146,100.0
43147,100.0
43148,100.0
43149,100.0
43150,100.0
43151,100.0
43152,100.0
43153,100.0
43154,100.0
43155,100.0
43156,100.0
43157,100.0
43158,100.0
43159,100.0
43160,100.0
43161,100.0
43162,100.0
43163,100.0
43164,100.0
43165,100.0
43166,100.0
43167,100.0
43168,100.0
43169,100.0
43170,100.0
43171,100.0
43172,100.0
43173,100.0
43174,100.0
43175,100.0
43176,100.0
43177,100.0
43178,100.0
43179,100.0
43180,100.0
43181,100.0
43182,100.0
43183,100.0
43184,100.0
43185,100.0
43186,100.0
43187,100.0
43188,100.0
43189,100.0
43190,100.0
43191,100.0
43192,100.0
43193,100.0
43194,100.0
43195,100.0
43196,100.0
43197,100.0
43198,100.0
43199,100.0
43200,100.0
43201,100.0
43202,100.0
43203,100.0
43204,100.0
43205,100.0
43206,100.0
43207,100.0
43208,100.0
43209,100.0
43210,100.0
43211,100.0
43212,100.0
43213,100.0
43214,100.0
43215,100.0
43216,100.0
43217,100.0
43218,100.0
43219,100.0
43220,100.0
43221,100.0
43222,100.0
43223,100.0
43224,100.0
43225,100.0
43226,100.0
43227,100.0
43228,100.0
43229,100.0
43230,100.0
43231,100.0
43232,100.0
43233,100.0
43234,100.0
43235,100.0
43236,100.0
43237,100.0
43238,100.0
43239,100.0
43240,100.0
43241,100.0
43242,100.0
43243,100.0
43244,100.0
43245,100.0
43246,100.0
43247,100.0
43248,100.0
43249,100.0
43250,100.0
43251,100.0
43252,100.0
43253,100.0
43254,100.0
43255,100.0
43256,100.0
43257,100.0
43258,100.0
43259,100.0
43260,100.0
43261,100.0
43262,100.0
43263,100.0
43264,100.0
43265,100.0
43266,100.0
43267,100.0
43268,100.0
43269,100.0
43270,100.0
43271,100.0
43272,100.0
43273,100.0
43274,100.0
43275,100.0
43276,100.0
43277,100.0
43278,100.0
43279,100.0
43280,100.0
43281,100.0
43282,100.0
43283,100.0
43284,100.0
43285,100.0
43286,100.0
43287,100.0
43288,100.0
43289,100.0
43290,100.0
43291,100.0
43292,100.0
43293,100.0
43294,100.0
43295,100.0
43296,100.0
43297,100.0
43298,100.0
43299,100.0
43300,100.0
43301,100.0
43302,100.0
43303,100.0
43304,100.0
43305,100.0
43306,100.0
43307,100.0
43308,100.0
43309,100.0
43310,100.0
43311,100.0
43312,100.0
43313,100.0
43314,100.0
43315,100.0
43316,100.0
43317,100.0
43318,100.0
43319,100.0
43320,100.0
43321,100.0
43322,100.0
43323,100.0
43324,100.0
43325,100.0
43326,100.0
43327,100.0
43328,100.0
43329,100.0
43330,100.0
43331,100.0
43332,100.0
43333,100.0
43334,100.0
43335,100.0
43336,100.0
43337,100.0
43338,100.0
43339,100.0
43340,100.0
43341,100.0
43342,100.0
43343,100.0
43344,100.0
43345,100.0
43346,100.0
43347,100.0
43348,100.0
43349,100.0
43350,100.0
43351,100.0
43352,100.0
43353,100.0
43354,100.0
43355,100.0
43356,100.0
43357,100.0
43358,100.0
43359,100.0
43360,100.0
43361,100.0
43362,100.0
43363,100.0
43364,100.0
43365,100.0
43366,100.0
43367,100.0
43368,100.0
43369,100.0
43370,100.0
43371,100.0
43372,100.0
43373,100.0
43374,100.0
43375,100.0
43376,100.0
43377,100.0
43378,100.0
43379,100.0
43380,100.0
43381,100.0
43382,100.0
43383,100.0
43384,100.0
43385,100.0
43386,100.0
43387,100.0
43388,100.0
43389,100.0
43390,100.0
43391,100.0
43392,100.0
43393,100.0
43394,100.0
43395,100.0
43396,100.0
43397,100.0
43398,100.0
43399,100.0
43400,100.0
43401,100.0
43402,100.0
43403,100.0
43404,100.0
43405,100.0
43406,100.0
43407,100.0
43408,100.0
43409,100.0
43410,100.0
43411,100.0
43412,100.0
43413,100.0
43414,100.0
43415,100.0
43416,100.0
43417,100.0
43418,100.0
43419,100.0
43420,100.0
43421,100.0
43422,100.0
43423,100.0
43424,100.0
43425,100.0
43426,100.0
43427,100.0
43428,100.0
43429,100.0
43430,100.0
43431,100.0
43432,100.0
43433,100.0
43434,100.0
43435,100.0
43436,100.0
43437,100.0
43438,100.0
43439,100.0
43440,100.0
43441,100.0
43442,100.0
43443,100.0
43444,100.0
43445,100.0
43446,100.0
43447,100.0
43448,100.0
43449,100.0
43450,100.0
43451,100.0
43452,100.0
43453,100.0
43454,100.0
43455,100.0
43456,100.0
43457,100.0
43458,100.0
43459,100.0
43460,100.0
43461,100.0
43462,100.0
43463,100.0
43464,100.0
43465,100.0
43466,100.0
43467,100.0
43468,100.0
43469,100.0
43470,100.0
43471,100.0
43472,100.0
43473,100.0
43474,100.0
43475,100.0
43476,100.0
43477,100.0
43478,100.0
43479,100.0
43480,100.0
43481,100.0
43482,100.0
43483,100.0
43484,100.0
43485,100.0
43486,100.0
43487,100.0
43488,100.0
43489,100.0
43490,100.0
43491,100.0
43492,100.0
43493,100.0
43494,100.0
43495,100.0
43496,100.0
43497,100.0
43498,100.0
43499,100.0
43500,100.0
43501,100.0
43502,100.0
43503,100.0
43504,100.0
43505,100.0
43506,100.0
43507,100.0
43508,100.0
43509,100.0
43510,100.0
43511,100.0
43512,100.0
43513,100.0
43514,100.0
43515,100.0
43516,100.0
43517,100.0
43518,100.0
43519,100.0
43520,100.0
43521,100.0
43522,100.0
43523,100.0
43524,100.0
43525,100.0
43526,100.0
43527,100.0
43528,100.0
43529,100.0
43530,100.0
43531,100.0
43532,100.0
43533,100.0
43534,100.0
43535,100.0
43536,100.0
43537,100.0
43538,100.0
43539,100.0
43540,100.0
43541,100.0
43542,100.0
43543,100.0
43544,100.0
43545,100.0
43546,100.0
43547,100.0
43548,100.0
43549,100.0
43550,100.0
43551,100.0
43552,100.0
43553,100.0
43554,100.0
43555,100.0
43556,100.0
43557,100.0
43558,100.0
43559,100.0
43560,100.0
43561,100.0
43562,100.0
43563,100.0
43564,100.0
43565,100.0
43566,100.0
43567,100.0
43568,100.0
43569,100.0
43570,100.0
43571,100.0
43572,100.0
43573,100.0
43574,100.0
43575,100.0
43576,100.0
43577,100.0
43578,100.0
43579,100.0
43580,100.0
43581,100.0
43582,100.0
43583,100.0
43584,100.0
43585,100.0
43586,100.0
43587,100.0
43588,100.0
43589,100.0
43590,100.0
43591,100.0
43592,100.0
43593,100.0
43594,100.0
43595,100.0
43596,100.0
43597,100.0
43598,100.0
43599,100.0
43600,100.0
43601,100.0
43602,100.0
43603,100.0
43604,100.0
43605,100.0
43606,100.0
43607,100.0
43608,100.0
43609,100.0
43610,100.0
43611,100.0
43612,100.0
43613,100.0
43614,100.0
43615,100.0
43616,100.0
43617,100.0
43618,100.0
43619,100.0
43620,100.0
43621,100.0
43622,100.0
43623,100.0
43624,100.0
43625,100.0
43626,100.0
43627,100.0
43628,100.0
43629,100.0
43630,100.0
43631,100.0
43632,100.0
43633,100.0
43634,100.0
43635,100.0
43636,100.0
43637,100.0
43638,100.0
43639,100.0
43640,100.0
43641,100.0
43642,100.0
43643,100.0
43644,100.0
43645,100.0
43646,100.0
43647,100.0
43648,100.0
43649,100.0
43650,100.0
43651,100.0
43652,100.0
43653,100.0
43654,100.0
43655,100.0
43656,100.0
43657,100.0
43658,100.0
43659,100.0
43660,100.0
43661,100.0
43662,100.0
43663,100.0
43664,100.0
43665,100.0
43666,100.0
43667,100.0
43668,100.0
43669,100.0
43670,100.0
43671,100.0
43672,100.0
43673,100.0
43674,100.0
43675,100.0
43676,100.0
43677,100.0
43678,100.0
43679,100.0
43680,100.0
43681,100.0
43682,100.0
43683,100.0
43684,100.0
43685,100.0
43686,100.0
43687,100.0
43688,100.0
43689,100.0
43690,100.0
43691,100.0
43692,100.0
43693,100.0
43694,100.0
43695,100.0
43696,100.0
43697,100.0
43698,100.0
43699,100.0
43700,100.0
43701,100.0
43702,100.0
43703,100.0
43704,100.0
43705,100.0
43706,100.0
43707,100.0
43708,100.0
43709,100.0
43710,100.0
43711,100.0
43712,100.0
43713,100.0
43714,100.0
43715,100.0
43716,100.0
43717,100.0
43718,100.0
43719,100.0
43720,100.0
43721,100.0
43722,100.0
43723,100.0
43724,100.0
43725,100.0
43726,100.0
43727,100.0
43728,100.0
43729,100.0
43730,100.0
43731,100.0
43732,100.0
43733,100.0
43734,100.0
43735,100.0
43736,100.0
43737,100.0
43738,100.0
43739,100.0
43740,100.0
43741,100.0
43742,100.0
43743,100.0
43744,100.0
43745,100.0
43746,100.0
43747,100.0
43748,100.0
43749,100.0
43750,100.0
43751,100.0
43752,100.0
43753,100.0
43754,100.0
43755,100.0
43756,100.0
43757,100.0
43758,100.0
43759,100.0
43760,100.0
43761,100.0
43762,100.0
43763,100.0
43764,100.0
43765,100.0
43766,100.0
43767,100.0
43768,100.0
43769,100.0
43770,100.0
43771,100.0
43772,100.0
43773,100.0
43774,100.0
43775,100.0
43776,100.0
43777,100.0
43778,100.0
43779,100.0
43780,100.0
43781,100.0
43782,100.0
43783,100.0
43784,100.0
43785,100.0
43786,100.0
43787,100.0
43788,100.0
43789,100.0
43790,100.0
43791,100.0
43792,100.0
43793,100.0
43794,100.0
43795,100.0
43796,100.0
43797,100.0
43798,100.0
43799,100.0
43800,100.0
43801,100.0
43802,100.0
43803,100.0
43804,100.0
43805,100.0
43806,100.0
43807,100.0
43808,100.0
43809,100.0
43810,100.0
43811,100.0
43812,100.0
43813,100.0
43814,100.0
43815,100.0
43816,100.0
43817,100.0
43818,100.0
43819,100.0
43820,100.0
43821,100.0
43822,100.0
43823,100.0
43824,100.0
43825,100.0
43826,100.0
43827,100.0
43828,100.0
43829,100.0
43830,100.0
43831,100.0
43832,100.0
43833,100.0
43834,100.0
43835,100.0
43836,100.0
43837,100.0
43838,100.0
43839,100.0
43840,100.0
43841,100.0
43842,100.0
43843,100.0
43844,100.0
43845,100.0
43846,100.0
43847,100.0
43848,100.0
43849,100.0
43850,100.0
43851,100.0
43852,100.0
43853,100.0
43854,100.0
43855,100.0
43856,100.0
43857,100.0
43858,100.0
43859,100.0
43860,100.0
43861,100.0
43862,100.0
43863,100.0
43864,100.0
43865,100.0
43866,100.0
43867,100.0
43868,100.0
43869,100.0
43870,100.0
43871,100.0
43872,100.0
43873,100.0
43874,100.0
43875,100.0
43876,100.0
43877,100.0
43878,100.0
43879,100.0
43880,100.0
43881,100.0
43882,100.0
43883,100.0
43884,100.0
43885,100.0
43886,100.0
43887,100.0
43888,100.0
43889,100.0
43890,100.0
43891,100.0
43892,100.0
43893,100.0
43894,100.0
43895,100.0
43896,100.0
43897,100.0
43898,100.0
43899,100.0
43900,100.0
43901,100.0
43902,100.0
43903,100.0
43904,100.0
43905,100.0
43906,100.0
43907,100.0
43908,100.0
43909,100.0
43910,100.0
43911,100.0
43912,100.0
43913,100.0
43914,100.0
43915,100.0
43916,100.0
43917,100.0
43918,100.0
43919,100.0
43920,100.0
43921,100.0
43922,100.0
43923,100.0
43924,100.0
43925,100.0
43926,100.0
43927,100.0
43928,100.0
43929,100.0
43930,100.0
43931,100.0
43932,100.0
43933,100.0
43934,100.0
43935,100.0
43936,100.0
43937,100.0
43938,100.0
43939,100.0
43940,100.0
43941,100.0
43942,100.0
43943,100.0
43944,100.0
43945,100.0
43946,100.0
43947,100.0
43948,100.0
43949,100.0
43950,100.0
43951,100.0
43952,100.0
43953,100.0
43954,100.0
43955,100.0
43956,100.0
43957,100.0
43958,100.0
43959,100.0
43960,100.0
43961,100.0
43962,100.0
43963,100.0
43964,100.0
43965,100.0
43966,100.0
43967,100.0
43968,100.0
43969,100.0
43970,100.0
43971,100.0
43972,100.0
43973,100.0
43974,100.0
43975,100.0
43976,100.0
43977,100.0
43978,100.0
43979,100.0
43980,100.0
43981,100.0
43982,100.0
43983,100.0
43984,100.0
43985,100.0
43986,100.0
43987,100.0
43988,100.0
43989,100.0
43990,100.0
43991,100.0
43992,100.0
43993,100.0
43994,100.0
43995,100.0
43996,100.0
43997,100.0
43998,100.0
43999,100.0
44000,100.0
44001,100.0
44002,100.0
44003,100.0
44004,100.0
44005,100.0
44006,100.0
44007,100.0
44008,100.0
44009,100.0
44010,100.0
44011,100.0
44012,100.0
44013,100.0
44014,100.0
44015,100.0
44016,100.0
44017,100.0
44018,100.0
44019,100.0
44020,100.0
44021,100.0
44022,100.0
44023,100.0
44024,100.0
44025,100.0
44026,100.0
44027,100.0
44028,100.0
44029,100.0
44030,100.0
44031,100.0
44032,100.0
44033,100.0
44034,100.0
44035,100.0
44036,100.0
44037,100.0
44038,100.0
44039,100.0
44040,100.0
44041,100.0
44042,100.0
44043,100.0
44044,100.0
44045,100.0
44046,100.0
44047,100.0
44048,100.0
44049,100.0
44050,100.0
44051,100.0
44052,100.0
44053,100.0
44054,100.0
44055,100.0
44056,100.0
44057,100.0
44058,100.0
44059,100.0
44060,100.0
44061,100.0
44062,100.0
44063,100.0
44064,100.0
44065,100.0
44066,100.0
44067,100.0
44068,100.0
44069,100.0
44070,100.0
44071,100.0
44072,100.0
44073,100.0
44074,100.0
44075,100.0
44076,100.0
44077,100.0
44078,100.0
44079,100.0
44080,100.0
44081,100.0
44082,100.0
44083,100.0
44084,100.0
44085,100.0
44086,100.0
44087,100.0
44088,100.0
44089,100.0
44090,100.0
44091,100.0
44092,100.0
44093,100.0
44094,100.0
44095,100.0
44096,100.0
44097,100.0
44098,100.0
44099,100.0
44100,100.0
44101,100.0
44102,100.0
44103,100.0
44104,100.0
44105,100.0
44106,100.0
44107,100.0
44108,100.0
44109,100.0
44110,100.0
44111,100.0
44112,100.0
44113,100.0
44114,100.0
44115,100.0
44116,100.0
44117,100.0
44118,100.0
44119,100.0
44120,100.0
44121,100.0
44122,100.0
44123,100.0
44124,100.0
44125,100.0
44126,100.0
44127,100.0
44128,100.0
44129,100.0
44130,100.0
44131,100.0
44132,100.0
44133,100.0
44134,100.0
44135,100.0
44136,100.0
44137,100.0
44138,100.0
44139,100.0
44140,100.0
44141,100.0
44142,100.0
44143,100.0
44144,100.0
44145,100.0
44146,100.0
44147,100.0
44148,100.0
44149,100.0
44150,100.0
44151,100.0
44152,100.0
44153,100.0
44154,100.0
44155,100.0
44156,100.0
44157,100.0
44158,100.0
44159,100.0
44160,100.0
44161,100.0
44162,100.0
44163,100.0
44164,100.0
44165,100.0
44166,100.0
44167,100.0
44168,100.0
44169,100.0
44170,100.0
44171,100.0
44172,100.0
44173,100.0
44174,100.0
44175,100.0
44176,100.0
44177,100.0
44178,100.0
44179,100.0
44180,100.0
44181,100.0
44182,100.0
44183,100.0
44184,100.0
44185,100.0
44186,100.0
44187,100.0
44188,100.0
44189,100.0
44190,100.0
44191,100.0
44192,100.0
44193,100.0
44194,100.0
44195,100.0
44196,100.0
44197,100.0
44198,100.0
44199,100.0
44200,100.0
44201,100.0
44202,100.0
44203,100.0
44204,100.0
44205,100.0
44206,100.0
44207,100.0
44208,100.0
44209,100.0
44210,100.0
44211,100.0
44212,100.0
44213,100.0
44214,100.0
44215,100.0
44216,100.0
44217,100.0
44218,100.0
44219,100.0
44220,100.0
44221,100.0
44222,100.0
44223,100.0
44224,100.0
44225,100.0
44226,100.0
44227,100.0
44228,100.0
44229,100.0
44230,100.0
44231,100.0
44232,100.0
44233,100.0
44234,100.0
44235,100.0
44236,100.0
44237,100.0
44238,100.0
44239,100.0
44240,100.0
44241,100.0
44242,100.0
44243,100.0
44244,100.0
44245,100.0
44246,100.0
44247,100.0
44248,100.0
44249,100.0
44250,100.0
44251,100.0
44252,100.0
44253,100.0
44254,100.0
44255,100.0
44256,100.0
44257,100.0
44258,100.0
44259,100.0
44260,100.0
44261,100.0
44262,100.0
44263,100.0
44264,100.0
44265,100.0
44266,100.0
44267,100.0
44268,100.0
44269,100.0
44270,100.0
44271,100.0
44272,100.0
44273,100.0
44274,100.0
44275,100.0
44276,100.0
44277,100.0
44278,100.0
44279,100.0
44280,100.0
44281,100.0
44282,100.0
44283,100.0
44284,100.0
44285,100.0
44286,100.0
44287,100.0
44288,100.0
44289,100.0
44290,100.0
44291,100.0
44292,100.0
44293,100.0
44294,100.0
44295,100.0
44296,100.0
44297,100.0
44298,100.0
44299,100.0
44300,100.0
44301,100.0
44302,100.0
44303,100.0
44304,100.0
44305,100.0
44306,100.0
44307,100.0
44308,100.0
44309,100.0
44310,100.0
44311,100.0
44312,100.0
44313,100.0
44314,100.0
44315,100.0
44316,100.0
44317,100.0
44318,100.0
44319,100.0
44320,100.0
44321,100.0
44322,100.0
44323,100.0
44324,100.0
44325,100.0
44326,100.0
44327,100.0
44328,100.0
44329,100.0
44330,100.0
44331,100.0
44332,100.0
44333,100.0
44334,100.0
44335,100.0
44336,100.0
44337,100.0
44338,100.0
44339,100.0
44340,100.0
44341,100.0
44342,100.0
44343,100.0
44344,100.0
44345,100.0
44346,100.0
44347,100.0
44348,100.0
44349,100.0
44350,100.0
44351,100.0
44352,100.0
44353,100.0
44354,100.0
44355,100.0
44356,100.0
44357,100.0
44358,100.0
44359,100.0
44360,100.0
44361,100.0
44362,100.0
44363,100.0
44364,100.0
44365,100.0
44366,100.0
44367,100.0
44368,100.0
44369,100.0
44370,100.0
44371,100.0
44372,100.0
44373,100.0
44374,100.0
44375,100.0
44376,100.0
44377,100.0
44378,100.0
44379,100.0
44380,100.0
44381,100.0
44382,100.0
44383,100.0
44384,100.0
44385,100.0
44386,100.0
44387,100.0
44388,100.0
44389,100.0
44390,100.0
44391,100.0
44392,100.0
44393,100.0
44394,100.0
44395,100.0
44396,100.0
44397,100.0
44398,100.0
44399,100.0
44400,100.0
44401,100.0
44402,100.0
44403,100.0
44404,100.0
44405,100.0
44406,100.0
44407,100.0
44408,100.0
44409,100.0
44410,100.0
44411,100.0
44412,100.0
44413,100.0
44414,100.0
44415,100.0
44416,100.0
44417,100.0
44418,100.0
44419,100.0
44420,100.0
44421,100.0
44422,100.0
44423,100.0
44424,100.0
44425,100.0
44426,100.0
44427,100.0
44428,100.0
44429,100.0
44430,100.0
44431,100.0
44432,100.0
44433,100.0
44434,100.0
44435,100.0
44436,100.0
44437,100.0
44438,100.0
44439,100.0
44440,100.0
44441,100.0
44442,100.0
44443,100.0
44444,100.0
44445,100.0
44446,100.0
44447,100.0
44448,100.0
44449,100.0
44450,100.0
44451,100.0
44452,100.0
44453,100.0
44454,100.0
44455,100.0
44456,100.0
44457,100.0
44458,100.0
44459,100.0
44460,100.0
44461,100.0
44462,100.0
44463,100.0
44464,100.0
44465,100.0
44466,100.0
44467,100.0
44468,100.0
44469,100.0
44470,100.0
44471,100.0
44472,100.0
44473,100.0
44474,100.0
44475,100.0
44476,100.0
44477,100.0
44478,100.0
44479,100.0
44480,100.0
44481,100.0
44482,100.0
44483,100.0
44484,100.0
44485,100.0
44486,100.0
44487,100.0
44488,100.0
44489,100.0
44490,100.0
44491,100.0
44492,100.0
44493,100.0
44494,100.0
44495,100.0
44496,100.0
44497,100.0
44498,100.0
44499,100.0
44500,100.0
44501,100.0
44502,100.0
44503,100.0
44504,100.0
44505,100.0
44506,100.0
44507,100.0
44508,100.0
44509,100.0
44510,100.0
44511,100.0
44512,100.0
44513,100.0
44514,100.0
44515,100.0
44516,100.0
44517,100.0
44518,100.0
44519,100.0
44520,100.0
44521,100.0
44522,100.0
44523,100.0
44524,100.0
44525,100.0
44526,100.0
44527,100.0
44528,100.0
44529,100.0
44530,100.0
44531,100.0
44532,100.0
44533,100.0
44534,100.0
44535,100.0
44536,100.0
44537,100.0
44538,100.0
44539,100.0
44540,100.0
44541,100.0
44542,100.0
44543,100.0
44544,100.0
44545,100.0
44546,100.0
44547,100.0
44548,100.0
44549,100.0
44550,100.0
44551,100.0
44552,100.0
44553,100.0
44554,100.0
44555,100.0
44556,100.0
44557,100.0
44558,100.0
44559,100.0
44560,100.0
44561,100.0
44562,100.0
44563,100.0
44564,100.0
44565,100.0
44566,100.0
44567,100.0
44568,100.0
44569,100.0
44570,100.0
44571,100.0
44572,100.0
44573,100.0
44574,100.0
44575,100.0
44576,100.0
44577,100.0
44578,100.0
44579,100.0
44580,100.0
44581,100.0
44582,100.0
44583,100.0
44584,100.0
44585,100.0
44586,100.0
44587,100.0
44588,100.0
44589,100.0
44590,100.0
44591,100.0
44592,100.0
44593,100.0
44594,100.0
44595,100.0
44596,100.0
44597,100.0
44598,100.0
44599,100.0
44600,100.0
44601,100.0
44602,100.0
44603,100.0
44604,100.0
44605,100.0
44606,100.0
44607,100.0
44608,100.0
44609,100.0
44610,100.0
44611,100.0
44612,100.0
44613,100.0
44614,100.0
44615,100.0
44616,100.0
44617,100.0
44618,100.0
44619,100.0
44620,100.0
44621,100.0
44622,100.0
44623,100.0
44624,100.0
44625,100.0
44626,100.0
44627,100.0
44628,100.0
44629,100.0
44630,100.0
44631,100.0
44632,100.0
44633,100.0
44634,100.0
44635,100.0
44636,100.0
44637,100.0
44638,100.0
44639,100.0
44640,100.0
44641,100.0
44642,100.0
44643,100.0
44644,100.0
44645,100.0
44646,100.0
44647,100.0
44648,100.0
44649,100.0
44650,100.0
44651,100.0
44652,100.0
44653,100.0
44654,100.0
44655,100.0
44656,100.0
44657,100.0
44658,100.0
44659,100.0
44660,100.0
44661,100.0
44662,100.0
44663,100.0
44664,100.0
44665,100.0
44666,100.0
44667,100.0
44668,100.0
44669,100.0
44670,100.0
44671,100.0
44672,100.0
44673,100.0
44674,100.0
44675,100.0
44676,100.0
44677,100.0
44678,100.0
44679,100.0
44680,100.0
44681,100.0
44682,100.0
44683,100.0
44684,100.0
44685,100.0
44686,100.0
44687,100.0
44688,100.0
44689,100.0
44690,100.0
44691,100.0
44692,100.0
44693,100.0
44694,100.0
44695,100.0
44696,100.0
44697,100.0
44698,100.0
44699,100.0
44700,100.0
44701,100.0
44702,100.0
44703,100.0
44704,100.0
44705,100.0
44706,100.0
44707,100.0
44708,100.0
44709,100.0
44710,100.0
44711,100.0
44712,100.0
44713,100.0
44714,100.0
44715,100.0
44716,100.0
44717,100.0
44718,100.0
44719,100.0
44720,100.0
44721,100.0
44722,100.0
44723,100.0
44724,100.0
44725,100.0
44726,100.0
44727,100.0
44728,100.0
44729,100.0
44730,100.0
44731,100.0
44732,100.0
44733,100.0
44734,100.0
44735,100.0
44736,100.0
44737,100.0
44738,100.0
44739,100.0
44740,100.0
44741,100.0
44742,100.0
44743,100.0
44744,100.0
44745,100.0
44746,100.0
44747,100.0
44748,100.0
44749,100.0
44750,100.0
44751,100.0
44752,100.0
44753,100.0
44754,100.0
44755,100.0
44756,100.0
44757,100.0
44758,100.0
44759,100.0
44760,100.0
44761,100.0
44762,100.0
44763,100.0
44764,100.0
44765,100.0
44766,100.0
44767,100.0
44768,100.0
44769,100.0
44770,100.0
44771,100.0
44772,100.0
44773,100.0
44774,100.0
44775,100.0
44776,100.0
44777,100.0
44778,100.0
44779,100.0
44780,100.0
44781,100.0
44782,100.0
44783,100.0
44784,100.0
44785,100.0
44786,100.0
44787,100.0
44788,100.0
44789,100.0
44790,100.0
44791,100.0
44792,100.0
44793,100.0
44794,100.0
44795,100.0
44796,100.0
44797,100.0
44798,100.0
44799,100.0
44800,100.0
44801,100.0
44802,100.0
44803,100.0
44804,100.0
44805,100.0
44806,100.0
44807,100.0
44808,100.0
44809,100.0
44810,100.0
44811,100.0
44812,100.0
44813,100.0
44814,100.0
44815,100.0
44816,100.0
44817,100.0
44818,100.0
44819,100.0
44820,100.0
44821,100.0
44822,100.0
44823,100.0
44824,100.0
44825,100.0
44826,100.0
44827,100.0
44828,100.0
44829,100.0
44830,100.0
44831,100.0
44832,100.0
44833,100.0
44834,100.0
44835,100.0
44836,100.0
44837,100.0
44838,100.0
44839,100.0
44840,100.0
44841,100.0
44842,100.0
44843,100.0
44844,100.0
44845,100.0
44846,100.0
44847,100.0
44848,100.0
44849,100.0
44850,100.0
44851,100.0
44852,100.0
44853,100.0
44854,100.0
44855,100.0
44856,100.0
44857,100.0
44858,100.0
44859,100.0
44860,100.0
44861,100.0
44862,100.0
44863,100.0
44864,100.0
44865,100.0
44866,100.0
44867,100.0
44868,100.0
44869,100.0
44870,100.0
44871,100.0
44872,100.0
44873,100.0
44874,100.0
44875,100.0
44876,100.0
44877,100.0
44878,100.0
44879,100.0
44880,100.0
44881,100.0
44882,100.0
44883,100.0
44884,100.0
44885,100.0
44886,100.0
44887,100.0
44888,100.0
44889,100.0
44890,100.0
44891,100.0
44892,100.0
44893,100.0
44894,100.0
44895,100.0
44896,100.0
44897,100.0
44898,100.0
44899,100.0
44900,100.0
44901,100.0
44902,100.0
44903,100.0
44904,100.0
44905,100.0
44906,100.0
44907,100.0
44908,100.0
44909,100.0
44910,100.0
44911,100.0
44912,100.0
44913,100.0
44914,100.0
44915,100.0
44916,100.0
44917,100.0
44918,100.0
44919,100.0
44920,100.0
44921,100.0
44922,100.0
44923,100.0
44924,100.0
44925,100.0
44926,100.0
44927,100.0
44928,100.0
44929,100.0
44930,100.0
44931,100.0
44932,100.0
44933,100.0
44934,100.0
44935,100.0
44936,100.0
44937,100.0
44938,100.0
44939,100.0
44940,100.0
44941,100.0
44942,100.0
44943,100.0
44944,100.0
44945,100.0
44946,100.0
44947,100.0
44948,100.0
44949,100.0
44950,100.0
44951,100.0
44952,100.0
44953,100.0
44954,100.0
44955,100.0
44956,100.0
44957,100.0
44958,100.0
44959,100.0
44960,100.0
44961,100.0
44962,100.0
44963,100.0
44964,100.0
44965,100.0
44966,100.0
44967,100.0
44968,100.0
44969,100.0
44970,100.0
44971,100.0
44972,100.0
44973,100.0
44974,100.0
44975,100.0
44976,100.0
44977,100.0
44978,100.0
44979,100.0
44980,100.0
44981,100.0
44982,100.0
44983,100.0
44984,100.0
44985,100.0
44986,100.0
44987,100.0
44988,100.0
44989,100.0
44990,100.0
44991,100.0
44992,100.0
44993,100.0
44994,100.0
44995,100.0
44996,100.0
44997,100.0
44998,100.0
44999,100.0
45000,100.0
45001,100.0
45002,100.0
45003,100.0
45004,100.0
45005,100.0
45006,100.0
45007,100.0
45008,100.0
45009,100.0
45010,100.0
45011,100.0
45012,100.0
45013,100.0
45014,100.0
45015,100.0
45016,100.0
45017,100.0
45018,100.0
45019,100.0
45020,100.0
45021,100.0
45022,100.0
45023,100.0
45024,100.0
45025,100.0
45026,100.0
45027,100.0
45028,100.0
45029,100.0
45030,100.0
45031,100.0
45032,100.0
45033,100.0
45034,100.0
45035,100.0
45036,100.0
45037,100.0
45038,100.0
45039,100.0
45040,100.0
45041,100.0
45042,100.0
45043,100.0
45044,100.0
45045,100.0
45046,100.0
45047,100.0
45048,100.0
45049,100.0
45050,100.0
45051,100.0
45052,100.0
45053,100.0
45054,100.0
45055,100.0
45056,100.0
45057,100.0
45058,100.0
45059,100.0
45060,100.0
45061,100.0
45062,100.0
45063,100.0
45064,100.0
45065,100.0
45066,100.0
45067,100.0
45068,100.0
45069,100.0
45070,100.0
45071,100.0
45072,100.0
45073,100.0
45074,100.0
45075,100.0
45076,100.0
45077,100.0
45078,100.0
45079,100.0
45080,100.0
45081,100.0
45082,100.0
45083,100.0
45084,100.0
45085,100.0
45086,100.0
45087,100.0
45088,100.0
45089,100.0
45090,100.0
45091,100.0
45092,100.0
45093,100.0
45094,100.0
45095,100.0
45096,100.0
45097,100.0
45098,100.0
45099,100.0
45100,100.0
45101,100.0
45102,100.0
45103,100.0
45104,100.0
45105,100.0
45106,100.0
45107,100.0
45108,100.0
45109,100.0
45110,100.0
45111,100.0
45112,100.0
45113,100.0
45114,100.0
45115,100.0
45116,100.0
45117,100.0
45118,100.0
45119,100.0
45120,100.0
45121,100.0
45122,100.0
45123,100.0
45124,100.0
45125,100.0
45126,100.0
45127,100.0
45128,100.0
45129,100.0
45130,100.0
45131,100.0
45132,100.0
45133,100.0
45134,100.0
45135,100.0
45136,100.0
45137,100.0
45138,100.0
45139,100.0
45140,100.0
45141,100.0
45142,100.0
45143,100.0
45144,100.0
45145,100.0
45146,100.0
45147,100.0
45148,100.0
45149,100.0
45150,100.0
45151,100.0
45152,100.0
45153,100.0
45154,100.0
45155,100.0
45156,100.0
45157,100.0
45158,100.0
45159,100.0
45160,100.0
45161,100.0
45162,100.0
45163,100.0
45164,100.0
45165,100.0
45166,100.0
45167,100.0
45168,100.0
45169,100.0
45170,100.0
45171,100.0
45172,100.0
45173,100.0
45174,100.0
45175,100.0
45176,100.0
45177,100.0
45178,100.0
45179,100.0
45180,100.0
45181,100.0
45182,100.0
45183,100.0
45184,100.0
45185,100.0
45186,100.0
45187,100.0
45188,100.0
45189,100.0
45190,100.0
45191,100.0
45192,100.0
45193,100.0
45194,100.0
45195,100.0
45196,100.0
45197,100.0
45198,100.0
45199,100.0
45200,100.0
45201,100.0
45202,100.0
45203,100.0
45204,100.0
45205,100.0
45206,100.0
45207,100.0
45208,100.0
45209,100.0
45210,100.0
45211,100.0
45212,100.0
45213,100.0
45214,100.0
45215,100.0
45216,100.0
45217,100.0
45218,100.0
45219,100.0
45220,100.0
45221,100.0
45222,100.0
45223,100.0
45224,100.0
45225,100.0
45226,100.0
45227,100.0
45228,100.0
45229,100.0
45230,100.0
45231,100.0
45232,100.0
45233,100.0
45234,100.0
45235,100.0
45236,100.0
45237,100.0
45238,100.0
45239,100.0
45240,100.0
45241,100.0
45242,100.0
45243,100.0
45244,100.0
45245,100.0
45246,100.0
45247,100.0
45248,100.0
45249,100.0
45250,100.0
45251,100.0
45252,100.0
45253,100.0
45254,100.0
45255,100.0
45256,100.0
45257,100.0
45258,100.0
45259,100.0
45260,100.0
45261,100.0
45262,100.0
45263,100.0
45264,100.0
45265,100.0
45266,100.0
45267,100.0
45268,100.0
45269,100.0
45270,100.0
45271,100.0
45272,100.0
45273,100.0
45274,100.0
45275,100.0
45276,100.0
45277,100.0
45278,100.0
45279,100.0
45280,100.0
45281,100.0
45282,100.0
45283,100.0
45284,100.0
45285,100.0
45286,100.0
45287,100.0
45288,100.0
45289,100.0
45290,100.0
45291,100.0
45292,100.0
45293,100.0
45294,100.0
45295,100.0
45296,100.0
45297,100.0
45298,100.0
45299,100.0
45300,100.0
45301,100.0
45302,100.0
45303,100.0
45304,100.0
45305,100.0
45306,100.0
45307,100.0
45308,100.0
45309,100.0
45310,100.0
45311,100.0
45312,100.0
45313,100.0
45314,100.0
45315,100.0
45316,100.0
45317,100.0
45318,100.0
45319,100.0
45320,100.0
45321,100.0
45322,100.0
45323,100.0
45324,100.0
45325,100.0
45326,100.0
45327,100.0
45328,100.0
45329,100.0
45330,100.0
45331,100.0
45332,100.0
45333,100.0
45334,100.0
45335,100.0
45336,100.0
45337,100.0
45338,100.0
45339,100.0
45340,100.0
45341,100.0
45342,100.0
45343,100.0
45344,100.0
45345,100.0
45346,100.0
45347,100.0
45348,100.0
45349,100.0
45350,100.0
45351,100.0
45352,100.0
45353,100.0
45354,100.0
45355,100.0
45356,100.0
45357,100.0
45358,100.0
45359,100.0
45360,100.0
45361,100.0
45362,100.0
45363,100.0
45364,100.0
45365,100.0
45366,100.0
45367,100.0
45368,100.0
45369,100.0
45370,100.0
45371,100.0
45372,100.0
45373,100.0
45374,100.0
45375,100.0
45376,100.0
45377,100.0
45378,100.0
45379,100.0
45380,100.0
45381,100.0
45382,100.0
45383,100.0
45384,100.0
45385,100.0
45386,100.0
45387,100.0
45388,100.0
45389,100.0
45390,100.0
45391,100.0
45392,100.0
45393,100.0
45394,100.0
45395,100.0
45396,100.0
45397,100.0
45398,100.0
45399,100.0
45400,100.0
45401,100.0
45402,100.0
45403,100.0
45404,100.0
45405,100.0
45406,100.0
45407,100.0
45408,100.0
45409,100.0
45410,100.0
45411,100.0
45412,100.0
45413,100.0
45414,100.0
45415,100.0
45416,100.0
45417,100.0
45418,100.0
45419,100.0
45420,100.0
45421,100.0
45422,100.0
45423,100.0
45424,100.0
45425,100.0
45426,100.0
45427,100.0
45428,100.0
45429,100.0
45430,100.0
45431,100.0
45432,100.0
45433,100.0
45434,100.0
45435,100.0
45436,100.0
45437,100.0
45438,100.0
45439,100.0
45440,100.0
45441,100.0
45442,100.0
45443,100.0
45444,100.0
45445,100.0
45446,100.0
45447,100.0
45448,100.0
45449,100.0
45450,100.0
45451,100.0
45452,100.0
45453,100.0
45454,100.0
45455,100.0
45456,100.0
45457,100.0
45458,100.0
45459,100.0
45460,100.0
45461,100.0
45462,100.0
45463,100.0
45464,100.0
45465,100.0
45466,100.0
45467,100.0
45468,100.0
45469,100.0
45470,100.0
45471,100.0
45472,100.0
45473,100.0
45474,100.0
45475,100.0
45476,100.0
45477,100.0
45478,100.0
45479,100.0
45480,100.0
45481,100.0
45482,100.0
45483,100.0
45484,100.0
45485,100.0
45486,100.0
45487,100.0
45488,100.0
45489,100.0
45490,100.0
45491,100.0
45492,100.0
45493,100.0
45494,100.0
45495,100.0
45496,100.0
45497,100.0
45498,100.0
45499,100.0
45500,100.0
45501,100.0
45502,100.0
45503,100.0
45504,100.0
45505,100.0
45506,100.0
45507,100.0
45508,100.0
45509,100.0
45510,100.0
45511,100.0
45512,100.0
45513,100.0
45514,100.0
45515,100.0
45516,100.0
45517,100.0
45518,100.0
45519,100.0
45520,100.0
45521,100.0
45522,100.0
45523,100.0
45524,100.0
45525,100.0
45526,100.0
45527,100.0
45528,100.0
45529,100.0
45530,100.0
45531,100.0
45532,100.0
45533,100.0
45534,100.0
45535,100.0
45536,100.0
45537,100.0
45538,100.0
45539,100.0
45540,100.0
45541,100.0
45542,100.0
45543,100.0
45544,100.0
45545,100.0
45546,100.0
45547,100.0
45548,100.0
45549,100.0
45550,100.0
45551,100.0
45552,100.0
45553,100.0
45554,100.0
45555,100.0
45556,100.0
45557,100.0
45558,100.0
45559,100.0
45560,100.0
45561,100.0
45562,100.0
45563,100.0
45564,100.0
45565,100.0
45566,100.0
45567,100.0
45568,100.0
45569,100.0
45570,100.0
45571,100.0
45572,100.0
45573,100.0
45574,100.0
45575,100.0
45576,100.0
45577,100.0
45578,100.0
45579,100.0
45580,100.0
45581,100.0
45582,100.0
45583,100.0
45584,100.0
45585,100.0
45586,100.0
45587,100.0
45588,100.0
45589,100.0
45590,100.0
45591,100.0
45592,100.0
45593,100.0
45594,100.0
45595,100.0
45596,100.0
45597,100.0
45598,100.0
45599,100.0
45600,100.0
45601,100.0
45602,100.0
45603,100.0
45604,100.0
45605,100.0
45606,100.0
45607,100.0
45608,100.0
45609,100.0
45610,100.0
45611,100.0
45612,100.0
45613,100.0
45614,100.0
45615,100.0
45616,100.0
45617,100.0
45618,100.0
45619,100.0
45620,100.0
45621,100.0
45622,100.0
45623,100.0
45624,100.0
45625,100.0
45626,100.0
45627,100.0
45628,100.0
45629,100.0
45630,100.0
45631,100.0
45632,100.0
45633,100.0
45634,100.0
45635,100.0
45636,100.0
45637,100.0
45638,100.0
45639,100.0
45640,100.0
45641,100.0
45642,100.0
45643,100.0
45644,100.0
45645,100.0
45646,100.0
45647,100.0
45648,100.0
45649,100.0
45650,100.0
45651,100.0
45652,100.0
45653,100.0
45654,100.0
45655,100.0
45656,100.0
45657,100.0
45658,100.0
45659,100.0
45660,100.0
45661,100.0
45662,100.0
45663,100.0
45664,100.0
45665,100.0
45666,100.0
45667,100.0
45668,100.0
45669,100.0
45670,100.0
45671,100.0
45672,100.0
45673,100.0
45674,100.0
45675,100.0
45676,100.0
45677,100.0
45678,100.0
45679,100.0
45680,100.0
45681,100.0
45682,100.0
45683,100.0
45684,100.0
45685,100.0
45686,100.0
45687,100.0
45688,100.0
45689,100.0
45690,100.0
45691,100.0
45692,100.0
45693,100.0
45694,100.0
45695,100.0
45696,100.0
45697,100.0
45698,100.0
45699,100.0
45700,100.0
45701,100.0
45702,100.0
45703,100.0
45704,100.0
45705,100.0
45706,100.0
45707,100.0
45708,100.0
45709,100.0
45710,100.0
45711,100.0
45712,100.0
45713,100.0
45714,100.0
45715,100.0
45716,100.0
45717,100.0
45718,100.0
45719,100.0
45720,100.0
45721,100.0
45722,100.0
45723,100.0
45724,100.0
45725,100.0
45726,100.0
45727,100.0
45728,100.0
45729,100.0
45730,100.0
45731,100.0
45732,100.0
45733,100.0
45734,100.0
45735,100.0
45736,100.0
45737,100.0
45738,100.0
45739,100.0
45740,100.0
45741,100.0
45742,100.0
45743,100.0
45744,100.0
45745,100.0
45746,100.0
45747,100.0
45748,100.0
45749,100.0
45750,100.0
45751,100.0
45752,100.0
45753,100.0
45754,100.0
45755,100.0
45756,100.0
45757,100.0
45758,100.0
45759,100.0
45760,100.0
45761,100.0
45762,100.0
45763,100.0
45764,100.0
45765,100.0
45766,100.0
45767,100.0
45768,100.0
45769,100.0
45770,100.0
45771,100.0
45772,100.0
45773,100.0
45774,100.0
45775,100.0
45776,100.0
45777,100.0
45778,100.0
45779,100.0
45780,100.0
45781,100.0
45782,100.0
45783,100.0
45784,100.0
45785,100.0
45786,100.0
45787,100.0
45788,100.0
45789,100.0
45790,100.0
45791,100.0
45792,100.0
45793,100.0
45794,100.0
45795,100.0
45796,100.0
45797,100.0
45798,100.0
45799,100.0
45800,100.0
45801,100.0
45802,100.0
45803,100.0
45804,100.0
45805,100.0
45806,100.0
45807,100.0
45808,100.0
45809,100.0
45810,100.0
45811,100.0
45812,100.0
45813,100.0
45814,100.0
45815,100.0
45816,100.0
45817,100.0
45818,100.0
45819,100.0
45820,100.0
45821,100.0
45822,100.0
45823,100.0
45824,100.0
45825,100.0
45826,100.0
45827,100.0
45828,100.0
45829,100.0
45830,100.0
45831,100.0
45832,100.0
45833,100.0
45834,100.0
45835,100.0
45836,100.0
45837,100.0
45838,100.0
45839,100.0
45840,100.0
45841,100.0
45842,100.0
45843,100.0
45844,100.0
45845,100.0
45846,100.0
45847,100.0
45848,100.0
45849,100.0
45850,100.0
45851,100.0
45852,100.0
45853,100.0
45854,100.0
45855,100.0
45856,100.0
45857,100.0
45858,100.0
45859,100.0
45860,100.0
45861,100.0
45862,100.0
45863,100.0
45864,100.0
45865,100.0
45866,100.0
45867,100.0
45868,100.0
45869,100.0
45870,100.0
45871,100.0
45872,100.0
45873,100.0
45874,100.0
45875,100.0
45876,100.0
45877,100.0
45878,100.0
45879,100.0
45880,100.0
45881,100.0
45882,100.0
45883,100.0
45884,100.0
45885,100.0
45886,100.0
45887,100.0
45888,100.0
45889,100.0
45890,100.0
45891,100.0
45892,100.0
45893,100.0
45894,100.0
45895,100.0
45896,100.0
45897,100.0
45898,100.0
45899,100.0
45900,100.0
45901,100.0
45902,100.0
45903,100.0
45904,100.0
45905,100.0
45906,100.0
45907,100.0
45908,100.0
45909,100.0
45910,100.0
45911,100.0
45912,100.0
45913,100.0
45914,100.0
45915,100.0
45916,100.0
45917,100.0
45918,100.0
45919,100.0
45920,100.0
45921,100.0
45922,100.0
45923,100.0
45924,100.0
45925,100.0
45926,100.0
45927,100.0
45928,100.0
45929,100.0
45930,100.0
45931,100.0
45932,100.0
45933,100.0
45934,100.0
45935,100.0
45936,100.0
45937,100.0
45938,100.0
45939,100.0
45940,100.0
45941,100.0
45942,100.0
45943,100.0
45944,100.0
45945,100.0
45946,100.0
45947,100.0
45948,100.0
45949,100.0
45950,100.0
45951,100.0
45952,100.0
45953,100.0
45954,100.0
45955,100.0
45956,100.0
45957,100.0
45958,100.0
45959,100.0
45960,100.0
45961,100.0
45962,100.0
45963,100.0
45964,100.0
45965,100.0
45966,100.0
45967,100.0
45968,100.0
45969,100.0
45970,100.0
45971,100.0
45972,100.0
45973,100.0
45974,100.0
45975,100.0
45976,100.0
45977,100.0
45978,100.0
45979,100.0
45980,100.0
45981,100.0
45982,100.0
45983,100.0
45984,100.0
45985,100.0
45986,100.0
45987,100.0
45988,100.0
45989,100.0
45990,100.0
45991,100.0
45992,100.0
45993,100.0
45994,100.0
45995,100.0
45996,100.0
45997,100.0
45998,100.0
45999,100.0
46000,100.0
46001,100.0
46002,100.0
46003,100.0
46004,100.0
46005,100.0
46006,100.0
46007,100.0
46008,100.0
46009,100.0
46010,100.0
46011,100.0
46012,100.0
46013,100.0
46014,100.0
46015,100.0
46016,100.0
46017,100.0
46018,100.0
46019,100.0
46020,100.0
46021,100.0
46022,100.0
46023,100.0
46024,100.0
46025,100.0
46026,100.0
46027,100.0
46028,100.0
46029,100.0
46030,100.0
46031,100.0
46032,100.0
46033,100.0
46034,100.0
46035,100.0
46036,100.0
46037,100.0
46038,100.0
46039,100.0
46040,100.0
46041,100.0
46042,100.0
46043,100.0
46044,100.0
46045,100.0
46046,100.0
46047,100.0
46048,100.0
46049,100.0
46050,100.0
46051,100.0
46052,100.0
46053,100.0
46054,100.0
46055,100.0
46056,100.0
46057,100.0
46058,100.0
46059,100.0
46060,100.0
46061,100.0
46062,100.0
46063,100.0
46064,100.0
46065,100.0
46066,100.0
46067,100.0
46068,100.0
46069,100.0
46070,100.0
46071,100.0
46072,100.0
46073,100.0
46074,100.0
46075,100.0
46076,100.0
46077,100.0
46078,100.0
46079,100.0
46080,100.0
46081,100.0
46082,100.0
46083,100.0
46084,100.0
46085,100.0
46086,100.0
46087,100.0
46088,100.0
46089,100.0
46090,100.0
46091,100.0
46092,100.0
46093,100.0
46094,100.0
46095,100.0
46096,100.0
46097,100.0
46098,100.0
46099,100.0
46100,100.0
46101,100.0
46102,100.0
46103,100.0
46104,100.0
46105,100.0
46106,100.0
46107,100.0
46108,100.0
46109,100.0
46110,100.0
46111,100.0
46112,100.0
46113,100.0
46114,100.0
46115,100.0
46116,100.0
46117,100.0
46118,100.0
46119,100.0
46120,100.0
46121,100.0
46122,100.0
46123,100.0
46124,100.0
46125,100.0
46126,100.0
46127,100.0
46128,100.0
46129,100.0
46130,100.0
46131,100.0
46132,100.0
46133,100.0
46134,100.0
46135,100.0
46136,100.0
46137,100.0
46138,100.0
46139,100.0
46140,100.0
46141,100.0
46142,100.0
46143,100.0
46144,100.0
46145,100.0
46146,100.0
46147,100.0
46148,100.0
46149,100.0
46150,100.0
46151,100.0
46152,100.0
46153,100.0
46154,100.0
46155,100.0
46156,100.0
46157,100.0
46158,100.0
46159,100.0
46160,100.0
46161,100.0
46162,100.0
46163,100.0
46164,100.0
46165,100.0
46166,100.0
46167,100.0
46168,100.0
46169,100.0
46170,100.0
46171,100.0
46172,100.0
46173,100.0
46174,100.0
46175,100.0
46176,100.0
46177,100.0
46178,100.0
46179,100.0
46180,100.0
46181,100.0
46182,100.0
46183,100.0
46184,100.0
46185,100.0
46186,100.0
46187,100.0
46188,100.0
46189,100.0
46190,100.0
46191,100.0
46192,100.0
46193,100.0
46194,100.0
46195,100.0
46196,100.0
46197,100.0
46198,100.0
46199,100.0
46200,100.0
46201,100.0
46202,100.0
46203,100.0
46204,100.0
46205,100.0
46206,100.0
46207,100.0
46208,100.0
46209,100.0
46210,100.0
46211,100.0
46212,100.0
46213,100.0
46214,100.0
46215,100.0
46216,100.0
46217,100.0
46218,100.0
46219,100.0
46220,100.0
46221,100.0
46222,100.0
46223,100.0
46224,100.0
46225,100.0
46226,100.0
46227,100.0
46228,100.0
46229,100.0
46230,100.0
46231,100.0
46232,100.0
46233,100.0
46234,100.0
46235,100.0
46236,100.0
46237,100.0
46238,100.0
46239,100.0
46240,100.0
46241,100.0
46242,100.0
46243,100.0
46244,100.0
46245,100.0
46246,100.0
46247,100.0
46248,100.0
46249,100.0
46250,100.0
46251,100.0
46252,100.0
46253,100.0
46254,100.0
46255,100.0
46256,100.0
46257,100.0
46258,100.0
46259,100.0
46260,100.0
46261,100.0
46262,100.0
46263,100.0
46264,100.0
46265,100.0
46266,100.0
46267,100.0
46268,100.0
46269,100.0
46270,100.0
46271,100.0
46272,100.0
46273,100.0
46274,100.0
46275,100.0
46276,100.0
46277,100.0
46278,100.0
46279,100.0
46280,100.0
46281,100.0
46282,100.0
46283,100.0
46284,100.0
46285,100.0
46286,100.0
46287,100.0
46288,100.0
46289,100.0
46290,100.0
46291,100.0
46292,100.0
46293,100.0
46294,100.0
46295,100.0
46296,100.0
46297,100.0
46298,100.0
46299,100.0
46300,100.0
46301,100.0
46302,100.0
46303,100.0
46304,100.0
46305,100.0
46306,100.0
46307,100.0
46308,100.0
46309,100.0
46310,100.0
46311,100.0
46312,100.0
46313,100.0
46314,100.0
46315,100.0
46316,100.0
46317,100.0
46318,100.0
46319,100.0
46320,100.0
46321,100.0
46322,100.0
46323,100.0
46324,100.0
46325,100.0
46326,100.0
46327,100.0
46328,100.0
46329,100.0
46330,100.0
46331,100.0
46332,100.0
46333,100.0
46334,100.0
46335,100.0
46336,100.0
46337,100.0
46338,100.0
46339,100.0
46340,100.0
46341,100.0
46342,100.0
46343,100.0
46344,100.0
46345,100.0
46346,100.0
46347,100.0
46348,100.0
46349,100.0
46350,100.0
46351,100.0
46352,100.0
46353,100.0
46354,100.0
46355,100.0
46356,100.0
46357,100.0
46358,100.0
46359,100.0
46360,100.0
46361,100.0
46362,100.0
46363,100.0
46364,100.0
46365,100.0
46366,100.0
46367,100.0
46368,100.0
46369,100.0
46370,100.0
46371,100.0
46372,100.0
46373,100.0
46374,100.0
46375,100.0
46376,100.0
46377,100.0
46378,100.0
46379,100.0
46380,100.0
46381,100.0
46382,100.0
46383,100.0
46384,100.0
46385,100.0
46386,100.0
46387,100.0
46388,100.0
46389,100.0
46390,100.0
46391,100.0
46392,100.0
46393,100.0
46394,100.0
46395,100.0
46396,100.0
46397,100.0
46398,100.0
46399,100.0
46400,100.0
46401,100.0
46402,100.0
46403,100.0
46404,100.0
46405,100.0
46406,100.0
46407,100.0
46408,100.0
46409,100.0
46410,100.0
46411,100.0
46412,100.0
46413,100.0
46414,100.0
46415,100.0
46416,100.0
46417,100.0
46418,100.0
46419,100.0
46420,100.0
46421,100.0
46422,100.0
46423,100.0
46424,100.0
46425,100.0
46426,100.0
46427,100.0
46428,100.0
46429,100.0
46430,100.0
46431,100.0
46432,100.0
46433,100.0
46434,100.0
46435,100.0
46436,100.0
46437,100.0
46438,100.0
46439,100.0
46440,100.0
46441,100.0
46442,100.0
46443,100.0
46444,100.0
46445,100.0
46446,100.0
46447,100.0
46448,100.0
46449,100.0
46450,100.0
46451,100.0
46452,100.0
46453,100.0
46454,100.0
46455,100.0
46456,100.0
46457,100.0
46458,100.0
46459,100.0
46460,100.0
46461,100.0
46462,100.0
46463,100.0
46464,100.0
46465,100.0
46466,100.0
46467,100.0
46468,100.0
46469,100.0
46470,100.0
46471,100.0
46472,100.0
46473,100.0
46474,100.0
46475,100.0
46476,100.0
46477,100.0
46478,100.0
46479,100.0
46480,100.0
46481,100.0
46482,100.0
46483,100.0
46484,100.0
46485,100.0
46486,100.0
46487,100.0
46488,100.0
46489,100.0
46490,100.0
46491,100.0
46492,100.0
46493,100.0
46494,100.0
46495,100.0
46496,100.0
46497,100.0
46498,100.0
46499,100.0
46500,100.0
46501,100.0
46502,100.0
46503,100.0
46504,100.0
46505,100.0
46506,100.0
46507,100.0
46508,100.0
46509,100.0
46510,100.0
46511,100.0
46512,100.0
46513,100.0
46514,100.0
46515,100.0
46516,100.0
46517,100.0
46518,100.0
46519,100.0
46520,100.0
46521,100.0
46522,100.0
46523,100.0
46524,100.0
46525,100.0
46526,100.0
46527,100.0
46528,100.0
46529,100.0
46530,100.0
46531,100.0
46532,100.0
46533,100.0
46534,100.0
46535,100.0
46536,100.0
46537,100.0
46538,100.0
46539,100.0
46540,100.0
46541,100.0
46542,100.0
46543,100.0
46544,100.0
46545,100.0
46546,100.0
46547,100.0
46548,100.0
46549,100.0
46550,100.0
46551,100.0
46552,100.0
46553,100.0
46554,100.0
46555,100.0
46556,100.0
46557,100.0
46558,100.0
46559,100.0
46560,100.0
46561,100.0
46562,100.0
46563,100.0
46564,100.0
46565,100.0
46566,100.0
46567,100.0
46568,100.0
46569,100.0
46570,100.0
46571,100.0
46572,100.0
46573,100.0
46574,100.0
46575,100.0
46576,100.0
46577,100.0
46578,100.0
46579,100.0
46580,100.0
46581,100.0
46582,100.0
46583,100.0
46584,100.0
46585,100.0
46586,100.0
46587,100.0
46588,100.0
46589,100.0
46590,100.0
46591,100.0
46592,100.0
46593,100.0
46594,100.0
46595,100.0
46596,100.0
46597,100.0
46598,100.0
46599,100.0
46600,100.0
46601,100.0
46602,100.0
46603,100.0
46604,100.0
46605,100.0
46606,100.0
46607,100.0
46608,100.0
46609,100.0
46610,100.0
46611,100.0
46612,100.0
46613,100.0
46614,100.0
46615,100.0
46616,100.0
46617,100.0
46618,100.0
46619,100.0
46620,100.0
46621,100.0
46622,100.0
46623,100.0
46624,100.0
46625,100.0
46626,100.0
46627,100.0
46628,100.0
46629,100.0
46630,100.0
46631,100.0
46632,100.0
46633,100.0
46634,100.0
46635,100.0
46636,100.0
46637,100.0
46638,100.0
46639,100.0
46640,100.0
46641,100.0
46642,100.0
46643,100.0
46644,100.0
46645,100.0
46646,100.0
46647,100.0
46648,100.0
46649,100.0
46650,100.0
46651,100.0
46652,100.0
46653,100.0
46654,100.0
46655,100.0
46656,100.0
46657,100.0
46658,100.0
46659,100.0
46660,100.0
46661,100.0
46662,100.0
46663,100.0
46664,100.0
46665,100.0
46666,100.0
46667,100.0
46668,100.0
46669,100.0
46670,100.0
46671,100.0
46672,100.0
46673,100.0
46674,100.0
46675,100.0
46676,100.0
46677,100.0
46678,100.0
46679,100.0
46680,100.0
46681,100.0
46682,100.0
46683,100.0
46684,100.0
46685,100.0
46686,100.0
46687,100.0
46688,100.0
46689,100.0
46690,100.0
46691,100.0
46692,100.0
46693,100.0
46694,100.0
46695,100.0
46696,100.0
46697,100.0
46698,100.0
46699,100.0
46700,100.0
46701,100.0
46702,100.0
46703,100.0
46704,100.0
46705,100.0
46706,100.0
46707,100.0
46708,100.0
46709,100.0
46710,100.0
46711,100.0
46712,100.0
46713,100.0
46714,100.0
46715,100.0
46716,100.0
46717,100.0
46718,100.0
46719,100.0
46720,100.0
46721,100.0
46722,100.0
46723,100.0
46724,100.0
46725,100.0
46726,100.0
46727,100.0
46728,100.0
46729,100.0
46730,100.0
46731,100.0
46732,100.0
46733,100.0
46734,100.0
46735,100.0
46736,100.0
46737,100.0
46738,100.0
46739,100.0
46740,100.0
46741,100.0
46742,100.0
46743,100.0
46744,100.0
46745,100.0
46746,100.0
46747,100.0
46748,100.0
46749,100.0
46750,100.0
46751,100.0
46752,100.0
46753,100.0
46754,100.0
46755,100.0
46756,100.0
46757,100.0
46758,100.0
46759,100.0
46760,100.0
46761,100.0
46762,100.0
46763,100.0
46764,100.0
46765,100.0
46766,100.0
46767,100.0
46768,100.0
46769,100.0
46770,100.0
46771,100.0
46772,100.0
46773,100.0
46774,100.0
46775,100.0
46776,100.0
46777,100.0
46778,100.0
46779,100.0
46780,100.0
46781,100.0
46782,100.0
46783,100.0
46784,100.0
46785,100.0
46786,100.0
46787,100.0
46788,100.0
46789,100.0
46790,100.0
46791,100.0
46792,100.0
46793,100.0
46794,100.0
46795,100.0
46796,100.0
46797,100.0
46798,100.0
46799,100.0
46800,100.0
46801,100.0
46802,100.0
46803,100.0
46804,100.0
46805,100.0
46806,100.0
46807,100.0
46808,100.0
46809,100.0
46810,100.0
46811,100.0
46812,100.0
46813,100.0
46814,100.0
46815,100.0
46816,100.0
46817,100.0
46818,100.0
46819,100.0
46820,100.0
46821,100.0
46822,100.0
46823,100.0
46824,100.0
46825,100.0
46826,100.0
46827,100.0
46828,100.0
46829,100.0
46830,100.0
46831,100.0
46832,100.0
46833,100.0
46834,100.0
46835,100.0
46836,100.0
46837,100.0
46838,100.0
46839,100.0
46840,100.0
46841,100.0
46842,100.0
46843,100.0
46844,100.0
46845,100.0
46846,100.0
46847,100.0
46848,100.0
46849,100.0
46850,100.0
46851,100.0
46852,100.0
46853,100.0
46854,100.0
46855,100.0
46856,100.0
46857,100.0
46858,100.0
46859,100.0
46860,100.0
46861,100.0
46862,100.0
46863,100.0
46864,100.0
46865,100.0
46866,100.0
46867,100.0
46868,100.0
46869,100.0
46870,100.0
46871,100.0
46872,100.0
46873,100.0
46874,100.0
46875,100.0
46876,100.0
46877,100.0
46878,100.0
46879,100.0
46880,100.0
46881,100.0
46882,100.0
46883,100.0
46884,100.0
46885,100.0
46886,100.0
46887,100.0
46888,100.0
46889,100.0
46890,100.0
46891,100.0
46892,100.0
46893,100.0
46894,100.0
46895,100.0
46896,100.0
46897,100.0
46898,100.0
46899,100.0
46900,100.0
46901,100.0
46902,100.0
46903,100.0
46904,100.0
46905,100.0
46906,100.0
46907,100.0
46908,100.0
46909,100.0
46910,100.0
46911,100.0
46912,100.0
46913,100.0
46914,100.0
46915,100.0
46916,100.0
46917,100.0
46918,100.0
46919,100.0
46920,100.0
46921,100.0
46922,100.0
46923,100.0
46924,100.0
46925,100.0
46926,100.0
46927,100.0
46928,100.0
46929,100.0
46930,100.0
46931,100.0
46932,100.0
46933,100.0
46934,100.0
46935,100.0
46936,100.0
46937,100.0
46938,100.0
46939,100.0
46940,100.0
46941,100.0
46942,100.0
46943,100.0
46944,100.0
46945,100.0
46946,100.0
46947,100.0
46948,100.0
46949,100.0
46950,100.0
46951,100.0
46952,100.0
46953,100.0
46954,100.0
46955,100.0
46956,100.0
46957,100.0
46958,100.0
46959,100.0
46960,100.0
46961,100.0
46962,100.0
46963,100.0
46964,100.0
46965,100.0
46966,100.0
46967,100.0
46968,100.0
46969,100.0
46970,100.0
46971,100.0
46972,100.0
46973,100.0
46974,100.0
46975,100.0
46976,100.0
46977,100.0
46978,100.0
46979,100.0
46980,100.0
46981,100.0
46982,100.0
46983,100.0
46984,100.0
46985,100.0
46986,100.0
46987,100.0
46988,100.0
46989,100.0
46990,100.0
46991,100.0
46992,100.0
46993,100.0
46994,100.0
46995,100.0
46996,100.0
46997,100.0
46998,100.0
46999,100.0
47000,100.0
47001,100.0
47002,100.0
47003,100.0
47004,100.0
47005,100.0
47006,100.0
47007,100.0
47008,100.0
47009,100.0
47010,100.0
47011,100.0
47012,100.0
47013,100.0
47014,100.0
47015,100.0
47016,100.0
47017,100.0
47018,100.0
47019,100.0
47020,100.0
47021,100.0
47022,100.0
47023,100.0
47024,100.0
47025,100.0
47026,100.0
47027,100.0
47028,100.0
47029,100.0
47030,100.0
47031,100.0
47032,100.0
47033,100.0
47034,100.0
47035,100.0
47036,100.0
47037,100.0
47038,100.0
47039,100.0
47040,100.0
47041,100.0
47042,100.0
47043,100.0
47044,100.0
47045,100.0
47046,100.0
47047,100.0
47048,100.0
47049,100.0
47050,100.0
47051,100.0
47052,100.0
47053,100.0
47054,100.0
47055,100.0
47056,100.0
47057,100.0
47058,100.0
47059,100.0
47060,100.0
47061,100.0
47062,100.0
47063,100.0
47064,100.0
47065,100.0
47066,100.0
47067,100.0
47068,100.0
47069,100.0
47070,100.0
47071,100.0
47072,100.0
47073,100.0
47074,100.0
47075,100.0
47076,100.0
47077,100.0
47078,100.0
47079,100.0
47080,100.0
47081,100.0
47082,100.0
47083,100.0
47084,100.0
47085,100.0
47086,100.0
47087,100.0
47088,100.0
47089,100.0
47090,100.0
47091,100.0
47092,100.0
47093,100.0
47094,100.0
47095,100.0
47096,100.0
47097,100.0
47098,100.0
47099,100.0
47100,100.0
47101,100.0
47102,100.0
47103,100.0
47104,100.0
47105,100.0
47106,100.0
47107,100.0
47108,100.0
47109,100.0
47110,100.0
47111,100.0
47112,100.0
47113,100.0
47114,100.0
47115,100.0
47116,100.0
47117,100.0
47118,100.0
47119,100.0
47120,100.0
47121,100.0
47122,100.0
47123,100.0
47124,100.0
47125,100.0
47126,100.0
47127,100.0
47128,100.0
47129,100.0
47130,100.0
47131,100.0
47132,100.0
47133,100.0
47134,100.0
47135,100.0
47136,100.0
47137,100.0
47138,100.0
47139,100.0
47140,100.0
47141,100.0
47142,100.0
47143,100.0
47144,100.0
47145,100.0
47146,100.0
47147,100.0
47148,100.0
47149,100.0
47150,100.0
47151,100.0
47152,100.0
47153,100.0
47154,100.0
47155,100.0
47156,100.0
47157,100.0
47158,100.0
47159,100.0
47160,100.0
47161,100.0
47162,100.0
47163,100.0
47164,100.0
47165,100.0
47166,100.0
47167,100.0
47168,100.0
47169,100.0
47170,100.0
47171,100.0
47172,100.0
47173,100.0
47174,100.0
47175,100.0
47176,100.0
47177,100.0
47178,100.0
47179,100.0
47180,100.0
47181,100.0
47182,100.0
47183,100.0
47184,100.0
47185,100.0
47186,100.0
47187,100.0
47188,100.0
47189,100.0
47190,100.0
47191,100.0
47192,100.0
47193,100.0
47194,100.0
47195,100.0
47196,100.0
47197,100.0
47198,100.0
47199,100.0
47200,100.0
47201,100.0
47202,100.0
47203,100.0
47204,100.0
47205,100.0
47206,100.0
47207,100.0
47208,100.0
47209,100.0
47210,100.0
47211,100.0
47212,100.0
47213,100.0
47214,100.0
47215,100.0
47216,100.0
47217,100.0
47218,100.0
47219,100.0
47220,100.0
47221,100.0
47222,100.0
47223,100.0
47224,100.0
47225,100.0
47226,100.0
47227,100.0
47228,100.0
47229,100.0
47230,100.0
47231,100.0
47232,100.0
47233,100.0
47234,100.0
47235,100.0
47236,100.0
47237,100.0
47238,100.0
47239,100.0
47240,100.0
47241,100.0
47242,100.0
47243,100.0
47244,100.0
47245,100.0
47246,100.0
47247,100.0
47248,100.0
47249,100.0
47250,100.0
47251,100.0
47252,100.0
47253,100.0
47254,100.0
47255,100.0
47256,100.0
47257,100.0
47258,100.0
47259,100.0
47260,100.0
47261,100.0
47262,100.0
47263,100.0
47264,100.0
47265,100.0
47266,100.0
47267,100.0
47268,100.0
47269,100.0
47270,100.0
47271,100.0
47272,100.0
47273,100.0
47274,100.0
47275,100.0
47276,100.0
47277,100.0
47278,100.0
47279,100.0
47280,100.0
47281,100.0
47282,100.0
47283,100.0
47284,100.0
47285,100.0
47286,100.0
47287,100.0
47288,100.0
47289,100.0
47290,100.0
47291,100.0
47292,100.0
47293,100.0
47294,100.0
47295,100.0
47296,100.0
47297,100.0
47298,100.0
47299,100.0
47300,100.0
47301,100.0
47302,100.0
47303,100.0
47304,100.0
47305,100.0
47306,100.0
47307,100.0
47308,100.0
47309,100.0
47310,100.0
47311,100.0
47312,100.0
47313,100.0
47314,100.0
47315,100.0
47316,100.0
47317,100.0
47318,100.0
47319,100.0
47320,100.0
47321,100.0
47322,100.0
47323,100.0
47324,100.0
47325,100.0
47326,100.0
47327,100.0
47328,100.0
47329,100.0
47330,100.0
47331,100.0
47332,100.0
47333,100.0
47334,100.0
47335,100.0
47336,100.0
47337,100.0
47338,100.0
47339,100.0
47340,100.0
47341,100.0
47342,100.0
47343,100.0
47344,100.0
47345,100.0
47346,100.0
47347,100.0
47348,100.0
47349,100.0
47350,100.0
47351,100.0
47352,100.0
47353,100.0
47354,100.0
47355,100.0
47356,100.0
47357,100.0
47358,100.0
47359,100.0
47360,100.0
47361,100.0
47362,100.0
47363,100.0
47364,100.0
47365,100.0
47366,100.0
47367,100.0
47368,100.0
47369,100.0
47370,100.0
47371,100.0
47372,100.0
47373,100.0
47374,100.0
47375,100.0
47376,100.0
47377,100.0
47378,100.0
47379,100.0
47380,100.0
47381,100.0
47382,100.0
47383,100.0
47384,100.0
47385,100.0
47386,100.0
47387,100.0
47388,100.0
47389,100.0
47390,100.0
47391,100.0
47392,100.0
47393,100.0
47394,100.0
47395,100.0
47396,100.0
47397,100.0
47398,100.0
47399,100.0
47400,100.0
47401,100.0
47402,100.0
47403,100.0
47404,100.0
47405,100.0
47406,100.0
47407,100.0
47408,100.0
47409,100.0
47410,100.0
47411,100.0
47412,100.0
47413,100.0
47414,100.0
47415,100.0
47416,100.0
47417,100.0
47418,100.0
47419,100.0
47420,100.0
47421,100.0
47422,100.0
47423,100.0
47424,100.0
47425,100.0
47426,100.0
47427,100.0
47428,100.0
47429,100.0
47430,100.0
47431,100.0
47432,100.0
47433,100.0
47434,100.0
47435,100.0
47436,100.0
47437,100.0
47438,100.0
47439,100.0
47440,100.0
47441,100.0
47442,100.0
47443,100.0
47444,100.0
47445,100.0
47446,100.0
47447,100.0
47448,100.0
47449,100.0
47450,100.0
47451,100.0
47452,100.0
47453,100.0
47454,100.0
47455,100.0
47456,100.0
47457,100.0
47458,100.0
47459,100.0
47460,100.0
47461,100.0
47462,100.0
47463,100.0
47464,100.0
47465,100.0
47466,100.0
47467,100.0
47468,100.0
47469,100.0
47470,100.0
47471,100.0
47472,100.0
47473,100.0
47474,100.0
47475,100.0
47476,100.0
47477,100.0
47478,100.0
47479,100.0
47480,100.0
47481,100.0
47482,100.0
47483,100.0
47484,100.0
47485,100.0
47486,100.0
47487,100.0
47488,100.0
47489,100.0
47490,100.0
47491,100.0
47492,100.0
47493,100.0
47494,100.0
47495,100.0
47496,100.0
47497,100.0
47498,100.0
47499,100.0
47500,100.0
47501,100.0
47502,100.0
47503,100.0
47504,100.0
47505,100.0
47506,100.0
47507,100.0
47508,100.0
47509,100.0
47510,100.0
47511,100.0
47512,100.0
47513,100.0
47514,100.0
47515,100.0
47516,100.0
47517,100.0
47518,100.0
47519,100.0
47520,100.0
47521,100.0
47522,100.0
47523,100.0
47524,100.0
47525,100.0
47526,100.0
47527,100.0
47528,100.0
47529,100.0
47530,100.0
47531,100.0
47532,100.0
47533,100.0
47534,100.0
47535,100.0
47536,100.0
47537,100.0
47538,100.0
47539,100.0
47540,100.0
47541,100.0
47542,100.0
47543,100.0
47544,100.0
47545,100.0
47546,100.0
47547,100.0
47548,100.0
47549,100.0
47550,100.0
47551,100.0
47552,100.0
47553,100.0
47554,100.0
47555,100.0
47556,100.0
47557,100.0
47558,100.0
47559,100.0
47560,100.0
47561,100.0
47562,100.0
47563,100.0
47564,100.0
47565,100.0
47566,100.0
47567,100.0
47568,100.0
47569,100.0
47570,100.0
47571,100.0
47572,100.0
47573,100.0
47574,100.0
47575,100.0
47576,100.0
47577,100.0
47578,100.0
47579,100.0
47580,100.0
47581,100.0
47582,100.0
47583,100.0
47584,100.0
47585,100.0
47586,100.0
47587,100.0
47588,100.0
47589,100.0
47590,100.0
47591,100.0
47592,100.0
47593,100.0
47594,100.0
47595,100.0
47596,100.0
47597,100.0
47598,100.0
47599,100.0
47600,100.0
47601,100.0
47602,100.0
47603,100.0
47604,100.0
47605,100.0
47606,100.0
47607,100.0
47608,100.0
47609,100.0
47610,100.0
47611,100.0
47612,100.0
47613,100.0
47614,100.0
47615,100.0
47616,100.0
47617,100.0
47618,100.0
47619,100.0
47620,100.0
47621,100.0
47622,100.0
47623,100.0
47624,100.0
47625,100.0
47626,100.0
47627,100.0
47628,100.0
47629,100.0
47630,100.0
47631,100.0
47632,100.0
47633,100.0
47634,100.0
47635,100.0
47636,100.0
47637,100.0
47638,100.0
47639,100.0
47640,100.0
47641,100.0
47642,100.0
47643,100.0
47644,100.0
47645,100.0
47646,100.0
47647,100.0
47648,100.0
47649,100.0
47650,100.0
47651,100.0
47652,100.0
47653,100.0
47654,100.0
47655,100.0
47656,100.0
47657,100.0
47658,100.0
47659,100.0
47660,100.0
47661,100.0
47662,100.0
47663,100.0
47664,100.0
47665,100.0
47666,100.0
47667,100.0
47668,100.0
47669,100.0
47670,100.0
47671,100.0
47672,100.0
47673,100.0
47674,100.0
47675,100.0
47676,100.0
47677,100.0
47678,100.0
47679,100.0
47680,100.0
47681,100.0
47682,100.0
47683,100.0
47684,100.0
47685,100.0
47686,100.0
47687,100.0
47688,100.0
47689,100.0
47690,100.0
47691,100.0
47692,100.0
47693,100.0
47694,100.0
47695,100.0
47696,100.0
47697,100.0
47698,100.0
47699,100.0
47700,100.0
47701,100.0
47702,100.0
47703,100.0
47704,100.0
47705,100.0
47706,100.0
47707,100.0
47708,100.0
47709,100.0
47710,100.0
47711,100.0
47712,100.0
47713,100.0
47714,100.0
47715,100.0
47716,100.0
47717,100.0
47718,100.0
47719,100.0
47720,100.0
47721,100.0
47722,100.0
47723,100.0
47724,100.0
47725,100.0
47726,100.0
47727,100.0
47728,100.0
47729,100.0
47730,100.0
47731,100.0
47732,100.0
47733,100.0
47734,100.0
47735,100.0
47736,100.0
47737,100.0
47738,100.0
47739,100.0
47740,100.0
47741,100.0
47742,100.0
47743,100.0
47744,100.0
47745,100.0
47746,100.0
47747,100.0
47748,100.0
47749,100.0
47750,100.0
47751,100.0
47752,100.0
47753,100.0
47754,100.0
47755,100.0
47756,100.0
47757,100.0
47758,100.0
47759,100.0
47760,100.0
47761,100.0
47762,100.0
47763,100.0
47764,100.0
47765,100.0
47766,100.0
47767,100.0
47768,100.0
47769,100.0
47770,100.0
47771,100.0
47772,100.0
47773,100.0
47774,100.0
47775,100.0
47776,100.0
47777,100.0
47778,100.0
47779,100.0
47780,100.0
47781,100.0
47782,100.0
47783,100.0
47784,100.0
47785,100.0
47786,100.0
47787,100.0
47788,100.0
47789,100.0
47790,100.0
47791,100.0
47792,100.0
47793,100.0
47794,100.0
47795,100.0
47796,100.0
47797,100.0
47798,100.0
47799,100.0
47800,100.0
47801,100.0
47802,100.0
47803,100.0
47804,100.0
47805,100.0
47806,100.0
47807,100.0
47808,100.0
47809,100.0
47810,100.0
47811,100.0
47812,100.0
47813,100.0
47814,100.0
47815,100.0
47816,100.0
47817,100.0
47818,100.0
47819,100.0
47820,100.0
47821,100.0
47822,100.0
47823,100.0
47824,100.0
47825,100.0
47826,100.0
47827,100.0
47828,100.0
47829,100.0
47830,100.0
47831,100.0
47832,100.0
47833,100.0
47834,100.0
47835,100.0
47836,100.0
47837,100.0
47838,100.0
47839,100.0
47840,100.0
47841,100.0
47842,100.0
47843,100.0
47844,100.0
47845,100.0
47846,100.0
47847,100.0
47848,100.0
47849,100.0
47850,100.0
47851,100.0
47852,100.0
47853,100.0
47854,100.0
47855,100.0
47856,100.0
47857,100.0
47858,100.0
47859,100.0
47860,100.0
47861,100.0
47862,100.0
47863,100.0
47864,100.0
47865,100.0
47866,100.0
47867,100.0
47868,100.0
47869,100.0
47870,100.0
47871,100.0
47872,100.0
47873,100.0
47874,100.0
47875,100.0
47876,100.0
47877,100.0
47878,100.0
47879,100.0
47880,100.0
47881,100.0
47882,100.0
47883,100.0
47884,100.0
47885,100.0
47886,100.0
47887,100.0
47888,100.0
47889,100.0
47890,100.0
47891,100.0
47892,100.0
47893,100.0
47894,100.0
47895,100.0
47896,100.0
47897,100.0
47898,100.0
47899,100.0
47900,100.0
47901,100.0
47902,100.0
47903,100.0
47904,100.0
47905,100.0
47906,100.0
47907,100.0
47908,100.0
47909,100.0
47910,100.0
47911,100.0
47912,100.0
47913,100.0
47914,100.0
47915,100.0
47916,100.0
47917,100.0
47918,100.0
47919,100.0
47920,100.0
47921,100.0
47922,100.0
47923,100.0
47924,100.0
47925,100.0
47926,100.0
47927,100.0
47928,100.0
47929,100.0
47930,100.0
47931,100.0
47932,100.0
47933,100.0
47934,100.0
47935,100.0
47936,100.0
47937,100.0
47938,100.0
47939,100.0
47940,100.0
47941,100.0
47942,100.0
47943,100.0
47944,100.0
47945,100.0
47946,100.0
47947,100.0
47948,100.0
47949,100.0
47950,100.0
47951,100.0
47952,100.0
47953,100.0
47954,100.0
47955,100.0
47956,100.0
47957,100.0
47958,100.0
47959,100.0
47960,100.0
47961,100.0
47962,100.0
47963,100.0
47964,100.0
47965,100.0
47966,100.0
47967,100.0
47968,100.0
47969,100.0
47970,100.0
47971,100.0
47972,100.0
47973,100.0
47974,100.0
47975,100.0
47976,100.0
47977,100.0
47978,100.0
47979,100.0
47980,100.0
47981,100.0
47982,100.0
47983,100.0
47984,100.0
47985,100.0
47986,100.0
47987,100.0
47988,100.0
47989,100.0
47990,100.0
47991,100.0
47992,100.0
47993,100.0
47994,100.0
47995,100.0
47996,100.0
47997,100.0
47998,100.0
47999,100.0
48000,100.0
48001,100.0
48002,100.0
48003,100.0
48004,100.0
48005,100.0
48006,100.0
48007,100.0
48008,100.0
48009,100.0
48010,100.0
48011,100.0
48012,100.0
48013,100.0
48014,100.0
48015,100.0
48016,100.0
48017,100.0
48018,100.0
48019,100.0
48020,100.0
48021,100.0
48022,100.0
48023,100.0
48024,100.0
48025,100.0
48026,100.0
48027,100.0
48028,100.0
48029,100.0
48030,100.0
48031,100.0
48032,100.0
48033,100.0
48034,100.0
48035,100.0
48036,100.0
48037,100.0
48038,100.0
48039,100.0
48040,100.0
48041,100.0
48042,100.0
48043,100.0
48044,100.0
48045,100.0
48046,100.0
48047,100.0
48048,100.0
48049,100.0
48050,100.0
48051,100.0
48052,100.0
48053,100.0
48054,100.0
48055,100.0
48056,100.0
48057,100.0
48058,100.0
48059,100.0
48060,100.0
48061,100.0
48062,100.0
48063,100.0
48064,100.0
48065,100.0
48066,100.0
48067,100.0
48068,100.0
48069,100.0
48070,100.0
48071,100.0
48072,100.0
48073,100.0
48074,100.0
48075,100.0
48076,100.0
48077,100.0
48078,100.0
48079,100.0
48080,100.0
48081,100.0
48082,100.0
48083,100.0
48084,100.0
48085,100.0
48086,100.0
48087,100.0
48088,100.0
48089,100.0
48090,100.0
48091,100.0
48092,100.0
48093,100.0
48094,100.0
48095,100.0
48096,100.0
48097,100.0
48098,100.0
48099,100.0
48100,100.0
48101,100.0
48102,100.0
48103,100.0
48104,100.0
48105,100.0
48106,100.0
48107,100.0
48108,100.0
48109,100.0
48110,100.0
48111,100.0
48112,100.0
48113,100.0
48114,100.0
48115,100.0
48116,100.0
48117,100.0
48118,100.0
48119,100.0
48120,100.0
48121,100.0
48122,100.0
48123,100.0
48124,100.0
48125,100.0
48126,100.0
48127,100.0
48128,100.0
48129,100.0
48130,100.0
48131,100.0
48132,100.0
48133,100.0
48134,100.0
48135,100.0
48136,100.0
48137,100.0
48138,100.0
48139,100.0
48140,100.0
48141,100.0
48142,100.0
48143,100.0
48144,100.0
48145,100.0
48146,100.0
48147,100.0
48148,100.0
48149,100.0
48150,100.0
48151,100.0
48152,100.0
48153,100.0
48154,100.0
48155,100.0
48156,100.0
48157,100.0
48158,100.0
48159,100.0
48160,100.0
48161,100.0
48162,100.0
48163,100.0
48164,100.0
48165,100.0
48166,100.0
48167,100.0
48168,100.0
48169,100.0
48170,100.0
48171,100.0
48172,100.0
48173,100.0
48174,100.0
48175,100.0
48176,100.0
48177,100.0
48178,100.0
48179,100.0
48180,100.0
48181,100.0
48182,100.0
48183,100.0
48184,100.0
48185,100.0
48186,100.0
48187,100.0
48188,100.0
48189,100.0
48190,100.0
48191,100.0
48192,100.0
48193,100.0
48194,100.0
48195,100.0
48196,100.0
48197,100.0
48198,100.0
48199,100.0
48200,100.0
48201,100.0
48202,100.0
48203,100.0
48204,100.0
48205,100.0
48206,100.0
48207,100.0
48208,100.0
48209,100.0
48210,100.0
48211,100.0
48212,100.0
48213,100.0
48214,100.0
48215,100.0
48216,100.0
48217,100.0
48218,100.0
48219,100.0
48220,100.0
48221,100.0
48222,100.0
48223,100.0
48224,100.0
48225,100.0
48226,100.0
48227,100.0
48228,100.0
48229,100.0
48230,100.0
48231,100.0
48232,100.0
48233,100.0
48234,100.0
48235,100.0
48236,100.0
48237,100.0
48238,100.0
48239,100.0
48240,100.0
48241,100.0
48242,100.0
48243,100.0
48244,100.0
48245,100.0
48246,100.0
48247,100.0
48248,100.0
48249,100.0
48250,100.0
48251,100.0
48252,100.0
48253,100.0
48254,100.0
48255,100.0
48256,100.0
48257,100.0
48258,100.0
48259,100.0
48260,100.0
48261,100.0
48262,100.0
48263,100.0
48264,100.0
48265,100.0
48266,100.0
48267,100.0
48268,100.0
48269,100.0
48270,100.0
48271,100.0
48272,100.0
48273,100.0
48274,100.0
48275,100.0
48276,100.0
48277,100.0
48278,100.0
48279,100.0
48280,100.0
48281,100.0
48282,100.0
48283,100.0
48284,100.0
48285,100.0
48286,100.0
48287,100.0
48288,100.0
48289,100.0
48290,100.0
48291,100.0
48292,100.0
48293,100.0
48294,100.0
48295,100.0
48296,100.0
48297,100.0
48298,100.0
48299,100.0
48300,100.0
48301,100.0
48302,100.0
48303,100.0
48304,100.0
48305,100.0
48306,100.0
48307,100.0
48308,100.0
48309,100.0
48310,100.0
48311,100.0
48312,100.0
48313,100.0
48314,100.0
48315,100.0
48316,100.0
48317,100.0
48318,100.0
48319,100.0
48320,100.0
48321,100.0
48322,100.0
48323,100.0
48324,100.0
48325,100.0
48326,100.0
48327,100.0
48328,100.0
48329,100.0
48330,100.0
48331,100.0
48332,100.0
48333,100.0
48334,100.0
48335,100.0
48336,100.0
48337,100.0
48338,100.0
48339,100.0
48340,100.0
48341,100.0
48342,100.0
48343,100.0
48344,100.0
48345,100.0
48346,100.0
48347,100.0
48348,100.0
48349,100.0
48350,100.0
48351,100.0
48352,100.0
48353,100.0
48354,100.0
48355,100.0
48356,100.0
48357,100.0
48358,100.0
48359,100.0
48360,100.0
48361,100.0
48362,100.0
48363,100.0
48364,100.0
48365,100.0
48366,100.0
48367,100.0
48368,100.0
48369,100.0
48370,100.0
48371,100.0
48372,100.0
48373,100.0
48374,100.0
48375,100.0
48376,100.0
48377,100.0
48378,100.0
48379,100.0
48380,100.0
48381,100.0
48382,100.0
48383,100.0
48384,100.0
48385,100.0
48386,100.0
48387,100.0
48388,100.0
48389,100.0
48390,100.0
48391,100.0
48392,100.0
48393,100.0
48394,100.0
48395,100.0
48396,100.0
48397,100.0
48398,100.0
48399,100.0
48400,100.0
48401,100.0
48402,100.0
48403,100.0
48404,100.0
48405,100.0
48406,100.0
48407,100.0
48408,100.0
48409,100.0
48410,100.0
48411,100.0
48412,100.0
48413,100.0
48414,100.0
48415,100.0
48416,100.0
48417,100.0
48418,100.0
48419,100.0
48420,100.0
48421,100.0
48422,100.0
48423,100.0
48424,100.0
48425,100.0
48426,100.0
48427,100.0
48428,100.0
48429,100.0
48430,100.0
48431,100.0
48432,100.0
48433,100.0
48434,100.0
48435,100.0
48436,100.0
48437,100.0
48438,100.0
48439,100.0
48440,100.0
48441,100.0
48442,100.0
48443,100.0
48444,100.0
48445,100.0
48446,100.0
48447,100.0
48448,100.0
48449,100.0
48450,100.0
48451,100.0
48452,100.0
48453,100.0
48454,100.0
48455,100.0
48456,100.0
48457,100.0
48458,100.0
48459,100.0
48460,100.0
48461,100.0
48462,100.0
48463,100.0
48464,100.0
48465,100.0
48466,100.0
48467,100.0
48468,100.0
48469,100.0
48470,100.0
48471,100.0
48472,100.0
48473,100.0
48474,100.0
48475,100.0
48476,100.0
48477,100.0
48478,100.0
48479,100.0
48480,100.0
48481,100.0
48482,100.0
48483,100.0
48484,100.0
48485,100.0
48486,100.0
48487,100.0
48488,100.0
48489,100.0
48490,100.0
48491,100.0
48492,100.0
48493,100.0
48494,100.0
48495,100.0
48496,100.0
48497,100.0
48498,100.0
48499,100.0
48500,100.0
48501,100.0
48502,100.0
48503,100.0
48504,100.0
48505,100.0
48506,100.0
48507,100.0
48508,100.0
48509,100.0
48510,100.0
48511,100.0
48512,100.0
48513,100.0
48514,100.0
48515,100.0
48516,100.0
48517,100.0
48518,100.0
48519,100.0
48520,100.0
48521,100.0
48522,100.0
48523,100.0
48524,100.0
48525,100.0
48526,100.0
48527,100.0
48528,100.0
48529,100.0
48530,100.0
48531,100.0
48532,100.0
48533,100.0
48534,100.0
48535,100.0
48536,100.0
48537,100.0
48538,100.0
48539,100.0
48540,100.0
48541,100.0
48542,100.0
48543,100.0
48544,100.0
48545,100.0
48546,100.0
48547,100.0
48548,100.0
48549,100.0
48550,100.0
48551,100.0
48552,100.0
48553,100.0
48554,100.0
48555,100.0
48556,100.0
48557,100.0
48558,100.0
48559,100.0
48560,100.0
48561,100.0
48562,100.0
48563,100.0
48564,100.0
48565,100.0
48566,100.0
48567,100.0
48568,100.0
48569,100.0
48570,100.0
48571,100.0
48572,100.0
48573,100.0
48574,100.0
48575,100.0
48576,100.0
48577,100.0
48578,100.0
48579,100.0
48580,100.0
48581,100.0
48582,100.0
48583,100.0
48584,100.0
48585,100.0
48586,100.0
48587,100.0
48588,100.0
48589,100.0
48590,100.0
48591,100.0
48592,100.0
48593,100.0
48594,100.0
48595,100.0
48596,100.0
48597,100.0
48598,100.0
48599,100.0
48600,100.0
48601,100.0
48602,100.0
48603,100.0
48604,100.0
48605,100.0
48606,100.0
48607,100.0
48608,100.0
48609,100.0
48610,100.0
48611,100.0
48612,100.0
48613,100.0
48614,100.0
48615,100.0
48616,100.0
48617,100.0
48618,100.0
48619,100.0
48620,100.0
48621,100.0
48622,100.0
48623,100.0
48624,100.0
48625,100.0
48626,100.0
48627,100.0
48628,100.0
48629,100.0
48630,100.0
48631,100.0
48632,100.0
48633,100.0
48634,100.0
48635,100.0
48636,100.0
48637,100.0
48638,100.0
48639,100.0
48640,100.0
48641,100.0
48642,100.0
48643,100.0
48644,100.0
48645,100.0
48646,100.0
48647,100.0
48648,100.0
48649,100.0
48650,100.0
48651,100.0
48652,100.0
48653,100.0
48654,100.0
48655,100.0
48656,100.0
48657,100.0
48658,100.0
48659,100.0
48660,100.0
48661,100.0
48662,100.0
48663,100.0
48664,100.0
48665,100.0
48666,100.0
48667,100.0
48668,100.0
48669,100.0
48670,100.0
48671,100.0
48672,100.0
48673,100.0
48674,100.0
48675,100.0
48676,100.0
48677,100.0
48678,100.0
48679,100.0
48680,100.0
48681,100.0
48682,100.0
48683,100.0
48684,100.0
48685,100.0
48686,100.0
48687,100.0
48688,100.0
48689,100.0
48690,100.0
48691,100.0
48692,100.0
48693,100.0
48694,100.0
48695,100.0
48696,100.0
48697,100.0
48698,100.0
48699,100.0
48700,100.0
48701,100.0
48702,100.0
48703,100.0
48704,100.0
48705,100.0
48706,100.0
48707,100.0
48708,100.0
48709,100.0
48710,100.0
48711,100.0
48712,100.0
48713,100.0
48714,100.0
48715,100.0
48716,100.0
48717,100.0
48718,100.0
48719,100.0
48720,100.0
48721,100.0
48722,100.0
48723,100.0
48724,100.0
48725,100.0
48726,100.0
48727,100.0
48728,100.0
48729,100.0
48730,100.0
48731,100.0
48732,100.0
48733,100.0
48734,100.0
48735,100.0
48736,100.0
48737,100.0
48738,100.0
48739,100.0
48740,100.0
48741,100.0
48742,100.0
48743,100.0
48744,100.0
48745,100.0
48746,100.0
48747,100.0
48748,100.0
48749,100.0
48750,100.0
48751,100.0
48752,100.0
48753,100.0
48754,100.0
48755,100.0
48756,100.0
48757,100.0
48758,100.0
48759,100.0
48760,100.0
48761,100.0
48762,100.0
48763,100.0
48764,100.0
48765,100.0
48766,100.0
48767,100.0
48768,100.0
48769,100.0
48770,100.0
48771,100.0
48772,100.0
48773,100.0
48774,100.0
48775,100.0
48776,100.0
48777,100.0
48778,100.0
48779,100.0
48780,100.0
48781,100.0
48782,100.0
48783,100.0
48784,100.0
48785,100.0
48786,100.0
48787,100.0
48788,100.0
48789,100.0
48790,100.0
48791,100.0
48792,100.0
48793,100.0
48794,100.0
48795,100.0
48796,100.0
48797,100.0
48798,100.0
48799,100.0
48800,100.0
48801,100.0
48802,100.0
48803,100.0
48804,100.0
48805,100.0
48806,100.0
48807,100.0
48808,100.0
48809,100.0
48810,100.0
48811,100.0
48812,100.0
48813,100.0
48814,100.0
48815,100.0
48816,100.0
48817,100.0
48818,100.0
48819,100.0
48820,100.0
48821,100.0
48822,100.0
48823,100.0
48824,100.0
48825,100.0
48826,100.0
48827,100.0
48828,100.0
48829,100.0
48830,100.0
48831,100.0
48832,100.0
48833,100.0
48834,100.0
48835,100.0
48836,100.0
48837,100.0
48838,100.0
48839,100.0
48840,100.0
48841,100.0
48842,100.0
48843,100.0
48844,100.0
48845,100.0
48846,100.0
48847,100.0
48848,100.0
48849,100.0
48850,100.0
48851,100.0
48852,100.0
48853,100.0
48854,100.0
48855,100.0
48856,100.0
48857,100.0
48858,100.0
48859,100.0
48860,100.0
48861,100.0
48862,100.0
48863,100.0
48864,100.0
48865,100.0
48866,100.0
48867,100.0
48868,100.0
48869,100.0
48870,100.0
48871,100.0
48872,100.0
48873,100.0
48874,100.0
48875,100.0
48876,100.0
48877,100.0
48878,100.0
48879,100.0
48880,100.0
48881,100.0
48882,100.0
48883,100.0
48884,100.0
48885,100.0
48886,100.0
48887,100.0
48888,100.0
48889,100.0
48890,100.0
48891,100.0
48892,100.0
48893,100.0
48894,100.0
48895,100.0
48896,100.0
48897,100.0
48898,100.0
48899,100.0
48900,100.0
48901,100.0
48902,100.0
48903,100.0
48904,100.0
48905,100.0
48906,100.0
48907,100.0
48908,100.0
48909,100.0
48910,100.0
48911,100.0
48912,100.0
48913,100.0
48914,100.0
48915,100.0
48916,100.0
48917,100.0
48918,100.0
48919,100.0
48920,100.0
48921,100.0
48922,100.0
48923,100.0
48924,100.0
48925,100.0
48926,100.0
48927,100.0
48928,100.0
48929,100.0
48930,100.0
48931,100.0
48932,100.0
48933,100.0
48934,100.0
48935,100.0
48936,100.0
48937,100.0
48938,100.0
48939,100.0
48940,100.0
48941,100.0
48942,100.0
48943,100.0
48944,100.0
48945,100.0
48946,100.0
48947,100.0
48948,100.0
48949,100.0
48950,100.0
48951,100.0
48952,100.0
48953,100.0
48954,100.0
48955,100.0
48956,100.0
48957,100.0
48958,100.0
48959,100.0
48960,100.0
48961,100.0
48962,100.0
48963,100.0
48964,100.0
48965,100.0
48966,100.0
48967,100.0
48968,100.0
48969,100.0
48970,100.0
48971,100.0
48972,100.0
48973,100.0
48974,100.0
48975,100.0
48976,100.0
48977,100.0
48978,100.0
48979,100.0
48980,100.0
48981,100.0
48982,100.0
48983,100.0
48984,100.0
48985,100.0
48986,100.0
48987,100.0
48988,100.0
48989,100.0
48990,100.0
48991,100.0
48992,100.0
48993,100.0
48994,100.0
48995,100.0
48996,100.0
48997,100.0
48998,100.0
48999,100.0
49000,100.0
49001,100.0
49002,100.0
49003,100.0
49004,100.0
49005,100.0
49006,100.0
49007,100.0
49008,100.0
49009,100.0
49010,100.0
49011,100.0
49012,100.0
49013,100.0
49014,100.0
49015,100.0
49016,100.0
49017,100.0
49018,100.0
49019,100.0
49020,100.0
49021,100.0
49022,100.0
49023,100.0
49024,100.0
49025,100.0
49026,100.0
49027,100.0
49028,100.0
49029,100.0
49030,100.0
49031,100.0
49032,100.0
49033,100.0
49034,100.0
49035,100.0
49036,100.0
49037,100.0
49038,100.0
49039,100.0
49040,100.0
49041,100.0
49042,100.0
49043,100.0
49044,100.0
49045,100.0
49046,100.0
49047,100.0
49048,100.0
49049,100.0
49050,100.0
49051,100.0
49052,100.0
49053,100.0
49054,100.0
49055,100.0
49056,100.0
49057,100.0
49058,100.0
49059,100.0
49060,100.0
49061,100.0
49062,100.0
49063,100.0
49064,100.0
49065,100.0
49066,100.0
49067,100.0
49068,100.0
49069,100.0
49070,100.0
49071,100.0
49072,100.0
49073,100.0
49074,100.0
49075,100.0
49076,100.0
49077,100.0
49078,100.0
49079,100.0
49080,100.0
49081,100.0
49082,100.0
49083,100.0
49084,100.0
49085,100.0
49086,100.0
49087,100.0
49088,100.0
49089,100.0
49090,100.0
49091,100.0
49092,100.0
49093,100.0
49094,100.0
49095,100.0
49096,100.0
49097,100.0
49098,100.0
49099,100.0
49100,100.0
49101,100.0
49102,100.0
49103,100.0
49104,100.0
49105,100.0
49106,100.0
49107,100.0
49108,100.0
49109,100.0
49110,100.0
49111,100.0
49112,100.0
49113,100.0
49114,100.0
49115,100.0
49116,100.0
49117,100.0
49118,100.0
49119,100.0
49120,100.0
49121,100.0
49122,100.0
49123,100.0
49124,100.0
49125,100.0
49126,100.0
49127,100.0
49128,100.0
49129,100.0
49130,100.0
49131,100.0
49132,100.0
49133,100.0
49134,100.0
49135,100.0
49136,100.0
49137,100.0
49138,100.0
49139,100.0
49140,100.0
49141,100.0
49142,100.0
49143,100.0
49144,100.0
49145,100.0
49146,100.0
49147,100.0
49148,100.0
49149,100.0
49150,100.0
49151,100.0
49152,100.0
49153,100.0
49154,100.0
49155,100.0
49156,100.0
49157,100.0
49158,100.0
49159,100.0
49160,100.0
49161,100.0
49162,100.0
49163,100.0
49164,100.0
49165,100.0
49166,100.0
49167,100.0
49168,100.0
49169,100.0
49170,100.0
49171,100.0
49172,100.0
49173,100.0
49174,100.0
49175,100.0
49176,100.0
49177,100.0
49178,100.0
49179,100.0
49180,100.0
49181,100.0
49182,100.0
49183,100.0
49184,100.0
49185,100.0
49186,100.0
49187,100.0
49188,100.0
49189,100.0
49190,100.0
49191,100.0
49192,100.0
49193,100.0
49194,100.0
49195,100.0
49196,100.0
49197,100.0
49198,100.0
49199,100.0
49200,100.0
49201,100.0
49202,100.0
49203,100.0
49204,100.0
49205,100.0
49206,100.0
49207,100.0
49208,100.0
49209,100.0
49210,100.0
49211,100.0
49212,100.0
49213,100.0
49214,100.0
49215,100.0
49216,100.0
49217,100.0
49218,100.0
49219,100.0
49220,100.0
49221,100.0
49222,100.0
49223,100.0
49224,100.0
49225,100.0
49226,100.0
49227,100.0
49228,100.0
49229,100.0
49230,100.0
49231,100.0
49232,100.0
49233,100.0
49234,100.0
49235,100.0
49236,100.0
49237,100.0
49238,100.0
49239,100.0
49240,100.0
49241,100.0
49242,100.0
49243,100.0
49244,100.0
49245,100.0
49246,100.0
49247,100.0
49248,100.0
49249,100.0
49250,100.0
49251,100.0
49252,100.0
49253,100.0
49254,100.0
49255,100.0
49256,100.0
49257,100.0
49258,100.0
49259,100.0
49260,100.0
49261,100.0
49262,100.0
49263,100.0
49264,100.0
49265,100.0
49266,100.0
49267,100.0
49268,100.0
49269,100.0
49270,100.0
49271,100.0
49272,100.0
49273,100.0
49274,100.0
49275,100.0
49276,100.0
49277,100.0
49278,100.0
49279,100.0
49280,100.0
49281,100.0
49282,100.0
49283,100.0
49284,100.0
49285,100.0
49286,100.0
49287,100.0
49288,100.0
49289,100.0
49290,100.0
49291,100.0
49292,100.0
49293,100.0
49294,100.0
49295,100.0
49296,100.0
49297,100.0
49298,100.0
49299,100.0
49300,100.0
49301,100.0
49302,100.0
49303,100.0
49304,100.0
49305,100.0
49306,100.0
49307,100.0
49308,100.0
49309,100.0
49310,100.0
49311,100.0
49312,100.0
49313,100.0
49314,100.0
49315,100.0
49316,100.0
49317,100.0
49318,100.0
49319,100.0
49320,100.0
49321,100.0
49322,100.0
49323,100.0
49324,100.0
49325,100.0
49326,100.0
49327,100.0
49328,100.0
49329,100.0
49330,100.0
49331,100.0
49332,100.0
49333,100.0
49334,100.0
49335,100.0
49336,100.0
49337,100.0
49338,100.0
49339,100.0
49340,100.0
49341,100.0
49342,100.0
49343,100.0
49344,100.0
49345,100.0
49346,100.0
49347,100.0
49348,100.0
49349,100.0
49350,100.0
49351,100.0
49352,100.0
49353,100.0
49354,100.0
49355,100.0
49356,100.0
49357,100.0
49358,100.0
49359,100.0
49360,100.0
49361,100.0
49362,100.0
49363,100.0
49364,100.0
49365,100.0
49366,100.0
49367,100.0
49368,100.0
49369,100.0
49370,100.0
49371,100.0
49372,100.0
49373,100.0
49374,100.0
49375,100.0
49376,100.0
49377,100.0
49378,100.0
49379,100.0
49380,100.0
49381,100.0
49382,100.0
49383,100.0
49384,100.0
49385,100.0
49386,100.0
49387,100.0
49388,100.0
49389,100.0
49390,100.0
49391,100.0
49392,100.0
49393,100.0
49394,100.0
49395,100.0
49396,100.0
49397,100.0
49398,100.0
49399,100.0
49400,100.0
49401,100.0
49402,100.0
49403,100.0
49404,100.0
49405,100.0
49406,100.0
49407,100.0
49408,100.0
49409,100.0
49410,100.0
49411,100.0
49412,100.0
49413,100.0
49414,100.0
49415,100.0
49416,100.0
49417,100.0
49418,100.0
49419,100.0
49420,100.0
49421,100.0
49422,100.0
49423,100.0
49424,100.0
49425,100.0
49426,100.0
49427,100.0
49428,100.0
49429,100.0
49430,100.0
49431,100.0
49432,100.0
49433,100.0
49434,100.0
49435,100.0
49436,100.0
49437,100.0
49438,100.0
49439,100.0
49440,100.0
49441,100.0
49442,100.0
49443,100.0
49444,100.0
49445,100.0
49446,100.0
49447,100.0
49448,100.0
49449,100.0
49450,100.0
49451,100.0
49452,100.0
49453,100.0
49454,100.0
49455,100.0
49456,100.0
49457,100.0
49458,100.0
49459,100.0
49460,100.0
49461,100.0
49462,100.0
49463,100.0
49464,100.0
49465,100.0
49466,100.0
49467,100.0
49468,100.0
49469,100.0
49470,100.0
49471,100.0
49472,100.0
49473,100.0
49474,100.0
49475,100.0
49476,100.0
49477,100.0
49478,100.0
49479,100.0
49480,100.0
49481,100.0
49482,100.0
49483,100.0
49484,100.0
49485,100.0
49486,100.0
49487,100.0
49488,100.0
49489,100.0
49490,100.0
49491,100.0
49492,100.0
49493,100.0
49494,100.0
49495,100.0
49496,100.0
49497,100.0
49498,100.0
49499,100.0
49500,100.0
49501,100.0
49502,100.0
49503,100.0
49504,100.0
49505,100.0
49506,100.0
49507,100.0
49508,100.0
49509,100.0
49510,100.0
49511,100.0
49512,100.0
49513,100.0
49514,100.0
49515,100.0
49516,100.0
49517,100.0
49518,100.0
49519,100.0
49520,100.0
49521,100.0
49522,100.0
49523,100.0
49524,100.0
49525,100.0
49526,100.0
49527,100.0
49528,100.0
49529,100.0
49530,100.0
49531,100.0
49532,100.0
49533,100.0
49534,100.0
49535,100.0
49536,100.0
49537,100.0
49538,100.0
49539,100.0
49540,100.0
49541,100.0
49542,100.0
49543,100.0
49544,100.0
49545,100.0
49546,100.0
49547,100.0
49548,100.0
49549,100.0
49550,100.0
49551,100.0
49552,100.0
49553,100.0
49554,100.0
49555,100.0
49556,100.0
49557,100.0
49558,100.0
49559,100.0
49560,100.0
49561,100.0
49562,100.0
49563,100.0
49564,100.0
49565,100.0
49566,100.0
49567,100.0
49568,100.0
49569,100.0
49570,100.0
49571,100.0
49572,100.0
49573,100.0
49574,100.0
49575,100.0
49576,100.0
49577,100.0
49578,100.0
49579,100.0
49580,100.0
49581,100.0
49582,100.0
49583,100.0
49584,100.0
49585,100.0
49586,100.0
49587,100.0
49588,100.0
49589,100.0
49590,100.0
49591,100.0
49592,100.0
49593,100.0
49594,100.0
49595,100.0
49596,100.0
49597,100.0
49598,100.0
49599,100.0
49600,100.0
49601,100.0
49602,100.0
49603,100.0
49604,100.0
49605,100.0
49606,100.0
49607,100.0
49608,100.0
49609,100.0
49610,100.0
49611,100.0
49612,100.0
49613,100.0
49614,100.0
49615,100.0
49616,100.0
49617,100.0
49618,100.0
49619,100.0
49620,100.0
49621,100.0
49622,100.0
49623,100.0
49624,100.0
49625,100.0
49626,100.0
49627,100.0
49628,100.0
49629,100.0
49630,100.0
49631,100.0
49632,100.0
49633,100.0
49634,100.0
49635,100.0
49636,100.0
49637,100.0
49638,100.0
49639,100.0
49640,100.0
49641,100.0
49642,100.0
49643,100.0
49644,100.0
49645,100.0
49646,100.0
49647,100.0
49648,100.0
49649,100.0
49650,100.0
49651,100.0
49652,100.0
49653,100.0
49654,100.0
49655,100.0
49656,100.0
49657,100.0
49658,100.0
49659,100.0
49660,100.0
49661,100.0
49662,100.0
49663,100.0
49664,100.0
49665,100.0
49666,100.0
49667,100.0
49668,100.0
49669,100.0
49670,100.0
49671,100.0
49672,100.0
49673,100.0
49674,100.0
49675,100.0
49676,100.0
49677,100.0
49678,100.0
49679,100.0
49680,100.0
49681,100.0
49682,100.0
49683,100.0
49684,100.0
49685,100.0
49686,100.0
49687,100.0
49688,100.0
49689,100.0
49690,100.0
49691,100.0
49692,100.0
49693,100.0
49694,100.0
49695,100.0
49696,100.0
49697,100.0
49698,100.0
49699,100.0
49700,100.0
49701,100.0
49702,100.0
49703,100.0
49704,100.0
49705,100.0
49706,100.0
49707,100.0
49708,100.0
49709,100.0
49710,100.0
49711,100.0
49712,100.0
49713,100.0
49714,100.0
49715,100.0
49716,100.0
49717,100.0
49718,100.0
49719,100.0
49720,100.0
49721,100.0
49722,100.0
49723,100.0
49724,100.0
49725,100.0
49726,100.0
49727,100.0
49728,100.0
49729,100.0
49730,100.0
49731,100.0
49732,100.0
49733,100.0
49734,100.0
49735,100.0
49736,100.0
49737,100.0
49738,100.0
49739,100.0
49740,100.0
49741,100.0
49742,100.0
49743,100.0
49744,100.0
49745,100.0
49746,100.0
49747,100.0
49748,100.0
49749,100.0
49750,100.0
49751,100.0
49752,100.0
49753,100.0
49754,100.0
49755,100.0
49756,100.0
49757,100.0
49758,100.0
49759,100.0
49760,100.0
49761,100.0
49762,100.0
49763,100.0
49764,100.0
49765,100.0
49766,100.0
49767,100.0
49768,100.0
49769,100.0
49770,100.0
49771,100.0
49772,100.0
49773,100.0
49774,100.0
49775,100.0
49776,100.0
49777,100.0
49778,100.0
49779,100.0
49780,100.0
49781,100.0
49782,100.0
49783,100.0
49784,100.0
49785,100.0
49786,100.0
49787,100.0
49788,100.0
49789,100.0
49790,100.0
49791,100.0
49792,100.0
49793,100.0
49794,100.0
49795,100.0
49796,100.0
49797,100.0
49798,100.0
49799,100.0
49800,100.0
49801,100.0
49802,100.0
49803,100.0
49804,100.0
49805,100.0
49806,100.0
49807,100.0
49808,100.0
49809,100.0
49810,100.0
49811,100.0
49812,100.0
49813,100.0
49814,100.0
49815,100.0
49816,100.0
49817,100.0
49818,100.0
49819,100.0
49820,100.0
49821,100.0
49822,100.0
49823,100.0
49824,100.0
49825,100.0
49826,100.0
49827,100.0
49828,100.0
49829,100.0
49830,100.0
49831,100.0
49832,100.0
49833,100.0
49834,100.0
49835,100.0
49836,100.0
49837,100.0
49838,100.0
49839,100.0
49840,100.0
49841,100.0
49842,100.0
49843,100.0
49844,100.0
49845,100.0
49846,100.0
49847,100.0
49848,100.0
49849,100.0
49850,100.0
49851,100.0
49852,100.0
49853,100.0
49854,100.0
49855,100.0
49856,100.0
49857,100.0
49858,100.0
49859,100.0
49860,100.0
49861,100.0
49862,100.0
49863,100.0
49864,100.0
49865,100.0
49866,100.0
49867,100.0
49868,100.0
49869,100.0
49870,100.0
49871,100.0
49872,100.0
49873,100.0
49874,100.0
49875,100.0
49876,100.0
49877,100.0
49878,100.0
49879,100.0
49880,100.0
49881,100.0
49882,100.0
49883,100.0
49884,100.0
49885,100.0
49886,100.0
49887,100.0
49888,100.0
49889,100.0
49890,100.0
49891,100.0
49892,100.0
49893,100.0
49894,100.0
49895,100.0
49896,100.0
49897,100.0
49898,100.0
49899,100.0
49900,100.0
49901,100.0
49902,100.0
49903,100.0
49904,100.0
49905,100.0
49906,100.0
49907,100.0
49908,100.0
49909,100.0
49910,100.0
49911,100.0
49912,100.0
49913,100.0
49914,100.0
49915,100.0
49916,100.0
49917,100.0
49918,100.0
49919,100.0
49920,100.0
49921,100.0
49922,100.0
49923,100.0
49924,100.0
49925,100.0
49926,100.0
49927,100.0
49928,100.0
49929,100.0
49930,100.0
49931,100.0
49932,100.0
49933,100.0
49934,100.0
49935,100.0
49936,100.0
49937,100.0
49938,100.0
49939,100.0
49940,100.0
49941,100.0
49942,100.0
49943,100.0
49944,100.0
49945,100.0
49946,100.0
49947,100.0
49948,100.0
49949,100.0
49950,100.0
49951,100.0
49952,100.0
49953,100.0
49954,100.0
49955,100.0
49956,100.0
49957,100.0
49958,100.0
49959,100.0
49960,100.0
49961,100.0
49962,100.0
49963,100.0
49964,100.0
49965,100.0
49966,100.0
49967,100.0
49968,100.0
49969,100.0
49970,100.0
49971,100.0
49972,100.0
49973,100.0
49974,100.0
49975,100.0
49976,100.0
49977,100.0
49978,100.0
49979,100.0
49980,100.0
49981,100.0
49982,100.0
49983,100.0
49984,100.0
49985,100.0
49986,100.0
49987,100.0
49988,100.0
49989,100.0
49990,100.0
49991,100.0
49992,100.0
49993,100.0
49994,100.0
49995,100.0
49996,100.0
49997,100.0
49998,100.0
49999,100.0
50000,100.0
50001,100.0
50002,100.0
50003,100.0
50004,100.0
50005,100.0
50006,100.0
50007,100.0
50008,100.0
50009,100.0
50010,100.0
50011,100.0
50012,100.0
50013,100.0
50014,100.0
50015,100.0
50016,100.0
50017,100.0
50018,100.0
50019,100.0
50020,100.0
50021,100.0
50022,100.0
50023,100.0
50024,100.0
50025,100.0
50026,100.0
50027,100.0
50028,100.0
50029,100.0
50030,100.0
50031,100.0
50032,100.0
50033,100.0
50034,100.0
50035,100.0
50036,100.0
50037,100.0
50038,100.0
50039,100.0
50040,100.0
50041,100.0
50042,100.0
50043,100.0
50044,100.0
50045,100.0
50046,100.0
50047,100.0
50048,100.0
50049,100.0
50050,100.0
50051,100.0
50052,100.0
50053,100.0
50054,100.0
50055,100.0
50056,100.0
50057,100.0
50058,100.0
50059,100.0
50060,100.0
50061,100.0
50062,100.0
50063,100.0
50064,100.0
50065,100.0
50066,100.0
50067,100.0
50068,100.0
50069,100.0
50070,100.0
50071,100.0
50072,100.0
50073,100.0
50074,100.0
50075,100.0
50076,100.0
50077,100.0
50078,100.0
50079,100.0
50080,100.0
50081,100.0
50082,100.0
50083,100.0
50084,100.0
50085,100.0
50086,100.0
50087,100.0
50088,100.0
50089,100.0
50090,100.0
50091,100.0
50092,100.0
50093,100.0
50094,100.0
50095,100.0
50096,100.0
50097,100.0
50098,100.0
50099,100.0
50100,100.0
50101,100.0
50102,100.0
50103,100.0
50104,100.0
50105,100.0
50106,100.0
50107,100.0
50108,100.0
50109,100.0
50110,100.0
50111,100.0
50112,100.0
50113,100.0
50114,100.0
50115,100.0
50116,100.0
50117,100.0
50118,100.0
50119,100.0
50120,100.0
50121,100.0
50122,100.0
50123,100.0
50124,100.0
50125,100.0
50126,100.0
50127,100.0
50128,100.0
50129,100.0
50130,100.0
50131,100.0
50132,100.0
50133,100.0
50134,100.0
50135,100.0
50136,100.0
50137,100.0
50138,100.0
50139,100.0
50140,100.0
50141,100.0
50142,100.0
50143,100.0
50144,100.0
50145,100.0
50146,100.0
50147,100.0
50148,100.0
50149,100.0
50150,100.0
50151,100.0
50152,100.0
50153,100.0
50154,100.0
50155,100.0
50156,100.0
50157,100.0
50158,100.0
50159,100.0
50160,100.0
50161,100.0
50162,100.0
50163,100.0
50164,100.0
50165,100.0
50166,100.0
50167,100.0
50168,100.0
50169,100.0
50170,100.0
50171,100.0
50172,100.0
50173,100.0
50174,100.0
50175,100.0
50176,100.0
50177,100.0
50178,100.0
50179,100.0
50180,100.0
50181,100.0
50182,100.0
50183,100.0
50184,100.0
50185,100.0
50186,100.0
50187,100.0
50188,100.0
50189,100.0
50190,100.0
50191,100.0
50192,100.0
50193,100.0
50194,100.0
50195,100.0
50196,100.0
50197,100.0
50198,100.0
50199,100.0
50200,100.0
50201,100.0
50202,100.0
50203,100.0
50204,100.0
50205,100.0
50206,100.0
50207,100.0
50208,100.0
50209,100.0
50210,100.0
50211,100.0
50212,100.0
50213,100.0
50214,100.0
50215,100.0
50216,100.0
50217,100.0
50218,100.0
50219,100.0
50220,100.0
50221,100.0
50222,100.0
50223,100.0
50224,100.0
50225,100.0
50226,100.0
50227,100.0
50228,100.0
50229,100.0
50230,100.0
50231,100.0
50232,100.0
50233,100.0
50234,100.0
50235,100.0
50236,100.0
50237,100.0
50238,100.0
50239,100.0
50240,100.0
50241,100.0
50242,100.0
50243,100.0
50244,100.0
50245,100.0
50246,100.0
50247,100.0
50248,100.0
50249,100.0
50250,100.0
50251,100.0
50252,100.0
50253,100.0
50254,100.0
50255,100.0
50256,100.0
50257,100.0
50258,100.0
50259,100.0
50260,100.0
50261,100.0
50262,100.0
50263,100.0
50264,100.0
50265,100.0
50266,100.0
50267,100.0
50268,100.0
50269,100.0
50270,100.0
50271,100.0
50272,100.0
50273,100.0
50274,100.0
50275,100.0
50276,100.0
50277,100.0
50278,100.0
50279,100.0
50280,100.0
50281,100.0
50282,100.0
50283,100.0
50284,100.0
50285,100.0
50286,100.0
50287,100.0
50288,100.0
50289,100.0
50290,100.0
50291,100.0
50292,100.0
50293,100.0
50294,100.0
50295,100.0
50296,100.0
50297,100.0
50298,100.0
50299,100.0
50300,100.0
50301,100.0
50302,100.0
50303,100.0
50304,100.0
50305,100.0
50306,100.0
50307,100.0
50308,100.0
50309,100.0
50310,100.0
50311,100.0
50312,100.0
50313,100.0
50314,100.0
50315,100.0
50316,100.0
50317,100.0
50318,100.0
50319,100.0
50320,100.0
50321,100.0
50322,100.0
50323,100.0
50324,100.0
50325,100.0
50326,100.0
50327,100.0
50328,100.0
50329,100.0
50330,100.0
50331,100.0
50332,100.0
50333,100.0
50334,100.0
50335,100.0
50336,100.0
50337,100.0
50338,100.0
50339,100.0
50340,100.0
50341,100.0
50342,100.0
50343,100.0
50344,100.0
50345,100.0
50346,100.0
50347,100.0
50348,100.0
50349,100.0
50350,100.0
50351,100.0
50352,100.0
50353,100.0
50354,100.0
50355,100.0
50356,100.0
50357,100.0
50358,100.0
50359,100.0
50360,100.0
50361,100.0
50362,100.0
50363,100.0
50364,100.0
50365,100.0
50366,100.0
50367,100.0
50368,100.0
50369,100.0
50370,100.0
50371,100.0
50372,100.0
50373,100.0
50374,100.0
50375,100.0
50376,100.0
50377,100.0
50378,100.0
50379,100.0
50380,100.0
50381,100.0
50382,100.0
50383,100.0
50384,100.0
50385,100.0
50386,100.0
50387,100.0
50388,100.0
50389,100.0
50390,100.0
50391,100.0
50392,100.0
50393,100.0
50394,100.0
50395,100.0
50396,100.0
50397,100.0
50398,100.0
50399,100.0
50400,100.0
50401,100.0
50402,100.0
50403,100.0
50404,100.0
50405,100.0
50406,100.0
50407,100.0
50408,100.0
50409,100.0
50410,100.0
50411,100.0
50412,100.0
50413,100.0
50414,100.0
50415,100.0
50416,100.0
50417,100.0
50418,100.0
50419,100.0
50420,100.0
50421,100.0
50422,100.0
50423,100.0
50424,100.0
50425,100.0
50426,100.0
50427,100.0
50428,100.0
50429,100.0
50430,100.0
50431,100.0
50432,100.0
50433,100.0
50434,100.0
50435,100.0
50436,100.0
50437,100.0
50438,100.0
50439,100.0
50440,100.0
50441,100.0
50442,100.0
50443,100.0
50444,100.0
50445,100.0
50446,100.0
50447,100.0
50448,100.0
50449,100.0
50450,100.0
50451,100.0
50452,100.0
50453,100.0
50454,100.0
50455,100.0
50456,100.0
50457,100.0
50458,100.0
50459,100.0
50460,100.0
50461,100.0
50462,100.0
50463,100.0
50464,100.0
50465,100.0
50466,100.0
50467,100.0
50468,100.0
50469,100.0
50470,100.0
50471,100.0
50472,100.0
50473,100.0
50474,100.0
50475,100.0
50476,100.0
50477,100.0
50478,100.0
50479,100.0
50480,100.0
50481,100.0
50482,100.0
50483,100.0
50484,100.0
50485,100.0
50486,100.0
50487,100.0
50488,100.0
50489,100.0
50490,100.0
50491,100.0
50492,100.0
50493,100.0
50494,100.0
50495,100.0
50496,100.0
50497,100.0
50498,100.0
50499,100.0
50500,100.0
50501,100.0
50502,100.0
50503,100.0
50504,100.0
50505,100.0
50506,100.0
50507,100.0
50508,100.0
50509,100.0
50510,100.0
50511,100.0
50512,100.0
50513,100.0
50514,100.0
50515,100.0
50516,100.0
50517,100.0
50518,100.0
50519,100.0
50520,100.0
50521,100.0
50522,100.0
50523,100.0
50524,100.0
50525,100.0
50526,100.0
50527,100.0
50528,100.0
50529,100.0
50530,100.0
50531,100.0
50532,100.0
50533,100.0
50534,100.0
50535,100.0
50536,100.0
50537,100.0
50538,100.0
50539,100.0
50540,100.0
50541,100.0
50542,100.0
50543,100.0
50544,100.0
50545,100.0
50546,100.0
50547,100.0
50548,100.0
50549,100.0
50550,100.0
50551,100.0
50552,100.0
50553,100.0
50554,100.0
50555,100.0
50556,100.0
50557,100.0
50558,100.0
50559,100.0
50560,100.0
50561,100.0
50562,100.0
50563,100.0
50564,100.0
50565,100.0
50566,100.0
50567,100.0
50568,100.0
50569,100.0
50570,100.0
50571,100.0
50572,100.0
50573,100.0
50574,100.0
50575,100.0
50576,100.0
50577,100.0
50578,100.0
50579,100.0
50580,100.0
50581,100.0
50582,100.0
50583,100.0
50584,100.0
50585,100.0
50586,100.0
50587,100.0
50588,100.0
50589,100.0
50590,100.0
50591,100.0
50592,100.0
50593,100.0
50594,100.0
50595,100.0
50596,100.0
50597,100.0
50598,100.0
50599,100.0
50600,100.0
50601,100.0
50602,100.0
50603,100.0
50604,100.0
50605,100.0
50606,100.0
50607,100.0
50608,100.0
50609,100.0
50610,100.0
50611,100.0
50612,100.0
50613,100.0
50614,100.0
50615,100.0
50616,100.0
50617,100.0
50618,100.0
50619,100.0
50620,100.0
50621,100.0
50622,100.0
50623,100.0
50624,100.0
50625,100.0
50626,100.0
50627,100.0
50628,100.0
50629,100.0
50630,100.0
50631,100.0
50632,100.0
50633,100.0
50634,100.0
50635,100.0
50636,100.0
50637,100.0
50638,100.0
50639,100.0
50640,100.0
50641,100.0
50642,100.0
50643,100.0
50644,100.0
50645,100.0
50646,100.0
50647,100.0
50648,100.0
50649,100.0
50650,100.0
50651,100.0
50652,100.0
50653,100.0
50654,100.0
50655,100.0
50656,100.0
50657,100.0
50658,100.0
50659,100.0
50660,100.0
50661,100.0
50662,100.0
50663,100.0
50664,100.0
50665,100.0
50666,100.0
50667,100.0
50668,100.0
50669,100.0
50670,100.0
50671,100.0
50672,100.0
50673,100.0
50674,100.0
50675,100.0
50676,100.0
50677,100.0
50678,100.0
50679,100.0
50680,100.0
50681,100.0
50682,100.0
50683,100.0
50684,100.0
50685,100.0
50686,100.0
50687,100.0
50688,100.0
50689,100.0
50690,100.0
50691,100.0
50692,100.0
50693,100.0
50694,100.0
50695,100.0
50696,100.0
50697,100.0
50698,100.0
50699,100.0
50700,100.0
50701,100.0
50702,100.0
50703,100.0
50704,100.0
50705,100.0
50706,100.0
50707,100.0
50708,100.0
50709,100.0
50710,100.0
50711,100.0
50712,100.0
50713,100.0
50714,100.0
50715,100.0
50716,100.0
50717,100.0
50718,100.0
50719,100.0
50720,100.0
50721,100.0
50722,100.0
50723,100.0
50724,100.0
50725,100.0
50726,100.0
50727,100.0
50728,100.0
50729,100.0
50730,100.0
50731,100.0
50732,100.0
50733,100.0
50734,100.0
50735,100.0
50736,100.0
50737,100.0
50738,100.0
50739,100.0
50740,100.0
50741,100.0
50742,100.0
50743,100.0
50744,100.0
50745,100.0
50746,100.0
50747,100.0
50748,100.0
50749,100.0
50750,100.0
50751,100.0
50752,100.0
50753,100.0
50754,100.0
50755,100.0
50756,100.0
50757,100.0
50758,100.0
50759,100.0
50760,100.0
50761,100.0
50762,100.0
50763,100.0
50764,100.0
50765,100.0
50766,100.0
50767,100.0
50768,100.0
50769,100.0
50770,100.0
50771,100.0
50772,100.0
50773,100.0
50774,100.0
50775,100.0
50776,100.0
50777,100.0
50778,100.0
50779,100.0
50780,100.0
50781,100.0
50782,100.0
50783,100.0
50784,100.0
50785,100.0
50786,100.0
50787,100.0
50788,100.0
50789,100.0
50790,100.0
50791,100.0
50792,100.0
50793,100.0
50794,100.0
50795,100.0
50796,100.0
50797,100.0
50798,100.0
50799,100.0
50800,100.0
50801,100.0
50802,100.0
50803,100.0
50804,100.0
50805,100.0
50806,100.0
50807,100.0
50808,100.0
50809,100.0
50810,100.0
50811,100.0
50812,100.0
50813,100.0
50814,100.0
50815,100.0
50816,100.0
50817,100.0
50818,100.0
50819,100.0
50820,100.0
50821,100.0
50822,100.0
50823,100.0
50824,100.0
50825,100.0
50826,100.0
50827,100.0
50828,100.0
50829,100.0
50830,100.0
50831,100.0
50832,100.0
50833,100.0
50834,100.0
50835,100.0
50836,100.0
50837,100.0
50838,100.0
50839,100.0
50840,100.0
50841,100.0
50842,100.0
50843,100.0
50844,100.0
50845,100.0
50846,100.0
50847,100.0
50848,100.0
50849,100.0
50850,100.0
50851,100.0
50852,100.0
50853,100.0
50854,100.0
50855,100.0
50856,100.0
50857,100.0
50858,100.0
50859,100.0
50860,100.0
50861,100.0
50862,100.0
50863,100.0
50864,100.0
50865,100.0
50866,100.0
50867,100.0
50868,100.0
50869,100.0
50870,100.0
50871,100.0
50872,100.0
50873,100.0
50874,100.0
50875,100.0
50876,100.0
50877,100.0
50878,100.0
50879,100.0
50880,100.0
50881,100.0
50882,100.0
50883,100.0
50884,100.0
50885,100.0
50886,100.0
50887,100.0
50888,100.0
50889,100.0
50890,100.0
50891,100.0
50892,100.0
50893,100.0
50894,100.0
50895,100.0
50896,100.0
50897,100.0
50898,100.0
50899,100.0
50900,100.0
50901,100.0
50902,100.0
50903,100.0
50904,100.0
50905,100.0
50906,100.0
50907,100.0
50908,100.0
50909,100.0
50910,100.0
50911,100.0
50912,100.0
50913,100.0
50914,100.0
50915,100.0
50916,100.0
50917,100.0
50918,100.0
50919,100.0
50920,100.0
50921,100.0
50922,100.0
50923,100.0
50924,100.0
50925,100.0
50926,100.0
50927,100.0
50928,100.0
50929,100.0
50930,100.0
50931,100.0
50932,100.0
50933,100.0
50934,100.0
50935,100.0
50936,100.0
50937,100.0
50938,100.0
50939,100.0
50940,100.0
50941,100.0
50942,100.0
50943,100.0
50944,100.0
50945,100.0
50946,100.0
50947,100.0
50948,100.0
50949,100.0
50950,100.0
50951,100.0
50952,100.0
50953,100.0
50954,100.0
50955,100.0
50956,100.0
50957,100.0
50958,100.0
50959,100.0
50960,100.0
50961,100.0
50962,100.0
50963,100.0
50964,100.0
50965,100.0
50966,100.0
50967,100.0
50968,100.0
50969,100.0
50970,100.0
50971,100.0
50972,100.0
50973,100.0
50974,100.0
50975,100.0
50976,100.0
50977,100.0
50978,100.0
50979,100.0
50980,100.0
50981,100.0
50982,100.0
50983,100.0
50984,100.0
50985,100.0
50986,100.0
50987,100.0
50988,100.0
50989,100.0
50990,100.0
50991,100.0
50992,100.0
50993,100.0
50994,100.0
50995,100.0
50996,100.0
50997,100.0
50998,100.0
50999,100.0
51000,100.0
51001,100.0
51002,100.0
51003,100.0
51004,100.0
51005,100.0
51006,100.0
51007,100.0
51008,100.0
51009,100.0
51010,100.0
51011,100.0
51012,100.0
51013,100.0
51014,100.0
51015,100.0
51016,100.0
51017,100.0
51018,100.0
51019,100.0
51020,100.0
51021,100.0
51022,100.0
51023,100.0
51024,100.0
51025,100.0
51026,100.0
51027,100.0
51028,100.0
51029,100.0
51030,100.0
51031,100.0
51032,100.0
51033,100.0
51034,100.0
51035,100.0
51036,100.0
51037,100.0
51038,100.0
51039,100.0
51040,100.0
51041,100.0
51042,100.0
51043,100.0
51044,100.0
51045,100.0
51046,100.0
51047,100.0
51048,100.0
51049,100.0
51050,100.0
51051,100.0
51052,100.0
51053,100.0
51054,100.0
51055,100.0
51056,100.0
51057,100.0
51058,100.0
51059,100.0
51060,100.0
51061,100.0
51062,100.0
51063,100.0
51064,100.0
51065,100.0
51066,100.0
51067,100.0
51068,100.0
51069,100.0
51070,100.0
51071,100.0
51072,100.0
51073,100.0
51074,100.0
51075,100.0
51076,100.0
51077,100.0
51078,100.0
51079,100.0
51080,100.0
51081,100.0
51082,100.0
51083,100.0
51084,100.0
51085,100.0
51086,100.0
51087,100.0
51088,100.0
51089,100.0
51090,100.0
51091,100.0
51092,100.0
51093,100.0
51094,100.0
51095,100.0
51096,100.0
51097,100.0
51098,100.0
51099,100.0
51100,100.0
51101,100.0
51102,100.0
51103,100.0
51104,100.0
51105,100.0
51106,100.0
51107,100.0
51108,100.0
51109,100.0
51110,100.0
51111,100.0
51112,100.0
51113,100.0
51114,100.0
51115,100.0
51116,100.0
51117,100.0
51118,100.0
51119,100.0
51120,100.0
51121,100.0
51122,100.0
51123,100.0
51124,100.0
51125,100.0
51126,100.0
51127,100.0
51128,100.0
51129,100.0
51130,100.0
51131,100.0
51132,100.0
51133,100.0
51134,100.0
51135,100.0
51136,100.0
51137,100.0
51138,100.0
51139,100.0
51140,100.0
51141,100.0
51142,100.0
51143,100.0
51144,100.0
51145,100.0
51146,100.0
51147,100.0
51148,100.0
51149,100.0
51150,100.0
51151,100.0
51152,100.0
51153,100.0
51154,100.0
51155,100.0
51156,100.0
51157,100.0
51158,100.0
51159,100.0
51160,100.0
51161,100.0
51162,100.0
51163,100.0
51164,100.0
51165,100.0
51166,100.0
51167,100.0
51168,100.0
51169,100.0
51170,100.0
51171,100.0
51172,100.0
51173,100.0
51174,100.0
51175,100.0
51176,100.0
51177,100.0
51178,100.0
51179,100.0
51180,100.0
51181,100.0
51182,100.0
51183,100.0
51184,100.0
51185,100.0
51186,100.0
51187,100.0
51188,100.0
51189,100.0
51190,100.0
51191,100.0
51192,100.0
51193,100.0
51194,100.0
51195,100.0
51196,100.0
51197,100.0
51198,100.0
51199,100.0
51200,100.0
51201,100.0
51202,100.0
51203,100.0
51204,100.0
51205,100.0
51206,100.0
51207,100.0
51208,100.0
51209,100.0
51210,100.0
51211,100.0
51212,100.0
51213,100.0
51214,100.0
51215,100.0
51216,100.0
51217,100.0
51218,100.0
51219,100.0
51220,100.0
51221,100.0
51222,100.0
51223,100.0
51224,100.0
51225,100.0
51226,100.0
51227,100.0
51228,100.0
51229,100.0
51230,100.0
51231,100.0
51232,100.0
51233,100.0
51234,100.0
51235,100.0
51236,100.0
51237,100.0
51238,100.0
51239,100.0
51240,100.0
51241,100.0
51242,100.0
51243,100.0
51244,100.0
51245,100.0
51246,100.0
51247,100.0
51248,100.0
51249,100.0
51250,100.0
51251,100.0
51252,100.0
51253,100.0
51254,100.0
51255,100.0
51256,100.0
51257,100.0
51258,100.0
51259,100.0
51260,100.0
51261,100.0
51262,100.0
51263,100.0
51264,100.0
51265,100.0
51266,100.0
51267,100.0
51268,100.0
51269,100.0
51270,100.0
51271,100.0
51272,100.0
51273,100.0
51274,100.0
51275,100.0
51276,100.0
51277,100.0
51278,100.0
51279,100.0
51280,100.0
51281,100.0
51282,100.0
51283,100.0
51284,100.0
51285,100.0
51286,100.0
51287,100.0
51288,100.0
51289,100.0
51290,100.0
51291,100.0
51292,100.0
51293,100.0
51294,100.0
51295,100.0
51296,100.0
51297,100.0
51298,100.0
51299,100.0
51300,100.0
51301,100.0
51302,100.0
51303,100.0
51304,100.0
51305,100.0
51306,100.0
51307,100.0
51308,100.0
51309,100.0
51310,100.0
51311,100.0
51312,100.0
51313,100.0
51314,100.0
51315,100.0
51316,100.0
51317,100.0
51318,100.0
51319,100.0
51320,100.0
51321,100.0
51322,100.0
51323,100.0
51324,100.0
51325,100.0
51326,100.0
51327,100.0
51328,100.0
51329,100.0
51330,100.0
51331,100.0
51332,100.0
51333,100.0
51334,100.0
51335,100.0
51336,100.0
51337,100.0
51338,100.0
51339,100.0
51340,100.0
51341,100.0
51342,100.0
51343,100.0
51344,100.0
51345,100.0
51346,100.0
51347,100.0
51348,100.0
51349,100.0
51350,100.0
51351,100.0
51352,100.0
51353,100.0
51354,100.0
51355,100.0
51356,100.0
51357,100.0
51358,100.0
51359,100.0
51360,100.0
51361,100.0
51362,100.0
51363,100.0
51364,100.0
51365,100.0
51366,100.0
51367,100.0
51368,100.0
51369,100.0
51370,100.0
51371,100.0
51372,100.0
51373,100.0
51374,100.0
51375,100.0
51376,100.0
51377,100.0
51378,100.0
51379,100.0
51380,100.0
51381,100.0
51382,100.0
51383,100.0
51384,100.0
51385,100.0
51386,100.0
51387,100.0
51388,100.0
51389,100.0
51390,100.0
51391,100.0
51392,100.0
51393,100.0
51394,100.0
51395,100.0
51396,100.0
51397,100.0
51398,100.0
51399,100.0
51400,100.0
51401,100.0
51402,100.0
51403,100.0
51404,100.0
51405,100.0
51406,100.0
51407,100.0
51408,100.0
51409,100.0
51410,100.0
51411,100.0
51412,100.0
51413,100.0
51414,100.0
51415,100.0
51416,100.0
51417,100.0
51418,100.0
51419,100.0
51420,100.0
51421,100.0
51422,100.0
51423,100.0
51424,100.0
51425,100.0
51426,100.0
51427,100.0
51428,100.0
51429,100.0
51430,100.0
51431,100.0
51432,100.0
51433,100.0
51434,100.0
51435,100.0
51436,100.0
51437,100.0
51438,100.0
51439,100.0
51440,100.0
51441,100.0
51442,100.0
51443,100.0
51444,100.0
51445,100.0
51446,100.0
51447,100.0
51448,100.0
51449,100.0
51450,100.0
51451,100.0
51452,100.0
51453,100.0
51454,100.0
51455,100.0
51456,100.0
51457,100.0
51458,100.0
51459,100.0
51460,100.0
51461,100.0
51462,100.0
51463,100.0
51464,100.0
51465,100.0
51466,100.0
51467,100.0
51468,100.0
51469,100.0
51470,100.0
51471,100.0
51472,100.0
51473,100.0
51474,100.0
51475,100.0
51476,100.0
51477,100.0
51478,100.0
51479,100.0
51480,100.0
51481,100.0
51482,100.0
51483,100.0
51484,100.0
51485,100.0
51486,100.0
51487,100.0
51488,100.0
51489,100.0
51490,100.0
51491,100.0
51492,100.0
51493,100.0
51494,100.0
51495,100.0
51496,100.0
51497,100.0
51498,100.0
51499,100.0
51500,100.0
51501,100.0
51502,100.0
51503,100.0
51504,100.0
51505,100.0
51506,100.0
51507,100.0
51508,100.0
51509,100.0
51510,100.0
51511,100.0
51512,100.0
51513,100.0
51514,100.0
51515,100.0
51516,100.0
51517,100.0
51518,100.0
51519,100.0
51520,100.0
51521,100.0
51522,100.0
51523,100.0
51524,100.0
51525,100.0
51526,100.0
51527,100.0
51528,100.0
51529,100.0
51530,100.0
51531,100.0
51532,100.0
51533,100.0
51534,100.0
51535,100.0
51536,100.0
51537,100.0
51538,100.0
51539,100.0
51540,100.0
51541,100.0
51542,100.0
51543,100.0
51544,100.0
51545,100.0
51546,100.0
51547,100.0
51548,100.0
51549,100.0
51550,100.0
51551,100.0
51552,100.0
51553,100.0
51554,100.0
51555,100.0
51556,100.0
51557,100.0
51558,100.0
51559,100.0
51560,100.0
51561,100.0
51562,100.0
51563,100.0
51564,100.0
51565,100.0
51566,100.0
51567,100.0
51568,100.0
51569,100.0
51570,100.0
51571,100.0
51572,100.0
51573,100.0
51574,100.0
51575,100.0
51576,100.0
51577,100.0
51578,100.0
51579,100.0
51580,100.0
51581,100.0
51582,100.0
51583,100.0
51584,100.0
51585,100.0
51586,100.0
51587,100.0
51588,100.0
51589,100.0
51590,100.0
51591,100.0
51592,100.0
51593,100.0
51594,100.0
51595,100.0
51596,100.0
51597,100.0
51598,100.0
51599,100.0
51600,100.0
51601,100.0
51602,100.0
51603,100.0
51604,100.0
51605,100.0
51606,100.0
51607,100.0
51608,100.0
51609,100.0
51610,100.0
51611,100.0
51612,100.0
51613,100.0
51614,100.0
51615,100.0
51616,100.0
51617,100.0
51618,100.0
51619,100.0
51620,100.0
51621,100.0
51622,100.0
51623,100.0
51624,100.0
51625,100.0
51626,100.0
51627,100.0
51628,100.0
51629,100.0
51630,100.0
51631,100.0
51632,100.0
51633,100.0
51634,100.0
51635,100.0
51636,100.0
51637,100.0
51638,100.0
51639,100.0
51640,100.0
51641,100.0
51642,100.0
51643,100.0
51644,100.0
51645,100.0
51646,100.0
51647,100.0
51648,100.0
51649,100.0
51650,100.0
51651,100.0
51652,100.0
51653,100.0
51654,100.0
51655,100.0
51656,100.0
51657,100.0
51658,100.0
51659,100.0
51660,100.0
51661,100.0
51662,100.0
51663,100.0
51664,100.0
51665,100.0
51666,100.0
51667,100.0
51668,100.0
51669,100.0
51670,100.0
51671,100.0
51672,100.0
51673,100.0
51674,100.0
51675,100.0
51676,100.0
51677,100.0
51678,100.0
51679,100.0
51680,100.0
51681,100.0
51682,100.0
51683,100.0
51684,100.0
51685,100.0
51686,100.0
51687,100.0
51688,100.0
51689,100.0
51690,100.0
51691,100.0
51692,100.0
51693,100.0
51694,100.0
51695,100.0
51696,100.0
51697,100.0
51698,100.0
51699,100.0
51700,100.0
51701,100.0
51702,100.0
51703,100.0
51704,100.0
51705,100.0
51706,100.0
51707,100.0
51708,100.0
51709,100.0
51710,100.0
51711,100.0
51712,100.0
51713,100.0
51714,100.0
51715,100.0
51716,100.0
51717,100.0
51718,100.0
51719,100.0
51720,100.0
51721,100.0
51722,100.0
51723,100.0
51724,100.0
51725,100.0
51726,100.0
51727,100.0
51728,100.0
51729,100.0
51730,100.0
51731,100.0
51732,100.0
51733,100.0
51734,100.0
51735,100.0
51736,100.0
51737,100.0
51738,100.0
51739,100.0
51740,100.0
51741,100.0
51742,100.0
51743,100.0
51744,100.0
51745,100.0
51746,100.0
51747,100.0
51748,100.0
51749,100.0
51750,100.0
51751,100.0
51752,100.0
51753,100.0
51754,100.0
51755,100.0
51756,100.0
51757,100.0
51758,100.0
51759,100.0
51760,100.0
51761,100.0
51762,100.0
51763,100.0
51764,100.0
51765,100.0
51766,100.0
51767,100.0
51768,100.0
51769,100.0
51770,100.0
51771,100.0
51772,100.0
51773,100.0
51774,100.0
51775,100.0
51776,100.0
51777,100.0
51778,100.0
51779,100.0
51780,100.0
51781,100.0
51782,100.0
51783,100.0
51784,100.0
51785,100.0
51786,100.0
51787,100.0
51788,100.0
51789,100.0
51790,100.0
51791,100.0
51792,100.0
51793,100.0
51794,100.0
51795,100.0
51796,100.0
51797,100.0
51798,100.0
51799,100.0
51800,100.0
51801,100.0
51802,100.0
51803,100.0
51804,100.0
51805,100.0
51806,100.0
51807,100.0
51808,100.0
51809,100.0
51810,100.0
51811,100.0
51812,100.0
51813,100.0
51814,100.0
51815,100.0
51816,100.0
51817,100.0
51818,100.0
51819,100.0
51820,100.0
51821,100.0
51822,100.0
51823,100.0
51824,100.0
51825,100.0
51826,100.0
51827,100.0
51828,100.0
51829,100.0
51830,100.0
51831,100.0
51832,100.0
51833,100.0
51834,100.0
51835,100.0
51836,100.0
51837,100.0
51838,100.0
51839,100.0
51840,100.0
51841,100.0
51842,100.0
51843,100.0
51844,100.0
51845,100.0
51846,100.0
51847,100.0
51848,100.0
51849,100.0
51850,100.0
51851,100.0
51852,100.0
51853,100.0
51854,100.0
51855,100.0
51856,100.0
51857,100.0
51858,100.0
51859,100.0
51860,100.0
51861,100.0
51862,100.0
51863,100.0
51864,100.0
51865,100.0
51866,100.0
51867,100.0
51868,100.0
51869,100.0
51870,100.0
51871,100.0
51872,100.0
51873,100.0
51874,100.0
51875,100.0
51876,100.0
51877,100.0
51878,100.0
51879,100.0
51880,100.0
51881,100.0
51882,100.0
51883,100.0
51884,100.0
51885,100.0
51886,100.0
51887,100.0
51888,100.0
51889,100.0
51890,100.0
51891,100.0
51892,100.0
51893,100.0
51894,100.0
51895,100.0
51896,100.0
51897,100.0
51898,100.0
51899,100.0
51900,100.0
51901,100.0
51902,100.0
51903,100.0
51904,100.0
51905,100.0
51906,100.0
51907,100.0
51908,100.0
51909,100.0
51910,100.0
51911,100.0
51912,100.0
51913,100.0
51914,100.0
51915,100.0
51916,100.0
51917,100.0
51918,100.0
51919,100.0
51920,100.0
51921,100.0
51922,100.0
51923,100.0
51924,100.0
51925,100.0
51926,100.0
51927,100.0
51928,100.0
51929,100.0
51930,100.0
51931,100.0
51932,100.0
51933,100.0
51934,100.0
51935,100.0
51936,100.0
51937,100.0
51938,100.0
51939,100.0
51940,100.0
51941,100.0
51942,100.0
51943,100.0
51944,100.0
51945,100.0
51946,100.0
51947,100.0
51948,100.0
51949,100.0
51950,100.0
51951,100.0
51952,100.0
51953,100.0
51954,100.0
51955,100.0
51956,100.0
51957,100.0
51958,100.0
51959,100.0
51960,100.0
51961,100.0
51962,100.0
51963,100.0
51964,100.0
51965,100.0
51966,100.0
51967,100.0
51968,100.0
51969,100.0
51970,100.0
51971,100.0
51972,100.0
51973,100.0
51974,100.0
51975,100.0
51976,100.0
51977,100.0
51978,100.0
51979,100.0
51980,100.0
51981,100.0
51982,100.0
51983,100.0
51984,100.0
51985,100.0
51986,100.0
51987,100.0
51988,100.0
51989,100.0
51990,100.0
51991,100.0
51992,100.0
51993,100.0
51994,100.0
51995,100.0
51996,100.0
51997,100.0
51998,100.0
51999,100.0
52000,100.0
52001,100.0
52002,100.0
52003,100.0
52004,100.0
52005,100.0
52006,100.0
52007,100.0
52008,100.0
52009,100.0
52010,100.0
52011,100.0
52012,100.0
52013,100.0
52014,100.0
52015,100.0
52016,100.0
52017,100.0
52018,100.0
52019,100.0
52020,100.0
52021,100.0
52022,100.0
52023,100.0
52024,100.0
52025,100.0
52026,100.0
52027,100.0
52028,100.0
52029,100.0
52030,100.0
52031,100.0
52032,100.0
52033,100.0
52034,100.0
52035,100.0
52036,100.0
52037,100.0
52038,100.0
52039,100.0
52040,100.0
52041,100.0
52042,100.0
52043,100.0
52044,100.0
52045,100.0
52046,100.0
52047,100.0
52048,100.0
52049,100.0
52050,100.0
52051,100.0
52052,100.0
52053,100.0
52054,100.0
52055,100.0
52056,100.0
52057,100.0
52058,100.0
52059,100.0
52060,100.0
52061,100.0
52062,100.0
52063,100.0
52064,100.0
52065,100.0
52066,100.0
52067,100.0
52068,100.0
52069,100.0
52070,100.0
52071,100.0
52072,100.0
52073,100.0
52074,100.0
52075,100.0
52076,100.0
52077,100.0
52078,100.0
52079,100.0
52080,100.0
52081,100.0
52082,100.0
52083,100.0
52084,100.0
52085,100.0
52086,100.0
52087,100.0
52088,100.0
52089,100.0
52090,100.0
52091,100.0
52092,100.0
52093,100.0
52094,100.0
52095,100.0
52096,100.0
52097,100.0
52098,100.0
52099,100.0
52100,100.0
52101,100.0
52102,100.0
52103,100.0
52104,100.0
52105,100.0
52106,100.0
52107,100.0
52108,100.0
52109,100.0
52110,100.0
52111,100.0
52112,100.0
52113,100.0
52114,100.0
52115,100.0
52116,100.0
52117,100.0
52118,100.0
52119,100.0
52120,100.0
52121,100.0
52122,100.0
52123,100.0
52124,100.0
52125,100.0
52126,100.0
52127,100.0
52128,100.0
52129,100.0
52130,100.0
52131,100.0
52132,100.0
52133,100.0
52134,100.0
52135,100.0
52136,100.0
52137,100.0
52138,100.0
52139,100.0
52140,100.0
52141,100.0
52142,100.0
52143,100.0
52144,100.0
52145,100.0
52146,100.0
52147,100.0
52148,100.0
52149,100.0
52150,100.0
52151,100.0
52152,100.0
52153,100.0
52154,100.0
52155,100.0
52156,100.0
52157,100.0
52158,100.0
52159,100.0
52160,100.0
52161,100.0
52162,100.0
52163,100.0
52164,100.0
52165,100.0
52166,100.0
52167,100.0
52168,100.0
52169,100.0
52170,100.0
52171,100.0
52172,100.0
52173,100.0
52174,100.0
52175,100.0
52176,100.0
52177,100.0
52178,100.0
52179,100.0
52180,100.0
52181,100.0
52182,100.0
52183,100.0
52184,100.0
52185,100.0
52186,100.0
52187,100.0
52188,100.0
52189,100.0
52190,100.0
52191,100.0
52192,100.0
52193,100.0
52194,100.0
52195,100.0
52196,100.0
52197,100.0
52198,100.0
52199,100.0
52200,100.0
52201,100.0
52202,100.0
52203,100.0
52204,100.0
52205,100.0
52206,100.0
52207,100.0
52208,100.0
52209,100.0
52210,100.0
52211,100.0
52212,100.0
52213,100.0
52214,100.0
52215,100.0
52216,100.0
52217,100.0
52218,100.0
52219,100.0
52220,100.0
52221,100.0
52222,100.0
52223,100.0
52224,100.0
52225,100.0
52226,100.0
52227,100.0
52228,100.0
52229,100.0
52230,100.0
52231,100.0
52232,100.0
52233,100.0
52234,100.0
52235,100.0
52236,100.0
52237,100.0
52238,100.0
52239,100.0
52240,100.0
52241,100.0
52242,100.0
52243,100.0
52244,100.0
52245,100.0
52246,100.0
52247,100.0
52248,100.0
52249,100.0
52250,100.0
52251,100.0
52252,100.0
52253,100.0
52254,100.0
52255,100.0
52256,100.0
52257,100.0
52258,100.0
52259,100.0
52260,100.0
52261,100.0
52262,100.0
52263,100.0
52264,100.0
52265,100.0
52266,100.0
52267,100.0
52268,100.0
52269,100.0
52270,100.0
52271,100.0
52272,100.0
52273,100.0
52274,100.0
52275,100.0
52276,100.0
52277,100.0
52278,100.0
52279,100.0
52280,100.0
52281,100.0
52282,100.0
52283,100.0
52284,100.0
52285,100.0
52286,100.0
52287,100.0
52288,100.0
52289,100.0
52290,100.0
52291,100.0
52292,100.0
52293,100.0
52294,100.0
52295,100.0
52296,100.0
52297,100.0
52298,100.0
52299,100.0
52300,100.0
52301,100.0
52302,100.0
52303,100.0
52304,100.0
52305,100.0
52306,100.0
52307,100.0
52308,100.0
52309,100.0
52310,100.0
52311,100.0
52312,100.0
52313,100.0
52314,100.0
52315,100.0
52316,100.0
52317,100.0
52318,100.0
52319,100.0
52320,100.0
52321,100.0
52322,100.0
52323,100.0
52324,100.0
52325,100.0
52326,100.0
52327,100.0
52328,100.0
52329,100.0
52330,100.0
52331,100.0
52332,100.0
52333,100.0
52334,100.0
52335,100.0
52336,100.0
52337,100.0
52338,100.0
52339,100.0
52340,100.0
52341,100.0
52342,100.0
52343,100.0
52344,100.0
52345,100.0
52346,100.0
52347,100.0
52348,100.0
52349,100.0
52350,100.0
52351,100.0
52352,100.0
52353,100.0
52354,100.0
52355,100.0
52356,100.0
52357,100.0
52358,100.0
52359,100.0
52360,100.0
52361,100.0
52362,100.0
52363,100.0
52364,100.0
52365,100.0
52366,100.0
52367,100.0
52368,100.0
52369,100.0
52370,100.0
52371,100.0
52372,100.0
52373,100.0
52374,100.0
52375,100.0
52376,100.0
52377,100.0
52378,100.0
52379,100.0
52380,100.0
52381,100.0
52382,100.0
52383,100.0
52384,100.0
52385,100.0
52386,100.0
52387,100.0
52388,100.0
52389,100.0
52390,100.0
52391,100.0
52392,100.0
52393,100.0
52394,100.0
52395,100.0
52396,100.0
52397,100.0
52398,100.0
52399,100.0
52400,100.0
52401,100.0
52402,100.0
52403,100.0
52404,100.0
52405,100.0
52406,100.0
52407,100.0
52408,100.0
52409,100.0
52410,100.0
52411,100.0
52412,100.0
52413,100.0
52414,100.0
52415,100.0
52416,100.0
52417,100.0
52418,100.0
52419,100.0
52420,100.0
52421,100.0
52422,100.0
52423,100.0
52424,100.0
52425,100.0
52426,100.0
52427,100.0
52428,100.0
52429,100.0
52430,100.0
52431,100.0
52432,100.0
52433,100.0
52434,100.0
52435,100.0
52436,100.0
52437,100.0
52438,100.0
52439,100.0
52440,100.0
52441,100.0
52442,100.0
52443,100.0
52444,100.0
52445,100.0
52446,100.0
52447,100.0
52448,100.0
52449,100.0
52450,100.0
52451,100.0
52452,100.0
52453,100.0
52454,100.0
52455,100.0
52456,100.0
52457,100.0
52458,100.0
52459,100.0
52460,100.0
52461,100.0
52462,100.0
52463,100.0
52464,100.0
52465,100.0
52466,100.0
52467,100.0
52468,100.0
52469,100.0
52470,100.0
52471,100.0
52472,100.0
52473,100.0
52474,100.0
52475,100.0
52476,100.0
52477,100.0
52478,100.0
52479,100.0
52480,100.0
52481,100.0
52482,100.0
52483,100.0
52484,100.0
52485,100.0
52486,100.0
52487,100.0
52488,100.0
52489,100.0
52490,100.0
52491,100.0
52492,100.0
52493,100.0
52494,100.0
52495,100.0
52496,100.0
52497,100.0
52498,100.0
52499,100.0
52500,100.0
52501,100.0
52502,100.0
52503,100.0
52504,100.0
52505,100.0
52506,100.0
52507,100.0
52508,100.0
52509,100.0
52510,100.0
52511,100.0
52512,100.0
52513,100.0
52514,100.0
52515,100.0
52516,100.0
52517,100.0
52518,100.0
52519,100.0
52520,100.0
52521,100.0
52522,100.0
52523,100.0
52524,100.0
52525,100.0
52526,100.0
52527,100.0
52528,100.0
52529,100.0
52530,100.0
52531,100.0
52532,100.0
52533,100.0
52534,100.0
52535,100.0
52536,100.0
52537,100.0
52538,100.0
52539,100.0
52540,100.0
52541,100.0
52542,100.0
52543,100.0
52544,100.0
52545,100.0
52546,100.0
52547,100.0
52548,100.0
52549,100.0
52550,100.0
52551,100.0
52552,100.0
52553,100.0
52554,100.0
52555,100.0
52556,100.0
52557,100.0
52558,100.0
52559,100.0
52560,100.0
52561,100.0
52562,100.0
52563,100.0
52564,100.0
52565,100.0
52566,100.0
52567,100.0
52568,100.0
52569,100.0
52570,100.0
52571,100.0
52572,100.0
52573,100.0
52574,100.0
52575,100.0
52576,100.0
52577,100.0
52578,100.0
52579,100.0
52580,100.0
52581,100.0
52582,100.0
52583,100.0
52584,100.0
52585,100.0
52586,100.0
52587,100.0
52588,100.0
52589,100.0
52590,100.0
52591,100.0
52592,100.0
52593,100.0
52594,100.0
52595,100.0
52596,100.0
52597,100.0
52598,100.0
52599,100.0
52600,100.0
52601,100.0
52602,100.0
52603,100.0
52604,100.0
52605,100.0
52606,100.0
52607,100.0
52608,100.0
52609,100.0
52610,100.0
52611,100.0
52612,100.0
52613,100.0
52614,100.0
52615,100.0
52616,100.0
52617,100.0
52618,100.0
52619,100.0
52620,100.0
52621,100.0
52622,100.0
52623,100.0
52624,100.0
52625,100.0
52626,100.0
52627,100.0
52628,100.0
52629,100.0
52630,100.0
52631,100.0
52632,100.0
52633,100.0
52634,100.0
52635,100.0
52636,100.0
52637,100.0
52638,100.0
52639,100.0
52640,100.0
52641,100.0
52642,100.0
52643,100.0
52644,100.0
52645,100.0
52646,100.0
52647,100.0
52648,100.0
52649,100.0
52650,100.0
52651,100.0
52652,100.0
52653,100.0
52654,100.0
52655,100.0
52656,100.0
52657,100.0
52658,100.0
52659,100.0
52660,100.0
52661,100.0
52662,100.0
52663,100.0
52664,100.0
52665,100.0
52666,100.0
52667,100.0
52668,100.0
52669,100.0
52670,100.0
52671,100.0
52672,100.0
52673,100.0
52674,100.0
52675,100.0
52676,100.0
52677,100.0
52678,100.0
52679,100.0
52680,100.0
52681,100.0
52682,100.0
52683,100.0
52684,100.0
52685,100.0
52686,100.0
52687,100.0
52688,100.0
52689,100.0
52690,100.0
52691,100.0
52692,100.0
52693,100.0
52694,100.0
52695,100.0
52696,100.0
52697,100.0
52698,100.0
52699,100.0
52700,100.0
52701,100.0
52702,100.0
52703,100.0
52704,100.0
52705,100.0
52706,100.0
52707,100.0
52708,100.0
52709,100.0
52710,100.0
52711,100.0
52712,100.0
52713,100.0
52714,100.0
52715,100.0
52716,100.0
52717,100.0
52718,100.0
52719,100.0
52720,100.0
52721,100.0
52722,100.0
52723,100.0
52724,100.0
52725,100.0
52726,100.0
52727,100.0
52728,100.0
52729,100.0
52730,100.0
52731,100.0
52732,100.0
52733,100.0
52734,100.0
52735,100.0
52736,100.0
52737,100.0
52738,100.0
52739,100.0
52740,100.0
52741,100.0
52742,100.0
52743,100.0
52744,100.0
52745,100.0
52746,100.0
52747,100.0
52748,100.0
52749,100.0
52750,100.0
52751,100.0
52752,100.0
52753,100.0
52754,100.0
52755,100.0
52756,100.0
52757,100.0
52758,100.0
52759,100.0
52760,100.0
52761,100.0
52762,100.0
52763,100.0
52764,100.0
52765,100.0
52766,100.0
52767,100.0
52768,100.0
52769,100.0
52770,100.0
52771,100.0
52772,100.0
52773,100.0
52774,100.0
52775,100.0
52776,100.0
52777,100.0
52778,100.0
52779,100.0
52780,100.0
52781,100.0
52782,100.0
52783,100.0
52784,100.0
52785,100.0
52786,100.0
52787,100.0
52788,100.0
52789,100.0
52790,100.0
52791,100.0
52792,100.0
52793,100.0
52794,100.0
52795,100.0
52796,100.0
52797,100.0
52798,100.0
52799,100.0
52800,100.0
52801,100.0
52802,100.0
52803,100.0
52804,100.0
52805,100.0
52806,100.0
52807,100.0
52808,100.0
52809,100.0
52810,100.0
52811,100.0
52812,100.0
52813,100.0
52814,100.0
52815,100.0
52816,100.0
52817,100.0
52818,100.0
52819,100.0
52820,100.0
52821,100.0
52822,100.0
52823,100.0
52824,100.0
52825,100.0
52826,100.0
52827,100.0
52828,100.0
52829,100.0
52830,100.0
52831,100.0
52832,100.0
52833,100.0
52834,100.0
52835,100.0
52836,100.0
52837,100.0
52838,100.0
52839,100.0
52840,100.0
52841,100.0
52842,100.0
52843,100.0
52844,100.0
52845,100.0
52846,100.0
52847,100.0
52848,100.0
52849,100.0
52850,100.0
52851,100.0
52852,100.0
52853,100.0
52854,100.0
52855,100.0
52856,100.0
52857,100.0
52858,100.0
52859,100.0
52860,100.0
52861,100.0
52862,100.0
52863,100.0
52864,100.0
52865,100.0
52866,100.0
52867,100.0
52868,100.0
52869,100.0
52870,100.0
52871,100.0
52872,100.0
52873,100.0
52874,100.0
52875,100.0
52876,100.0
52877,100.0
52878,100.0
52879,100.0
52880,100.0
52881,100.0
52882,100.0
52883,100.0
52884,100.0
52885,100.0
52886,100.0
52887,100.0
52888,100.0
52889,100.0
52890,100.0
52891,100.0
52892,100.0
52893,100.0
52894,100.0
52895,100.0
52896,100.0
52897,100.0
52898,100.0
52899,100.0
52900,100.0
52901,100.0
52902,100.0
52903,100.0
52904,100.0
52905,100.0
52906,100.0
52907,100.0
52908,100.0
52909,100.0
52910,100.0
52911,100.0
52912,100.0
52913,100.0
52914,100.0
52915,100.0
52916,100.0
52917,100.0
52918,100.0
52919,100.0
52920,100.0
52921,100.0
52922,100.0
52923,100.0
52924,100.0
52925,100.0
52926,100.0
52927,100.0
52928,100.0
52929,100.0
52930,100.0
52931,100.0
52932,100.0
52933,100.0
52934,100.0
52935,100.0
52936,100.0
52937,100.0
52938,100.0
52939,100.0
52940,100.0
52941,100.0
52942,100.0
52943,100.0
52944,100.0
52945,100.0
52946,100.0
52947,100.0
52948,100.0
52949,100.0
52950,100.0
52951,100.0
52952,100.0
52953,100.0
52954,100.0
52955,100.0
52956,100.0
52957,100.0
52958,100.0
52959,100.0
52960,100.0
52961,100.0
52962,100.0
52963,100.0
52964,100.0
52965,100.0
52966,100.0
52967,100.0
52968,100.0
52969,100.0
52970,100.0
52971,100.0
52972,100.0
52973,100.0
52974,100.0
52975,100.0
52976,100.0
52977,100.0
52978,100.0
52979,100.0
52980,100.0
52981,100.0
52982,100.0
52983,100.0
52984,100.0
52985,100.0
52986,100.0
52987,100.0
52988,100.0
52989,100.0
52990,100.0
52991,100.0
52992,100.0
52993,100.0
52994,100.0
52995,100.0
52996,100.0
52997,100.0
52998,100.0
52999,100.0
53000,100.0
53001,100.0
53002,100.0
53003,100.0
53004,100.0
53005,100.0
53006,100.0
53007,100.0
53008,100.0
53009,100.0
53010,100.0
53011,100.0
53012,100.0
53013,100.0
53014,100.0
53015,100.0
53016,100.0
53017,100.0
53018,100.0
53019,100.0
53020,100.0
53021,100.0
53022,100.0
53023,100.0
53024,100.0
53025,100.0
53026,100.0
53027,100.0
53028,100.0
53029,100.0
53030,100.0
53031,100.0
53032,100.0
53033,100.0
53034,100.0
53035,100.0
53036,100.0
53037,100.0
53038,100.0
53039,100.0
53040,100.0
53041,100.0
53042,100.0
53043,100.0
53044,100.0
53045,100.0
53046,100.0
53047,100.0
53048,100.0
53049,100.0
53050,100.0
53051,100.0
53052,100.0
53053,100.0
53054,100.0
53055,100.0
53056,100.0
53057,100.0
53058,100.0
53059,100.0
53060,100.0
53061,100.0
53062,100.0
53063,100.0
53064,100.0
53065,100.0
53066,100.0
53067,100.0
53068,100.0
53069,100.0
53070,100.0
53071,100.0
53072,100.0
53073,100.0
53074,100.0
53075,100.0
53076,100.0
53077,100.0
53078,100.0
53079,100.0
53080,100.0
53081,100.0
53082,100.0
53083,100.0
53084,100.0
53085,100.0
53086,100.0
53087,100.0
53088,100.0
53089,100.0
53090,100.0
53091,100.0
53092,100.0
53093,100.0
53094,100.0
53095,100.0
53096,100.0
53097,100.0
53098,100.0
53099,100.0
53100,100.0
53101,100.0
53102,100.0
53103,100.0
53104,100.0
53105,100.0
53106,100.0
53107,100.0
53108,100.0
53109,100.0
53110,100.0
53111,100.0
53112,100.0
53113,100.0
53114,100.0
53115,100.0
53116,100.0
53117,100.0
53118,100.0
53119,100.0
53120,100.0
53121,100.0
53122,100.0
53123,100.0
53124,100.0
53125,100.0
53126,100.0
53127,100.0
53128,100.0
53129,100.0
53130,100.0
53131,100.0
53132,100.0
53133,100.0
53134,100.0
53135,100.0
53136,100.0
53137,100.0
53138,100.0
53139,100.0
53140,100.0
53141,100.0
53142,100.0
53143,100.0
53144,100.0
53145,100.0
53146,100.0
53147,100.0
53148,100.0
53149,100.0
53150,100.0
53151,100.0
53152,100.0
53153,100.0
53154,100.0
53155,100.0
53156,100.0
53157,100.0
53158,100.0
53159,100.0
53160,100.0
53161,100.0
53162,100.0
53163,100.0
53164,100.0
53165,100.0
53166,100.0
53167,100.0
53168,100.0
53169,100.0
53170,100.0
53171,100.0
53172,100.0
53173,100.0
53174,100.0
53175,100.0
53176,100.0
53177,100.0
53178,100.0
53179,100.0
53180,100.0
53181,100.0
53182,100.0
53183,100.0
53184,100.0
53185,100.0
53186,100.0
53187,100.0
53188,100.0
53189,100.0
53190,100.0
53191,100.0
53192,100.0
53193,100.0
53194,100.0
53195,100.0
53196,100.0
53197,100.0
53198,100.0
53199,100.0
53200,100.0
53201,100.0
53202,100.0
53203,100.0
53204,100.0
53205,100.0
53206,100.0
53207,100.0
53208,100.0
53209,100.0
53210,100.0
53211,100.0
53212,100.0
53213,100.0
53214,100.0
53215,100.0
53216,100.0
53217,100.0
53218,100.0
53219,100.0
53220,100.0
53221,100.0
53222,100.0
53223,100.0
53224,100.0
53225,100.0
53226,100.0
53227,100.0
53228,100.0
53229,100.0
53230,100.0
53231,100.0
53232,100.0
53233,100.0
53234,100.0
53235,100.0
53236,100.0
53237,100.0
53238,100.0
53239,100.0
53240,100.0
53241,100.0
53242,100.0
53243,100.0
53244,100.0
53245,100.0
53246,100.0
53247,100.0
53248,100.0
53249,100.0
53250,100.0
53251,100.0
53252,100.0
53253,100.0
53254,100.0
53255,100.0
53256,100.0
53257,100.0
53258,100.0
53259,100.0
53260,100.0
53261,100.0
53262,100.0
53263,100.0
53264,100.0
53265,100.0
53266,100.0
53267,100.0
53268,100.0
53269,100.0
53270,100.0
53271,100.0
53272,100.0
53273,100.0
53274,100.0
53275,100.0
53276,100.0
53277,100.0
53278,100.0
53279,100.0
53280,100.0
53281,100.0
53282,100.0
53283,100.0
53284,100.0
53285,100.0
53286,100.0
53287,100.0
53288,100.0
53289,100.0
53290,100.0
53291,100.0
53292,100.0
53293,100.0
53294,100.0
53295,100.0
53296,100.0
53297,100.0
53298,100.0
53299,100.0
53300,100.0
53301,100.0
53302,100.0
53303,100.0
53304,100.0
53305,100.0
53306,100.0
53307,100.0
53308,100.0
53309,100.0
53310,100.0
53311,100.0
53312,100.0
53313,100.0
53314,100.0
53315,100.0
53316,100.0
53317,100.0
53318,100.0
53319,100.0
53320,100.0
53321,100.0
53322,100.0
53323,100.0
53324,100.0
53325,100.0
53326,100.0
53327,100.0
53328,100.0
53329,100.0
53330,100.0
53331,100.0
53332,100.0
53333,100.0
53334,100.0
53335,100.0
53336,100.0
53337,100.0
53338,100.0
53339,100.0
53340,100.0
53341,100.0
53342,100.0
53343,100.0
53344,100.0
53345,100.0
53346,100.0
53347,100.0
53348,100.0
53349,100.0
53350,100.0
53351,100.0
53352,100.0
53353,100.0
53354,100.0
53355,100.0
53356,100.0
53357,100.0
53358,100.0
53359,100.0
53360,100.0
53361,100.0
53362,100.0
53363,100.0
53364,100.0
53365,100.0
53366,100.0
53367,100.0
53368,100.0
53369,100.0
53370,100.0
53371,100.0
53372,100.0
53373,100.0
53374,100.0
53375,100.0
53376,100.0
53377,100.0
53378,100.0
53379,100.0
53380,100.0
53381,100.0
53382,100.0
53383,100.0
53384,100.0
53385,100.0
53386,100.0
53387,100.0
53388,100.0
53389,100.0
53390,100.0
53391,100.0
53392,100.0
53393,100.0
53394,100.0
53395,100.0
53396,100.0
53397,100.0
53398,100.0
53399,100.0
53400,100.0
53401,100.0
53402,100.0
53403,100.0
53404,100.0
53405,100.0
53406,100.0
53407,100.0
53408,100.0
53409,100.0
53410,100.0
53411,100.0
53412,100.0
53413,100.0
53414,100.0
53415,100.0
53416,100.0
53417,100.0
53418,100.0
53419,100.0
53420,100.0
53421,100.0
53422,100.0
53423,100.0
53424,100.0
53425,100.0
53426,100.0
53427,100.0
53428,100.0
53429,100.0
53430,100.0
53431,100.0
53432,100.0
53433,100.0
53434,100.0
53435,100.0
53436,100.0
53437,100.0
53438,100.0
53439,100.0
53440,100.0
53441,100.0
53442,100.0
53443,100.0
53444,100.0
53445,100.0
53446,100.0
53447,100.0
53448,100.0
53449,100.0
53450,100.0
53451,100.0
53452,100.0
53453,100.0
53454,100.0
53455,100.0
53456,100.0
53457,100.0
53458,100.0
53459,100.0
53460,100.0
53461,100.0
53462,100.0
53463,100.0
53464,100.0
53465,100.0
53466,100.0
53467,100.0
53468,100.0
53469,100.0
53470,100.0
53471,100.0
53472,100.0
53473,100.0
53474,100.0
53475,100.0
53476,100.0
53477,100.0
53478,100.0
53479,100.0
53480,100.0
53481,100.0
53482,100.0
53483,100.0
53484,100.0
53485,100.0
53486,100.0
53487,100.0
53488,100.0
53489,100.0
53490,100.0
53491,100.0
53492,100.0
53493,100.0
53494,100.0
53495,100.0
53496,100.0
53497,100.0
53498,100.0
53499,100.0
53500,100.0
53501,100.0
53502,100.0
53503,100.0
53504,100.0
53505,100.0
53506,100.0
53507,100.0
53508,100.0
53509,100.0
53510,100.0
53511,100.0
53512,100.0
53513,100.0
53514,100.0
53515,100.0
53516,100.0
53517,100.0
53518,100.0
53519,100.0
53520,100.0
53521,100.0
53522,100.0
53523,100.0
53524,100.0
53525,100.0
53526,100.0
53527,100.0
53528,100.0
53529,100.0
53530,100.0
53531,100.0
53532,100.0
53533,100.0
53534,100.0
53535,100.0
53536,100.0
53537,100.0
53538,100.0
53539,100.0
53540,100.0
53541,100.0
53542,100.0
53543,100.0
53544,100.0
53545,100.0
53546,100.0
53547,100.0
53548,100.0
53549,100.0
53550,100.0
53551,100.0
53552,100.0
53553,100.0
53554,100.0
53555,100.0
53556,100.0
53557,100.0
53558,100.0
53559,100.0
53560,100.0
53561,100.0
53562,100.0
53563,100.0
53564,100.0
53565,100.0
53566,100.0
53567,100.0
53568,100.0
53569,100.0
53570,100.0
53571,100.0
53572,100.0
53573,100.0
53574,100.0
53575,100.0
53576,100.0
53577,100.0
53578,100.0
53579,100.0
53580,100.0
53581,100.0
53582,100.0
53583,100.0
53584,100.0
53585,100.0
53586,100.0
53587,100.0
53588,100.0
53589,100.0
53590,100.0
53591,100.0
53592,100.0
53593,100.0
53594,100.0
53595,100.0
53596,100.0
53597,100.0
53598,100.0
53599,100.0
53600,100.0
53601,100.0
53602,100.0
53603,100.0
53604,100.0
53605,100.0
53606,100.0
53607,100.0
53608,100.0
53609,100.0
53610,100.0
53611,100.0
53612,100.0
53613,100.0
53614,100.0
53615,100.0
53616,100.0
53617,100.0
53618,100.0
53619,100.0
53620,100.0
53621,100.0
53622,100.0
53623,100.0
53624,100.0
53625,100.0
53626,100.0
53627,100.0
53628,100.0
53629,100.0
53630,100.0
53631,100.0
53632,100.0
53633,100.0
53634,100.0
53635,100.0
53636,100.0
53637,100.0
53638,100.0
53639,100.0
53640,100.0
53641,100.0
53642,100.0
53643,100.0
53644,100.0
53645,100.0
53646,100.0
53647,100.0
53648,100.0
53649,100.0
53650,100.0
53651,100.0
53652,100.0
53653,100.0
53654,100.0
53655,100.0
53656,100.0
53657,100.0
53658,100.0
53659,100.0
53660,100.0
53661,100.0
53662,100.0
53663,100.0
53664,100.0
53665,100.0
53666,100.0
53667,100.0
53668,100.0
53669,100.0
53670,100.0
53671,100.0
53672,100.0
53673,100.0
53674,100.0
53675,100.0
53676,100.0
53677,100.0
53678,100.0
53679,100.0
53680,100.0
53681,100.0
53682,100.0
53683,100.0
53684,100.0
53685,100.0
53686,100.0
53687,100.0
53688,100.0
53689,100.0
53690,100.0
53691,100.0
53692,100.0
53693,100.0
53694,100.0
53695,100.0
53696,100.0
53697,100.0
53698,100.0
53699,100.0
53700,100.0
53701,100.0
53702,100.0
53703,100.0
53704,100.0
53705,100.0
53706,100.0
53707,100.0
53708,100.0
53709,100.0
53710,100.0
53711,100.0
53712,100.0
53713,100.0
53714,100.0
53715,100.0
53716,100.0
53717,100.0
53718,100.0
53719,100.0
53720,100.0
53721,100.0
53722,100.0
53723,100.0
53724,100.0
53725,100.0
53726,100.0
53727,100.0
53728,100.0
53729,100.0
53730,100.0
53731,100.0
53732,100.0
53733,100.0
53734,100.0
53735,100.0
53736,100.0
53737,100.0
53738,100.0
53739,100.0
53740,100.0
53741,100.0
53742,100.0
53743,100.0
53744,100.0
53745,100.0
53746,100.0
53747,100.0
53748,100.0
53749,100.0
53750,100.0
53751,100.0
53752,100.0
53753,100.0
53754,100.0
53755,100.0
53756,100.0
53757,100.0
53758,100.0
53759,100.0
53760,100.0
53761,100.0
53762,100.0
53763,100.0
53764,100.0
53765,100.0
53766,100.0
53767,100.0
53768,100.0
53769,100.0
53770,100.0
53771,100.0
53772,100.0
53773,100.0
53774,100.0
53775,100.0
53776,100.0
53777,100.0
53778,100.0
53779,100.0
53780,100.0
53781,100.0
53782,100.0
53783,100.0
53784,100.0
53785,100.0
53786,100.0
53787,100.0
53788,100.0
53789,100.0
53790,100.0
53791,100.0
53792,100.0
53793,100.0
53794,100.0
53795,100.0
53796,100.0
53797,100.0
53798,100.0
53799,100.0
53800,100.0
53801,100.0
53802,100.0
53803,100.0
53804,100.0
53805,100.0
53806,100.0
53807,100.0
53808,100.0
53809,100.0
53810,100.0
53811,100.0
53812,100.0
53813,100.0
53814,100.0
53815,100.0
53816,100.0
53817,100.0
53818,100.0
53819,100.0
53820,100.0
53821,100.0
53822,100.0
53823,100.0
53824,100.0
53825,100.0
53826,100.0
53827,100.0
53828,100.0
53829,100.0
53830,100.0
53831,100.0
53832,100.0
53833,100.0
53834,100.0
53835,100.0
53836,100.0
53837,100.0
53838,100.0
53839,100.0
53840,100.0
53841,100.0
53842,100.0
53843,100.0
53844,100.0
53845,100.0
53846,100.0
53847,100.0
53848,100.0
53849,100.0
53850,100.0
53851,100.0
53852,100.0
53853,100.0
53854,100.0
53855,100.0
53856,100.0
53857,100.0
53858,100.0
53859,100.0
53860,100.0
53861,100.0
53862,100.0
53863,100.0
53864,100.0
53865,100.0
53866,100.0
53867,100.0
53868,100.0
53869,100.0
53870,100.0
53871,100.0
53872,100.0
53873,100.0
53874,100.0
53875,100.0
53876,100.0
53877,100.0
53878,100.0
53879,100.0
53880,100.0
53881,100.0
53882,100.0
53883,100.0
53884,100.0
53885,100.0
53886,100.0
53887,100.0
53888,100.0
53889,100.0
53890,100.0
53891,100.0
53892,100.0
53893,100.0
53894,100.0
53895,100.0
53896,100.0
53897,100.0
53898,100.0
53899,100.0
53900,100.0
53901,100.0
53902,100.0
53903,100.0
53904,100.0
53905,100.0
53906,100.0
53907,100.0
53908,100.0
53909,100.0
53910,100.0
53911,100.0
53912,100.0
53913,100.0
53914,100.0
53915,100.0
53916,100.0
53917,100.0
53918,100.0
53919,100.0
53920,100.0
53921,100.0
53922,100.0
53923,100.0
53924,100.0
53925,100.0
53926,100.0
53927,100.0
53928,100.0
53929,100.0
53930,100.0
53931,100.0
53932,100.0
53933,100.0
53934,100.0
53935,100.0
53936,100.0
53937,100.0
53938,100.0
53939,100.0
53940,100.0
53941,100.0
53942,100.0
53943,100.0
53944,100.0
53945,100.0
53946,100.0
53947,100.0
53948,100.0
53949,100.0
53950,100.0
53951,100.0
53952,100.0
53953,100.0
53954,100.0
53955,100.0
53956,100.0
53957,100.0
53958,100.0
53959,100.0
53960,100.0
53961,100.0
53962,100.0
53963,100.0
53964,100.0
53965,100.0
53966,100.0
53967,100.0
53968,100.0
53969,100.0
53970,100.0
53971,100.0
53972,100.0
53973,100.0
53974,100.0
53975,100.0
53976,100.0
53977,100.0
53978,100.0
53979,100.0
53980,100.0
53981,100.0
53982,100.0
53983,100.0
53984,100.0
53985,100.0
53986,100.0
53987,100.0
53988,100.0
53989,100.0
53990,100.0
53991,100.0
53992,100.0
53993,100.0
53994,100.0
53995,100.0
53996,100.0
53997,100.0
53998,100.0
53999,100.0
54000,100.0
54001,100.0
54002,100.0
54003,100.0
54004,100.0
54005,100.0
54006,100.0
54007,100.0
54008,100.0
54009,100.0
54010,100.0
54011,100.0
54012,100.0
54013,100.0
54014,100.0
54015,100.0
54016,100.0
54017,100.0
54018,100.0
54019,100.0
54020,100.0
54021,100.0
54022,100.0
54023,100.0
54024,100.0
54025,100.0
54026,100.0
54027,100.0
54028,100.0
54029,100.0
54030,100.0
54031,100.0
54032,100.0
54033,100.0
54034,100.0
54035,100.0
54036,100.0
54037,100.0
54038,100.0
54039,100.0
54040,100.0
54041,100.0
54042,100.0
54043,100.0
54044,100.0
54045,100.0
54046,100.0
54047,100.0
54048,100.0
54049,100.0
54050,100.0
54051,100.0
54052,100.0
54053,100.0
54054,100.0
54055,100.0
54056,100.0
54057,100.0
54058,100.0
54059,100.0
54060,100.0
54061,100.0
54062,100.0
54063,100.0
54064,100.0
54065,100.0
54066,100.0
54067,100.0
54068,100.0
54069,100.0
54070,100.0
54071,100.0
54072,100.0
54073,100.0
54074,100.0
54075,100.0
54076,100.0
54077,100.0
54078,100.0
54079,100.0
54080,100.0
54081,100.0
54082,100.0
54083,100.0
54084,100.0
54085,100.0
54086,100.0
54087,100.0
54088,100.0
54089,100.0
54090,100.0
54091,100.0
54092,100.0
54093,100.0
54094,100.0
54095,100.0
54096,100.0
54097,100.0
54098,100.0
54099,100.0
54100,100.0
54101,100.0
54102,100.0
54103,100.0
54104,100.0
54105,100.0
54106,100.0
54107,100.0
54108,100.0
54109,100.0
54110,100.0
54111,100.0
54112,100.0
54113,100.0
54114,100.0
54115,100.0
54116,100.0
54117,100.0
54118,100.0
54119,100.0
54120,100.0
54121,100.0
54122,100.0
54123,100.0
54124,100.0
54125,100.0
54126,100.0
54127,100.0
54128,100.0
54129,100.0
54130,100.0
54131,100.0
54132,100.0
54133,100.0
54134,100.0
54135,100.0
54136,100.0
54137,100.0
54138,100.0
54139,100.0
54140,100.0
54141,100.0
54142,100.0
54143,100.0
54144,100.0
54145,100.0
54146,100.0
54147,100.0
54148,100.0
54149,100.0
54150,100.0
54151,100.0
54152,100.0
54153,100.0
54154,100.0
54155,100.0
54156,100.0
54157,100.0
54158,100.0
54159,100.0
54160,100.0
54161,100.0
54162,100.0
54163,100.0
54164,100.0
54165,100.0
54166,100.0
54167,100.0
54168,100.0
54169,100.0
54170,100.0
54171,100.0
54172,100.0
54173,100.0
54174,100.0
54175,100.0
54176,100.0
54177,100.0
54178,100.0
54179,100.0
54180,100.0
54181,100.0
54182,100.0
54183,100.0
54184,100.0
54185,100.0
54186,100.0
54187,100.0
54188,100.0
54189,100.0
54190,100.0
54191,100.0
54192,100.0
54193,100.0
54194,100.0
54195,100.0
54196,100.0
54197,100.0
54198,100.0
54199,100.0
54200,100.0
54201,100.0
54202,100.0
54203,100.0
54204,100.0
54205,100.0
54206,100.0
54207,100.0
54208,100.0
54209,100.0
54210,100.0
54211,100.0
54212,100.0
54213,100.0
54214,100.0
54215,100.0
54216,100.0
54217,100.0
54218,100.0
54219,100.0
54220,100.0
54221,100.0
54222,100.0
54223,100.0
54224,100.0
54225,100.0
54226,100.0
54227,100.0
54228,100.0
54229,100.0
54230,100.0
54231,100.0
54232,100.0
54233,100.0
54234,100.0
54235,100.0
54236,100.0
54237,100.0
54238,100.0
54239,100.0
54240,100.0
54241,100.0
54242,100.0
54243,100.0
54244,100.0
54245,100.0
54246,100.0
54247,100.0
54248,100.0
54249,100.0
54250,100.0
54251,100.0
54252,100.0
54253,100.0
54254,100.0
54255,100.0
54256,100.0
54257,100.0
54258,100.0
54259,100.0
54260,100.0
54261,100.0
54262,100.0
54263,100.0
54264,100.0
54265,100.0
54266,100.0
54267,100.0
54268,100.0
54269,100.0
54270,100.0
54271,100.0
54272,100.0
54273,100.0
54274,100.0
54275,100.0
54276,100.0
54277,100.0
54278,100.0
54279,100.0
54280,100.0
54281,100.0
54282,100.0
54283,100.0
54284,100.0
54285,100.0
54286,100.0
54287,100.0
54288,100.0
54289,100.0
54290,100.0
54291,100.0
54292,100.0
54293,100.0
54294,100.0
54295,100.0
54296,100.0
54297,100.0
54298,100.0
54299,100.0
54300,100.0
54301,100.0
54302,100.0
54303,100.0
54304,100.0
54305,100.0
54306,100.0
54307,100.0
54308,100.0
54309,100.0
54310,100.0
54311,100.0
54312,100.0
54313,100.0
54314,100.0
54315,100.0
54316,100.0
54317,100.0
54318,100.0
54319,100.0
54320,100.0
54321,100.0
54322,100.0
54323,100.0
54324,100.0
54325,100.0
54326,100.0
54327,100.0
54328,100.0
54329,100.0
54330,100.0
54331,100.0
54332,100.0
54333,100.0
54334,100.0
54335,100.0
54336,100.0
54337,100.0
54338,100.0
54339,100.0
54340,100.0
54341,100.0
54342,100.0
54343,100.0
54344,100.0
54345,100.0
54346,100.0
54347,100.0
54348,100.0
54349,100.0
54350,100.0
54351,100.0
54352,100.0
54353,100.0
54354,100.0
54355,100.0
54356,100.0
54357,100.0
54358,100.0
54359,100.0
54360,100.0
54361,100.0
54362,100.0
54363,100.0
54364,100.0
54365,100.0
54366,100.0
54367,100.0
54368,100.0
54369,100.0
54370,100.0
54371,100.0
54372,100.0
54373,100.0
54374,100.0
54375,100.0
54376,100.0
54377,100.0
54378,100.0
54379,100.0
54380,100.0
54381,100.0
54382,100.0
54383,100.0
54384,100.0
54385,100.0
54386,100.0
54387,100.0
54388,100.0
54389,100.0
54390,100.0
54391,100.0
54392,100.0
54393,100.0
54394,100.0
54395,100.0
54396,100.0
54397,100.0
54398,100.0
54399,100.0
54400,100.0
54401,100.0
54402,100.0
54403,100.0
54404,100.0
54405,100.0
54406,100.0
54407,100.0
54408,100.0
54409,100.0
54410,100.0
54411,100.0
54412,100.0
54413,100.0
54414,100.0
54415,100.0
54416,100.0
54417,100.0
54418,100.0
54419,100.0
54420,100.0
54421,100.0
54422,100.0
54423,100.0
54424,100.0
54425,100.0
54426,100.0
54427,100.0
54428,100.0
54429,100.0
54430,100.0
54431,100.0
54432,100.0
54433,100.0
54434,100.0
54435,100.0
54436,100.0
54437,100.0
54438,100.0
54439,100.0
54440,100.0
54441,100.0
54442,100.0
54443,100.0
54444,100.0
54445,100.0
54446,100.0
54447,100.0
54448,100.0
54449,100.0
54450,100.0
54451,100.0
54452,100.0
54453,100.0
54454,100.0
54455,100.0
54456,100.0
54457,100.0
54458,100.0
54459,100.0
54460,100.0
54461,100.0
54462,100.0
54463,100.0
54464,100.0
54465,100.0
54466,100.0
54467,100.0
54468,100.0
54469,100.0
54470,100.0
54471,100.0
54472,100.0
54473,100.0
54474,100.0
54475,100.0
54476,100.0
54477,100.0
54478,100.0
54479,100.0
54480,100.0
54481,100.0
54482,100.0
54483,100.0
54484,100.0
54485,100.0
54486,100.0
54487,100.0
54488,100.0
54489,100.0
54490,100.0
54491,100.0
54492,100.0
54493,100.0
54494,100.0
54495,100.0
54496,100.0
54497,100.0
54498,100.0
54499,100.0
54500,100.0
54501,100.0
54502,100.0
54503,100.0
54504,100.0
54505,100.0
54506,100.0
54507,100.0
54508,100.0
54509,100.0
54510,100.0
54511,100.0
54512,100.0
54513,100.0
54514,100.0
54515,100.0
54516,100.0
54517,100.0
54518,100.0
54519,100.0
54520,100.0
54521,100.0
54522,100.0
54523,100.0
54524,100.0
54525,100.0
54526,100.0
54527,100.0
54528,100.0
54529,100.0
54530,100.0
54531,100.0
54532,100.0
54533,100.0
54534,100.0
54535,100.0
54536,100.0
54537,100.0
54538,100.0
54539,100.0
54540,100.0
54541,100.0
54542,100.0
54543,100.0
54544,100.0
54545,100.0
54546,100.0
54547,100.0
54548,100.0
54549,100.0
54550,100.0
54551,100.0
54552,100.0
54553,100.0
54554,100.0
54555,100.0
54556,100.0
54557,100.0
54558,100.0
54559,100.0
54560,100.0
54561,100.0
54562,100.0
54563,100.0
54564,100.0
54565,100.0
54566,100.0
54567,100.0
54568,100.0
54569,100.0
54570,100.0
54571,100.0
54572,100.0
54573,100.0
54574,100.0
54575,100.0
54576,100.0
54577,100.0
54578,100.0
54579,100.0
54580,100.0
54581,100.0
54582,100.0
54583,100.0
54584,100.0
54585,100.0
54586,100.0
54587,100.0
54588,100.0
54589,100.0
54590,100.0
54591,100.0
54592,100.0
54593,100.0
54594,100.0
54595,100.0
54596,100.0
54597,100.0
54598,100.0
54599,100.0
54600,100.0
54601,100.0
54602,100.0
54603,100.0
54604,100.0
54605,100.0
54606,100.0
54607,100.0
54608,100.0
54609,100.0
54610,100.0
54611,100.0
54612,100.0
54613,100.0
54614,100.0
54615,100.0
54616,100.0
54617,100.0
54618,100.0
54619,100.0
54620,100.0
54621,100.0
54622,100.0
54623,100.0
54624,100.0
54625,100.0
54626,100.0
54627,100.0
54628,100.0
54629,100.0
54630,100.0
54631,100.0
54632,100.0
54633,100.0
54634,100.0
54635,100.0
54636,100.0
54637,100.0
54638,100.0
54639,100.0
54640,100.0
54641,100.0
54642,100.0
54643,100.0
54644,100.0
54645,100.0
54646,100.0
54647,100.0
54648,100.0
54649,100.0
54650,100.0
54651,100.0
54652,100.0
54653,100.0
54654,100.0
54655,100.0
54656,100.0
54657,100.0
54658,100.0
54659,100.0
54660,100.0
54661,100.0
54662,100.0
54663,100.0
54664,100.0
54665,100.0
54666,100.0
54667,100.0
54668,100.0
54669,100.0
54670,100.0
54671,100.0
54672,100.0
54673,100.0
54674,100.0
54675,100.0
54676,100.0
54677,100.0
54678,100.0
54679,100.0
54680,100.0
54681,100.0
54682,100.0
54683,100.0
54684,100.0
54685,100.0
54686,100.0
54687,100.0
54688,100.0
54689,100.0
54690,100.0
54691,100.0
54692,100.0
54693,100.0
54694,100.0
54695,100.0
54696,100.0
54697,100.0
54698,100.0
54699,100.0
54700,100.0
54701,100.0
54702,100.0
54703,100.0
54704,100.0
54705,100.0
54706,100.0
54707,100.0
54708,100.0
54709,100.0
54710,100.0
54711,100.0
54712,100.0
54713,100.0
54714,100.0
54715,100.0
54716,100.0
54717,100.0
54718,100.0
54719,100.0
54720,100.0
54721,100.0
54722,100.0
54723,100.0
54724,100.0
54725,100.0
54726,100.0
54727,100.0
54728,100.0
54729,100.0
54730,100.0
54731,100.0
54732,100.0
54733,100.0
54734,100.0
54735,100.0
54736,100.0
54737,100.0
54738,100.0
54739,100.0
54740,100.0
54741,100.0
54742,100.0
54743,100.0
54744,100.0
54745,100.0
54746,100.0
54747,100.0
54748,100.0
54749,100.0
54750,100.0
54751,100.0
54752,100.0
54753,100.0
54754,100.0
54755,100.0
54756,100.0
54757,100.0
54758,100.0
54759,100.0
54760,100.0
54761,100.0
54762,100.0
54763,100.0
54764,100.0
54765,100.0
54766,100.0
54767,100.0
54768,100.0
54769,100.0
54770,100.0
54771,100.0
54772,100.0
54773,100.0
54774,100.0
54775,100.0
54776,100.0
54777,100.0
54778,100.0
54779,100.0
54780,100.0
54781,100.0
54782,100.0
54783,100.0
54784,100.0
54785,100.0
54786,100.0
54787,100.0
54788,100.0
54789,100.0
54790,100.0
54791,100.0
54792,100.0
54793,100.0
54794,100.0
54795,100.0
54796,100.0
54797,100.0
54798,100.0
54799,100.0
54800,100.0
54801,100.0
54802,100.0
54803,100.0
54804,100.0
54805,100.0
54806,100.0
54807,100.0
54808,100.0
54809,100.0
54810,100.0
54811,100.0
54812,100.0
54813,100.0
54814,100.0
54815,100.0
54816,100.0
54817,100.0
54818,100.0
54819,100.0
54820,100.0
54821,100.0
54822,100.0
54823,100.0
54824,100.0
54825,100.0
54826,100.0
54827,100.0
54828,100.0
54829,100.0
54830,100.0
54831,100.0
54832,100.0
54833,100.0
54834,100.0
54835,100.0
54836,100.0
54837,100.0
54838,100.0
54839,100.0
54840,100.0
54841,100.0
54842,100.0
54843,100.0
54844,100.0
54845,100.0
54846,100.0
54847,100.0
54848,100.0
54849,100.0
54850,100.0
54851,100.0
54852,100.0
54853,100.0
54854,100.0
54855,100.0
54856,100.0
54857,100.0
54858,100.0
54859,100.0
54860,100.0
54861,100.0
54862,100.0
54863,100.0
54864,100.0
54865,100.0
54866,100.0
54867,100.0
54868,100.0
54869,100.0
54870,100.0
54871,100.0
54872,100.0
54873,100.0
54874,100.0
54875,100.0
54876,100.0
54877,100.0
54878,100.0
54879,100.0
54880,100.0
54881,100.0
54882,100.0
54883,100.0
54884,100.0
54885,100.0
54886,100.0
54887,100.0
54888,100.0
54889,100.0
54890,100.0
54891,100.0
54892,100.0
54893,100.0
54894,100.0
54895,100.0
54896,100.0
54897,100.0
54898,100.0
54899,100.0
54900,100.0
54901,100.0
54902,100.0
54903,100.0
54904,100.0
54905,100.0
54906,100.0
54907,100.0
54908,100.0
54909,100.0
54910,100.0
54911,100.0
54912,100.0
54913,100.0
54914,100.0
54915,100.0
54916,100.0
54917,100.0
54918,100.0
54919,100.0
54920,100.0
54921,100.0
54922,100.0
54923,100.0
54924,100.0
54925,100.0
54926,100.0
54927,100.0
54928,100.0
54929,100.0
54930,100.0
54931,100.0
54932,100.0
54933,100.0
54934,100.0
54935,100.0
54936,100.0
54937,100.0
54938,100.0
54939,100.0
54940,100.0
54941,100.0
54942,100.0
54943,100.0
54944,100.0
54945,100.0
54946,100.0
54947,100.0
54948,100.0
54949,100.0
54950,100.0
54951,100.0
54952,100.0
54953,100.0
54954,100.0
54955,100.0
54956,100.0
54957,100.0
54958,100.0
54959,100.0
54960,100.0
54961,100.0
54962,100.0
54963,100.0
54964,100.0
54965,100.0
54966,100.0
54967,100.0
54968,100.0
54969,100.0
54970,100.0
54971,100.0
54972,100.0
54973,100.0
54974,100.0
54975,100.0
54976,100.0
54977,100.0
54978,100.0
54979,100.0
54980,100.0
54981,100.0
54982,100.0
54983,100.0
54984,100.0
54985,100.0
54986,100.0
54987,100.0
54988,100.0
54989,100.0
54990,100.0
54991,100.0
54992,100.0
54993,100.0
54994,100.0
54995,100.0
54996,100.0
54997,100.0
54998,100.0
54999,100.0
55000,100.0
55001,100.0
55002,100.0
55003,100.0
55004,100.0
55005,100.0
55006,100.0
55007,100.0
55008,100.0
55009,100.0
55010,100.0
55011,100.0
55012,100.0
55013,100.0
55014,100.0
55015,100.0
55016,100.0
55017,100.0
55018,100.0
55019,100.0
55020,100.0
55021,100.0
55022,100.0
55023,100.0
55024,100.0
55025,100.0
55026,100.0
55027,100.0
55028,100.0
55029,100.0
55030,100.0
55031,100.0
55032,100.0
55033,100.0
55034,100.0
55035,100.0
55036,100.0
55037,100.0
55038,100.0
55039,100.0
55040,100.0
55041,100.0
55042,100.0
55043,100.0
55044,100.0
55045,100.0
55046,100.0
55047,100.0
55048,100.0
55049,100.0
55050,100.0
55051,100.0
55052,100.0
55053,100.0
55054,100.0
55055,100.0
55056,100.0
55057,100.0
55058,100.0
55059,100.0
55060,100.0
55061,100.0
55062,100.0
55063,100.0
55064,100.0
55065,100.0
55066,100.0
55067,100.0
55068,100.0
55069,100.0
55070,100.0
55071,100.0
55072,100.0
55073,100.0
55074,100.0
55075,100.0
55076,100.0
55077,100.0
55078,100.0
55079,100.0
55080,100.0
55081,100.0
55082,100.0
55083,100.0
55084,100.0
55085,100.0
55086,100.0
55087,100.0
55088,100.0
55089,100.0
55090,100.0
55091,100.0
55092,100.0
55093,100.0
55094,100.0
55095,100.0
55096,100.0
55097,100.0
55098,100.0
55099,100.0
55100,100.0
55101,100.0
55102,100.0
55103,100.0
55104,100.0
55105,100.0
55106,100.0
55107,100.0
55108,100.0
55109,100.0
55110,100.0
55111,100.0
55112,100.0
55113,100.0
55114,100.0
55115,100.0
55116,100.0
55117,100.0
55118,100.0
55119,100.0
55120,100.0
55121,100.0
55122,100.0
55123,100.0
55124,100.0
55125,100.0
55126,100.0
55127,100.0
55128,100.0
55129,100.0
55130,100.0
55131,100.0
55132,100.0
55133,100.0
55134,100.0
55135,100.0
55136,100.0
55137,100.0
55138,100.0
55139,100.0
55140,100.0
55141,100.0
55142,100.0
55143,100.0
55144,100.0
55145,100.0
55146,100.0
55147,100.0
55148,100.0
55149,100.0
55150,100.0
55151,100.0
55152,100.0
55153,100.0
55154,100.0
55155,100.0
55156,100.0
55157,100.0
55158,100.0
55159,100.0
55160,100.0
55161,100.0
55162,100.0
55163,100.0
55164,100.0
55165,100.0
55166,100.0
55167,100.0
55168,100.0
55169,100.0
55170,100.0
55171,100.0
55172,100.0
55173,100.0
55174,100.0
55175,100.0
55176,100.0
55177,100.0
55178,100.0
55179,100.0
55180,100.0
55181,100.0
55182,100.0
55183,100.0
55184,100.0
55185,100.0
55186,100.0
55187,100.0
55188,100.0
55189,100.0
55190,100.0
55191,100.0
55192,100.0
55193,100.0
55194,100.0
55195,100.0
55196,100.0
55197,100.0
55198,100.0
55199,100.0
55200,100.0
55201,100.0
55202,100.0
55203,100.0
55204,100.0
55205,100.0
55206,100.0
55207,100.0
55208,100.0
55209,100.0
55210,100.0
55211,100.0
55212,100.0
55213,100.0
55214,100.0
55215,100.0
55216,100.0
55217,100.0
55218,100.0
55219,100.0
55220,100.0
55221,100.0
55222,100.0
55223,100.0
55224,100.0
55225,100.0
55226,100.0
55227,100.0
55228,100.0
55229,100.0
55230,100.0
55231,100.0
55232,100.0
55233,100.0
55234,100.0
55235,100.0
55236,100.0
55237,100.0
55238,100.0
55239,100.0
55240,100.0
55241,100.0
55242,100.0
55243,100.0
55244,100.0
55245,100.0
55246,100.0
55247,100.0
55248,100.0
55249,100.0
55250,100.0
55251,100.0
55252,100.0
55253,100.0
55254,100.0
55255,100.0
55256,100.0
55257,100.0
55258,100.0
55259,100.0
55260,100.0
55261,100.0
55262,100.0
55263,100.0
55264,100.0
55265,100.0
55266,100.0
55267,100.0
55268,100.0
55269,100.0
55270,100.0
55271,100.0
55272,100.0
55273,100.0
55274,100.0
55275,100.0
55276,100.0
55277,100.0
55278,100.0
55279,100.0
55280,100.0
55281,100.0
55282,100.0
55283,100.0
55284,100.0
55285,100.0
55286,100.0
55287,100.0
55288,100.0
55289,100.0
55290,100.0
55291,100.0
55292,100.0
55293,100.0
55294,100.0
55295,100.0
55296,100.0
55297,100.0
55298,100.0
55299,100.0
55300,100.0
55301,100.0
55302,100.0
55303,100.0
55304,100.0
55305,100.0
55306,100.0
55307,100.0
55308,100.0
55309,100.0
55310,100.0
55311,100.0
55312,100.0
55313,100.0
55314,100.0
55315,100.0
55316,100.0
55317,100.0
55318,100.0
55319,100.0
55320,100.0
55321,100.0
55322,100.0
55323,100.0
55324,100.0
55325,100.0
55326,100.0
55327,100.0
55328,100.0
55329,100.0
55330,100.0
55331,100.0
55332,100.0
55333,100.0
55334,100.0
55335,100.0
55336,100.0
55337,100.0
55338,100.0
55339,100.0
55340,100.0
55341,100.0
55342,100.0
55343,100.0
55344,100.0
55345,100.0
55346,100.0
55347,100.0
55348,100.0
55349,100.0
55350,100.0
55351,100.0
55352,100.0
55353,100.0
55354,100.0
55355,100.0
55356,100.0
55357,100.0
55358,100.0
55359,100.0
55360,100.0
55361,100.0
55362,100.0
55363,100.0
55364,100.0
55365,100.0
55366,100.0
55367,100.0
55368,100.0
55369,100.0
55370,100.0
55371,100.0
55372,100.0
55373,100.0
55374,100.0
55375,100.0
55376,100.0
55377,100.0
55378,100.0
55379,100.0
55380,100.0
55381,100.0
55382,100.0
55383,100.0
55384,100.0
55385,100.0
55386,100.0
55387,100.0
55388,100.0
55389,100.0
55390,100.0
55391,100.0
55392,100.0
55393,100.0
55394,100.0
55395,100.0
55396,100.0
55397,100.0
55398,100.0
55399,100.0
55400,100.0
55401,100.0
55402,100.0
55403,100.0
55404,100.0
55405,100.0
55406,100.0
55407,100.0
55408,100.0
55409,100.0
55410,100.0
55411,100.0
55412,100.0
55413,100.0
55414,100.0
55415,100.0
55416,100.0
55417,100.0
55418,100.0
55419,100.0
55420,100.0
55421,100.0
55422,100.0
55423,100.0
55424,100.0
55425,100.0
55426,100.0
55427,100.0
55428,100.0
55429,100.0
55430,100.0
55431,100.0
55432,100.0
55433,100.0
55434,100.0
55435,100.0
55436,100.0
55437,100.0
55438,100.0
55439,100.0
55440,100.0
55441,100.0
55442,100.0
55443,100.0
55444,100.0
55445,100.0
55446,100.0
55447,100.0
55448,100.0
55449,100.0
55450,100.0
55451,100.0
55452,100.0
55453,100.0
55454,100.0
55455,100.0
55456,100.0
55457,100.0
55458,100.0
55459,100.0
55460,100.0
55461,100.0
55462,100.0
55463,100.0
55464,100.0
55465,100.0
55466,100.0
55467,100.0
55468,100.0
55469,100.0
55470,100.0
55471,100.0
55472,100.0
55473,100.0
55474,100.0
55475,100.0
55476,100.0
55477,100.0
55478,100.0
55479,100.0
55480,100.0
55481,100.0
55482,100.0
55483,100.0
55484,100.0
55485,100.0
55486,100.0
55487,100.0
55488,100.0
55489,100.0
55490,100.0
55491,100.0
55492,100.0
55493,100.0
55494,100.0
55495,100.0
55496,100.0
55497,100.0
55498,100.0
55499,100.0
55500,100.0
55501,100.0
55502,100.0
55503,100.0
55504,100.0
55505,100.0
55506,100.0
55507,100.0
55508,100.0
55509,100.0
55510,100.0
55511,100.0
55512,100.0
55513,100.0
55514,100.0
55515,100.0
55516,100.0
55517,100.0
55518,100.0
55519,100.0
55520,100.0
55521,100.0
55522,100.0
55523,100.0
55524,100.0
55525,100.0
55526,100.0
55527,100.0
55528,100.0
55529,100.0
55530,100.0
55531,100.0
55532,100.0
55533,100.0
55534,100.0
55535,100.0
55536,100.0
55537,100.0
55538,100.0
55539,100.0
55540,100.0
55541,100.0
55542,100.0
55543,100.0
55544,100.0
55545,100.0
55546,100.0
55547,100.0
55548,100.0
55549,100.0
55550,100.0
55551,100.0
55552,100.0
55553,100.0
55554,100.0
55555,100.0
55556,100.0
55557,100.0
55558,100.0
55559,100.0
55560,100.0
55561,100.0
55562,100.0
55563,100.0
55564,100.0
55565,100.0
55566,100.0
55567,100.0
55568,100.0
55569,100.0
55570,100.0
55571,100.0
55572,100.0
55573,100.0
55574,100.0
55575,100.0
55576,100.0
55577,100.0
55578,100.0
55579,100.0
55580,100.0
55581,100.0
55582,100.0
55583,100.0
55584,100.0
55585,100.0
55586,100.0
55587,100.0
55588,100.0
55589,100.0
55590,100.0
55591,100.0
55592,100.0
55593,100.0
55594,100.0
55595,100.0
55596,100.0
55597,100.0
55598,100.0
55599,100.0
55600,100.0
55601,100.0
55602,100.0
55603,100.0
55604,100.0
55605,100.0
55606,100.0
55607,100.0
55608,100.0
55609,100.0
55610,100.0
55611,100.0
55612,100.0
55613,100.0
55614,100.0
55615,100.0
55616,100.0
55617,100.0
55618,100.0
55619,100.0
55620,100.0
55621,100.0
55622,100.0
55623,100.0
55624,100.0
55625,100.0
55626,100.0
55627,100.0
55628,100.0
55629,100.0
55630,100.0
55631,100.0
55632,100.0
55633,100.0
55634,100.0
55635,100.0
55636,100.0
55637,100.0
55638,100.0
55639,100.0
55640,100.0
55641,100.0
55642,100.0
55643,100.0
55644,100.0
55645,100.0
55646,100.0
55647,100.0
55648,100.0
55649,100.0
55650,100.0
55651,100.0
55652,100.0
55653,100.0
55654,100.0
55655,100.0
55656,100.0
55657,100.0
55658,100.0
55659,100.0
55660,100.0
55661,100.0
55662,100.0
55663,100.0
55664,100.0
55665,100.0
55666,100.0
55667,100.0
55668,100.0
55669,100.0
55670,100.0
55671,100.0
55672,100.0
55673,100.0
55674,100.0
55675,100.0
55676,100.0
55677,100.0
55678,100.0
55679,100.0
55680,100.0
55681,100.0
55682,100.0
55683,100.0
55684,100.0
55685,100.0
55686,100.0
55687,100.0
55688,100.0
55689,100.0
55690,100.0
55691,100.0
55692,100.0
55693,100.0
55694,100.0
55695,100.0
55696,100.0
55697,100.0
55698,100.0
55699,100.0
55700,100.0
55701,100.0
55702,100.0
55703,100.0
55704,100.0
55705,100.0
55706,100.0
55707,100.0
55708,100.0
55709,100.0
55710,100.0
55711,100.0
55712,100.0
55713,100.0
55714,100.0
55715,100.0
55716,100.0
55717,100.0
55718,100.0
55719,100.0
55720,100.0
55721,100.0
55722,100.0
55723,100.0
55724,100.0
55725,100.0
55726,100.0
55727,100.0
55728,100.0
55729,100.0
55730,100.0
55731,100.0
55732,100.0
55733,100.0
55734,100.0
55735,100.0
55736,100.0
55737,100.0
55738,100.0
55739,100.0
55740,100.0
55741,100.0
55742,100.0
55743,100.0
55744,100.0
55745,100.0
55746,100.0
55747,100.0
55748,100.0
55749,100.0
55750,100.0
55751,100.0
55752,100.0
55753,100.0
55754,100.0
55755,100.0
55756,100.0
55757,100.0
55758,100.0
55759,100.0
55760,100.0
55761,100.0
55762,100.0
55763,100.0
55764,100.0
55765,100.0
55766,100.0
55767,100.0
55768,100.0
55769,100.0
55770,100.0
55771,100.0
55772,100.0
55773,100.0
55774,100.0
55775,100.0
55776,100.0
55777,100.0
55778,100.0
55779,100.0
55780,100.0
55781,100.0
55782,100.0
55783,100.0
55784,100.0
55785,100.0
55786,100.0
55787,100.0
55788,100.0
55789,100.0
55790,100.0
55791,100.0
55792,100.0
55793,100.0
55794,100.0
55795,100.0
55796,100.0
55797,100.0
55798,100.0
55799,100.0
55800,100.0
55801,100.0
55802,100.0
55803,100.0
55804,100.0
55805,100.0
55806,100.0
55807,100.0
55808,100.0
55809,100.0
55810,100.0
55811,100.0
55812,100.0
55813,100.0
55814,100.0
55815,100.0
55816,100.0
55817,100.0
55818,100.0
55819,100.0
55820,100.0
55821,100.0
55822,100.0
55823,100.0
55824,100.0
55825,100.0
55826,100.0
55827,100.0
55828,100.0
55829,100.0
55830,100.0
55831,100.0
55832,100.0
55833,100.0
55834,100.0
55835,100.0
55836,100.0
55837,100.0
55838,100.0
55839,100.0
55840,100.0
55841,100.0
55842,100.0
55843,100.0
55844,100.0
55845,100.0
55846,100.0
55847,100.0
55848,100.0
55849,100.0
55850,100.0
55851,100.0
55852,100.0
55853,100.0
55854,100.0
55855,100.0
55856,100.0
55857,100.0
55858,100.0
55859,100.0
55860,100.0
55861,100.0
55862,100.0
55863,100.0
55864,100.0
55865,100.0
55866,100.0
55867,100.0
55868,100.0
55869,100.0
55870,100.0
55871,100.0
55872,100.0
55873,100.0
55874,100.0
55875,100.0
55876,100.0
55877,100.0
55878,100.0
55879,100.0
55880,100.0
55881,100.0
55882,100.0
55883,100.0
55884,100.0
55885,100.0
55886,100.0
55887,100.0
55888,100.0
55889,100.0
55890,100.0
55891,100.0
55892,100.0
55893,100.0
55894,100.0
55895,100.0
55896,100.0
55897,100.0
55898,100.0
55899,100.0
55900,100.0
55901,100.0
55902,100.0
55903,100.0
55904,100.0
55905,100.0
55906,100.0
55907,100.0
55908,100.0
55909,100.0
55910,100.0
55911,100.0
55912,100.0
55913,100.0
55914,100.0
55915,100.0
55916,100.0
55917,100.0
55918,100.0
55919,100.0
55920,100.0
55921,100.0
55922,100.0
55923,100.0
55924,100.0
55925,100.0
55926,100.0
55927,100.0
55928,100.0
55929,100.0
55930,100.0
55931,100.0
55932,100.0
55933,100.0
55934,100.0
55935,100.0
55936,100.0
55937,100.0
55938,100.0
55939,100.0
55940,100.0
55941,100.0
55942,100.0
55943,100.0
55944,100.0
55945,100.0
55946,100.0
55947,100.0
55948,100.0
55949,100.0
55950,100.0
55951,100.0
55952,100.0
55953,100.0
55954,100.0
55955,100.0
55956,100.0
55957,100.0
55958,100.0
55959,100.0
55960,100.0
55961,100.0
55962,100.0
55963,100.0
55964,100.0
55965,100.0
55966,100.0
55967,100.0
55968,100.0
55969,100.0
55970,100.0
55971,100.0
55972,100.0
55973,100.0
55974,100.0
55975,100.0
55976,100.0
55977,100.0
55978,100.0
55979,100.0
55980,100.0
55981,100.0
55982,100.0
55983,100.0
55984,100.0
55985,100.0
55986,100.0
55987,100.0
55988,100.0
55989,100.0
55990,100.0
55991,100.0
55992,100.0
55993,100.0
55994,100.0
55995,100.0
55996,100.0
55997,100.0
55998,100.0
55999,100.0
56000,100.0
56001,100.0
56002,100.0
56003,100.0
56004,100.0
56005,100.0
56006,100.0
56007,100.0
56008,100.0
56009,100.0
56010,100.0
56011,100.0
56012,100.0
56013,100.0
56014,100.0
56015,100.0
56016,100.0
56017,100.0
56018,100.0
56019,100.0
56020,100.0
56021,100.0
56022,100.0
56023,100.0
56024,100.0
56025,100.0
56026,100.0
56027,100.0
56028,100.0
56029,100.0
56030,100.0
56031,100.0
56032,100.0
56033,100.0
56034,100.0
56035,100.0
56036,100.0
56037,100.0
56038,100.0
56039,100.0
56040,100.0
56041,100.0
56042,100.0
56043,100.0
56044,100.0
56045,100.0
56046,100.0
56047,100.0
56048,100.0
56049,100.0
56050,100.0
56051,100.0
56052,100.0
56053,100.0
56054,100.0
56055,100.0
56056,100.0
56057,100.0
56058,100.0
56059,100.0
56060,100.0
56061,100.0
56062,100.0
56063,100.0
56064,100.0
56065,100.0
56066,100.0
56067,100.0
56068,100.0
56069,100.0
56070,100.0
56071,100.0
56072,100.0
56073,100.0
56074,100.0
56075,100.0
56076,100.0
56077,100.0
56078,100.0
56079,100.0
56080,100.0
56081,100.0
56082,100.0
56083,100.0
56084,100.0
56085,100.0
56086,100.0
56087,100.0
56088,100.0
56089,100.0
56090,100.0
56091,100.0
56092,100.0
56093,100.0
56094,100.0
56095,100.0
56096,100.0
56097,100.0
56098,100.0
56099,100.0
56100,100.0
56101,100.0
56102,100.0
56103,100.0
56104,100.0
56105,100.0
56106,100.0
56107,100.0
56108,100.0
56109,100.0
56110,100.0
56111,100.0
56112,100.0
56113,100.0
56114,100.0
56115,100.0
56116,100.0
56117,100.0
56118,100.0
56119,100.0
56120,100.0
56121,100.0
56122,100.0
56123,100.0
56124,100.0
56125,100.0
56126,100.0
56127,100.0
56128,100.0
56129,100.0
56130,100.0
56131,100.0
56132,100.0
56133,100.0
56134,100.0
56135,100.0
56136,100.0
56137,100.0
56138,100.0
56139,100.0
56140,100.0
56141,100.0
56142,100.0
56143,100.0
56144,100.0
56145,100.0
56146,100.0
56147,100.0
56148,100.0
56149,100.0
56150,100.0
56151,100.0
56152,100.0
56153,100.0
56154,100.0
56155,100.0
56156,100.0
56157,100.0
56158,100.0
56159,100.0
56160,100.0
56161,100.0
56162,100.0
56163,100.0
56164,100.0
56165,100.0
56166,100.0
56167,100.0
56168,100.0
56169,100.0
56170,100.0
56171,100.0
56172,100.0
56173,100.0
56174,100.0
56175,100.0
56176,100.0
56177,100.0
56178,100.0
56179,100.0
56180,100.0
56181,100.0
56182,100.0
56183,100.0
56184,100.0
56185,100.0
56186,100.0
56187,100.0
56188,100.0
56189,100.0
56190,100.0
56191,100.0
56192,100.0
56193,100.0
56194,100.0
56195,100.0
56196,100.0
56197,100.0
56198,100.0
56199,100.0
56200,100.0
56201,100.0
56202,100.0
56203,100.0
56204,100.0
56205,100.0
56206,100.0
56207,100.0
56208,100.0
56209,100.0
56210,100.0
56211,100.0
56212,100.0
56213,100.0
56214,100.0
56215,100.0
56216,100.0
56217,100.0
56218,100.0
56219,100.0
56220,100.0
56221,100.0
56222,100.0
56223,100.0
56224,100.0
56225,100.0
56226,100.0
56227,100.0
56228,100.0
56229,100.0
56230,100.0
56231,100.0
56232,100.0
56233,100.0
56234,100.0
56235,100.0
56236,100.0
56237,100.0
56238,100.0
56239,100.0
56240,100.0
56241,100.0
56242,100.0
56243,100.0
56244,100.0
56245,100.0
56246,100.0
56247,100.0
56248,100.0
56249,100.0
56250,100.0
56251,100.0
56252,100.0
56253,100.0
56254,100.0
56255,100.0
56256,100.0
56257,100.0
56258,100.0
56259,100.0
56260,100.0
56261,100.0
56262,100.0
56263,100.0
56264,100.0
56265,100.0
56266,100.0
56267,100.0
56268,100.0
56269,100.0
56270,100.0
56271,100.0
56272,100.0
56273,100.0
56274,100.0
56275,100.0
56276,100.0
56277,100.0
56278,100.0
56279,100.0
56280,100.0
56281,100.0
56282,100.0
56283,100.0
56284,100.0
56285,100.0
56286,100.0
56287,100.0
56288,100.0
56289,100.0
56290,100.0
56291,100.0
56292,100.0
56293,100.0
56294,100.0
56295,100.0
56296,100.0
56297,100.0
56298,100.0
56299,100.0
56300,100.0
56301,100.0
56302,100.0
56303,100.0
56304,100.0
56305,100.0
56306,100.0
56307,100.0
56308,100.0
56309,100.0
56310,100.0
56311,100.0
56312,100.0
56313,100.0
56314,100.0
56315,100.0
56316,100.0
56317,100.0
56318,100.0
56319,100.0
56320,100.0
56321,100.0
56322,100.0
56323,100.0
56324,100.0
56325,100.0
56326,100.0
56327,100.0
56328,100.0
56329,100.0
56330,100.0
56331,100.0
56332,100.0
56333,100.0
56334,100.0
56335,100.0
56336,100.0
56337,100.0
56338,100.0
56339,100.0
56340,100.0
56341,100.0
56342,100.0
56343,100.0
56344,100.0
56345,100.0
56346,100.0
56347,100.0
56348,100.0
56349,100.0
56350,100.0
56351,100.0
56352,100.0
56353,100.0
56354,100.0
56355,100.0
56356,100.0
56357,100.0
56358,100.0
56359,100.0
56360,100.0
56361,100.0
56362,100.0
56363,100.0
56364,100.0
56365,100.0
56366,100.0
56367,100.0
56368,100.0
56369,100.0
56370,100.0
56371,100.0
56372,100.0
56373,100.0
56374,100.0
56375,100.0
56376,100.0
56377,100.0
56378,100.0
56379,100.0
56380,100.0
56381,100.0
56382,100.0
56383,100.0
56384,100.0
56385,100.0
56386,100.0
56387,100.0
56388,100.0
56389,100.0
56390,100.0
56391,100.0
56392,100.0
56393,100.0
56394,100.0
56395,100.0
56396,100.0
56397,100.0
56398,100.0
56399,100.0
56400,100.0
56401,100.0
56402,100.0
56403,100.0
56404,100.0
56405,100.0
56406,100.0
56407,100.0
56408,100.0
56409,100.0
56410,100.0
56411,100.0
56412,100.0
56413,100.0
56414,100.0
56415,100.0
56416,100.0
56417,100.0
56418,100.0
56419,100.0
56420,100.0
56421,100.0
56422,100.0
56423,100.0
56424,100.0
56425,100.0
56426,100.0
56427,100.0
56428,100.0
56429,100.0
56430,100.0
56431,100.0
56432,100.0
56433,100.0
56434,100.0
56435,100.0
56436,100.0
56437,100.0
56438,100.0
56439,100.0
56440,100.0
56441,100.0
56442,100.0
56443,100.0
56444,100.0
56445,100.0
56446,100.0
56447,100.0
56448,100.0
56449,100.0
56450,100.0
56451,100.0
56452,100.0
56453,100.0
56454,100.0
56455,100.0
56456,100.0
56457,100.0
56458,100.0
56459,100.0
56460,100.0
56461,100.0
56462,100.0
56463,100.0
56464,100.0
56465,100.0
56466,100.0
56467,100.0
56468,100.0
56469,100.0
56470,100.0
56471,100.0
56472,100.0
56473,100.0
56474,100.0
56475,100.0
56476,100.0
56477,100.0
56478,100.0
56479,100.0
56480,100.0
56481,100.0
56482,100.0
56483,100.0
56484,100.0
56485,100.0
56486,100.0
56487,100.0
56488,100.0
56489,100.0
56490,100.0
56491,100.0
56492,100.0
56493,100.0
56494,100.0
56495,100.0
56496,100.0
56497,100.0
56498,100.0
56499,100.0
56500,100.0
56501,100.0
56502,100.0
56503,100.0
56504,100.0
56505,100.0
56506,100.0
56507,100.0
56508,100.0
56509,100.0
56510,100.0
56511,100.0
56512,100.0
56513,100.0
56514,100.0
56515,100.0
56516,100.0
56517,100.0
56518,100.0
56519,100.0
56520,100.0
56521,100.0
56522,100.0
56523,100.0
56524,100.0
56525,100.0
56526,100.0
56527,100.0
56528,100.0
56529,100.0
56530,100.0
56531,100.0
56532,100.0
56533,100.0
56534,100.0
56535,100.0
56536,100.0
56537,100.0
56538,100.0
56539,100.0
56540,100.0
56541,100.0
56542,100.0
56543,100.0
56544,100.0
56545,100.0
56546,100.0
56547,100.0
56548,100.0
56549,100.0
56550,100.0
56551,100.0
56552,100.0
56553,100.0
56554,100.0
56555,100.0
56556,100.0
56557,100.0
56558,100.0
56559,100.0
56560,100.0
56561,100.0
56562,100.0
56563,100.0
56564,100.0
56565,100.0
56566,100.0
56567,100.0
56568,100.0
56569,100.0
56570,100.0
56571,100.0
56572,100.0
56573,100.0
56574,100.0
56575,100.0
56576,100.0
56577,100.0
56578,100.0
56579,100.0
56580,100.0
56581,100.0
56582,100.0
56583,100.0
56584,100.0
56585,100.0
56586,100.0
56587,100.0
56588,100.0
56589,100.0
56590,100.0
56591,100.0
56592,100.0
56593,100.0
56594,100.0
56595,100.0
56596,100.0
56597,100.0
56598,100.0
56599,100.0
56600,100.0
56601,100.0
56602,100.0
56603,100.0
56604,100.0
56605,100.0
56606,100.0
56607,100.0
56608,100.0
56609,100.0
56610,100.0
56611,100.0
56612,100.0
56613,100.0
56614,100.0
56615,100.0
56616,100.0
56617,100.0
56618,100.0
56619,100.0
56620,100.0
56621,100.0
56622,100.0
56623,100.0
56624,100.0
56625,100.0
56626,100.0
56627,100.0
56628,100.0
56629,100.0
56630,100.0
56631,100.0
56632,100.0
56633,100.0
56634,100.0
56635,100.0
56636,100.0
56637,100.0
56638,100.0
56639,100.0
56640,100.0
56641,100.0
56642,100.0
56643,100.0
56644,100.0
56645,100.0
56646,100.0
56647,100.0
56648,100.0
56649,100.0
56650,100.0
56651,100.0
56652,100.0
56653,100.0
56654,100.0
56655,100.0
56656,100.0
56657,100.0
56658,100.0
56659,100.0
56660,100.0
56661,100.0
56662,100.0
56663,100.0
56664,100.0
56665,100.0
56666,100.0
56667,100.0
56668,100.0
56669,100.0
56670,100.0
56671,100.0
56672,100.0
56673,100.0
56674,100.0
56675,100.0
56676,100.0
56677,100.0
56678,100.0
56679,100.0
56680,100.0
56681,100.0
56682,100.0
56683,100.0
56684,100.0
56685,100.0
56686,100.0
56687,100.0
56688,100.0
56689,100.0
56690,100.0
56691,100.0
56692,100.0
56693,100.0
56694,100.0
56695,100.0
56696,100.0
56697,100.0
56698,100.0
56699,100.0
56700,100.0
56701,100.0
56702,100.0
56703,100.0
56704,100.0
56705,100.0
56706,100.0
56707,100.0
56708,100.0
56709,100.0
56710,100.0
56711,100.0
56712,100.0
56713,100.0
56714,100.0
56715,100.0
56716,100.0
56717,100.0
56718,100.0
56719,100.0
56720,100.0
56721,100.0
56722,100.0
56723,100.0
56724,100.0
56725,100.0
56726,100.0
56727,100.0
56728,100.0
56729,100.0
56730,100.0
56731,100.0
56732,100.0
56733,100.0
56734,100.0
56735,100.0
56736,100.0
56737,100.0
56738,100.0
56739,100.0
56740,100.0
56741,100.0
56742,100.0
56743,100.0
56744,100.0
56745,100.0
56746,100.0
56747,100.0
56748,100.0
56749,100.0
56750,100.0
56751,100.0
56752,100.0
56753,100.0
56754,100.0
56755,100.0
56756,100.0
56757,100.0
56758,100.0
56759,100.0
56760,100.0
56761,100.0
56762,100.0
56763,100.0
56764,100.0
56765,100.0
56766,100.0
56767,100.0
56768,100.0
56769,100.0
56770,100.0
56771,100.0
56772,100.0
56773,100.0
56774,100.0
56775,100.0
56776,100.0
56777,100.0
56778,100.0
56779,100.0
56780,100.0
56781,100.0
56782,100.0
56783,100.0
56784,100.0
56785,100.0
56786,100.0
56787,100.0
56788,100.0
56789,100.0
56790,100.0
56791,100.0
56792,100.0
56793,100.0
56794,100.0
56795,100.0
56796,100.0
56797,100.0
56798,100.0
56799,100.0
56800,100.0
56801,100.0
56802,100.0
56803,100.0
56804,100.0
56805,100.0
56806,100.0
56807,100.0
56808,100.0
56809,100.0
56810,100.0
56811,100.0
56812,100.0
56813,100.0
56814,100.0
56815,100.0
56816,100.0
56817,100.0
56818,100.0
56819,100.0
56820,100.0
56821,100.0
56822,100.0
56823,100.0
56824,100.0
56825,100.0
56826,100.0
56827,100.0
56828,100.0
56829,100.0
56830,100.0
56831,100.0
56832,100.0
56833,100.0
56834,100.0
56835,100.0
56836,100.0
56837,100.0
56838,100.0
56839,100.0
56840,100.0
56841,100.0
56842,100.0
56843,100.0
56844,100.0
56845,100.0
56846,100.0
56847,100.0
56848,100.0
56849,100.0
56850,100.0
56851,100.0
56852,100.0
56853,100.0
56854,100.0
56855,100.0
56856,100.0
56857,100.0
56858,100.0
56859,100.0
56860,100.0
56861,100.0
56862,100.0
56863,100.0
56864,100.0
56865,100.0
56866,100.0
56867,100.0
56868,100.0
56869,100.0
56870,100.0
56871,100.0
56872,100.0
56873,100.0
56874,100.0
56875,100.0
56876,100.0
56877,100.0
56878,100.0
56879,100.0
56880,100.0
56881,100.0
56882,100.0
56883,100.0
56884,100.0
56885,100.0
56886,100.0
56887,100.0
56888,100.0
56889,100.0
56890,100.0
56891,100.0
56892,100.0
56893,100.0
56894,100.0
56895,100.0
56896,100.0
56897,100.0
56898,100.0
56899,100.0
56900,100.0
56901,100.0
56902,100.0
56903,100.0
56904,100.0
56905,100.0
56906,100.0
56907,100.0
56908,100.0
56909,100.0
56910,100.0
56911,100.0
56912,100.0
56913,100.0
56914,100.0
56915,100.0
56916,100.0
56917,100.0
56918,100.0
56919,100.0
56920,100.0
56921,100.0
56922,100.0
56923,100.0
56924,100.0
56925,100.0
56926,100.0
56927,100.0
56928,100.0
56929,100.0
56930,100.0
56931,100.0
56932,100.0
56933,100.0
56934,100.0
56935,100.0
56936,100.0
56937,100.0
56938,100.0
56939,100.0
56940,100.0
56941,100.0
56942,100.0
56943,100.0
56944,100.0
56945,100.0
56946,100.0
56947,100.0
56948,100.0
56949,100.0
56950,100.0
56951,100.0
56952,100.0
56953,100.0
56954,100.0
56955,100.0
56956,100.0
56957,100.0
56958,100.0
56959,100.0
56960,100.0
56961,100.0
56962,100.0
56963,100.0
56964,100.0
56965,100.0
56966,100.0
56967,100.0
56968,100.0
56969,100.0
56970,100.0
56971,100.0
56972,100.0
56973,100.0
56974,100.0
56975,100.0
56976,100.0
56977,100.0
56978,100.0
56979,100.0
56980,100.0
56981,100.0
56982,100.0
56983,100.0
56984,100.0
56985,100.0
56986,100.0
56987,100.0
56988,100.0
56989,100.0
56990,100.0
56991,100.0
56992,100.0
56993,100.0
56994,100.0
56995,100.0
56996,100.0
56997,100.0
56998,100.0
56999,100.0
57000,100.0
57001,100.0
57002,100.0
57003,100.0
57004,100.0
57005,100.0
57006,100.0
57007,100.0
57008,100.0
57009,100.0
57010,100.0
57011,100.0
57012,100.0
57013,100.0
57014,100.0
57015,100.0
57016,100.0
57017,100.0
57018,100.0
57019,100.0
57020,100.0
57021,100.0
57022,100.0
57023,100.0
57024,100.0
57025,100.0
57026,100.0
57027,100.0
57028,100.0
57029,100.0
57030,100.0
57031,100.0
57032,100.0
57033,100.0
57034,100.0
57035,100.0
57036,100.0
57037,100.0
57038,100.0
57039,100.0
57040,100.0
57041,100.0
57042,100.0
57043,100.0
57044,100.0
57045,100.0
57046,100.0
57047,100.0
57048,100.0
57049,100.0
57050,100.0
57051,100.0
57052,100.0
57053,100.0
57054,100.0
57055,100.0
57056,100.0
57057,100.0
57058,100.0
57059,100.0
57060,100.0
57061,100.0
57062,100.0
57063,100.0
57064,100.0
57065,100.0
57066,100.0
57067,100.0
57068,100.0
57069,100.0
57070,100.0
57071,100.0
57072,100.0
57073,100.0
57074,100.0
57075,100.0
57076,100.0
57077,100.0
57078,100.0
57079,100.0
57080,100.0
57081,100.0
57082,100.0
57083,100.0
57084,100.0
57085,100.0
57086,100.0
57087,100.0
57088,100.0
57089,100.0
57090,100.0
57091,100.0
57092,100.0
57093,100.0
57094,100.0
57095,100.0
57096,100.0
57097,100.0
57098,100.0
57099,100.0
57100,100.0
57101,100.0
57102,100.0
57103,100.0
57104,100.0
57105,100.0
57106,100.0
57107,100.0
57108,100.0
57109,100.0
57110,100.0
57111,100.0
57112,100.0
57113,100.0
57114,100.0
57115,100.0
57116,100.0
57117,100.0
57118,100.0
57119,100.0
57120,100.0
57121,100.0
57122,100.0
57123,100.0
57124,100.0
57125,100.0
57126,100.0
57127,100.0
57128,100.0
57129,100.0
57130,100.0
57131,100.0
57132,100.0
57133,100.0
57134,100.0
57135,100.0
57136,100.0
57137,100.0
57138,100.0
57139,100.0
57140,100.0
57141,100.0
57142,100.0
57143,100.0
57144,100.0
57145,100.0
57146,100.0
57147,100.0
57148,100.0
57149,100.0
57150,100.0
57151,100.0
57152,100.0
57153,100.0
57154,100.0
57155,100.0
57156,100.0
57157,100.0
57158,100.0
57159,100.0
57160,100.0
57161,100.0
57162,100.0
57163,100.0
57164,100.0
57165,100.0
57166,100.0
57167,100.0
57168,100.0
57169,100.0
57170,100.0
57171,100.0
57172,100.0
57173,100.0
57174,100.0
57175,100.0
57176,100.0
57177,100.0
57178,100.0
57179,100.0
57180,100.0
57181,100.0
57182,100.0
57183,100.0
57184,100.0
57185,100.0
57186,100.0
57187,100.0
57188,100.0
57189,100.0
57190,100.0
57191,100.0
57192,100.0
57193,100.0
57194,100.0
57195,100.0
57196,100.0
57197,100.0
57198,100.0
57199,100.0
57200,100.0
57201,100.0
57202,100.0
57203,100.0
57204,100.0
57205,100.0
57206,100.0
57207,100.0
57208,100.0
57209,100.0
57210,100.0
57211,100.0
57212,100.0
57213,100.0
57214,100.0
57215,100.0
57216,100.0
57217,100.0
57218,100.0
57219,100.0
57220,100.0
57221,100.0
57222,100.0
57223,100.0
57224,100.0
57225,100.0
57226,100.0
57227,100.0
57228,100.0
57229,100.0
57230,100.0
57231,100.0
57232,100.0
57233,100.0
57234,100.0
57235,100.0
57236,100.0
57237,100.0
57238,100.0
57239,100.0
57240,100.0
57241,100.0
57242,100.0
57243,100.0
57244,100.0
57245,100.0
57246,100.0
57247,100.0
57248,100.0
57249,100.0
57250,100.0
57251,100.0
57252,100.0
57253,100.0
57254,100.0
57255,100.0
57256,100.0
57257,100.0
57258,100.0
57259,100.0
57260,100.0
57261,100.0
57262,100.0
57263,100.0
57264,100.0
57265,100.0
57266,100.0
57267,100.0
57268,100.0
57269,100.0
57270,100.0
57271,100.0
57272,100.0
57273,100.0
57274,100.0
57275,100.0
57276,100.0
57277,100.0
57278,100.0
57279,100.0
57280,100.0
57281,100.0
57282,100.0
57283,100.0
57284,100.0
57285,100.0
57286,100.0
57287,100.0
57288,100.0
57289,100.0
57290,100.0
57291,100.0
57292,100.0
57293,100.0
57294,100.0
57295,100.0
57296,100.0
57297,100.0
57298,100.0
57299,100.0
57300,100.0
57301,100.0
57302,100.0
57303,100.0
57304,100.0
57305,100.0
57306,100.0
57307,100.0
57308,100.0
57309,100.0
57310,100.0
57311,100.0
57312,100.0
57313,100.0
57314,100.0
57315,100.0
57316,100.0
57317,100.0
57318,100.0
57319,100.0
57320,100.0
57321,100.0
57322,100.0
57323,100.0
57324,100.0
57325,100.0
57326,100.0
57327,100.0
57328,100.0
57329,100.0
57330,100.0
57331,100.0
57332,100.0
57333,100.0
57334,100.0
57335,100.0
57336,100.0
57337,100.0
57338,100.0
57339,100.0
57340,100.0
57341,100.0
57342,100.0
57343,100.0
57344,100.0
57345,100.0
57346,100.0
57347,100.0
57348,100.0
57349,100.0
57350,100.0
57351,100.0
57352,100.0
57353,100.0
57354,100.0
57355,100.0
57356,100.0
57357,100.0
57358,100.0
57359,100.0
57360,100.0
57361,100.0
57362,100.0
57363,100.0
57364,100.0
57365,100.0
57366,100.0
57367,100.0
57368,100.0
57369,100.0
57370,100.0
57371,100.0
57372,100.0
57373,100.0
57374,100.0
57375,100.0
57376,100.0
57377,100.0
57378,100.0
57379,100.0
57380,100.0
57381,100.0
57382,100.0
57383,100.0
57384,100.0
57385,100.0
57386,100.0
57387,100.0
57388,100.0
57389,100.0
57390,100.0
57391,100.0
57392,100.0
57393,100.0
57394,100.0
57395,100.0
57396,100.0
57397,100.0
57398,100.0
57399,100.0
57400,100.0
57401,100.0
57402,100.0
57403,100.0
57404,100.0
57405,100.0
57406,100.0
57407,100.0
57408,100.0
57409,100.0
57410,100.0
57411,100.0
57412,100.0
57413,100.0
57414,100.0
57415,100.0
57416,100.0
57417,100.0
57418,100.0
57419,100.0
57420,100.0
57421,100.0
57422,100.0
57423,100.0
57424,100.0
57425,100.0
57426,100.0
57427,100.0
57428,100.0
57429,100.0
57430,100.0
57431,100.0
57432,100.0
57433,100.0
57434,100.0
57435,100.0
57436,100.0
57437,100.0
57438,100.0
57439,100.0
57440,100.0
57441,100.0
57442,100.0
57443,100.0
57444,100.0
57445,100.0
57446,100.0
57447,100.0
57448,100.0
57449,100.0
57450,100.0
57451,100.0
57452,100.0
57453,100.0
57454,100.0
57455,100.0
57456,100.0
57457,100.0
57458,100.0
57459,100.0
57460,100.0
57461,100.0
57462,100.0
57463,100.0
57464,100.0
57465,100.0
57466,100.0
57467,100.0
57468,100.0
57469,100.0
57470,100.0
57471,100.0
57472,100.0
57473,100.0
57474,100.0
57475,100.0
57476,100.0
57477,100.0
57478,100.0
57479,100.0
57480,100.0
57481,100.0
57482,100.0
57483,100.0
57484,100.0
57485,100.0
57486,100.0
57487,100.0
57488,100.0
57489,100.0
57490,100.0
57491,100.0
57492,100.0
57493,100.0
57494,100.0
57495,100.0
57496,100.0
57497,100.0
57498,100.0
57499,100.0
57500,100.0
57501,100.0
57502,100.0
57503,100.0
57504,100.0
57505,100.0
57506,100.0
57507,100.0
57508,100.0
57509,100.0
57510,100.0
57511,100.0
57512,100.0
57513,100.0
57514,100.0
57515,100.0
57516,100.0
57517,100.0
57518,100.0
57519,100.0
57520,100.0
57521,100.0
57522,100.0
57523,100.0
57524,100.0
57525,100.0
57526,100.0
57527,100.0
57528,100.0
57529,100.0
57530,100.0
57531,100.0
57532,100.0
57533,100.0
57534,100.0
57535,100.0
57536,100.0
57537,100.0
57538,100.0
57539,100.0
57540,100.0
57541,100.0
57542,100.0
57543,100.0
57544,100.0
57545,100.0
57546,100.0
57547,100.0
57548,100.0
57549,100.0
57550,100.0
57551,100.0
57552,100.0
57553,100.0
57554,100.0
57555,100.0
57556,100.0
57557,100.0
57558,100.0
57559,100.0
57560,100.0
57561,100.0
57562,100.0
57563,100.0
57564,100.0
57565,100.0
57566,100.0
57567,100.0
57568,100.0
57569,100.0
57570,100.0
57571,100.0
57572,100.0
57573,100.0
57574,100.0
57575,100.0
57576,100.0
57577,100.0
57578,100.0
57579,100.0
57580,100.0
57581,100.0
57582,100.0
57583,100.0
57584,100.0
57585,100.0
57586,100.0
57587,100.0
57588,100.0
57589,100.0
57590,100.0
57591,100.0
57592,100.0
57593,100.0
57594,100.0
57595,100.0
57596,100.0
57597,100.0
57598,100.0
57599,100.0
57600,100.0
57601,100.0
57602,100.0
57603,100.0
57604,100.0
57605,100.0
57606,100.0
57607,100.0
57608,100.0
57609,100.0
57610,100.0
57611,100.0
57612,100.0
57613,100.0
57614,100.0
57615,100.0
57616,100.0
57617,100.0
57618,100.0
57619,100.0
57620,100.0
57621,100.0
57622,100.0
57623,100.0
57624,100.0
57625,100.0
57626,100.0
57627,100.0
57628,100.0
57629,100.0
57630,100.0
57631,100.0
57632,100.0
57633,100.0
57634,100.0
57635,100.0
57636,100.0
57637,100.0
57638,100.0
57639,100.0
57640,100.0
57641,100.0
57642,100.0
57643,100.0
57644,100.0
57645,100.0
57646,100.0
57647,100.0
57648,100.0
57649,100.0
57650,100.0
57651,100.0
57652,100.0
57653,100.0
57654,100.0
57655,100.0
57656,100.0
57657,100.0
57658,100.0
57659,100.0
57660,100.0
57661,100.0
57662,100.0
57663,100.0
57664,100.0
57665,100.0
57666,100.0
57667,100.0
57668,100.0
57669,100.0
57670,100.0
57671,100.0
57672,100.0
57673,100.0
57674,100.0
57675,100.0
57676,100.0
57677,100.0
57678,100.0
57679,100.0
57680,100.0
57681,100.0
57682,100.0
57683,100.0
57684,100.0
57685,100.0
57686,100.0
57687,100.0
57688,100.0
57689,100.0
57690,100.0
57691,100.0
57692,100.0
57693,100.0
57694,100.0
57695,100.0
57696,100.0
57697,100.0
57698,100.0
57699,100.0
57700,100.0
57701,100.0
57702,100.0
57703,100.0
57704,100.0
57705,100.0
57706,100.0
57707,100.0
57708,100.0
57709,100.0
57710,100.0
57711,100.0
57712,100.0
57713,100.0
57714,100.0
57715,100.0
57716,100.0
57717,100.0
57718,100.0
57719,100.0
57720,100.0
57721,100.0
57722,100.0
57723,100.0
57724,100.0
57725,100.0
57726,100.0
57727,100.0
57728,100.0
57729,100.0
57730,100.0
57731,100.0
57732,100.0
57733,100.0
57734,100.0
57735,100.0
57736,100.0
57737,100.0
57738,100.0
57739,100.0
57740,100.0
57741,100.0
57742,100.0
57743,100.0
57744,100.0
57745,100.0
57746,100.0
57747,100.0
57748,100.0
57749,100.0
57750,100.0
57751,100.0
57752,100.0
57753,100.0
57754,100.0
57755,100.0
57756,100.0
57757,100.0
57758,100.0
57759,100.0
57760,100.0
57761,100.0
57762,100.0
57763,100.0
57764,100.0
57765,100.0
57766,100.0
57767,100.0
57768,100.0
57769,100.0
57770,100.0
57771,100.0
57772,100.0
57773,100.0
57774,100.0
57775,100.0
57776,100.0
57777,100.0
57778,100.0
57779,100.0
57780,100.0
57781,100.0
57782,100.0
57783,100.0
57784,100.0
57785,100.0
57786,100.0
57787,100.0
57788,100.0
57789,100.0
57790,100.0
57791,100.0
57792,100.0
57793,100.0
57794,100.0
57795,100.0
57796,100.0
57797,100.0
57798,100.0
57799,100.0
57800,100.0
57801,100.0
57802,100.0
57803,100.0
57804,100.0
57805,100.0
57806,100.0
57807,100.0
57808,100.0
57809,100.0
57810,100.0
57811,100.0
57812,100.0
57813,100.0
57814,100.0
57815,100.0
57816,100.0
57817,100.0
57818,100.0
57819,100.0
57820,100.0
57821,100.0
57822,100.0
57823,100.0
57824,100.0
57825,100.0
57826,100.0
57827,100.0
57828,100.0
57829,100.0
57830,100.0
57831,100.0
57832,100.0
57833,100.0
57834,100.0
57835,100.0
57836,100.0
57837,100.0
57838,100.0
57839,100.0
57840,100.0
57841,100.0
57842,100.0
57843,100.0
57844,100.0
57845,100.0
57846,100.0
57847,100.0
57848,100.0
57849,100.0
57850,100.0
57851,100.0
57852,100.0
57853,100.0
57854,100.0
57855,100.0
57856,100.0
57857,100.0
57858,100.0
57859,100.0
57860,100.0
57861,100.0
57862,100.0
57863,100.0
57864,100.0
57865,100.0
57866,100.0
57867,100.0
57868,100.0
57869,100.0
57870,100.0
57871,100.0
57872,100.0
57873,100.0
57874,100.0
57875,100.0
57876,100.0
57877,100.0
57878,100.0
57879,100.0
57880,100.0
57881,100.0
57882,100.0
57883,100.0
57884,100.0
57885,100.0
57886,100.0
57887,100.0
57888,100.0
57889,100.0
57890,100.0
57891,100.0
57892,100.0
57893,100.0
57894,100.0
57895,100.0
57896,100.0
57897,100.0
57898,100.0
57899,100.0
57900,100.0
57901,100.0
57902,100.0
57903,100.0
57904,100.0
57905,100.0
57906,100.0
57907,100.0
57908,100.0
57909,100.0
57910,100.0
57911,100.0
57912,100.0
57913,100.0
57914,100.0
57915,100.0
57916,100.0
57917,100.0
57918,100.0
57919,100.0
57920,100.0
57921,100.0
57922,100.0
57923,100.0
57924,100.0
57925,100.0
57926,100.0
57927,100.0
57928,100.0
57929,100.0
57930,100.0
57931,100.0
57932,100.0
57933,100.0
57934,100.0
57935,100.0
57936,100.0
57937,100.0
57938,100.0
57939,100.0
57940,100.0
57941,100.0
57942,100.0
57943,100.0
57944,100.0
57945,100.0
57946,100.0
57947,100.0
57948,100.0
57949,100.0
57950,100.0
57951,100.0
57952,100.0
57953,100.0
57954,100.0
57955,100.0
57956,100.0
57957,100.0
57958,100.0
57959,100.0
57960,100.0
57961,100.0
57962,100.0
57963,100.0
57964,100.0
57965,100.0
57966,100.0
57967,100.0
57968,100.0
57969,100.0
57970,100.0
57971,100.0
57972,100.0
57973,100.0
57974,100.0
57975,100.0
57976,100.0
57977,100.0
57978,100.0
57979,100.0
57980,100.0
57981,100.0
57982,100.0
57983,100.0
57984,100.0
57985,100.0
57986,100.0
57987,100.0
57988,100.0
57989,100.0
57990,100.0
57991,100.0
57992,100.0
57993,100.0
57994,100.0
57995,100.0
57996,100.0
57997,100.0
57998,100.0
57999,100.0
58000,100.0
58001,100.0
58002,100.0
58003,100.0
58004,100.0
58005,100.0
58006,100.0
58007,100.0
58008,100.0
58009,100.0
58010,100.0
58011,100.0
58012,100.0
58013,100.0
58014,100.0
58015,100.0
58016,100.0
58017,100.0
58018,100.0
58019,100.0
58020,100.0
58021,100.0
58022,100.0
58023,100.0
58024,100.0
58025,100.0
58026,100.0
58027,100.0
58028,100.0
58029,100.0
58030,100.0
58031,100.0
58032,100.0
58033,100.0
58034,100.0
58035,100.0
58036,100.0
58037,100.0
58038,100.0
58039,100.0
58040,100.0
58041,100.0
58042,100.0
58043,100.0
58044,100.0
58045,100.0
58046,100.0
58047,100.0
58048,100.0
58049,100.0
58050,100.0
58051,100.0
58052,100.0
58053,100.0
58054,100.0
58055,100.0
58056,100.0
58057,100.0
58058,100.0
58059,100.0
58060,100.0
58061,100.0
58062,100.0
58063,100.0
58064,100.0
58065,100.0
58066,100.0
58067,100.0
58068,100.0
58069,100.0
58070,100.0
58071,100.0
58072,100.0
58073,100.0
58074,100.0
58075,100.0
58076,100.0
58077,100.0
58078,100.0
58079,100.0
58080,100.0
58081,100.0
58082,100.0
58083,100.0
58084,100.0
58085,100.0
58086,100.0
58087,100.0
58088,100.0
58089,100.0
58090,100.0
58091,100.0
58092,100.0
58093,100.0
58094,100.0
58095,100.0
58096,100.0
58097,100.0
58098,100.0
58099,100.0
58100,100.0
58101,100.0
58102,100.0
58103,100.0
58104,100.0
58105,100.0
58106,100.0
58107,100.0
58108,100.0
58109,100.0
58110,100.0
58111,100.0
58112,100.0
58113,100.0
58114,100.0
58115,100.0
58116,100.0
58117,100.0
58118,100.0
58119,100.0
58120,100.0
58121,100.0
58122,100.0
58123,100.0
58124,100.0
58125,100.0
58126,100.0
58127,100.0
58128,100.0
58129,100.0
58130,100.0
58131,100.0
58132,100.0
58133,100.0
58134,100.0
58135,100.0
58136,100.0
58137,100.0
58138,100.0
58139,100.0
58140,100.0
58141,100.0
58142,100.0
58143,100.0
58144,100.0
58145,100.0
58146,100.0
58147,100.0
58148,100.0
58149,100.0
58150,100.0
58151,100.0
58152,100.0
58153,100.0
58154,100.0
58155,100.0
58156,100.0
58157,100.0
58158,100.0
58159,100.0
58160,100.0
58161,100.0
58162,100.0
58163,100.0
58164,100.0
58165,100.0
58166,100.0
58167,100.0
58168,100.0
58169,100.0
58170,100.0
58171,100.0
58172,100.0
58173,100.0
58174,100.0
58175,100.0
58176,100.0
58177,100.0
58178,100.0
58179,100.0
58180,100.0
58181,100.0
58182,100.0
58183,100.0
58184,100.0
58185,100.0
58186,100.0
58187,100.0
58188,100.0
58189,100.0
58190,100.0
58191,100.0
58192,100.0
58193,100.0
58194,100.0
58195,100.0
58196,100.0
58197,100.0
58198,100.0
58199,100.0
58200,100.0
58201,100.0
58202,100.0
58203,100.0
58204,100.0
58205,100.0
58206,100.0
58207,100.0
58208,100.0
58209,100.0
58210,100.0
58211,100.0
58212,100.0
58213,100.0
58214,100.0
58215,100.0
58216,100.0
58217,100.0
58218,100.0
58219,100.0
58220,100.0
58221,100.0
58222,100.0
58223,100.0
58224,100.0
58225,100.0
58226,100.0
58227,100.0
58228,100.0
58229,100.0
58230,100.0
58231,100.0
58232,100.0
58233,100.0
58234,100.0
58235,100.0
58236,100.0
58237,100.0
58238,100.0
58239,100.0
58240,100.0
58241,100.0
58242,100.0
58243,100.0
58244,100.0
58245,100.0
58246,100.0
58247,100.0
58248,100.0
58249,100.0
58250,100.0
58251,100.0
58252,100.0
58253,100.0
58254,100.0
58255,100.0
58256,100.0
58257,100.0
58258,100.0
58259,100.0
58260,100.0
58261,100.0
58262,100.0
58263,100.0
58264,100.0
58265,100.0
58266,100.0
58267,100.0
58268,100.0
58269,100.0
58270,100.0
58271,100.0
58272,100.0
58273,100.0
58274,100.0
58275,100.0
58276,100.0
58277,100.0
58278,100.0
58279,100.0
58280,100.0
58281,100.0
58282,100.0
58283,100.0
58284,100.0
58285,100.0
58286,100.0
58287,100.0
58288,100.0
58289,100.0
58290,100.0
58291,100.0
58292,100.0
58293,100.0
58294,100.0
58295,100.0
58296,100.0
58297,100.0
58298,100.0
58299,100.0
58300,100.0
58301,100.0
58302,100.0
58303,100.0
58304,100.0
58305,100.0
58306,100.0
58307,100.0
58308,100.0
58309,100.0
58310,100.0
58311,100.0
58312,100.0
58313,100.0
58314,100.0
58315,100.0
58316,100.0
58317,100.0
58318,100.0
58319,100.0
58320,100.0
58321,100.0
58322,100.0
58323,100.0
58324,100.0
58325,100.0
58326,100.0
58327,100.0
58328,100.0
58329,100.0
58330,100.0
58331,100.0
58332,100.0
58333,100.0
58334,100.0
58335,100.0
58336,100.0
58337,100.0
58338,100.0
58339,100.0
58340,100.0
58341,100.0
58342,100.0
58343,100.0
58344,100.0
58345,100.0
58346,100.0
58347,100.0
58348,100.0
58349,100.0
58350,100.0
58351,100.0
58352,100.0
58353,100.0
58354,100.0
58355,100.0
58356,100.0
58357,100.0
58358,100.0
58359,100.0
58360,100.0
58361,100.0
58362,100.0
58363,100.0
58364,100.0
58365,100.0
58366,100.0
58367,100.0
58368,100.0
58369,100.0
58370,100.0
58371,100.0
58372,100.0
58373,100.0
58374,100.0
58375,100.0
58376,100.0
58377,100.0
58378,100.0
58379,100.0
58380,100.0
58381,100.0
58382,100.0
58383,100.0
58384,100.0
58385,100.0
58386,100.0
58387,100.0
58388,100.0
58389,100.0
58390,100.0
58391,100.0
58392,100.0
58393,100.0
58394,100.0
58395,100.0
58396,100.0
58397,100.0
58398,100.0
58399,100.0
58400,100.0
58401,100.0
58402,100.0
58403,100.0
58404,100.0
58405,100.0
58406,100.0
58407,100.0
58408,100.0
58409,100.0
58410,100.0
58411,100.0
58412,100.0
58413,100.0
58414,100.0
58415,100.0
58416,100.0
58417,100.0
58418,100.0
58419,100.0
58420,100.0
58421,100.0
58422,100.0
58423,100.0
58424,100.0
58425,100.0
58426,100.0
58427,100.0
58428,100.0
58429,100.0
58430,100.0
58431,100.0
58432,100.0
58433,100.0
58434,100.0
58435,100.0
58436,100.0
58437,100.0
58438,100.0
58439,100.0
58440,100.0
58441,100.0
58442,100.0
58443,100.0
58444,100.0
58445,100.0
58446,100.0
58447,100.0
58448,100.0
58449,100.0
58450,100.0
58451,100.0
58452,100.0
58453,100.0
58454,100.0
58455,100.0
58456,100.0
58457,100.0
58458,100.0
58459,100.0
58460,100.0
58461,100.0
58462,100.0
58463,100.0
58464,100.0
58465,100.0
58466,100.0
58467,100.0
58468,100.0
58469,100.0
58470,100.0
58471,100.0
58472,100.0
58473,100.0
58474,100.0
58475,100.0
58476,100.0
58477,100.0
58478,100.0
58479,100.0
58480,100.0
58481,100.0
58482,100.0
58483,100.0
58484,100.0
58485,100.0
58486,100.0
58487,100.0
58488,100.0
58489,100.0
58490,100.0
58491,100.0
58492,100.0
58493,100.0
58494,100.0
58495,100.0
58496,100.0
58497,100.0
58498,100.0
58499,100.0
58500,100.0
58501,100.0
58502,100.0
58503,100.0
58504,100.0
58505,100.0
58506,100.0
58507,100.0
58508,100.0
58509,100.0
58510,100.0
58511,100.0
58512,100.0
58513,100.0
58514,100.0
58515,100.0
58516,100.0
58517,100.0
58518,100.0
58519,100.0
58520,100.0
58521,100.0
58522,100.0
58523,100.0
58524,100.0
58525,100.0
58526,100.0
58527,100.0
58528,100.0
58529,100.0
58530,100.0
58531,100.0
58532,100.0
58533,100.0
58534,100.0
58535,100.0
58536,100.0
58537,100.0
58538,100.0
58539,100.0
58540,100.0
58541,100.0
58542,100.0
58543,100.0
58544,100.0
58545,100.0
58546,100.0
58547,100.0
58548,100.0
58549,100.0
58550,100.0
58551,100.0
58552,100.0
58553,100.0
58554,100.0
58555,100.0
58556,100.0
58557,100.0
58558,100.0
58559,100.0
58560,100.0
58561,100.0
58562,100.0
58563,100.0
58564,100.0
58565,100.0
58566,100.0
58567,100.0
58568,100.0
58569,100.0
58570,100.0
58571,100.0
58572,100.0
58573,100.0
58574,100.0
58575,100.0
58576,100.0
58577,100.0
58578,100.0
58579,100.0
58580,100.0
58581,100.0
58582,100.0
58583,100.0
58584,100.0
58585,100.0
58586,100.0
58587,100.0
58588,100.0
58589,100.0
58590,100.0
58591,100.0
58592,100.0
58593,100.0
58594,100.0
58595,100.0
58596,100.0
58597,100.0
58598,100.0
58599,100.0
58600,100.0
58601,100.0
58602,100.0
58603,100.0
58604,100.0
58605,100.0
58606,100.0
58607,100.0
58608,100.0
58609,100.0
58610,100.0
58611,100.0
58612,100.0
58613,100.0
58614,100.0
58615,100.0
58616,100.0
58617,100.0
58618,100.0
58619,100.0
58620,100.0
58621,100.0
58622,100.0
58623,100.0
58624,100.0
58625,100.0
58626,100.0
58627,100.0
58628,100.0
58629,100.0
58630,100.0
58631,100.0
58632,100.0
58633,100.0
58634,100.0
58635,100.0
58636,100.0
58637,100.0
58638,100.0
58639,100.0
58640,100.0
58641,100.0
58642,100.0
58643,100.0
58644,100.0
58645,100.0
58646,100.0
58647,100.0
58648,100.0
58649,100.0
58650,100.0
58651,100.0
58652,100.0
58653,100.0
58654,100.0
58655,100.0
58656,100.0
58657,100.0
58658,100.0
58659,100.0
58660,100.0
58661,100.0
58662,100.0
58663,100.0
58664,100.0
58665,100.0
58666,100.0
58667,100.0
58668,100.0
58669,100.0
58670,100.0
58671,100.0
58672,100.0
58673,100.0
58674,100.0
58675,100.0
58676,100.0
58677,100.0
58678,100.0
58679,100.0
58680,100.0
58681,100.0
58682,100.0
58683,100.0
58684,100.0
58685,100.0
58686,100.0
58687,100.0
58688,100.0
58689,100.0
58690,100.0
58691,100.0
58692,100.0
58693,100.0
58694,100.0
58695,100.0
58696,100.0
58697,100.0
58698,100.0
58699,100.0
58700,100.0
58701,100.0
58702,100.0
58703,100.0
58704,100.0
58705,100.0
58706,100.0
58707,100.0
58708,100.0
58709,100.0
58710,100.0
58711,100.0
58712,100.0
58713,100.0
58714,100.0
58715,100.0
58716,100.0
58717,100.0
58718,100.0
58719,100.0
58720,100.0
58721,100.0
58722,100.0
58723,100.0
58724,100.0
58725,100.0
58726,100.0
58727,100.0
58728,100.0
58729,100.0
58730,100.0
58731,100.0
58732,100.0
58733,100.0
58734,100.0
58735,100.0
58736,100.0
58737,100.0
58738,100.0
58739,100.0
58740,100.0
58741,100.0
58742,100.0
58743,100.0
58744,100.0
58745,100.0
58746,100.0
58747,100.0
58748,100.0
58749,100.0
58750,100.0
58751,100.0
58752,100.0
58753,100.0
58754,100.0
58755,100.0
58756,100.0
58757,100.0
58758,100.0
58759,100.0
58760,100.0
58761,100.0
58762,100.0
58763,100.0
58764,100.0
58765,100.0
58766,100.0
58767,100.0
58768,100.0
58769,100.0
58770,100.0
58771,100.0
58772,100.0
58773,100.0
58774,100.0
58775,100.0
58776,100.0
58777,100.0
58778,100.0
58779,100.0
58780,100.0
58781,100.0
58782,100.0
58783,100.0
58784,100.0
58785,100.0
58786,100.0
58787,100.0
58788,100.0
58789,100.0
58790,100.0
58791,100.0
58792,100.0
58793,100.0
58794,100.0
58795,100.0
58796,100.0
58797,100.0
58798,100.0
58799,100.0
58800,100.0
58801,100.0
58802,100.0
58803,100.0
58804,100.0
58805,100.0
58806,100.0
58807,100.0
58808,100.0
58809,100.0
58810,100.0
58811,100.0
58812,100.0
58813,100.0
58814,100.0
58815,100.0
58816,100.0
58817,100.0
58818,100.0
58819,100.0
58820,100.0
58821,100.0
58822,100.0
58823,100.0
58824,100.0
58825,100.0
58826,100.0
58827,100.0
58828,100.0
58829,100.0
58830,100.0
58831,100.0
58832,100.0
58833,100.0
58834,100.0
58835,100.0
58836,100.0
58837,100.0
58838,100.0
58839,100.0
58840,100.0
58841,100.0
58842,100.0
58843,100.0
58844,100.0
58845,100.0
58846,100.0
58847,100.0
58848,100.0
58849,100.0
58850,100.0
58851,100.0
58852,100.0
58853,100.0
58854,100.0
58855,100.0
58856,100.0
58857,100.0
58858,100.0
58859,100.0
58860,100.0
58861,100.0
58862,100.0
58863,100.0
58864,100.0
58865,100.0
58866,100.0
58867,100.0
58868,100.0
58869,100.0
58870,100.0
58871,100.0
58872,100.0
58873,100.0
58874,100.0
58875,100.0
58876,100.0
58877,100.0
58878,100.0
58879,100.0
58880,100.0
58881,100.0
58882,100.0
58883,100.0
58884,100.0
58885,100.0
58886,100.0
58887,100.0
58888,100.0
58889,100.0
58890,100.0
58891,100.0
58892,100.0
58893,100.0
58894,100.0
58895,100.0
58896,100.0
58897,100.0
58898,100.0
58899,100.0
58900,100.0
58901,100.0
58902,100.0
58903,100.0
58904,100.0
58905,100.0
58906,100.0
58907,100.0
58908,100.0
58909,100.0
58910,100.0
58911,100.0
58912,100.0
58913,100.0
58914,100.0
58915,100.0
58916,100.0
58917,100.0
58918,100.0
58919,100.0
58920,100.0
58921,100.0
58922,100.0
58923,100.0
58924,100.0
58925,100.0
58926,100.0
58927,100.0
58928,100.0
58929,100.0
58930,100.0
58931,100.0
58932,100.0
58933,100.0
58934,100.0
58935,100.0
58936,100.0
58937,100.0
58938,100.0
58939,100.0
58940,100.0
58941,100.0
58942,100.0
58943,100.0
58944,100.0
58945,100.0
58946,100.0
58947,100.0
58948,100.0
58949,100.0
58950,100.0
58951,100.0
58952,100.0
58953,100.0
58954,100.0
58955,100.0
58956,100.0
58957,100.0
58958,100.0
58959,100.0
58960,100.0
58961,100.0
58962,100.0
58963,100.0
58964,100.0
58965,100.0
58966,100.0
58967,100.0
58968,100.0
58969,100.0
58970,100.0
58971,100.0
58972,100.0
58973,100.0
58974,100.0
58975,100.0
58976,100.0
58977,100.0
58978,100.0
58979,100.0
58980,100.0
58981,100.0
58982,100.0
58983,100.0
58984,100.0
58985,100.0
58986,100.0
58987,100.0
58988,100.0
58989,100.0
58990,100.0
58991,100.0
58992,100.0
58993,100.0
58994,100.0
58995,100.0
58996,100.0
58997,100.0
58998,100.0
58999,100.0
59000,100.0
59001,100.0
59002,100.0
59003,100.0
59004,100.0
59005,100.0
59006,100.0
59007,100.0
59008,100.0
59009,100.0
59010,100.0
59011,100.0
59012,100.0
59013,100.0
59014,100.0
59015,100.0
59016,100.0
59017,100.0
59018,100.0
59019,100.0
59020,100.0
59021,100.0
59022,100.0
59023,100.0
59024,100.0
59025,100.0
59026,100.0
59027,100.0
59028,100.0
59029,100.0
59030,100.0
59031,100.0
59032,100.0
59033,100.0
59034,100.0
59035,100.0
59036,100.0
59037,100.0
59038,100.0
59039,100.0
59040,100.0
59041,100.0
59042,100.0
59043,100.0
59044,100.0
59045,100.0
59046,100.0
59047,100.0
59048,100.0
59049,100.0
59050,100.0
59051,100.0
59052,100.0
59053,100.0
59054,100.0
59055,100.0
59056,100.0
59057,100.0
59058,100.0
59059,100.0
59060,100.0
59061,100.0
59062,100.0
59063,100.0
59064,100.0
59065,100.0
59066,100.0
59067,100.0
59068,100.0
59069,100.0
59070,100.0
59071,100.0
59072,100.0
59073,100.0
59074,100.0
59075,100.0
59076,100.0
59077,100.0
59078,100.0
59079,100.0
59080,100.0
59081,100.0
59082,100.0
59083,100.0
59084,100.0
59085,100.0
59086,100.0
59087,100.0
59088,100.0
59089,100.0
59090,100.0
59091,100.0
59092,100.0
59093,100.0
59094,100.0
59095,100.0
59096,100.0
59097,100.0
59098,100.0
59099,100.0
59100,100.0
59101,100.0
59102,100.0
59103,100.0
59104,100.0
59105,100.0
59106,100.0
59107,100.0
59108,100.0
59109,100.0
59110,100.0
59111,100.0
59112,100.0
59113,100.0
59114,100.0
59115,100.0
59116,100.0
59117,100.0
59118,100.0
59119,100.0
59120,100.0
59121,100.0
59122,100.0
59123,100.0
59124,100.0
59125,100.0
59126,100.0
59127,100.0
59128,100.0
59129,100.0
59130,100.0
59131,100.0
59132,100.0
59133,100.0
59134,100.0
59135,100.0
59136,100.0
59137,100.0
59138,100.0
59139,100.0
59140,100.0
59141,100.0
59142,100.0
59143,100.0
59144,100.0
59145,100.0
59146,100.0
59147,100.0
59148,100.0
59149,100.0
59150,100.0
59151,100.0
59152,100.0
59153,100.0
59154,100.0
59155,100.0
59156,100.0
59157,100.0
59158,100.0
59159,100.0
59160,100.0
59161,100.0
59162,100.0
59163,100.0
59164,100.0
59165,100.0
59166,100.0
59167,100.0
59168,100.0
59169,100.0
59170,100.0
59171,100.0
59172,100.0
59173,100.0
59174,100.0
59175,100.0
59176,100.0
59177,100.0
59178,100.0
59179,100.0
59180,100.0
59181,100.0
59182,100.0
59183,100.0
59184,100.0
59185,100.0
59186,100.0
59187,100.0
59188,100.0
59189,100.0
59190,100.0
59191,100.0
59192,100.0
59193,100.0
59194,100.0
59195,100.0
59196,100.0
59197,100.0
59198,100.0
59199,100.0
59200,100.0
59201,100.0
59202,100.0
59203,100.0
59204,100.0
59205,100.0
59206,100.0
59207,100.0
59208,100.0
59209,100.0
59210,100.0
59211,100.0
59212,100.0
59213,100.0
59214,100.0
59215,100.0
59216,100.0
59217,100.0
59218,100.0
59219,100.0
59220,100.0
59221,100.0
59222,100.0
59223,100.0
59224,100.0
59225,100.0
59226,100.0
59227,100.0
59228,100.0
59229,100.0
59230,100.0
59231,100.0
59232,100.0
59233,100.0
59234,100.0
59235,100.0
59236,100.0
59237,100.0
59238,100.0
59239,100.0
59240,100.0
59241,100.0
59242,100.0
59243,100.0
59244,100.0
59245,100.0
59246,100.0
59247,100.0
59248,100.0
59249,100.0
59250,100.0
59251,100.0
59252,100.0
59253,100.0
59254,100.0
59255,100.0
59256,100.0
59257,100.0
59258,100.0
59259,100.0
59260,100.0
59261,100.0
59262,100.0
59263,100.0
59264,100.0
59265,100.0
59266,100.0
59267,100.0
59268,100.0
59269,100.0
59270,100.0
59271,100.0
59272,100.0
59273,100.0
59274,100.0
59275,100.0
59276,100.0
59277,100.0
59278,100.0
59279,100.0
59280,100.0
59281,100.0
59282,100.0
59283,100.0
59284,100.0
59285,100.0
59286,100.0
59287,100.0
59288,100.0
59289,100.0
59290,100.0
59291,100.0
59292,100.0
59293,100.0
59294,100.0
59295,100.0
59296,100.0
59297,100.0
59298,100.0
59299,100.0
59300,100.0
59301,100.0
59302,100.0
59303,100.0
59304,100.0
59305,100.0
59306,100.0
59307,100.0
59308,100.0
59309,100.0
59310,100.0
59311,100.0
59312,100.0
59313,100.0
59314,100.0
59315,100.0
59316,100.0
59317,100.0
59318,100.0
59319,100.0
59320,100.0
59321,100.0
59322,100.0
59323,100.0
59324,100.0
59325,100.0
59326,100.0
59327,100.0
59328,100.0
59329,100.0
59330,100.0
59331,100.0
59332,100.0
59333,100.0
59334,100.0
59335,100.0
59336,100.0
59337,100.0
59338,100.0
59339,100.0
59340,100.0
59341,100.0
59342,100.0
59343,100.0
59344,100.0
59345,100.0
59346,100.0
59347,100.0
59348,100.0
59349,100.0
59350,100.0
59351,100.0
59352,100.0
59353,100.0
59354,100.0
59355,100.0
59356,100.0
59357,100.0
59358,100.0
59359,100.0
59360,100.0
59361,100.0
59362,100.0
59363,100.0
59364,100.0
59365,100.0
59366,100.0
59367,100.0
59368,100.0
59369,100.0
59370,100.0
59371,100.0
59372,100.0
59373,100.0
59374,100.0
59375,100.0
59376,100.0
59377,100.0
59378,100.0
59379,100.0
59380,100.0
59381,100.0
59382,100.0
59383,100.0
59384,100.0
59385,100.0
59386,100.0
59387,100.0
59388,100.0
59389,100.0
59390,100.0
59391,100.0
59392,100.0
59393,100.0
59394,100.0
59395,100.0
59396,100.0
59397,100.0
59398,100.0
59399,100.0
59400,100.0
59401,100.0
59402,100.0
59403,100.0
59404,100.0
59405,100.0
59406,100.0
59407,100.0
59408,100.0
59409,100.0
59410,100.0
59411,100.0
59412,100.0
59413,100.0
59414,100.0
59415,100.0
59416,100.0
59417,100.0
59418,100.0
59419,100.0
59420,100.0
59421,100.0
59422,100.0
59423,100.0
59424,100.0
59425,100.0
59426,100.0
59427,100.0
59428,100.0
59429,100.0
59430,100.0
59431,100.0
59432,100.0
59433,100.0
59434,100.0
59435,100.0
59436,100.0
59437,100.0
59438,100.0
59439,100.0
59440,100.0
59441,100.0
59442,100.0
59443,100.0
59444,100.0
59445,100.0
59446,100.0
59447,100.0
59448,100.0
59449,100.0
59450,100.0
59451,100.0
59452,100.0
59453,100.0
59454,100.0
59455,100.0
59456,100.0
59457,100.0
59458,100.0
59459,100.0
59460,100.0
59461,100.0
59462,100.0
59463,100.0
59464,100.0
59465,100.0
59466,100.0
59467,100.0
59468,100.0
59469,100.0
59470,100.0
59471,100.0
59472,100.0
59473,100.0
59474,100.0
59475,100.0
59476,100.0
59477,100.0
59478,100.0
59479,100.0
59480,100.0
59481,100.0
59482,100.0
59483,100.0
59484,100.0
59485,100.0
59486,100.0
59487,100.0
59488,100.0
59489,100.0
59490,100.0
59491,100.0
59492,100.0
59493,100.0
59494,100.0
59495,100.0
59496,100.0
59497,100.0
59498,100.0
59499,100.0
59500,100.0
59501,100.0
59502,100.0
59503,100.0
59504,100.0
59505,100.0
59506,100.0
59507,100.0
59508,100.0
59509,100.0
59510,100.0
59511,100.0
59512,100.0
59513,100.0
59514,100.0
59515,100.0
59516,100.0
59517,100.0
59518,100.0
59519,100.0
59520,100.0
59521,100.0
59522,100.0
59523,100.0
59524,100.0
59525,100.0
59526,100.0
59527,100.0
59528,100.0
59529,100.0
59530,100.0
59531,100.0
59532,100.0
59533,100.0
59534,100.0
59535,100.0
59536,100.0
59537,100.0
59538,100.0
59539,100.0
59540,100.0
59541,100.0
59542,100.0
59543,100.0
59544,100.0
59545,100.0
59546,100.0
59547,100.0
59548,100.0
59549,100.0
59550,100.0
59551,100.0
59552,100.0
59553,100.0
59554,100.0
59555,100.0
59556,100.0
59557,100.0
59558,100.0
59559,100.0
59560,100.0
59561,100.0
59562,100.0
59563,100.0
59564,100.0
59565,100.0
59566,100.0
59567,100.0
59568,100.0
59569,100.0
59570,100.0
59571,100.0
59572,100.0
59573,100.0
59574,100.0
59575,100.0
59576,100.0
59577,100.0
59578,100.0
59579,100.0
59580,100.0
59581,100.0
59582,100.0
59583,100.0
59584,100.0
59585,100.0
59586,100.0
59587,100.0
59588,100.0
59589,100.0
59590,100.0
59591,100.0
59592,100.0
59593,100.0
59594,100.0
59595,100.0
59596,100.0
59597,100.0
59598,100.0
59599,100.0
59600,100.0
59601,100.0
59602,100.0
59603,100.0
59604,100.0
59605,100.0
59606,100.0
59607,100.0
59608,100.0
59609,100.0
59610,100.0
59611,100.0
59612,100.0
59613,100.0
59614,100.0
59615,100.0
59616,100.0
59617,100.0
59618,100.0
59619,100.0
59620,100.0
59621,100.0
59622,100.0
59623,100.0
59624,100.0
59625,100.0
59626,100.0
59627,100.0
59628,100.0
59629,100.0
59630,100.0
59631,100.0
59632,100.0
59633,100.0
59634,100.0
59635,100.0
59636,100.0
59637,100.0
59638,100.0
59639,100.0
59640,100.0
59641,100.0
59642,100.0
59643,100.0
59644,100.0
59645,100.0
59646,100.0
59647,100.0
59648,100.0
59649,100.0
59650,100.0
59651,100.0
59652,100.0
59653,100.0
59654,100.0
59655,100.0
59656,100.0
59657,100.0
59658,100.0
59659,100.0
59660,100.0
59661,100.0
59662,100.0
59663,100.0
59664,100.0
59665,100.0
59666,100.0
59667,100.0
59668,100.0
59669,100.0
59670,100.0
59671,100.0
59672,100.0
59673,100.0
59674,100.0
59675,100.0
59676,100.0
59677,100.0
59678,100.0
59679,100.0
59680,100.0
59681,100.0
59682,100.0
59683,100.0
59684,100.0
59685,100.0
59686,100.0
59687,100.0
59688,100.0
59689,100.0
59690,100.0
59691,100.0
59692,100.0
59693,100.0
59694,100.0
59695,100.0
59696,100.0
59697,100.0
59698,100.0
59699,100.0
59700,100.0
59701,100.0
59702,100.0
59703,100.0
59704,100.0
59705,100.0
59706,100.0
59707,100.0
59708,100.0
59709,100.0
59710,100.0
59711,100.0
59712,100.0
59713,100.0
59714,100.0
59715,100.0
59716,100.0
59717,100.0
59718,100.0
59719,100.0
59720,100.0
59721,100.0
59722,100.0
59723,100.0
59724,100.0
59725,100.0
59726,100.0
59727,100.0
59728,100.0
59729,100.0
59730,100.0
59731,100.0
59732,100.0
59733,100.0
59734,100.0
59735,100.0
59736,100.0
59737,100.0
59738,100.0
59739,100.0
59740,100.0
59741,100.0
59742,100.0
59743,100.0
59744,100.0
59745,100.0
59746,100.0
59747,100.0
59748,100.0
59749,100.0
59750,100.0
59751,100.0
59752,100.0
59753,100.0
59754,100.0
59755,100.0
59756,100.0
59757,100.0
59758,100.0
59759,100.0
59760,100.0
59761,100.0
59762,100.0
59763,100.0
59764,100.0
59765,100.0
59766,100.0
59767,100.0
59768,100.0
59769,100.0
59770,100.0
59771,100.0
59772,100.0
59773,100.0
59774,100.0
59775,100.0
59776,100.0
59777,100.0
59778,100.0
59779,100.0
59780,100.0
59781,100.0
59782,100.0
59783,100.0
59784,100.0
59785,100.0
59786,100.0
59787,100.0
59788,100.0
59789,100.0
59790,100.0
59791,100.0
59792,100.0
59793,100.0
59794,100.0
59795,100.0
59796,100.0
59797,100.0
59798,100.0
59799,100.0
59800,100.0
59801,100.0
59802,100.0
59803,100.0
59804,100.0
59805,100.0
59806,100.0
59807,100.0
59808,100.0
59809,100.0
59810,100.0
59811,100.0
59812,100.0
59813,100.0
59814,100.0
59815,100.0
59816,100.0
59817,100.0
59818,100.0
59819,100.0
59820,100.0
59821,100.0
59822,100.0
59823,100.0
59824,100.0
59825,100.0
59826,100.0
59827,100.0
59828,100.0
59829,100.0
59830,100.0
59831,100.0
59832,100.0
59833,100.0
59834,100.0
59835,100.0
59836,100.0
59837,100.0
59838,100.0
59839,100.0
59840,100.0
59841,100.0
59842,100.0
59843,100.0
59844,100.0
59845,100.0
59846,100.0
59847,100.0
59848,100.0
59849,100.0
59850,100.0
59851,100.0
59852,100.0
59853,100.0
59854,100.0
59855,100.0
59856,100.0
59857,100.0
59858,100.0
59859,100.0
59860,100.0
59861,100.0
59862,100.0
59863,100.0
59864,100.0
59865,100.0
59866,100.0
59867,100.0
59868,100.0
59869,100.0
59870,100.0
59871,100.0
59872,100.0
59873,100.0
59874,100.0
59875,100.0
59876,100.0
59877,100.0
59878,100.0
59879,100.0
59880,100.0
59881,100.0
59882,100.0
59883,100.0
59884,100.0
59885,100.0
59886,100.0
59887,100.0
59888,100.0
59889,100.0
59890,100.0
59891,100.0
59892,100.0
59893,100.0
59894,100.0
59895,100.0
59896,100.0
59897,100.0
59898,100.0
59899,100.0
59900,100.0
59901,100.0
59902,100.0
59903,100.0
59904,100.0
59905,100.0
59906,100.0
59907,100.0
59908,100.0
59909,100.0
59910,100.0
59911,100.0
59912,100.0
59913,100.0
59914,100.0
59915,100.0
59916,100.0
59917,100.0
59918,100.0
59919,100.0
59920,100.0
59921,100.0
59922,100.0
59923,100.0
59924,100.0
59925,100.0
59926,100.0
59927,100.0
59928,100.0
59929,100.0
59930,100.0
59931,100.0
59932,100.0
59933,100.0
59934,100.0
59935,100.0
59936,100.0
59937,100.0
59938,100.0
59939,100.0
59940,100.0
59941,100.0
59942,100.0
59943,100.0
59944,100.0
59945,100.0
59946,100.0
59947,100.0
59948,100.0
59949,100.0
59950,100.0
59951,100.0
59952,100.0
59953,100.0
59954,100.0
59955,100.0
59956,100.0
59957,100.0
59958,100.0
59959,100.0
59960,100.0
59961,100.0
59962,100.0
59963,100.0
59964,100.0
59965,100.0
59966,100.0
59967,100.0
59968,100.0
59969,100.0
59970,100.0
59971,100.0
59972,100.0
59973,100.0
59974,100.0
59975,100.0
59976,100.0
59977,100.0
59978,100.0
59979,100.0
59980,100.0
59981,100.0
59982,100.0
59983,100.0
59984,100.0
59985,100.0
59986,100.0
59987,100.0
59988,100.0
59989,100.0
59990,100.0
59991,100.0
59992,100.0
59993,100.0
59994,100.0
59995,100.0
59996,100.0
59997,100.0
59998,100.0
59999,100.0
60000,100.0
60001,100.0
60002,100.0
60003,100.0
60004,100.0
60005,100.0
60006,100.0
60007,100.0
60008,100.0
60009,100.0
60010,100.0
60011,100.0
60012,100.0
60013,100.0
60014,100.0
60015,100.0
60016,100.0
60017,100.0
60018,100.0
60019,100.0
60020,100.0
60021,100.0
60022,100.0
60023,100.0
60024,100.0
60025,100.0
60026,100.0
60027,100.0
60028,100.0
60029,100.0
60030,100.0
60031,100.0
60032,100.0
60033,100.0
60034,100.0
60035,100.0
60036,100.0
60037,100.0
60038,100.0
60039,100.0
60040,100.0
60041,100.0
60042,100.0
60043,100.0
60044,100.0
60045,100.0
60046,100.0
60047,100.0
60048,100.0
60049,100.0
60050,100.0
60051,100.0
60052,100.0
60053,100.0
60054,100.0
60055,100.0
60056,100.0
60057,100.0
60058,100.0
60059,100.0
60060,100.0
60061,100.0
60062,100.0
60063,100.0
60064,100.0
60065,100.0
60066,100.0
60067,100.0
60068,100.0
60069,100.0
60070,100.0
60071,100.0
60072,100.0
60073,100.0
60074,100.0
60075,100.0
60076,100.0
60077,100.0
60078,100.0
60079,100.0
60080,100.0
60081,100.0
60082,100.0
60083,100.0
60084,100.0
60085,100.0
60086,100.0
60087,100.0
60088,100.0
60089,100.0
60090,100.0
60091,100.0
60092,100.0
60093,100.0
60094,100.0
60095,100.0
60096,100.0
60097,100.0
60098,100.0
60099,100.0
60100,100.0
60101,100.0
60102,100.0
60103,100.0
60104,100.0
60105,100.0
60106,100.0
60107,100.0
60108,100.0
60109,100.0
60110,100.0
60111,100.0
60112,100.0
60113,100.0
60114,100.0
60115,100.0
60116,100.0
60117,100.0
60118,100.0
60119,100.0
60120,100.0
60121,100.0
60122,100.0
60123,100.0
60124,100.0
60125,100.0
60126,100.0
60127,100.0
60128,100.0
60129,100.0
60130,100.0
60131,100.0
60132,100.0
60133,100.0
60134,100.0
60135,100.0
60136,100.0
60137,100.0
60138,100.0
60139,100.0
60140,100.0
60141,100.0
60142,100.0
60143,100.0
60144,100.0
60145,100.0
60146,100.0
60147,100.0
60148,100.0
60149,100.0
60150,100.0
60151,100.0
60152,100.0
60153,100.0
60154,100.0
60155,100.0
60156,100.0
60157,100.0
60158,100.0
60159,100.0
60160,100.0
60161,100.0
60162,100.0
60163,100.0
60164,100.0
60165,100.0
60166,100.0
60167,100.0
60168,100.0
60169,100.0
60170,100.0
60171,100.0
60172,100.0
60173,100.0
60174,100.0
60175,100.0
60176,100.0
60177,100.0
60178,100.0
60179,100.0
60180,100.0
60181,100.0
60182,100.0
60183,100.0
60184,100.0
60185,100.0
60186,100.0
60187,100.0
60188,100.0
60189,100.0
60190,100.0
60191,100.0
60192,100.0
60193,100.0
60194,100.0
60195,100.0
60196,100.0
60197,100.0
60198,100.0
60199,100.0
60200,100.0
60201,100.0
60202,100.0
60203,100.0
60204,100.0
60205,100.0
60206,100.0
60207,100.0
60208,100.0
60209,100.0
60210,100.0
60211,100.0
60212,100.0
60213,100.0
60214,100.0
60215,100.0
60216,100.0
60217,100.0
60218,100.0
60219,100.0
60220,100.0
60221,100.0
60222,100.0
60223,100.0
60224,100.0
60225,100.0
60226,100.0
60227,100.0
60228,100.0
60229,100.0
60230,100.0
60231,100.0
60232,100.0
60233,100.0
60234,100.0
60235,100.0
60236,100.0
60237,100.0
60238,100.0
60239,100.0
60240,100.0
60241,100.0
60242,100.0
60243,100.0
60244,100.0
60245,100.0
60246,100.0
60247,100.0
60248,100.0
60249,100.0
60250,100.0
60251,100.0
60252,100.0
60253,100.0
60254,100.0
60255,100.0
60256,100.0
60257,100.0
60258,100.0
60259,100.0
60260,100.0
60261,100.0
60262,100.0
60263,100.0
60264,100.0
60265,100.0
60266,100.0
60267,100.0
60268,100.0
60269,100.0
60270,100.0
60271,100.0
60272,100.0
60273,100.0
60274,100.0
60275,100.0
60276,100.0
60277,100.0
60278,100.0
60279,100.0
60280,100.0
60281,100.0
60282,100.0
60283,100.0
60284,100.0
60285,100.0
60286,100.0
60287,100.0
60288,100.0
60289,100.0
60290,100.0
60291,100.0
60292,100.0
60293,100.0
60294,100.0
60295,100.0
60296,100.0
60297,100.0
60298,100.0
60299,100.0
60300,100.0
60301,100.0
60302,100.0
60303,100.0
60304,100.0
60305,100.0
60306,100.0
60307,100.0
60308,100.0
60309,100.0
60310,100.0
60311,100.0
60312,100.0
60313,100.0
60314,100.0
60315,100.0
60316,100.0
60317,100.0
60318,100.0
60319,100.0
60320,100.0
60321,100.0
60322,100.0
60323,100.0
60324,100.0
60325,100.0
60326,100.0
60327,100.0
60328,100.0
60329,100.0
60330,100.0
60331,100.0
60332,100.0
60333,100.0
60334,100.0
60335,100.0
60336,100.0
60337,100.0
60338,100.0
60339,100.0
60340,100.0
60341,100.0
60342,100.0
60343,100.0
60344,100.0
60345,100.0
60346,100.0
60347,100.0
60348,100.0
60349,100.0
60350,100.0
60351,100.0
60352,100.0
60353,100.0
60354,100.0
60355,100.0
60356,100.0
60357,100.0
60358,100.0
60359,100.0
60360,100.0
60361,100.0
60362,100.0
60363,100.0
60364,100.0
60365,100.0
60366,100.0
60367,100.0
60368,100.0
60369,100.0
60370,100.0
60371,100.0
60372,100.0
60373,100.0
60374,100.0
60375,100.0
60376,100.0
60377,100.0
60378,100.0
60379,100.0
60380,100.0
60381,100.0
60382,100.0
60383,100.0
60384,100.0
60385,100.0
60386,100.0
60387,100.0
60388,100.0
60389,100.0
60390,100.0
60391,100.0
60392,100.0
60393,100.0
60394,100.0
60395,100.0
60396,100.0
60397,100.0
60398,100.0
60399,100.0
60400,100.0
60401,100.0
60402,100.0
60403,100.0
60404,100.0
60405,100.0
60406,100.0
60407,100.0
60408,100.0
60409,100.0
60410,100.0
60411,100.0
60412,100.0
60413,100.0
60414,100.0
60415,100.0
60416,100.0
60417,100.0
60418,100.0
60419,100.0
60420,100.0
60421,100.0
60422,100.0
60423,100.0
60424,100.0
60425,100.0
60426,100.0
60427,100.0
60428,100.0
60429,100.0
60430,100.0
60431,100.0
60432,100.0
60433,100.0
60434,100.0
60435,100.0
60436,100.0
60437,100.0
60438,100.0
60439,100.0
60440,100.0
60441,100.0
60442,100.0
60443,100.0
60444,100.0
60445,100.0
60446,100.0
60447,100.0
60448,100.0
60449,100.0
60450,100.0
60451,100.0
60452,100.0
60453,100.0
60454,100.0
60455,100.0
60456,100.0
60457,100.0
60458,100.0
60459,100.0
60460,100.0
60461,100.0
60462,100.0
60463,100.0
60464,100.0
60465,100.0
60466,100.0
60467,100.0
60468,100.0
60469,100.0
60470,100.0
60471,100.0
60472,100.0
60473,100.0
60474,100.0
60475,100.0
60476,100.0
60477,100.0
60478,100.0
60479,100.0
60480,100.0
60481,100.0
60482,100.0
60483,100.0
60484,100.0
60485,100.0
60486,100.0
60487,100.0
60488,100.0
60489,100.0
60490,100.0
60491,100.0
60492,100.0
60493,100.0
60494,100.0
60495,100.0
60496,100.0
60497,100.0
60498,100.0
60499,100.0
60500,100.0
60501,100.0
60502,100.0
60503,100.0
60504,100.0
60505,100.0
60506,100.0
60507,100.0
60508,100.0
60509,100.0
60510,100.0
60511,100.0
60512,100.0
60513,100.0
60514,100.0
60515,100.0
60516,100.0
60517,100.0
60518,100.0
60519,100.0
60520,100.0
60521,100.0
60522,100.0
60523,100.0
60524,100.0
60525,100.0
60526,100.0
60527,100.0
60528,100.0
60529,100.0
60530,100.0
60531,100.0
60532,100.0
60533,100.0
60534,100.0
60535,100.0
60536,100.0
60537,100.0
60538,100.0
60539,100.0
60540,100.0
60541,100.0
60542,100.0
60543,100.0
60544,100.0
60545,100.0
60546,100.0
60547,100.0
60548,100.0
60549,100.0
60550,100.0
60551,100.0
60552,100.0
60553,100.0
60554,100.0
60555,100.0
60556,100.0
60557,100.0
60558,100.0
60559,100.0
60560,100.0
60561,100.0
60562,100.0
60563,100.0
60564,100.0
60565,100.0
60566,100.0
60567,100.0
60568,100.0
60569,100.0
60570,100.0
60571,100.0
60572,100.0
60573,100.0
60574,100.0
60575,100.0
60576,100.0
60577,100.0
60578,100.0
60579,100.0
60580,100.0
60581,100.0
60582,100.0
60583,100.0
60584,100.0
60585,100.0
60586,100.0
60587,100.0
60588,100.0
60589,100.0
60590,100.0
60591,100.0
60592,100.0
60593,100.0
60594,100.0
60595,100.0
60596,100.0
60597,100.0
60598,100.0
60599,100.0
60600,100.0
60601,100.0
60602,100.0
60603,100.0
60604,100.0
60605,100.0
60606,100.0
60607,100.0
60608,100.0
60609,100.0
60610,100.0
60611,100.0
60612,100.0
60613,100.0
60614,100.0
60615,100.0
60616,100.0
60617,100.0
60618,100.0
60619,100.0
60620,100.0
60621,100.0
60622,100.0
60623,100.0
60624,100.0
60625,100.0
60626,100.0
60627,100.0
60628,100.0
60629,100.0
60630,100.0
60631,100.0
60632,100.0
60633,100.0
60634,100.0
60635,100.0
60636,100.0
60637,100.0
60638,100.0
60639,100.0
60640,100.0
60641,100.0
60642,100.0
60643,100.0
60644,100.0
60645,100.0
60646,100.0
60647,100.0
60648,100.0
60649,100.0
60650,100.0
60651,100.0
60652,100.0
60653,100.0
60654,100.0
60655,100.0
60656,100.0
60657,100.0
60658,100.0
60659,100.0
60660,100.0
60661,100.0
60662,100.0
60663,100.0
60664,100.0
60665,100.0
60666,100.0
60667,100.0
60668,100.0
60669,100.0
60670,100.0
60671,100.0
60672,100.0
60673,100.0
60674,100.0
60675,100.0
60676,100.0
60677,100.0
60678,100.0
60679,100.0
60680,100.0
60681,100.0
60682,100.0
60683,100.0
60684,100.0
60685,100.0
60686,100.0
60687,100.0
60688,100.0
60689,100.0
60690,100.0
60691,100.0
60692,100.0
60693,100.0
60694,100.0
60695,100.0
60696,100.0
60697,100.0
60698,100.0
60699,100.0
60700,100.0
60701,100.0
60702,100.0
60703,100.0
60704,100.0
60705,100.0
60706,100.0
60707,100.0
60708,100.0
60709,100.0
60710,100.0
60711,100.0
60712,100.0
60713,100.0
60714,100.0
60715,100.0
60716,100.0
60717,100.0
60718,100.0
60719,100.0
60720,100.0
60721,100.0
60722,100.0
60723,100.0
60724,100.0
60725,100.0
60726,100.0
60727,100.0
60728,100.0
60729,100.0
60730,100.0
60731,100.0
60732,100.0
60733,100.0
60734,100.0
60735,100.0
60736,100.0
60737,100.0
60738,100.0
60739,100.0
60740,100.0
60741,100.0
60742,100.0
60743,100.0
60744,100.0
60745,100.0
60746,100.0
60747,100.0
60748,100.0
60749,100.0
60750,100.0
60751,100.0
60752,100.0
60753,100.0
60754,100.0
60755,100.0
60756,100.0
60757,100.0
60758,100.0
60759,100.0
60760,100.0
60761,100.0
60762,100.0
60763,100.0
60764,100.0
60765,100.0
60766,100.0
60767,100.0
60768,100.0
60769,100.0
60770,100.0
60771,100.0
60772,100.0
60773,100.0
60774,100.0
60775,100.0
60776,100.0
60777,100.0
60778,100.0
60779,100.0
60780,100.0
60781,100.0
60782,100.0
60783,100.0
60784,100.0
60785,100.0
60786,100.0
60787,100.0
60788,100.0
60789,100.0
60790,100.0
60791,100.0
60792,100.0
60793,100.0
60794,100.0
60795,100.0
60796,100.0
60797,100.0
60798,100.0
60799,100.0
60800,100.0
60801,100.0
60802,100.0
60803,100.0
60804,100.0
60805,100.0
60806,100.0
60807,100.0
60808,100.0
60809,100.0
60810,100.0
60811,100.0
60812,100.0
60813,100.0
60814,100.0
60815,100.0
60816,100.0
60817,100.0
60818,100.0
60819,100.0
60820,100.0
60821,100.0
60822,100.0
60823,100.0
60824,100.0
60825,100.0
60826,100.0
60827,100.0
60828,100.0
60829,100.0
60830,100.0
60831,100.0
60832,100.0
60833,100.0
60834,100.0
60835,100.0
60836,100.0
60837,100.0
60838,100.0
60839,100.0
60840,100.0
60841,100.0
60842,100.0
60843,100.0
60844,100.0
60845,100.0
60846,100.0
60847,100.0
60848,100.0
60849,100.0
60850,100.0
60851,100.0
60852,100.0
60853,100.0
60854,100.0
60855,100.0
60856,100.0
60857,100.0
60858,100.0
60859,100.0
60860,100.0
60861,100.0
60862,100.0
60863,100.0
60864,100.0
60865,100.0
60866,100.0
60867,100.0
60868,100.0
60869,100.0
60870,100.0
60871,100.0
60872,100.0
60873,100.0
60874,100.0
60875,100.0
60876,100.0
60877,100.0
60878,100.0
60879,100.0
60880,100.0
60881,100.0
60882,100.0
60883,100.0
60884,100.0
60885,100.0
60886,100.0
60887,100.0
60888,100.0
60889,100.0
60890,100.0
60891,100.0
60892,100.0
60893,100.0
60894,100.0
60895,100.0
60896,100.0
60897,100.0
60898,100.0
60899,100.0
60900,100.0
60901,100.0
60902,100.0
60903,100.0
60904,100.0
60905,100.0
60906,100.0
60907,100.0
60908,100.0
60909,100.0
60910,100.0
60911,100.0
60912,100.0
60913,100.0
60914,100.0
60915,100.0
60916,100.0
60917,100.0
60918,100.0
60919,100.0
60920,100.0
60921,100.0
60922,100.0
60923,100.0
60924,100.0
60925,100.0
60926,100.0
60927,100.0
60928,100.0
60929,100.0
60930,100.0
60931,100.0
60932,100.0
60933,100.0
60934,100.0
60935,100.0
60936,100.0
60937,100.0
60938,100.0
60939,100.0
60940,100.0
60941,100.0
60942,100.0
60943,100.0
60944,100.0
60945,100.0
60946,100.0
60947,100.0
60948,100.0
60949,100.0
60950,100.0
60951,100.0
60952,100.0
60953,100.0
60954,100.0
60955,100.0
60956,100.0
60957,100.0
60958,100.0
60959,100.0
60960,100.0
60961,100.0
60962,100.0
60963,100.0
60964,100.0
60965,100.0
60966,100.0
60967,100.0
60968,100.0
60969,100.0
60970,100.0
60971,100.0
60972,100.0
60973,100.0
60974,100.0
60975,100.0
60976,100.0
60977,100.0
60978,100.0
60979,100.0
60980,100.0
60981,100.0
60982,100.0
60983,100.0
60984,100.0
60985,100.0
60986,100.0
60987,100.0
60988,100.0
60989,100.0
60990,100.0
60991,100.0
60992,100.0
60993,100.0
60994,100.0
60995,100.0
60996,100.0
60997,100.0
60998,100.0
60999,100.0
61000,100.0
61001,100.0
61002,100.0
61003,100.0
61004,100.0
61005,100.0
61006,100.0
61007,100.0
61008,100.0
61009,100.0
61010,100.0
61011,100.0
61012,100.0
61013,100.0
61014,100.0
61015,100.0
61016,100.0
61017,100.0
61018,100.0
61019,100.0
61020,100.0
61021,100.0
61022,100.0
61023,100.0
61024,100.0
61025,100.0
61026,100.0
61027,100.0
61028,100.0
61029,100.0
61030,100.0
61031,100.0
61032,100.0
61033,100.0
61034,100.0
61035,100.0
61036,100.0
61037,100.0
61038,100.0
61039,100.0
61040,100.0
61041,100.0
61042,100.0
61043,100.0
61044,100.0
61045,100.0
61046,100.0
61047,100.0
61048,100.0
61049,100.0
61050,100.0
61051,100.0
61052,100.0
61053,100.0
61054,100.0
61055,100.0
61056,100.0
61057,100.0
61058,100.0
61059,100.0
61060,100.0
61061,100.0
61062,100.0
61063,100.0
61064,100.0
61065,100.0
61066,100.0
61067,100.0
61068,100.0
61069,100.0
61070,100.0
61071,100.0
61072,100.0
61073,100.0
61074,100.0
61075,100.0
61076,100.0
61077,100.0
61078,100.0
61079,100.0
61080,100.0
61081,100.0
61082,100.0
61083,100.0
61084,100.0
61085,100.0
61086,100.0
61087,100.0
61088,100.0
61089,100.0
61090,100.0
61091,100.0
61092,100.0
61093,100.0
61094,100.0
61095,100.0
61096,100.0
61097,100.0
61098,100.0
61099,100.0
61100,100.0
61101,100.0
61102,100.0
61103,100.0
61104,100.0
61105,100.0
61106,100.0
61107,100.0
61108,100.0
61109,100.0
61110,100.0
61111,100.0
61112,100.0
61113,100.0
61114,100.0
61115,100.0
61116,100.0
61117,100.0
61118,100.0
61119,100.0
61120,100.0
61121,100.0
61122,100.0
61123,100.0
61124,100.0
61125,100.0
61126,100.0
61127,100.0
61128,100.0
61129,100.0
61130,100.0
61131,100.0
61132,100.0
61133,100.0
61134,100.0
61135,100.0
61136,100.0
61137,100.0
61138,100.0
61139,100.0
61140,100.0
61141,100.0
61142,100.0
61143,100.0
61144,100.0
61145,100.0
61146,100.0
61147,100.0
61148,100.0
61149,100.0
61150,100.0
61151,100.0
61152,100.0
61153,100.0
61154,100.0
61155,100.0
61156,100.0
61157,100.0
61158,100.0
61159,100.0
61160,100.0
61161,100.0
61162,100.0
61163,100.0
61164,100.0
61165,100.0
61166,100.0
61167,100.0
61168,100.0
61169,100.0
61170,100.0
61171,100.0
61172,100.0
61173,100.0
61174,100.0
61175,100.0
61176,100.0
61177,100.0
61178,100.0
61179,100.0
61180,100.0
61181,100.0
61182,100.0
61183,100.0
61184,100.0
61185,100.0
61186,100.0
61187,100.0
61188,100.0
61189,100.0
61190,100.0
61191,100.0
61192,100.0
61193,100.0
61194,100.0
61195,100.0
61196,100.0
61197,100.0
61198,100.0
61199,100.0
61200,100.0
61201,100.0
61202,100.0
61203,100.0
61204,100.0
61205,100.0
61206,100.0
61207,100.0
61208,100.0
61209,100.0
61210,100.0
61211,100.0
61212,100.0
61213,100.0
61214,100.0
61215,100.0
61216,100.0
61217,100.0
61218,100.0
61219,100.0
61220,100.0
61221,100.0
61222,100.0
61223,100.0
61224,100.0
61225,100.0
61226,100.0
61227,100.0
61228,100.0
61229,100.0
61230,100.0
61231,100.0
61232,100.0
61233,100.0
61234,100.0
61235,100.0
61236,100.0
61237,100.0
61238,100.0
61239,100.0
61240,100.0
61241,100.0
61242,100.0
61243,100.0
61244,100.0
61245,100.0
61246,100.0
61247,100.0
61248,100.0
61249,100.0
61250,100.0
61251,100.0
61252,100.0
61253,100.0
61254,100.0
61255,100.0
61256,100.0
61257,100.0
61258,100.0
61259,100.0
61260,100.0
61261,100.0
61262,100.0
61263,100.0
61264,100.0
61265,100.0
61266,100.0
61267,100.0
61268,100.0
61269,100.0
61270,100.0
61271,100.0
61272,100.0
61273,100.0
61274,100.0
61275,100.0
61276,100.0
61277,100.0
61278,100.0
61279,100.0
61280,100.0
61281,100.0
61282,100.0
61283,100.0
61284,100.0
61285,100.0
61286,100.0
61287,100.0
61288,100.0
61289,100.0
61290,100.0
61291,100.0
61292,100.0
61293,100.0
61294,100.0
61295,100.0
61296,100.0
61297,100.0
61298,100.0
61299,100.0
61300,100.0
61301,100.0
61302,100.0
61303,100.0
61304,100.0
61305,100.0
61306,100.0
61307,100.0
61308,100.0
61309,100.0
61310,100.0
61311,100.0
61312,100.0
61313,100.0
61314,100.0
61315,100.0
61316,100.0
61317,100.0
61318,100.0
61319,100.0
61320,100.0
61321,100.0
61322,100.0
61323,100.0
61324,100.0
61325,100.0
61326,100.0
61327,100.0
61328,100.0
61329,100.0
61330,100.0
61331,100.0
61332,100.0
61333,100.0
61334,100.0
61335,100.0
61336,100.0
61337,100.0
61338,100.0
61339,100.0
61340,100.0
61341,100.0
61342,100.0
61343,100.0
61344,100.0
61345,100.0
61346,100.0
61347,100.0
61348,100.0
61349,100.0
61350,100.0
61351,100.0
61352,100.0
61353,100.0
61354,100.0
61355,100.0
61356,100.0
61357,100.0
61358,100.0
61359,100.0
61360,100.0
61361,100.0
61362,100.0
61363,100.0
61364,100.0
61365,100.0
61366,100.0
61367,100.0
61368,100.0
61369,100.0
61370,100.0
61371,100.0
61372,100.0
61373,100.0
61374,100.0
61375,100.0
61376,100.0
61377,100.0
61378,100.0
61379,100.0
61380,100.0
61381,100.0
61382,100.0
61383,100.0
61384,100.0
61385,100.0
61386,100.0
61387,100.0
61388,100.0
61389,100.0
61390,100.0
61391,100.0
61392,100.0
61393,100.0
61394,100.0
61395,100.0
61396,100.0
61397,100.0
61398,100.0
61399,100.0
61400,100.0
61401,100.0
61402,100.0
61403,100.0
61404,100.0
61405,100.0
61406,100.0
61407,100.0
61408,100.0
61409,100.0
61410,100.0
61411,100.0
61412,100.0
61413,100.0
61414,100.0
61415,100.0
61416,100.0
61417,100.0
61418,100.0
61419,100.0
61420,100.0
61421,100.0
61422,100.0
61423,100.0
61424,100.0
61425,100.0
61426,100.0
61427,100.0
61428,100.0
61429,100.0
61430,100.0
61431,100.0
61432,100.0
61433,100.0
61434,100.0
61435,100.0
61436,100.0
61437,100.0
61438,100.0
61439,100.0
61440,100.0
61441,100.0
61442,100.0
61443,100.0
61444,100.0
61445,100.0
61446,100.0
61447,100.0
61448,100.0
61449,100.0
61450,100.0
61451,100.0
61452,100.0
61453,100.0
61454,100.0
61455,100.0
61456,100.0
61457,100.0
61458,100.0
61459,100.0
61460,100.0
61461,100.0
61462,100.0
61463,100.0
61464,100.0
61465,100.0
61466,100.0
61467,100.0
61468,100.0
61469,100.0
61470,100.0
61471,100.0
61472,100.0
61473,100.0
61474,100.0
61475,100.0
61476,100.0
61477,100.0
61478,100.0
61479,100.0
61480,100.0
61481,100.0
61482,100.0
61483,100.0
61484,100.0
61485,100.0
61486,100.0
61487,100.0
61488,100.0
61489,100.0
61490,100.0
61491,100.0
61492,100.0
61493,100.0
61494,100.0
61495,100.0
61496,100.0
61497,100.0
61498,100.0
61499,100.0
61500,100.0
61501,100.0
61502,100.0
61503,100.0
61504,100.0
61505,100.0
61506,100.0
61507,100.0
61508,100.0
61509,100.0
61510,100.0
61511,100.0
61512,100.0
61513,100.0
61514,100.0
61515,100.0
61516,100.0
61517,100.0
61518,100.0
61519,100.0
61520,100.0
61521,100.0
61522,100.0
61523,100.0
61524,100.0
61525,100.0
61526,100.0
61527,100.0
61528,100.0
61529,100.0
61530,100.0
61531,100.0
61532,100.0
61533,100.0
61534,100.0
61535,100.0
61536,100.0
61537,100.0
61538,100.0
61539,100.0
61540,100.0
61541,100.0
61542,100.0
61543,100.0
61544,100.0
61545,100.0
61546,100.0
61547,100.0
61548,100.0
61549,100.0
61550,100.0
61551,100.0
61552,100.0
61553,100.0
61554,100.0
61555,100.0
61556,100.0
61557,100.0
61558,100.0
61559,100.0
61560,100.0
61561,100.0
61562,100.0
61563,100.0
61564,100.0
61565,100.0
61566,100.0
61567,100.0
61568,100.0
61569,100.0
61570,100.0
61571,100.0
61572,100.0
61573,100.0
61574,100.0
61575,100.0
61576,100.0
61577,100.0
61578,100.0
61579,100.0
61580,100.0
61581,100.0
61582,100.0
61583,100.0
61584,100.0
61585,100.0
61586,100.0
61587,100.0
61588,100.0
61589,100.0
61590,100.0
61591,100.0
61592,100.0
61593,100.0
61594,100.0
61595,100.0
61596,100.0
61597,100.0
61598,100.0
61599,100.0
61600,100.0
61601,100.0
61602,100.0
61603,100.0
61604,100.0
61605,100.0
61606,100.0
61607,100.0
61608,100.0
61609,100.0
61610,100.0
61611,100.0
61612,100.0
61613,100.0
61614,100.0
61615,100.0
61616,100.0
61617,100.0
61618,100.0
61619,100.0
61620,100.0
61621,100.0
61622,100.0
61623,100.0
61624,100.0
61625,100.0
61626,100.0
61627,100.0
61628,100.0
61629,100.0
61630,100.0
61631,100.0
61632,100.0
61633,100.0
61634,100.0
61635,100.0
61636,100.0
61637,100.0
61638,100.0
61639,100.0
61640,100.0
61641,100.0
61642,100.0
61643,100.0
61644,100.0
61645,100.0
61646,100.0
61647,100.0
61648,100.0
61649,100.0
61650,100.0
61651,100.0
61652,100.0
61653,100.0
61654,100.0
61655,100.0
61656,100.0
61657,100.0
61658,100.0
61659,100.0
61660,100.0
61661,100.0
61662,100.0
61663,100.0
61664,100.0
61665,100.0
61666,100.0
61667,100.0
61668,100.0
61669,100.0
61670,100.0
61671,100.0
61672,100.0
61673,100.0
61674,100.0
61675,100.0
61676,100.0
61677,100.0
61678,100.0
61679,100.0
61680,100.0
61681,100.0
61682,100.0
61683,100.0
61684,100.0
61685,100.0
61686,100.0
61687,100.0
61688,100.0
61689,100.0
61690,100.0
61691,100.0
61692,100.0
61693,100.0
61694,100.0
61695,100.0
61696,100.0
61697,100.0
61698,100.0
61699,100.0
61700,100.0
61701,100.0
61702,100.0
61703,100.0
61704,100.0
61705,100.0
61706,100.0
61707,100.0
61708,100.0
61709,100.0
61710,100.0
61711,100.0
61712,100.0
61713,100.0
61714,100.0
61715,100.0
61716,100.0
61717,100.0
61718,100.0
61719,100.0
61720,100.0
61721,100.0
61722,100.0
61723,100.0
61724,100.0
61725,100.0
61726,100.0
61727,100.0
61728,100.0
61729,100.0
61730,100.0
61731,100.0
61732,100.0
61733,100.0
61734,100.0
61735,100.0
61736,100.0
61737,100.0
61738,100.0
61739,100.0
61740,100.0
61741,100.0
61742,100.0
61743,100.0
61744,100.0
61745,100.0
61746,100.0
61747,100.0
61748,100.0
61749,100.0
61750,100.0
61751,100.0
61752,100.0
61753,100.0
61754,100.0
61755,100.0
61756,100.0
61757,100.0
61758,100.0
61759,100.0
61760,100.0
61761,100.0
61762,100.0
61763,100.0
61764,100.0
61765,100.0
61766,100.0
61767,100.0
61768,100.0
61769,100.0
61770,100.0
61771,100.0
61772,100.0
61773,100.0
61774,100.0
61775,100.0
61776,100.0
61777,100.0
61778,100.0
61779,100.0
61780,100.0
61781,100.0
61782,100.0
61783,100.0
61784,100.0
61785,100.0
61786,100.0
61787,100.0
61788,100.0
61789,100.0
61790,100.0
61791,100.0
61792,100.0
61793,100.0
61794,100.0
61795,100.0
61796,100.0
61797,100.0
61798,100.0
61799,100.0
61800,100.0
61801,100.0
61802,100.0
61803,100.0
61804,100.0
61805,100.0
61806,100.0
61807,100.0
61808,100.0
61809,100.0
61810,100.0
61811,100.0
61812,100.0
61813,100.0
61814,100.0
61815,100.0
61816,100.0
61817,100.0
61818,100.0
61819,100.0
61820,100.0
61821,100.0
61822,100.0
61823,100.0
61824,100.0
61825,100.0
61826,100.0
61827,100.0
61828,100.0
61829,100.0
61830,100.0
61831,100.0
61832,100.0
61833,100.0
61834,100.0
61835,100.0
61836,100.0
61837,100.0
61838,100.0
61839,100.0
61840,100.0
61841,100.0
61842,100.0
61843,100.0
61844,100.0
61845,100.0
61846,100.0
61847,100.0
61848,100.0
61849,100.0
61850,100.0
61851,100.0
61852,100.0
61853,100.0
61854,100.0
61855,100.0
61856,100.0
61857,100.0
61858,100.0
61859,100.0
61860,100.0
61861,100.0
61862,100.0
61863,100.0
61864,100.0
61865,100.0
61866,100.0
61867,100.0
61868,100.0
61869,100.0
61870,100.0
61871,100.0
61872,100.0
61873,100.0
61874,100.0
61875,100.0
61876,100.0
61877,100.0
61878,100.0
61879,100.0
61880,100.0
61881,100.0
61882,100.0
61883,100.0
61884,100.0
61885,100.0
61886,100.0
61887,100.0
61888,100.0
61889,100.0
61890,100.0
61891,100.0
61892,100.0
61893,100.0
61894,100.0
61895,100.0
61896,100.0
61897,100.0
61898,100.0
61899,100.0
61900,100.0
61901,100.0
61902,100.0
61903,100.0
61904,100.0
61905,100.0
61906,100.0
61907,100.0
61908,100.0
61909,100.0
61910,100.0
61911,100.0
61912,100.0
61913,100.0
61914,100.0
61915,100.0
61916,100.0
61917,100.0
61918,100.0
61919,100.0
61920,100.0
61921,100.0
61922,100.0
61923,100.0
61924,100.0
61925,100.0
61926,100.0
61927,100.0
61928,100.0
61929,100.0
61930,100.0
61931,100.0
61932,100.0
61933,100.0
61934,100.0
61935,100.0
61936,100.0
61937,100.0
61938,100.0
61939,100.0
61940,100.0
61941,100.0
61942,100.0
61943,100.0
61944,100.0
61945,100.0
61946,100.0
61947,100.0
61948,100.0
61949,100.0
61950,100.0
61951,100.0
61952,100.0
61953,100.0
61954,100.0
61955,100.0
61956,100.0
61957,100.0
61958,100.0
61959,100.0
61960,100.0
61961,100.0
61962,100.0
61963,100.0
61964,100.0
61965,100.0
61966,100.0
61967,100.0
61968,100.0
61969,100.0
61970,100.0
61971,100.0
61972,100.0
61973,100.0
61974,100.0
61975,100.0
61976,100.0
61977,100.0
61978,100.0
61979,100.0
61980,100.0
61981,100.0
61982,100.0
61983,100.0
61984,100.0
61985,100.0
61986,100.0
61987,100.0
61988,100.0
61989,100.0
61990,100.0
61991,100.0
61992,100.0
61993,100.0
61994,100.0
61995,100.0
61996,100.0
61997,100.0
61998,100.0
61999,100.0
62000,100.0
62001,100.0
62002,100.0
62003,100.0
62004,100.0
62005,100.0
62006,100.0
62007,100.0
62008,100.0
62009,100.0
62010,100.0
62011,100.0
62012,100.0
62013,100.0
62014,100.0
62015,100.0
62016,100.0
62017,100.0
62018,100.0
62019,100.0
62020,100.0
62021,100.0
62022,100.0
62023,100.0
62024,100.0
62025,100.0
62026,100.0
62027,100.0
62028,100.0
62029,100.0
62030,100.0
62031,100.0
62032,100.0
62033,100.0
62034,100.0
62035,100.0
62036,100.0
62037,100.0
62038,100.0
62039,100.0
62040,100.0
62041,100.0
62042,100.0
62043,100.0
62044,100.0
62045,100.0
62046,100.0
62047,100.0
62048,100.0
62049,100.0
62050,100.0
62051,100.0
62052,100.0
62053,100.0
62054,100.0
62055,100.0
62056,100.0
62057,100.0
62058,100.0
62059,100.0
62060,100.0
62061,100.0
62062,100.0
62063,100.0
62064,100.0
62065,100.0
62066,100.0
62067,100.0
62068,100.0
62069,100.0
62070,100.0
62071,100.0
62072,100.0
62073,100.0
62074,100.0
62075,100.0
62076,100.0
62077,100.0
62078,100.0
62079,100.0
62080,100.0
62081,100.0
62082,100.0
62083,100.0
62084,100.0
62085,100.0
62086,100.0
62087,100.0
62088,100.0
62089,100.0
62090,100.0
62091,100.0
62092,100.0
62093,100.0
62094,100.0
62095,100.0
62096,100.0
62097,100.0
62098,100.0
62099,100.0
62100,100.0
62101,100.0
62102,100.0
62103,100.0
62104,100.0
62105,100.0
62106,100.0
62107,100.0
62108,100.0
62109,100.0
62110,100.0
62111,100.0
62112,100.0
62113,100.0
62114,100.0
62115,100.0
62116,100.0
62117,100.0
62118,100.0
62119,100.0
62120,100.0
62121,100.0
62122,100.0
62123,100.0
62124,100.0
62125,100.0
62126,100.0
62127,100.0
62128,100.0
62129,100.0
62130,100.0
62131,100.0
62132,100.0
62133,100.0
62134,100.0
62135,100.0
62136,100.0
62137,100.0
62138,100.0
62139,100.0
62140,100.0
62141,100.0
62142,100.0
62143,100.0
62144,100.0
62145,100.0
62146,100.0
62147,100.0
62148,100.0
62149,100.0
62150,100.0
62151,100.0
62152,100.0
62153,100.0
62154,100.0
62155,100.0
62156,100.0
62157,100.0
62158,100.0
62159,100.0
62160,100.0
62161,100.0
62162,100.0
62163,100.0
62164,100.0
62165,100.0
62166,100.0
62167,100.0
62168,100.0
62169,100.0
62170,100.0
62171,100.0
62172,100.0
62173,100.0
62174,100.0
62175,100.0
62176,100.0
62177,100.0
62178,100.0
62179,100.0
62180,100.0
62181,100.0
62182,100.0
62183,100.0
62184,100.0
62185,100.0
62186,100.0
62187,100.0
62188,100.0
62189,100.0
62190,100.0
62191,100.0
62192,100.0
62193,100.0
62194,100.0
62195,100.0
62196,100.0
62197,100.0
62198,100.0
62199,100.0
62200,100.0
62201,100.0
62202,100.0
62203,100.0
62204,100.0
62205,100.0
62206,100.0
62207,100.0
62208,100.0
62209,100.0
62210,100.0
62211,100.0
62212,100.0
62213,100.0
62214,100.0
62215,100.0
62216,100.0
62217,100.0
62218,100.0
62219,100.0
62220,100.0
62221,100.0
62222,100.0
62223,100.0
62224,100.0
62225,100.0
62226,100.0
62227,100.0
62228,100.0
62229,100.0
62230,100.0
62231,100.0
62232,100.0
62233,100.0
62234,100.0
62235,100.0
62236,100.0
62237,100.0
62238,100.0
62239,100.0
62240,100.0
62241,100.0
62242,100.0
62243,100.0
62244,100.0
62245,100.0
62246,100.0
62247,100.0
62248,100.0
62249,100.0
62250,100.0
62251,100.0
62252,100.0
62253,100.0
62254,100.0
62255,100.0
62256,100.0
62257,100.0
62258,100.0
62259,100.0
62260,100.0
62261,100.0
62262,100.0
62263,100.0
62264,100.0
62265,100.0
62266,100.0
62267,100.0
62268,100.0
62269,100.0
62270,100.0
62271,100.0
62272,100.0
62273,100.0
62274,100.0
62275,100.0
62276,100.0
62277,100.0
62278,100.0
62279,100.0
62280,100.0
62281,100.0
62282,100.0
62283,100.0
62284,100.0
62285,100.0
62286,100.0
62287,100.0
62288,100.0
62289,100.0
62290,100.0
62291,100.0
62292,100.0
62293,100.0
62294,100.0
62295,100.0
62296,100.0
62297,100.0
62298,100.0
62299,100.0
62300,100.0
62301,100.0
62302,100.0
62303,100.0
62304,100.0
62305,100.0
62306,100.0
62307,100.0
62308,100.0
62309,100.0
62310,100.0
62311,100.0
62312,100.0
62313,100.0
62314,100.0
62315,100.0
62316,100.0
62317,100.0
62318,100.0
62319,100.0
62320,100.0
62321,100.0
62322,100.0
62323,100.0
62324,100.0
62325,100.0
62326,100.0
62327,100.0
62328,100.0
62329,100.0
62330,100.0
62331,100.0
62332,100.0
62333,100.0
62334,100.0
62335,100.0
62336,100.0
62337,100.0
62338,100.0
62339,100.0
62340,100.0
62341,100.0
62342,100.0
62343,100.0
62344,100.0
62345,100.0
62346,100.0
62347,100.0
62348,100.0
62349,100.0
62350,100.0
62351,100.0
62352,100.0
62353,100.0
62354,100.0
62355,100.0
62356,100.0
62357,100.0
62358,100.0
62359,100.0
62360,100.0
62361,100.0
62362,100.0
62363,100.0
62364,100.0
62365,100.0
62366,100.0
62367,100.0
62368,100.0
62369,100.0
62370,100.0
62371,100.0
62372,100.0
62373,100.0
62374,100.0
62375,100.0
62376,100.0
62377,100.0
62378,100.0
62379,100.0
62380,100.0
62381,100.0
62382,100.0
62383,100.0
62384,100.0
62385,100.0
62386,100.0
62387,100.0
62388,100.0
62389,100.0
62390,100.0
62391,100.0
62392,100.0
62393,100.0
62394,100.0
62395,100.0
62396,100.0
62397,100.0
62398,100.0
62399,100.0
62400,100.0
62401,100.0
62402,100.0
62403,100.0
62404,100.0
62405,100.0
62406,100.0
62407,100.0
62408,100.0
62409,100.0
62410,100.0
62411,100.0
62412,100.0
62413,100.0
62414,100.0
62415,100.0
62416,100.0
62417,100.0
62418,100.0
62419,100.0
62420,100.0
62421,100.0
62422,100.0
62423,100.0
62424,100.0
62425,100.0
62426,100.0
62427,100.0
62428,100.0
62429,100.0
62430,100.0
62431,100.0
62432,100.0
62433,100.0
62434,100.0
62435,100.0
62436,100.0
62437,100.0
62438,100.0
62439,100.0
62440,100.0
62441,100.0
62442,100.0
62443,100.0
62444,100.0
62445,100.0
62446,100.0
62447,100.0
62448,100.0
62449,100.0
62450,100.0
62451,100.0
62452,100.0
62453,100.0
62454,100.0
62455,100.0
62456,100.0
62457,100.0
62458,100.0
62459,100.0
62460,100.0
62461,100.0
62462,100.0
62463,100.0
62464,100.0
62465,100.0
62466,100.0
62467,100.0
62468,100.0
62469,100.0
62470,100.0
62471,100.0
62472,100.0
62473,100.0
62474,100.0
62475,100.0
62476,100.0
62477,100.0
62478,100.0
62479,100.0
62480,100.0
62481,100.0
62482,100.0
62483,100.0
62484,100.0
62485,100.0
62486,100.0
62487,100.0
62488,100.0
62489,100.0
62490,100.0
62491,100.0
62492,100.0
62493,100.0
62494,100.0
62495,100.0
62496,100.0
62497,100.0
62498,100.0
62499,100.0
62500,100.0
62501,100.0
62502,100.0
62503,100.0
62504,100.0
62505,100.0
62506,100.0
62507,100.0
62508,100.0
62509,100.0
62510,100.0
62511,100.0
62512,100.0
62513,100.0
62514,100.0
62515,100.0
62516,100.0
62517,100.0
62518,100.0
62519,100.0
62520,100.0
62521,100.0
62522,100.0
62523,100.0
62524,100.0
62525,100.0
62526,100.0
62527,100.0
62528,100.0
62529,100.0
62530,100.0
62531,100.0
62532,100.0
62533,100.0
62534,100.0
62535,100.0
62536,100.0
62537,100.0
62538,100.0
62539,100.0
62540,100.0
62541,100.0
62542,100.0
62543,100.0
62544,100.0
62545,100.0
62546,100.0
62547,100.0
62548,100.0
62549,100.0
62550,100.0
62551,100.0
62552,100.0
62553,100.0
62554,100.0
62555,100.0
62556,100.0
62557,100.0
62558,100.0
62559,100.0
62560,100.0
62561,100.0
62562,100.0
62563,100.0
62564,100.0
62565,100.0
62566,100.0
62567,100.0
62568,100.0
62569,100.0
62570,100.0
62571,100.0
62572,100.0
62573,100.0
62574,100.0
62575,100.0
62576,100.0
62577,100.0
62578,100.0
62579,100.0
62580,100.0
62581,100.0
62582,100.0
62583,100.0
62584,100.0
62585,100.0
62586,100.0
62587,100.0
62588,100.0
62589,100.0
62590,100.0
62591,100.0
62592,100.0
62593,100.0
62594,100.0
62595,100.0
62596,100.0
62597,100.0
62598,100.0
62599,100.0
62600,100.0
62601,100.0
62602,100.0
62603,100.0
62604,100.0
62605,100.0
62606,100.0
62607,100.0
62608,100.0
62609,100.0
62610,100.0
62611,100.0
62612,100.0
62613,100.0
62614,100.0
62615,100.0
62616,100.0
62617,100.0
62618,100.0
62619,100.0
62620,100.0
62621,100.0
62622,100.0
62623,100.0
62624,100.0
62625,100.0
62626,100.0
62627,100.0
62628,100.0
62629,100.0
62630,100.0
62631,100.0
62632,100.0
62633,100.0
62634,100.0
62635,100.0
62636,100.0
62637,100.0
62638,100.0
62639,100.0
62640,100.0
62641,100.0
62642,100.0
62643,100.0
62644,100.0
62645,100.0
62646,100.0
62647,100.0
62648,100.0
62649,100.0
62650,100.0
62651,100.0
62652,100.0
62653,100.0
62654,100.0
62655,100.0
62656,100.0
62657,100.0
62658,100.0
62659,100.0
62660,100.0
62661,100.0
62662,100.0
62663,100.0
62664,100.0
62665,100.0
62666,100.0
62667,100.0
62668,100.0
62669,100.0
62670,100.0
62671,100.0
62672,100.0
62673,100.0
62674,100.0
62675,100.0
62676,100.0
62677,100.0
62678,100.0
62679,100.0
62680,100.0
62681,100.0
62682,100.0
62683,100.0
62684,100.0
62685,100.0
62686,100.0
62687,100.0
62688,100.0
62689,100.0
62690,100.0
62691,100.0
62692,100.0
62693,100.0
62694,100.0
62695,100.0
62696,100.0
62697,100.0
62698,100.0
62699,100.0
62700,100.0
62701,100.0
62702,100.0
62703,100.0
62704,100.0
62705,100.0
62706,100.0
62707,100.0
62708,100.0
62709,100.0
62710,100.0
62711,100.0
62712,100.0
62713,100.0
62714,100.0
62715,100.0
62716,100.0
62717,100.0
62718,100.0
62719,100.0
62720,100.0
62721,100.0
62722,100.0
62723,100.0
62724,100.0
62725,100.0
62726,100.0
62727,100.0
62728,100.0
62729,100.0
62730,100.0
62731,100.0
62732,100.0
62733,100.0
62734,100.0
62735,100.0
62736,100.0
62737,100.0
62738,100.0
62739,100.0
62740,100.0
62741,100.0
62742,100.0
62743,100.0
62744,100.0
62745,100.0
62746,100.0
62747,100.0
62748,100.0
62749,100.0
62750,100.0
62751,100.0
62752,100.0
62753,100.0
62754,100.0
62755,100.0
62756,100.0
62757,100.0
62758,100.0
62759,100.0
62760,100.0
62761,100.0
62762,100.0
62763,100.0
62764,100.0
62765,100.0
62766,100.0
62767,100.0
62768,100.0
62769,100.0
62770,100.0
62771,100.0
62772,100.0
62773,100.0
62774,100.0
62775,100.0
62776,100.0
62777,100.0
62778,100.0
62779,100.0
62780,100.0
62781,100.0
62782,100.0
62783,100.0
62784,100.0
62785,100.0
62786,100.0
62787,100.0
62788,100.0
62789,100.0
62790,100.0
62791,100.0
62792,100.0
62793,100.0
62794,100.0
62795,100.0
62796,100.0
62797,100.0
62798,100.0
62799,100.0
62800,100.0
62801,100.0
62802,100.0
62803,100.0
62804,100.0
62805,100.0
62806,100.0
62807,100.0
62808,100.0
62809,100.0
62810,100.0
62811,100.0
62812,100.0
62813,100.0
62814,100.0
62815,100.0
62816,100.0
62817,100.0
62818,100.0
62819,100.0
62820,100.0
62821,100.0
62822,100.0
62823,100.0
62824,100.0
62825,100.0
62826,100.0
62827,100.0
62828,100.0
62829,100.0
62830,100.0
62831,100.0
62832,100.0
62833,100.0
62834,100.0
62835,100.0
62836,100.0
62837,100.0
62838,100.0
62839,100.0
62840,100.0
62841,100.0
62842,100.0
62843,100.0
62844,100.0
62845,100.0
62846,100.0
62847,100.0
62848,100.0
62849,100.0
62850,100.0
62851,100.0
62852,100.0
62853,100.0
62854,100.0
62855,100.0
62856,100.0
62857,100.0
62858,100.0
62859,100.0
62860,100.0
62861,100.0
62862,100.0
62863,100.0
62864,100.0
62865,100.0
62866,100.0
62867,100.0
62868,100.0
62869,100.0
62870,100.0
62871,100.0
62872,100.0
62873,100.0
62874,100.0
62875,100.0
62876,100.0
62877,100.0
62878,100.0
62879,100.0
62880,100.0
62881,100.0
62882,100.0
62883,100.0
62884,100.0
62885,100.0
62886,100.0
62887,100.0
62888,100.0
62889,100.0
62890,100.0
62891,100.0
62892,100.0
62893,100.0
62894,100.0
62895,100.0
62896,100.0
62897,100.0
62898,100.0
62899,100.0
62900,100.0
62901,100.0
62902,100.0
62903,100.0
62904,100.0
62905,100.0
62906,100.0
62907,100.0
62908,100.0
62909,100.0
62910,100.0
62911,100.0
62912,100.0
62913,100.0
62914,100.0
62915,100.0
62916,100.0
62917,100.0
62918,100.0
62919,100.0
62920,100.0
62921,100.0
62922,100.0
62923,100.0
62924,100.0
62925,100.0
62926,100.0
62927,100.0
62928,100.0
62929,100.0
62930,100.0
62931,100.0
62932,100.0
62933,100.0
62934,100.0
62935,100.0
62936,100.0
62937,100.0
62938,100.0
62939,100.0
62940,100.0
62941,100.0
62942,100.0
62943,100.0
62944,100.0
62945,100.0
62946,100.0
62947,100.0
62948,100.0
62949,100.0
62950,100.0
62951,100.0
62952,100.0
62953,100.0
62954,100.0
62955,100.0
62956,100.0
62957,100.0
62958,100.0
62959,100.0
62960,100.0
62961,100.0
62962,100.0
62963,100.0
62964,100.0
62965,100.0
62966,100.0
62967,100.0
62968,100.0
62969,100.0
62970,100.0
62971,100.0
62972,100.0
62973,100.0
62974,100.0
62975,100.0
62976,100.0
62977,100.0
62978,100.0
62979,100.0
62980,100.0
62981,100.0
62982,100.0
62983,100.0
62984,100.0
62985,100.0
62986,100.0
62987,100.0
62988,100.0
62989,100.0
62990,100.0
62991,100.0
62992,100.0
62993,100.0
62994,100.0
62995,100.0
62996,100.0
62997,100.0
62998,100.0
62999,100.0
63000,100.0
63001,100.0
63002,100.0
63003,100.0
63004,100.0
63005,100.0
63006,100.0
63007,100.0
63008,100.0
63009,100.0
63010,100.0
63011,100.0
63012,100.0
63013,100.0
63014,100.0
63015,100.0
63016,100.0
63017,100.0
63018,100.0
63019,100.0
63020,100.0
63021,100.0
63022,100.0
63023,100.0
63024,100.0
63025,100.0
63026,100.0
63027,100.0
63028,100.0
63029,100.0
63030,100.0
63031,100.0
63032,100.0
63033,100.0
63034,100.0
63035,100.0
63036,100.0
63037,100.0
63038,100.0
63039,100.0
63040,100.0
63041,100.0
63042,100.0
63043,100.0
63044,100.0
63045,100.0
63046,100.0
63047,100.0
63048,100.0
63049,100.0
63050,100.0
63051,100.0
63052,100.0
63053,100.0
63054,100.0
63055,100.0
63056,100.0
63057,100.0
63058,100.0
63059,100.0
63060,100.0
63061,100.0
63062,100.0
63063,100.0
63064,100.0
63065,100.0
63066,100.0
63067,100.0
63068,100.0
63069,100.0
63070,100.0
63071,100.0
63072,100.0
63073,100.0
63074,100.0
63075,100.0
63076,100.0
63077,100.0
63078,100.0
63079,100.0
63080,100.0
63081,100.0
63082,100.0
63083,100.0
63084,100.0
63085,100.0
63086,100.0
63087,100.0
63088,100.0
63089,100.0
63090,100.0
63091,100.0
63092,100.0
63093,100.0
63094,100.0
63095,100.0
63096,100.0
63097,100.0
63098,100.0
63099,100.0
63100,100.0
63101,100.0
63102,100.0
63103,100.0
63104,100.0
63105,100.0
63106,100.0
63107,100.0
63108,100.0
63109,100.0
63110,100.0
63111,100.0
63112,100.0
63113,100.0
63114,100.0
63115,100.0
63116,100.0
63117,100.0
63118,100.0
63119,100.0
63120,100.0
63121,100.0
63122,100.0
63123,100.0
63124,100.0
63125,100.0
63126,100.0
63127,100.0
63128,100.0
63129,100.0
63130,100.0
63131,100.0
63132,100.0
63133,100.0
63134,100.0
63135,100.0
63136,100.0
63137,100.0
63138,100.0
63139,100.0
63140,100.0
63141,100.0
63142,100.0
63143,100.0
63144,100.0
63145,100.0
63146,100.0
63147,100.0
63148,100.0
63149,100.0
63150,100.0
63151,100.0
63152,100.0
63153,100.0
63154,100.0
63155,100.0
63156,100.0
63157,100.0
63158,100.0
63159,100.0
63160,100.0
63161,100.0
63162,100.0
63163,100.0
63164,100.0
63165,100.0
63166,100.0
63167,100.0
63168,100.0
63169,100.0
63170,100.0
63171,100.0
63172,100.0
63173,100.0
63174,100.0
63175,100.0
63176,100.0
63177,100.0
63178,100.0
63179,100.0
63180,100.0
63181,100.0
63182,100.0
63183,100.0
63184,100.0
63185,100.0
63186,100.0
63187,100.0
63188,100.0
63189,100.0
63190,100.0
63191,100.0
63192,100.0
63193,100.0
63194,100.0
63195,100.0
63196,100.0
63197,100.0
63198,100.0
63199,100.0
63200,100.0
63201,100.0
63202,100.0
63203,100.0
63204,100.0
63205,100.0
63206,100.0
63207,100.0
63208,100.0
63209,100.0
63210,100.0
63211,100.0
63212,100.0
63213,100.0
63214,100.0
63215,100.0
63216,100.0
63217,100.0
63218,100.0
63219,100.0
63220,100.0
63221,100.0
63222,100.0
63223,100.0
63224,100.0
63225,100.0
63226,100.0
63227,100.0
63228,100.0
63229,100.0
63230,100.0
63231,100.0
63232,100.0
63233,100.0
63234,100.0
63235,100.0
63236,100.0
63237,100.0
63238,100.0
63239,100.0
63240,100.0
63241,100.0
63242,100.0
63243,100.0
63244,100.0
63245,100.0
63246,100.0
63247,100.0
63248,100.0
63249,100.0
63250,100.0
63251,100.0
63252,100.0
63253,100.0
63254,100.0
63255,100.0
63256,100.0
63257,100.0
63258,100.0
63259,100.0
63260,100.0
63261,100.0
63262,100.0
63263,100.0
63264,100.0
63265,100.0
63266,100.0
63267,100.0
63268,100.0
63269,100.0
63270,100.0
63271,100.0
63272,100.0
63273,100.0
63274,100.0
63275,100.0
63276,100.0
63277,100.0
63278,100.0
63279,100.0
63280,100.0
63281,100.0
63282,100.0
63283,100.0
63284,100.0
63285,100.0
63286,100.0
63287,100.0
63288,100.0
63289,100.0
63290,100.0
63291,100.0
63292,100.0
63293,100.0
63294,100.0
63295,100.0
63296,100.0
63297,100.0
63298,100.0
63299,100.0
63300,100.0
63301,100.0
63302,100.0
63303,100.0
63304,100.0
63305,100.0
63306,100.0
63307,100.0
63308,100.0
63309,100.0
63310,100.0
63311,100.0
63312,100.0
63313,100.0
63314,100.0
63315,100.0
63316,100.0
63317,100.0
63318,100.0
63319,100.0
63320,100.0
63321,100.0
63322,100.0
63323,100.0
63324,100.0
63325,100.0
63326,100.0
63327,100.0
63328,100.0
63329,100.0
63330,100.0
63331,100.0
63332,100.0
63333,100.0
63334,100.0
63335,100.0
63336,100.0
63337,100.0
63338,100.0
63339,100.0
63340,100.0
63341,100.0
63342,100.0
63343,100.0
63344,100.0
63345,100.0
63346,100.0
63347,100.0
63348,100.0
63349,100.0
63350,100.0
63351,100.0
63352,100.0
63353,100.0
63354,100.0
63355,100.0
63356,100.0
63357,100.0
63358,100.0
63359,100.0
63360,100.0
63361,100.0
63362,100.0
63363,100.0
63364,100.0
63365,100.0
63366,100.0
63367,100.0
63368,100.0
63369,100.0
63370,100.0
63371,100.0
63372,100.0
63373,100.0
63374,100.0
63375,100.0
63376,100.0
63377,100.0
63378,100.0
63379,100.0
63380,100.0
63381,100.0
63382,100.0
63383,100.0
63384,100.0
63385,100.0
63386,100.0
63387,100.0
63388,100.0
63389,100.0
63390,100.0
63391,100.0
63392,100.0
63393,100.0
63394,100.0
63395,100.0
63396,100.0
63397,100.0
63398,100.0
63399,100.0
63400,100.0
63401,100.0
63402,100.0
63403,100.0
63404,100.0
63405,100.0
63406,100.0
63407,100.0
63408,100.0
63409,100.0
63410,100.0
63411,100.0
63412,100.0
63413,100.0
63414,100.0
63415,100.0
63416,100.0
63417,100.0
63418,100.0
63419,100.0
63420,100.0
63421,100.0
63422,100.0
63423,100.0
63424,100.0
63425,100.0
63426,100.0
63427,100.0
63428,100.0
63429,100.0
63430,100.0
63431,100.0
63432,100.0
63433,100.0
63434,100.0
63435,100.0
63436,100.0
63437,100.0
63438,100.0
63439,100.0
63440,100.0
63441,100.0
63442,100.0
63443,100.0
63444,100.0
63445,100.0
63446,100.0
63447,100.0
63448,100.0
63449,100.0
63450,100.0
63451,100.0
63452,100.0
63453,100.0
63454,100.0
63455,100.0
63456,100.0
63457,100.0
63458,100.0
63459,100.0
63460,100.0
63461,100.0
63462,100.0
63463,100.0
63464,100.0
63465,100.0
63466,100.0
63467,100.0
63468,100.0
63469,100.0
63470,100.0
63471,100.0
63472,100.0
63473,100.0
63474,100.0
63475,100.0
63476,100.0
63477,100.0
63478,100.0
63479,100.0
63480,100.0
63481,100.0
63482,100.0
63483,100.0
63484,100.0
63485,100.0
63486,100.0
63487,100.0
63488,100.0
63489,100.0
63490,100.0
63491,100.0
63492,100.0
63493,100.0
63494,100.0
63495,100.0
63496,100.0
63497,100.0
63498,100.0
63499,100.0
63500,100.0
63501,100.0
63502,100.0
63503,100.0
63504,100.0
63505,100.0
63506,100.0
63507,100.0
63508,100.0
63509,100.0
63510,100.0
63511,100.0
63512,100.0
63513,100.0
63514,100.0
63515,100.0
63516,100.0
63517,100.0
63518,100.0
63519,100.0
63520,100.0
63521,100.0
63522,100.0
63523,100.0
63524,100.0
63525,100.0
63526,100.0
63527,100.0
63528,100.0
63529,100.0
63530,100.0
63531,100.0
63532,100.0
63533,100.0
63534,100.0
63535,100.0
63536,100.0
63537,100.0
63538,100.0
63539,100.0
63540,100.0
63541,100.0
63542,100.0
63543,100.0
63544,100.0
63545,100.0
63546,100.0
63547,100.0
63548,100.0
63549,100.0
63550,100.0
63551,100.0
63552,100.0
63553,100.0
63554,100.0
63555,100.0
63556,100.0
63557,100.0
63558,100.0
63559,100.0
63560,100.0
63561,100.0
63562,100.0
63563,100.0
63564,100.0
63565,100.0
63566,100.0
63567,100.0
63568,100.0
63569,100.0
63570,100.0
63571,100.0
63572,100.0
63573,100.0
63574,100.0
63575,100.0
63576,100.0
63577,100.0
63578,100.0
63579,100.0
63580,100.0
63581,100.0
63582,100.0
63583,100.0
63584,100.0
63585,100.0
63586,100.0
63587,100.0
63588,100.0
63589,100.0
63590,100.0
63591,100.0
63592,100.0
63593,100.0
63594,100.0
63595,100.0
63596,100.0
63597,100.0
63598,100.0
63599,100.0
63600,100.0
63601,100.0
63602,100.0
63603,100.0
63604,100.0
63605,100.0
63606,100.0
63607,100.0
63608,100.0
63609,100.0
63610,100.0
63611,100.0
63612,100.0
63613,100.0
63614,100.0
63615,100.0
63616,100.0
63617,100.0
63618,100.0
63619,100.0
63620,100.0
63621,100.0
63622,100.0
63623,100.0
63624,100.0
63625,100.0
63626,100.0
63627,100.0
63628,100.0
63629,100.0
63630,100.0
63631,100.0
63632,100.0
63633,100.0
63634,100.0
63635,100.0
63636,100.0
63637,100.0
63638,100.0
63639,100.0
63640,100.0
63641,100.0
63642,100.0
63643,100.0
63644,100.0
63645,100.0
63646,100.0
63647,100.0
63648,100.0
63649,100.0
63650,100.0
63651,100.0
63652,100.0
63653,100.0
63654,100.0
63655,100.0
63656,100.0
63657,100.0
63658,100.0
63659,100.0
63660,100.0
63661,100.0
63662,100.0
63663,100.0
63664,100.0
63665,100.0
63666,100.0
63667,100.0
63668,100.0
63669,100.0
63670,100.0
63671,100.0
63672,100.0
63673,100.0
63674,100.0
63675,100.0
63676,100.0
63677,100.0
63678,100.0
63679,100.0
63680,100.0
63681,100.0
63682,100.0
63683,100.0
63684,100.0
63685,100.0
63686,100.0
63687,100.0
63688,100.0
63689,100.0
63690,100.0
63691,100.0
63692,100.0
63693,100.0
63694,100.0
63695,100.0
63696,100.0
63697,100.0
63698,100.0
63699,100.0
63700,100.0
63701,100.0
63702,100.0
63703,100.0
63704,100.0
63705,100.0
63706,100.0
63707,100.0
63708,100.0
63709,100.0
63710,100.0
63711,100.0
63712,100.0
63713,100.0
63714,100.0
63715,100.0
63716,100.0
63717,100.0
63718,100.0
63719,100.0
63720,100.0
63721,100.0
63722,100.0
63723,100.0
63724,100.0
63725,100.0
63726,100.0
63727,100.0
63728,100.0
63729,100.0
63730,100.0
63731,100.0
63732,100.0
63733,100.0
63734,100.0
63735,100.0
63736,100.0
63737,100.0
63738,100.0
63739,100.0
63740,100.0
63741,100.0
63742,100.0
63743,100.0
63744,100.0
63745,100.0
63746,100.0
63747,100.0
63748,100.0
63749,100.0
63750,100.0
63751,100.0
63752,100.0
63753,100.0
63754,100.0
63755,100.0
63756,100.0
63757,100.0
63758,100.0
63759,100.0
63760,100.0
63761,100.0
63762,100.0
63763,100.0
63764,100.0
63765,100.0
63766,100.0
63767,100.0
63768,100.0
63769,100.0
63770,100.0
63771,100.0
63772,100.0
63773,100.0
63774,100.0
63775,100.0
63776,100.0
63777,100.0
63778,100.0
63779,100.0
63780,100.0
63781,100.0
63782,100.0
63783,100.0
63784,100.0
63785,100.0
63786,100.0
63787,100.0
63788,100.0
63789,100.0
63790,100.0
63791,100.0
63792,100.0
63793,100.0
63794,100.0
63795,100.0
63796,100.0
63797,100.0
63798,100.0
63799,100.0
63800,100.0
63801,100.0
63802,100.0
63803,100.0
63804,100.0
63805,100.0
63806,100.0
63807,100.0
63808,100.0
63809,100.0
63810,100.0
63811,100.0
63812,100.0
63813,100.0
63814,100.0
63815,100.0
63816,100.0
63817,100.0
63818,100.0
63819,100.0
63820,100.0
63821,100.0
63822,100.0
63823,100.0
63824,100.0
63825,100.0
63826,100.0
63827,100.0
63828,100.0
63829,100.0
63830,100.0
63831,100.0
63832,100.0
63833,100.0
63834,100.0
63835,100.0
63836,100.0
63837,100.0
63838,100.0
63839,100.0
63840,100.0
63841,100.0
63842,100.0
63843,100.0
63844,100.0
63845,100.0
63846,100.0
63847,100.0
63848,100.0
63849,100.0
63850,100.0
63851,100.0
63852,100.0
63853,100.0
63854,100.0
63855,100.0
63856,100.0
63857,100.0
63858,100.0
63859,100.0
63860,100.0
63861,100.0
63862,100.0
63863,100.0
63864,100.0
63865,100.0
63866,100.0
63867,100.0
63868,100.0
63869,100.0
63870,100.0
63871,100.0
63872,100.0
63873,100.0
63874,100.0
63875,100.0
63876,100.0
63877,100.0
63878,100.0
63879,100.0
63880,100.0
63881,100.0
63882,100.0
63883,100.0
63884,100.0
63885,100.0
63886,100.0
63887,100.0
63888,100.0
63889,100.0
63890,100.0
63891,100.0
63892,100.0
63893,100.0
63894,100.0
63895,100.0
63896,100.0
63897,100.0
63898,100.0
63899,100.0
63900,100.0
63901,100.0
63902,100.0
63903,100.0
63904,100.0
63905,100.0
63906,100.0
63907,100.0
63908,100.0
63909,100.0
63910,100.0
63911,100.0
63912,100.0
63913,100.0
63914,100.0
63915,100.0
63916,100.0
63917,100.0
63918,100.0
63919,100.0
63920,100.0
63921,100.0
63922,100.0
63923,100.0
63924,100.0
63925,100.0
63926,100.0
63927,100.0
63928,100.0
63929,100.0
63930,100.0
63931,100.0
63932,100.0
63933,100.0
63934,100.0
63935,100.0
63936,100.0
63937,100.0
63938,100.0
63939,100.0
63940,100.0
63941,100.0
63942,100.0
63943,100.0
63944,100.0
63945,100.0
63946,100.0
63947,100.0
63948,100.0
63949,100.0
63950,100.0
63951,100.0
63952,100.0
63953,100.0
63954,100.0
63955,100.0
63956,100.0
63957,100.0
63958,100.0
63959,100.0
63960,100.0
63961,100.0
63962,100.0
63963,100.0
63964,100.0
63965,100.0
63966,100.0
63967,100.0
63968,100.0
63969,100.0
63970,100.0
63971,100.0
63972,100.0
63973,100.0
63974,100.0
63975,100.0
63976,100.0
63977,100.0
63978,100.0
63979,100.0
63980,100.0
63981,100.0
63982,100.0
63983,100.0
63984,100.0
63985,100.0
63986,100.0
63987,100.0
63988,100.0
63989,100.0
63990,100.0
63991,100.0
63992,100.0
63993,100.0
63994,100.0
63995,100.0
63996,100.0
63997,100.0
63998,100.0
63999,100.0
64000,100.0
64001,100.0
64002,100.0
64003,100.0
64004,100.0
64005,100.0
64006,100.0
64007,100.0
64008,100.0
64009,100.0
64010,100.0
64011,100.0
64012,100.0
64013,100.0
64014,100.0
64015,100.0
64016,100.0
64017,100.0
64018,100.0
64019,100.0
64020,100.0
64021,100.0
64022,100.0
64023,100.0
64024,100.0
64025,100.0
64026,100.0
64027,100.0
64028,100.0
64029,100.0
64030,100.0
64031,100.0
64032,100.0
64033,100.0
64034,100.0
64035,100.0
64036,100.0
64037,100.0
64038,100.0
64039,100.0
64040,100.0
64041,100.0
64042,100.0
64043,100.0
64044,100.0
64045,100.0
64046,100.0
64047,100.0
64048,100.0
64049,100.0
64050,100.0
64051,100.0
64052,100.0
64053,100.0
64054,100.0
64055,100.0
64056,100.0
64057,100.0
64058,100.0
64059,100.0
64060,100.0
64061,100.0
64062,100.0
64063,100.0
64064,100.0
64065,100.0
64066,100.0
64067,100.0
64068,100.0
64069,100.0
64070,100.0
64071,100.0
64072,100.0
64073,100.0
64074,100.0
64075,100.0
64076,100.0
64077,100.0
64078,100.0
64079,100.0
64080,100.0
64081,100.0
64082,100.0
64083,100.0
64084,100.0
64085,100.0
64086,100.0
64087,100.0
64088,100.0
64089,100.0
64090,100.0
64091,100.0
64092,100.0
64093,100.0
64094,100.0
64095,100.0
64096,100.0
64097,100.0
64098,100.0
64099,100.0
64100,100.0
64101,100.0
64102,100.0
64103,100.0
64104,100.0
64105,100.0
64106,100.0
64107,100.0
64108,100.0
64109,100.0
64110,100.0
64111,100.0
64112,100.0
64113,100.0
64114,100.0
64115,100.0
64116,100.0
64117,100.0
64118,100.0
64119,100.0
64120,100.0
64121,100.0
64122,100.0
64123,100.0
64124,100.0
64125,100.0
64126,100.0
64127,100.0
64128,100.0
64129,100.0
64130,100.0
64131,100.0
64132,100.0
64133,100.0
64134,100.0
64135,100.0
64136,100.0
64137,100.0
64138,100.0
64139,100.0
64140,100.0
64141,100.0
64142,100.0
64143,100.0
64144,100.0
64145,100.0
64146,100.0
64147,100.0
64148,100.0
64149,100.0
64150,100.0
64151,100.0
64152,100.0
64153,100.0
64154,100.0
64155,100.0
64156,100.0
64157,100.0
64158,100.0
64159,100.0
64160,100.0
64161,100.0
64162,100.0
64163,100.0
64164,100.0
64165,100.0
64166,100.0
64167,100.0
64168,100.0
64169,100.0
64170,100.0
64171,100.0
64172,100.0
64173,100.0
64174,100.0
64175,100.0
64176,100.0
64177,100.0
64178,100.0
64179,100.0
64180,100.0
64181,100.0
64182,100.0
64183,100.0
64184,100.0
64185,100.0
64186,100.0
64187,100.0
64188,100.0
64189,100.0
64190,100.0
64191,100.0
64192,100.0
64193,100.0
64194,100.0
64195,100.0
64196,100.0
64197,100.0
64198,100.0
64199,100.0
64200,100.0
64201,100.0
64202,100.0
64203,100.0
64204,100.0
64205,100.0
64206,100.0
64207,100.0
64208,100.0
64209,100.0
64210,100.0
64211,100.0
64212,100.0
64213,100.0
64214,100.0
64215,100.0
64216,100.0
64217,100.0
64218,100.0
64219,100.0
64220,100.0
64221,100.0
64222,100.0
64223,100.0
64224,100.0
64225,100.0
64226,100.0
64227,100.0
64228,100.0
64229,100.0
64230,100.0
64231,100.0
64232,100.0
64233,100.0
64234,100.0
64235,100.0
64236,100.0
64237,100.0
64238,100.0
64239,100.0
64240,100.0
64241,100.0
64242,100.0
64243,100.0
64244,100.0
64245,100.0
64246,100.0
64247,100.0
64248,100.0
64249,100.0
64250,100.0
64251,100.0
64252,100.0
64253,100.0
64254,100.0
64255,100.0
64256,100.0
64257,100.0
64258,100.0
64259,100.0
64260,100.0
64261,100.0
64262,100.0
64263,100.0
64264,100.0
64265,100.0
64266,100.0
64267,100.0
64268,100.0
64269,100.0
64270,100.0
64271,100.0
64272,100.0
64273,100.0
64274,100.0
64275,100.0
64276,100.0
64277,100.0
64278,100.0
64279,100.0
64280,100.0
64281,100.0
64282,100.0
64283,100.0
64284,100.0
64285,100.0
64286,100.0
64287,100.0
64288,100.0
64289,100.0
64290,100.0
64291,100.0
64292,100.0
64293,100.0
64294,100.0
64295,100.0
64296,100.0
64297,100.0
64298,100.0
64299,100.0
64300,100.0
64301,100.0
64302,100.0
64303,100.0
64304,100.0
64305,100.0
64306,100.0
64307,100.0
64308,100.0
64309,100.0
64310,100.0
64311,100.0
64312,100.0
64313,100.0
64314,100.0
64315,100.0
64316,100.0
64317,100.0
64318,100.0
64319,100.0
64320,100.0
64321,100.0
64322,100.0
64323,100.0
64324,100.0
64325,100.0
64326,100.0
64327,100.0
64328,100.0
64329,100.0
64330,100.0
64331,100.0
64332,100.0
64333,100.0
64334,100.0
64335,100.0
64336,100.0
64337,100.0
64338,100.0
64339,100.0
64340,100.0
64341,100.0
64342,100.0
64343,100.0
64344,100.0
64345,100.0
64346,100.0
64347,100.0
64348,100.0
64349,100.0
64350,100.0
64351,100.0
64352,100.0
64353,100.0
64354,100.0
64355,100.0
64356,100.0
64357,100.0
64358,100.0
64359,100.0
64360,100.0
64361,100.0
64362,100.0
64363,100.0
64364,100.0
64365,100.0
64366,100.0
64367,100.0
64368,100.0
64369,100.0
64370,100.0
64371,100.0
64372,100.0
64373,100.0
64374,100.0
64375,100.0
64376,100.0
64377,100.0
64378,100.0
64379,100.0
64380,100.0
64381,100.0
64382,100.0
64383,100.0
64384,100.0
64385,100.0
64386,100.0
64387,100.0
64388,100.0
64389,100.0
64390,100.0
64391,100.0
64392,100.0
64393,100.0
64394,100.0
64395,100.0
64396,100.0
64397,100.0
64398,100.0
64399,100.0
64400,100.0
64401,100.0
64402,100.0
64403,100.0
64404,100.0
64405,100.0
64406,100.0
64407,100.0
64408,100.0
64409,100.0
64410,100.0
64411,100.0
64412,100.0
64413,100.0
64414,100.0
64415,100.0
64416,100.0
64417,100.0
64418,100.0
64419,100.0
64420,100.0
64421,100.0
64422,100.0
64423,100.0
64424,100.0
64425,100.0
64426,100.0
64427,100.0
64428,100.0
64429,100.0
64430,100.0
64431,100.0
64432,100.0
64433,100.0
64434,100.0
64435,100.0
64436,100.0
64437,100.0
64438,100.0
64439,100.0
64440,100.0
64441,100.0
64442,100.0
64443,100.0
64444,100.0
64445,100.0
64446,100.0
64447,100.0
64448,100.0
64449,100.0
64450,100.0
64451,100.0
64452,100.0
64453,100.0
64454,100.0
64455,100.0
64456,100.0
64457,100.0
64458,100.0
64459,100.0
64460,100.0
64461,100.0
64462,100.0
64463,100.0
64464,100.0
64465,100.0
64466,100.0
64467,100.0
64468,100.0
64469,100.0
64470,100.0
64471,100.0
64472,100.0
64473,100.0
64474,100.0
64475,100.0
64476,100.0
64477,100.0
64478,100.0
64479,100.0
64480,100.0
64481,100.0
64482,100.0
64483,100.0
64484,100.0
64485,100.0
64486,100.0
64487,100.0
64488,100.0
64489,100.0
64490,100.0
64491,100.0
64492,100.0
64493,100.0
64494,100.0
64495,100.0
64496,100.0
64497,100.0
64498,100.0
64499,100.0
64500,100.0
64501,100.0
64502,100.0
64503,100.0
64504,100.0
64505,100.0
64506,100.0
64507,100.0
64508,100.0
64509,100.0
64510,100.0
64511,100.0
64512,100.0
64513,100.0
64514,100.0
64515,100.0
64516,100.0
64517,100.0
64518,100.0
64519,100.0
64520,100.0
64521,100.0
64522,100.0
64523,100.0
64524,100.0
64525,100.0
64526,100.0
64527,100.0
64528,100.0
64529,100.0
64530,100.0
64531,100.0
64532,100.0
64533,100.0
64534,100.0
64535,100.0
64536,100.0
64537,100.0
64538,100.0
64539,100.0
64540,100.0
64541,100.0
64542,100.0
64543,100.0
64544,100.0
64545,100.0
64546,100.0
64547,100.0
64548,100.0
64549,100.0
64550,100.0
64551,100.0
64552,100.0
64553,100.0
64554,100.0
64555,100.0
64556,100.0
64557,100.0
64558,100.0
64559,100.0
64560,100.0
64561,100.0
64562,100.0
64563,100.0
64564,100.0
64565,100.0
64566,100.0
64567,100.0
64568,100.0
64569,100.0
64570,100.0
64571,100.0
64572,100.0
64573,100.0
64574,100.0
64575,100.0
64576,100.0
64577,100.0
64578,100.0
64579,100.0
64580,100.0
64581,100.0
64582,100.0
64583,100.0
64584,100.0
64585,100.0
64586,100.0
64587,100.0
64588,100.0
64589,100.0
64590,100.0
64591,100.0
64592,100.0
64593,100.0
64594,100.0
64595,100.0
64596,100.0
64597,100.0
64598,100.0
64599,100.0
64600,100.0
64601,100.0
64602,100.0
64603,100.0
64604,100.0
64605,100.0
64606,100.0
64607,100.0
64608,100.0
64609,100.0
64610,100.0
64611,100.0
64612,100.0
64613,100.0
64614,100.0
64615,100.0
64616,100.0
64617,100.0
64618,100.0
64619,100.0
64620,100.0
64621,100.0
64622,100.0
64623,100.0
64624,100.0
64625,100.0
64626,100.0
64627,100.0
64628,100.0
64629,100.0
64630,100.0
64631,100.0
64632,100.0
64633,100.0
64634,100.0
64635,100.0
64636,100.0
64637,100.0
64638,100.0
64639,100.0
64640,100.0
64641,100.0
64642,100.0
64643,100.0
64644,100.0
64645,100.0
64646,100.0
64647,100.0
64648,100.0
64649,100.0
64650,100.0
64651,100.0
64652,100.0
64653,100.0
64654,100.0
64655,100.0
64656,100.0
64657,100.0
64658,100.0
64659,100.0
64660,100.0
64661,100.0
64662,100.0
64663,100.0
64664,100.0
64665,100.0
64666,100.0
64667,100.0
64668,100.0
64669,100.0
64670,100.0
64671,100.0
64672,100.0
64673,100.0
64674,100.0
64675,100.0
64676,100.0
64677,100.0
64678,100.0
64679,100.0
64680,100.0
64681,100.0
64682,100.0
64683,100.0
64684,100.0
64685,100.0
64686,100.0
64687,100.0
64688,100.0
64689,100.0
64690,100.0
64691,100.0
64692,100.0
64693,100.0
64694,100.0
64695,100.0
64696,100.0
64697,100.0
64698,100.0
64699,100.0
64700,100.0
64701,100.0
64702,100.0
64703,100.0
64704,100.0
64705,100.0
64706,100.0
64707,100.0
64708,100.0
64709,100.0
64710,100.0
64711,100.0
64712,100.0
64713,100.0
64714,100.0
64715,100.0
64716,100.0
64717,100.0
64718,100.0
64719,100.0
64720,100.0
64721,100.0
64722,100.0
64723,100.0
64724,100.0
64725,100.0
64726,100.0
64727,100.0
64728,100.0
64729,100.0
64730,100.0
64731,100.0
64732,100.0
64733,100.0
64734,100.0
64735,100.0
64736,100.0
64737,100.0
64738,100.0
64739,100.0
64740,100.0
64741,100.0
64742,100.0
64743,100.0
64744,100.0
64745,100.0
64746,100.0
64747,100.0
64748,100.0
64749,100.0
64750,100.0
64751,100.0
64752,100.0
64753,100.0
64754,100.0
64755,100.0
64756,100.0
64757,100.0
64758,100.0
64759,100.0
64760,100.0
64761,100.0
64762,100.0
64763,100.0
64764,100.0
64765,100.0
64766,100.0
64767,100.0
64768,100.0
64769,100.0
64770,100.0
64771,100.0
64772,100.0
64773,100.0
64774,100.0
64775,100.0
64776,100.0
64777,100.0
64778,100.0
64779,100.0
64780,100.0
64781,100.0
64782,100.0
64783,100.0
64784,100.0
64785,100.0
64786,100.0
64787,100.0
64788,100.0
64789,100.0
64790,100.0
64791,100.0
64792,100.0
64793,100.0
64794,100.0
64795,100.0
64796,100.0
64797,100.0
64798,100.0
64799,100.0
64800,100.0
64801,100.0
64802,100.0
64803,100.0
64804,100.0
64805,100.0
64806,100.0
64807,100.0
64808,100.0
64809,100.0
64810,100.0
64811,100.0
64812,100.0
64813,100.0
64814,100.0
64815,100.0
64816,100.0
64817,100.0
64818,100.0
64819,100.0
64820,100.0
64821,100.0
64822,100.0
64823,100.0
64824,100.0
64825,100.0
64826,100.0
64827,100.0
64828,100.0
64829,100.0
64830,100.0
64831,100.0
64832,100.0
64833,100.0
64834,100.0
64835,100.0
64836,100.0
64837,100.0
64838,100.0
64839,100.0
64840,100.0
64841,100.0
64842,100.0
64843,100.0
64844,100.0
64845,100.0
64846,100.0
64847,100.0
64848,100.0
64849,100.0
64850,100.0
64851,100.0
64852,100.0
64853,100.0
64854,100.0
64855,100.0
64856,100.0
64857,100.0
64858,100.0
64859,100.0
64860,100.0
64861,100.0
64862,100.0
64863,100.0
64864,100.0
64865,100.0
64866,100.0
64867,100.0
64868,100.0
64869,100.0
64870,100.0
64871,100.0
64872,100.0
64873,100.0
64874,100.0
64875,100.0
64876,100.0
64877,100.0
64878,100.0
64879,100.0
64880,100.0
64881,100.0
64882,100.0
64883,100.0
64884,100.0
64885,100.0
64886,100.0
64887,100.0
64888,100.0
64889,100.0
64890,100.0
64891,100.0
64892,100.0
64893,100.0
64894,100.0
64895,100.0
64896,100.0
64897,100.0
64898,100.0
64899,100.0
64900,100.0
64901,100.0
64902,100.0
64903,100.0
64904,100.0
64905,100.0
64906,100.0
64907,100.0
64908,100.0
64909,100.0
64910,100.0
64911,100.0
64912,100.0
64913,100.0
64914,100.0
64915,100.0
64916,100.0
64917,100.0
64918,100.0
64919,100.0
64920,100.0
64921,100.0
64922,100.0
64923,100.0
64924,100.0
64925,100.0
64926,100.0
64927,100.0
64928,100.0
64929,100.0
64930,100.0
64931,100.0
64932,100.0
64933,100.0
64934,100.0
64935,100.0
64936,100.0
64937,100.0
64938,100.0
64939,100.0
64940,100.0
64941,100.0
64942,100.0
64943,100.0
64944,100.0
64945,100.0
64946,100.0
64947,100.0
64948,100.0
64949,100.0
64950,100.0
64951,100.0
64952,100.0
64953,100.0
64954,100.0
64955,100.0
64956,100.0
64957,100.0
64958,100.0
64959,100.0
64960,100.0
64961,100.0
64962,100.0
64963,100.0
64964,100.0
64965,100.0
64966,100.0
64967,100.0
64968,100.0
64969,100.0
64970,100.0
64971,100.0
64972,100.0
64973,100.0
64974,100.0
64975,100.0
64976,100.0
64977,100.0
64978,100.0
64979,100.0
64980,100.0
64981,100.0
64982,100.0
64983,100.0
64984,100.0
64985,100.0
64986,100.0
64987,100.0
64988,100.0
64989,100.0
64990,100.0
64991,100.0
64992,100.0
64993,100.0
64994,100.0
64995,100.0
64996,100.0
64997,100.0
64998,100.0
64999,100.0
65000,100.0
65001,100.0
65002,100.0
65003,100.0
65004,100.0
65005,100.0
65006,100.0
65007,100.0
65008,100.0
65009,100.0
65010,100.0
65011,100.0
65012,100.0
65013,100.0
65014,100.0
65015,100.0
65016,100.0
65017,100.0
65018,100.0
65019,100.0
65020,100.0
65021,100.0
65022,100.0
65023,100.0
65024,100.0
65025,100.0
65026,100.0
65027,100.0
65028,100.0
65029,100.0
65030,100.0
65031,100.0
65032,100.0
65033,100.0
65034,100.0
65035,100.0
65036,100.0
65037,100.0
65038,100.0
65039,100.0
65040,100.0
65041,100.0
65042,100.0
65043,100.0
65044,100.0
65045,100.0
65046,100.0
65047,100.0
65048,100.0
65049,100.0
65050,100.0
65051,100.0
65052,100.0
65053,100.0
65054,100.0
65055,100.0
65056,100.0
65057,100.0
65058,100.0
65059,100.0
65060,100.0
65061,100.0
65062,100.0
65063,100.0
65064,100.0
65065,100.0
65066,100.0
65067,100.0
65068,100.0
65069,100.0
65070,100.0
65071,100.0
65072,100.0
65073,100.0
65074,100.0
65075,100.0
65076,100.0
65077,100.0
65078,100.0
65079,100.0
65080,100.0
65081,100.0
65082,100.0
65083,100.0
65084,100.0
65085,100.0
65086,100.0
65087,100.0
65088,100.0
65089,100.0
65090,100.0
65091,100.0
65092,100.0
65093,100.0
65094,100.0
65095,100.0
65096,100.0
65097,100.0
65098,100.0
65099,100.0
65100,100.0
65101,100.0
65102,100.0
65103,100.0
65104,100.0
65105,100.0
65106,100.0
65107,100.0
65108,100.0
65109,100.0
65110,100.0
65111,100.0
65112,100.0
65113,100.0
65114,100.0
65115,100.0
65116,100.0
65117,100.0
65118,100.0
65119,100.0
65120,100.0
65121,100.0
65122,100.0
65123,100.0
65124,100.0
65125,100.0
65126,100.0
65127,100.0
65128,100.0
65129,100.0
65130,100.0
65131,100.0
65132,100.0
65133,100.0
65134,100.0
65135,100.0
65136,100.0
65137,100.0
65138,100.0
65139,100.0
65140,100.0
65141,100.0
65142,100.0
65143,100.0
65144,100.0
65145,100.0
65146,100.0
65147,100.0
65148,100.0
65149,100.0
65150,100.0
65151,100.0
65152,100.0
65153,100.0
65154,100.0
65155,100.0
65156,100.0
65157,100.0
65158,100.0
65159,100.0
65160,100.0
65161,100.0
65162,100.0
65163,100.0
65164,100.0
65165,100.0
65166,100.0
65167,100.0
65168,100.0
65169,100.0
65170,100.0
65171,100.0
65172,100.0
65173,100.0
65174,100.0
65175,100.0
65176,100.0
65177,100.0
65178,100.0
65179,100.0
65180,100.0
65181,100.0
65182,100.0
65183,100.0
65184,100.0
65185,100.0
65186,100.0
65187,100.0
65188,100.0
65189,100.0
65190,100.0
65191,100.0
65192,100.0
65193,100.0
65194,100.0
65195,100.0
65196,100.0
65197,100.0
65198,100.0
65199,100.0
65200,100.0
65201,100.0
65202,100.0
65203,100.0
65204,100.0
65205,100.0
65206,100.0
65207,100.0
65208,100.0
65209,100.0
65210,100.0
65211,100.0
65212,100.0
65213,100.0
65214,100.0
65215,100.0
65216,100.0
65217,100.0
65218,100.0
65219,100.0
65220,100.0
65221,100.0
65222,100.0
65223,100.0
65224,100.0
65225,100.0
65226,100.0
65227,100.0
65228,100.0
65229,100.0
65230,100.0
65231,100.0
65232,100.0
65233,100.0
65234,100.0
65235,100.0
65236,100.0
65237,100.0
65238,100.0
65239,100.0
65240,100.0
65241,100.0
65242,100.0
65243,100.0
65244,100.0
65245,100.0
65246,100.0
65247,100.0
65248,100.0
65249,100.0
65250,100.0
65251,100.0
65252,100.0
65253,100.0
65254,100.0
65255,100.0
65256,100.0
65257,100.0
65258,100.0
65259,100.0
65260,100.0
65261,100.0
65262,100.0
65263,100.0
65264,100.0
65265,100.0
65266,100.0
65267,100.0
65268,100.0
65269,100.0
65270,100.0
65271,100.0
65272,100.0
65273,100.0
65274,100.0
65275,100.0
65276,100.0
65277,100.0
65278,100.0
65279,100.0
65280,100.0
65281,100.0
65282,100.0
65283,100.0
65284,100.0
65285,100.0
65286,100.0
65287,100.0
65288,100.0
65289,100.0
65290,100.0
65291,100.0
65292,100.0
65293,100.0
65294,100.0
65295,100.0
65296,100.0
65297,100.0
65298,100.0
65299,100.0
65300,100.0
65301,100.0
65302,100.0
65303,100.0
65304,100.0
65305,100.0
65306,100.0
65307,100.0
65308,100.0
65309,100.0
65310,100.0
65311,100.0
65312,100.0
65313,100.0
65314,100.0
65315,100.0
65316,100.0
65317,100.0
65318,100.0
65319,100.0
65320,100.0
65321,100.0
65322,100.0
65323,100.0
65324,100.0
65325,100.0
65326,100.0
65327,100.0
65328,100.0
65329,100.0
65330,100.0
65331,100.0
65332,100.0
65333,100.0
65334,100.0
65335,100.0
65336,100.0
65337,100.0
65338,100.0
65339,100.0
65340,100.0
65341,100.0
65342,100.0
65343,100.0
65344,100.0
65345,100.0
65346,100.0
65347,100.0
65348,100.0
65349,100.0
65350,100.0
65351,100.0
65352,100.0
65353,100.0
65354,100.0
65355,100.0
65356,100.0
65357,100.0
65358,100.0
65359,100.0
65360,100.0
65361,100.0
65362,100.0
65363,100.0
65364,100.0
65365,100.0
65366,100.0
65367,100.0
65368,100.0
65369,100.0
65370,100.0
65371,100.0
65372,100.0
65373,100.0
65374,100.0
65375,100.0
65376,100.0
65377,100.0
65378,100.0
65379,100.0
65380,100.0
65381,100.0
65382,100.0
65383,100.0
65384,100.0
65385,100.0
65386,100.0
65387,100.0
65388,100.0
65389,100.0
65390,100.0
65391,100.0
65392,100.0
65393,100.0
65394,100.0
65395,100.0
65396,100.0
65397,100.0
65398,100.0
65399,100.0
65400,100.0
65401,100.0
65402,100.0
65403,100.0
65404,100.0
65405,100.0
65406,100.0
65407,100.0
65408,100.0
65409,100.0
65410,100.0
65411,100.0
65412,100.0
65413,100.0
65414,100.0
65415,100.0
65416,100.0
65417,100.0
65418,100.0
65419,100.0
65420,100.0
65421,100.0
65422,100.0
65423,100.0
65424,100.0
65425,100.0
65426,100.0
65427,100.0
65428,100.0
65429,100.0
65430,100.0
65431,100.0
65432,100.0
65433,100.0
65434,100.0
65435,100.0
65436,100.0
65437,100.0
65438,100.0
65439,100.0
65440,100.0
65441,100.0
65442,100.0
65443,100.0
65444,100.0
65445,100.0
65446,100.0
65447,100.0
65448,100.0
65449,100.0
65450,100.0
65451,100.0
65452,100.0
65453,100.0
65454,100.0
65455,100.0
65456,100.0
65457,100.0
65458,100.0
65459,100.0
65460,100.0
65461,100.0
65462,100.0
65463,100.0
65464,100.0
65465,100.0
65466,100.0
65467,100.0
65468,100.0
65469,100.0
65470,100.0
65471,100.0
65472,100.0
65473,100.0
65474,100.0
65475,100.0
65476,100.0
65477,100.0
65478,100.0
65479,100.0
65480,100.0
65481,100.0
65482,100.0
65483,100.0
65484,100.0
65485,100.0
65486,100.0
65487,100.0
65488,100.0
65489,100.0
65490,100.0
65491,100.0
65492,100.0
65493,100.0
65494,100.0
65495,100.0
65496,100.0
65497,100.0
65498,100.0
65499,100.0
65500,100.0
65501,100.0
65502,100.0
65503,100.0
65504,100.0
65505,100.0
65506,100.0
65507,100.0
65508,100.0
65509,100.0
65510,100.0
65511,100.0
65512,100.0
65513,100.0
65514,100.0
65515,100.0
65516,100.0
65517,100.0
65518,100.0
65519,100.0
65520,100.0
65521,100.0
65522,100.0
65523,100.0
65524,100.0
65525,100.0
65526,100.0
65527,100.0
65528,100.0
65529,100.0
65530,100.0
65531,100.0
65532,100.0
65533,100.0
65534,100.0
65535,100.0
65536,100.0
65537,100.0
65538,100.0
65539,100.0
65540,100.0
65541,100.0
65542,100.0
65543,100.0
65544,100.0
65545,100.0
65546,100.0
65547,100.0
65548,100.0
65549,100.0
65550,100.0
65551,100.0
65552,100.0
65553,100.0
65554,100.0
65555,100.0
65556,100.0
65557,100.0
65558,100.0
65559,100.0
65560,100.0
65561,100.0
65562,100.0
65563,100.0
65564,100.0
65565,100.0
65566,100.0
65567,100.0
65568,100.0
65569,100.0
65570,100.0
65571,100.0
65572,100.0
65573,100.0
65574,100.0
65575,100.0
65576,100.0
65577,100.0
65578,100.0
65579,100.0
65580,100.0
65581,100.0
65582,100.0
65583,100.0
65584,100.0
65585,100.0
65586,100.0
65587,100.0
65588,100.0
65589,100.0
65590,100.0
65591,100.0
65592,100.0
65593,100.0
65594,100.0
65595,100.0
65596,100.0
65597,100.0
65598,100.0
65599,100.0
65600,100.0
65601,100.0
65602,100.0
65603,100.0
65604,100.0
65605,100.0
65606,100.0
65607,100.0
65608,100.0
65609,100.0
65610,100.0
65611,100.0
65612,100.0
65613,100.0
65614,100.0
65615,100.0
65616,100.0
65617,100.0
65618,100.0
65619,100.0
65620,100.0
65621,100.0
65622,100.0
65623,100.0
65624,100.0
65625,100.0
65626,100.0
65627,100.0
65628,100.0
65629,100.0
65630,100.0
65631,100.0
65632,100.0
65633,100.0
65634,100.0
65635,100.0
65636,100.0
65637,100.0
65638,100.0
65639,100.0
65640,100.0
65641,100.0
65642,100.0
65643,100.0
65644,100.0
65645,100.0
65646,100.0
65647,100.0
65648,100.0
65649,100.0
65650,100.0
65651,100.0
65652,100.0
65653,100.0
65654,100.0
65655,100.0
65656,100.0
65657,100.0
65658,100.0
65659,100.0
65660,100.0
65661,100.0
65662,100.0
65663,100.0
65664,100.0
65665,100.0
65666,100.0
65667,100.0
65668,100.0
65669,100.0
65670,100.0
65671,100.0
65672,100.0
65673,100.0
65674,100.0
65675,100.0
65676,100.0
65677,100.0
65678,100.0
65679,100.0
65680,100.0
65681,100.0
65682,100.0
65683,100.0
65684,100.0
65685,100.0
65686,100.0
65687,100.0
65688,100.0
65689,100.0
65690,100.0
65691,100.0
65692,100.0
65693,100.0
65694,100.0
65695,100.0
65696,100.0
65697,100.0
65698,100.0
65699,100.0
65700,100.0
65701,100.0
65702,100.0
65703,100.0
65704,100.0
65705,100.0
65706,100.0
65707,100.0
65708,100.0
65709,100.0
65710,100.0
65711,100.0
65712,100.0
65713,100.0
65714,100.0
65715,100.0
65716,100.0
65717,100.0
65718,100.0
65719,100.0
65720,100.0
65721,100.0
65722,100.0
65723,100.0
65724,100.0
65725,100.0
65726,100.0
65727,100.0
65728,100.0
65729,100.0
65730,100.0
65731,100.0
65732,100.0
65733,100.0
65734,100.0
65735,100.0
65736,100.0
65737,100.0
65738,100.0
65739,100.0
65740,100.0
65741,100.0
65742,100.0
65743,100.0
65744,100.0
65745,100.0
65746,100.0
65747,100.0
65748,100.0
65749,100.0
65750,100.0
65751,100.0
65752,100.0
65753,100.0
65754,100.0
65755,100.0
65756,100.0
65757,100.0
65758,100.0
65759,100.0
65760,100.0
65761,100.0
65762,100.0
65763,100.0
65764,100.0
65765,100.0
65766,100.0
65767,100.0
65768,100.0
65769,100.0
65770,100.0
65771,100.0
65772,100.0
65773,100.0
65774,100.0
65775,100.0
65776,100.0
65777,100.0
65778,100.0
65779,100.0
65780,100.0
65781,100.0
65782,100.0
65783,100.0
65784,100.0
65785,100.0
65786,100.0
65787,100.0
65788,100.0
65789,100.0
65790,100.0
65791,100.0
65792,100.0
65793,100.0
65794,100.0
65795,100.0
65796,100.0
65797,100.0
65798,100.0
65799,100.0
65800,100.0
65801,100.0
65802,100.0
65803,100.0
65804,100.0
65805,100.0
65806,100.0
65807,100.0
65808,100.0
65809,100.0
65810,100.0
65811,100.0
65812,100.0
65813,100.0
65814,100.0
65815,100.0
65816,100.0
65817,100.0
65818,100.0
65819,100.0
65820,100.0
65821,100.0
65822,100.0
65823,100.0
65824,100.0
65825,100.0
65826,100.0
65827,100.0
65828,100.0
65829,100.0
65830,100.0
65831,100.0
65832,100.0
65833,100.0
65834,100.0
65835,100.0
65836,100.0
65837,100.0
65838,100.0
65839,100.0
65840,100.0
65841,100.0
65842,100.0
65843,100.0
65844,100.0
65845,100.0
65846,100.0
65847,100.0
65848,100.0
65849,100.0
65850,100.0
65851,100.0
65852,100.0
65853,100.0
65854,100.0
65855,100.0
65856,100.0
65857,100.0
65858,100.0
65859,100.0
65860,100.0
65861,100.0
65862,100.0
65863,100.0
65864,100.0
65865,100.0
65866,100.0
65867,100.0
65868,100.0
65869,100.0
65870,100.0
65871,100.0
65872,100.0
65873,100.0
65874,100.0
65875,100.0
65876,100.0
65877,100.0
65878,100.0
65879,100.0
65880,100.0
65881,100.0
65882,100.0
65883,100.0
65884,100.0
65885,100.0
65886,100.0
65887,100.0
65888,100.0
65889,100.0
65890,100.0
65891,100.0
65892,100.0
65893,100.0
65894,100.0
65895,100.0
65896,100.0
65897,100.0
65898,100.0
65899,100.0
65900,100.0
65901,100.0
65902,100.0
65903,100.0
65904,100.0
65905,100.0
65906,100.0
65907,100.0
65908,100.0
65909,100.0
65910,100.0
65911,100.0
65912,100.0
65913,100.0
65914,100.0
65915,100.0
65916,100.0
65917,100.0
65918,100.0
65919,100.0
65920,100.0
65921,100.0
65922,100.0
65923,100.0
65924,100.0
65925,100.0
65926,100.0
65927,100.0
65928,100.0
65929,100.0
65930,100.0
65931,100.0
65932,100.0
65933,100.0
65934,100.0
65935,100.0
65936,100.0
65937,100.0
65938,100.0
65939,100.0
65940,100.0
65941,100.0
65942,100.0
65943,100.0
65944,100.0
65945,100.0
65946,100.0
65947,100.0
65948,100.0
65949,100.0
65950,100.0
65951,100.0
65952,100.0
65953,100.0
65954,100.0
65955,100.0
65956,100.0
65957,100.0
65958,100.0
65959,100.0
65960,100.0
65961,100.0
65962,100.0
65963,100.0
65964,100.0
65965,100.0
65966,100.0
65967,100.0
65968,100.0
65969,100.0
65970,100.0
65971,100.0
65972,100.0
65973,100.0
65974,100.0
65975,100.0
65976,100.0
65977,100.0
65978,100.0
65979,100.0
65980,100.0
65981,100.0
65982,100.0
65983,100.0
65984,100.0
65985,100.0
65986,100.0
65987,100.0
65988,100.0
65989,100.0
65990,100.0
65991,100.0
65992,100.0
65993,100.0
65994,100.0
65995,100.0
65996,100.0
65997,100.0
65998,100.0
65999,100.0
66000,100.0
66001,100.0
66002,100.0
66003,100.0
66004,100.0
66005,100.0
66006,100.0
66007,100.0
66008,100.0
66009,100.0
66010,100.0
66011,100.0
66012,100.0
66013,100.0
66014,100.0
66015,100.0
66016,100.0
66017,100.0
66018,100.0
66019,100.0
66020,100.0
66021,100.0
66022,100.0
66023,100.0
66024,100.0
66025,100.0
66026,100.0
66027,100.0
66028,100.0
66029,100.0
66030,100.0
66031,100.0
66032,100.0
66033,100.0
66034,100.0
66035,100.0
66036,100.0
66037,100.0
66038,100.0
66039,100.0
66040,100.0
66041,100.0
66042,100.0
66043,100.0
66044,100.0
66045,100.0
66046,100.0
66047,100.0
66048,100.0
66049,100.0
66050,100.0
66051,100.0
66052,100.0
66053,100.0
66054,100.0
66055,100.0
66056,100.0
66057,100.0
66058,100.0
66059,100.0
66060,100.0
66061,100.0
66062,100.0
66063,100.0
66064,100.0
66065,100.0
66066,100.0
66067,100.0
66068,100.0
66069,100.0
66070,100.0
66071,100.0
66072,100.0
66073,100.0
66074,100.0
66075,100.0
66076,100.0
66077,100.0
66078,100.0
66079,100.0
66080,100.0
66081,100.0
66082,100.0
66083,100.0
66084,100.0
66085,100.0
66086,100.0
66087,100.0
66088,100.0
66089,100.0
66090,100.0
66091,100.0
66092,100.0
66093,100.0
66094,100.0
66095,100.0
66096,100.0
66097,100.0
66098,100.0
66099,100.0
66100,100.0
66101,100.0
66102,100.0
66103,100.0
66104,100.0
66105,100.0
66106,100.0
66107,100.0
66108,100.0
66109,100.0
66110,100.0
66111,100.0
66112,100.0
66113,100.0
66114,100.0
66115,100.0
66116,100.0
66117,100.0
66118,100.0
66119,100.0
66120,100.0
66121,100.0
66122,100.0
66123,100.0
66124,100.0
66125,100.0
66126,100.0
66127,100.0
66128,100.0
66129,100.0
66130,100.0
66131,100.0
66132,100.0
66133,100.0
66134,100.0
66135,100.0
66136,100.0
66137,100.0
66138,100.0
66139,100.0
66140,100.0
66141,100.0
66142,100.0
66143,100.0
66144,100.0
66145,100.0
66146,100.0
66147,100.0
66148,100.0
66149,100.0
66150,100.0
66151,100.0
66152,100.0
66153,100.0
66154,100.0
66155,100.0
66156,100.0
66157,100.0
66158,100.0
66159,100.0
66160,100.0
66161,100.0
66162,100.0
66163,100.0
66164,100.0
66165,100.0
66166,100.0
66167,100.0
66168,100.0
66169,100.0
66170,100.0
66171,100.0
66172,100.0
66173,100.0
66174,100.0
66175,100.0
66176,100.0
66177,100.0
66178,100.0
66179,100.0
66180,100.0
66181,100.0
66182,100.0
66183,100.0
66184,100.0
66185,100.0
66186,100.0
66187,100.0
66188,100.0
66189,100.0
66190,100.0
66191,100.0
66192,100.0
66193,100.0
66194,100.0
66195,100.0
66196,100.0
66197,100.0
66198,100.0
66199,100.0
66200,100.0
66201,100.0
66202,100.0
66203,100.0
66204,100.0
66205,100.0
66206,100.0
66207,100.0
66208,100.0
66209,100.0
66210,100.0
66211,100.0
66212,100.0
66213,100.0
66214,100.0
66215,100.0
66216,100.0
66217,100.0
66218,100.0
66219,100.0
66220,100.0
66221,100.0
66222,100.0
66223,100.0
66224,100.0
66225,100.0
66226,100.0
66227,100.0
66228,100.0
66229,100.0
66230,100.0
66231,100.0
66232,100.0
66233,100.0
66234,100.0
66235,100.0
66236,100.0
66237,100.0
66238,100.0
66239,100.0
66240,100.0
66241,100.0
66242,100.0
66243,100.0
66244,100.0
66245,100.0
66246,100.0
66247,100.0
66248,100.0
66249,100.0
66250,100.0
66251,100.0
66252,100.0
66253,100.0
66254,100.0
66255,100.0
66256,100.0
66257,100.0
66258,100.0
66259,100.0
66260,100.0
66261,100.0
66262,100.0
66263,100.0
66264,100.0
66265,100.0
66266,100.0
66267,100.0
66268,100.0
66269,100.0
66270,100.0
66271,100.0
66272,100.0
66273,100.0
66274,100.0
66275,100.0
66276,100.0
66277,100.0
66278,100.0
66279,100.0
66280,100.0
66281,100.0
66282,100.0
66283,100.0
66284,100.0
66285,100.0
66286,100.0
66287,100.0
66288,100.0
66289,100.0
66290,100.0
66291,100.0
66292,100.0
66293,100.0
66294,100.0
66295,100.0
66296,100.0
66297,100.0
66298,100.0
66299,100.0
66300,100.0
66301,100.0
66302,100.0
66303,100.0
66304,100.0
66305,100.0
66306,100.0
66307,100.0
66308,100.0
66309,100.0
66310,100.0
66311,100.0
66312,100.0
66313,100.0
66314,100.0
66315,100.0
66316,100.0
66317,100.0
66318,100.0
66319,100.0
66320,100.0
66321,100.0
66322,100.0
66323,100.0
66324,100.0
66325,100.0
66326,100.0
66327,100.0
66328,100.0
66329,100.0
66330,100.0
66331,100.0
66332,100.0
66333,100.0
66334,100.0
66335,100.0
66336,100.0
66337,100.0
66338,100.0
66339,100.0
66340,100.0
66341,100.0
66342,100.0
66343,100.0
66344,100.0
66345,100.0
66346,100.0
66347,100.0
66348,100.0
66349,100.0
66350,100.0
66351,100.0
66352,100.0
66353,100.0
66354,100.0
66355,100.0
66356,100.0
66357,100.0
66358,100.0
66359,100.0
66360,100.0
66361,100.0
66362,100.0
66363,100.0
66364,100.0
66365,100.0
66366,100.0
66367,100.0
66368,100.0
66369,100.0
66370,100.0
66371,100.0
66372,100.0
66373,100.0
66374,100.0
66375,100.0
66376,100.0
66377,100.0
66378,100.0
66379,100.0
66380,100.0
66381,100.0
66382,100.0
66383,100.0
66384,100.0
66385,100.0
66386,100.0
66387,100.0
66388,100.0
66389,100.0
66390,100.0
66391,100.0
66392,100.0
66393,100.0
66394,100.0
66395,100.0
66396,100.0
66397,100.0
66398,100.0
66399,100.0
66400,100.0
66401,100.0
66402,100.0
66403,100.0
66404,100.0
66405,100.0
66406,100.0
66407,100.0
66408,100.0
66409,100.0
66410,100.0
66411,100.0
66412,100.0
66413,100.0
66414,100.0
66415,100.0
66416,100.0
66417,100.0
66418,100.0
66419,100.0
66420,100.0
66421,100.0
66422,100.0
66423,100.0
66424,100.0
66425,100.0
66426,100.0
66427,100.0
66428,100.0
66429,100.0
66430,100.0
66431,100.0
66432,100.0
66433,100.0
66434,100.0
66435,100.0
66436,100.0
66437,100.0
66438,100.0
66439,100.0
66440,100.0
66441,100.0
66442,100.0
66443,100.0
66444,100.0
66445,100.0
66446,100.0
66447,100.0
66448,100.0
66449,100.0
66450,100.0
66451,100.0
66452,100.0
66453,100.0
66454,100.0
66455,100.0
66456,100.0
66457,100.0
66458,100.0
66459,100.0
66460,100.0
66461,100.0
66462,100.0
66463,100.0
66464,100.0
66465,100.0
66466,100.0
66467,100.0
66468,100.0
66469,100.0
66470,100.0
66471,100.0
66472,100.0
66473,100.0
66474,100.0
66475,100.0
66476,100.0
66477,100.0
66478,100.0
66479,100.0
66480,100.0
66481,100.0
66482,100.0
66483,100.0
66484,100.0
66485,100.0
66486,100.0
66487,100.0
66488,100.0
66489,100.0
66490,100.0
66491,100.0
66492,100.0
66493,100.0
66494,100.0
66495,100.0
66496,100.0
66497,100.0
66498,100.0
66499,100.0
66500,100.0
66501,100.0
66502,100.0
66503,100.0
66504,100.0
66505,100.0
66506,100.0
66507,100.0
66508,100.0
66509,100.0
66510,100.0
66511,100.0
66512,100.0
66513,100.0
66514,100.0
66515,100.0
66516,100.0
66517,100.0
66518,100.0
66519,100.0
66520,100.0
66521,100.0
66522,100.0
66523,100.0
66524,100.0
66525,100.0
66526,100.0
66527,100.0
66528,100.0
66529,100.0
66530,100.0
66531,100.0
66532,100.0
66533,100.0
66534,100.0
66535,100.0
66536,100.0
66537,100.0
66538,100.0
66539,100.0
66540,100.0
66541,100.0
66542,100.0
66543,100.0
66544,100.0
66545,100.0
66546,100.0
66547,100.0
66548,100.0
66549,100.0
66550,100.0
66551,100.0
66552,100.0
66553,100.0
66554,100.0
66555,100.0
66556,100.0
66557,100.0
66558,100.0
66559,100.0
66560,100.0
66561,100.0
66562,100.0
66563,100.0
66564,100.0
66565,100.0
66566,100.0
66567,100.0
66568,100.0
66569,100.0
66570,100.0
66571,100.0
66572,100.0
66573,100.0
66574,100.0
66575,100.0
66576,100.0
66577,100.0
66578,100.0
66579,100.0
66580,100.0
66581,100.0
66582,100.0
66583,100.0
66584,100.0
66585,100.0
66586,100.0
66587,100.0
66588,100.0
66589,100.0
66590,100.0
66591,100.0
66592,100.0
66593,100.0
66594,100.0
66595,100.0
66596,100.0
66597,100.0
66598,100.0
66599,100.0
66600,100.0
66601,100.0
66602,100.0
66603,100.0
66604,100.0
66605,100.0
66606,100.0
66607,100.0
66608,100.0
66609,100.0
66610,100.0
66611,100.0
66612,100.0
66613,100.0
66614,100.0
66615,100.0
66616,100.0
66617,100.0
66618,100.0
66619,100.0
66620,100.0
66621,100.0
66622,100.0
66623,100.0
66624,100.0
66625,100.0
66626,100.0
66627,100.0
66628,100.0
66629,100.0
66630,100.0
66631,100.0
66632,100.0
66633,100.0
66634,100.0
66635,100.0
66636,100.0
66637,100.0
66638,100.0
66639,100.0
66640,100.0
66641,100.0
66642,100.0
66643,100.0
66644,100.0
66645,100.0
66646,100.0
66647,100.0
66648,100.0
66649,100.0
66650,100.0
66651,100.0
66652,100.0
66653,100.0
66654,100.0
66655,100.0
66656,100.0
66657,100.0
66658,100.0
66659,100.0
66660,100.0
66661,100.0
66662,100.0
66663,100.0
66664,100.0
66665,100.0
66666,100.0
66667,100.0
66668,100.0
66669,100.0
66670,100.0
66671,100.0
66672,100.0
66673,100.0
66674,100.0
66675,100.0
66676,100.0
66677,100.0
66678,100.0
66679,100.0
66680,100.0
66681,100.0
66682,100.0
66683,100.0
66684,100.0
66685,100.0
66686,100.0
66687,100.0
66688,100.0
66689,100.0
66690,100.0
66691,100.0
66692,100.0
66693,100.0
66694,100.0
66695,100.0
66696,100.0
66697,100.0
66698,100.0
66699,100.0
66700,100.0
66701,100.0
66702,100.0
66703,100.0
66704,100.0
66705,100.0
66706,100.0
66707,100.0
66708,100.0
66709,100.0
66710,100.0
66711,100.0
66712,100.0
66713,100.0
66714,100.0
66715,100.0
66716,100.0
66717,100.0
66718,100.0
66719,100.0
66720,100.0
66721,100.0
66722,100.0
66723,100.0
66724,100.0
66725,100.0
66726,100.0
66727,100.0
66728,100.0
66729,100.0
66730,100.0
66731,100.0
66732,100.0
66733,100.0
66734,100.0
66735,100.0
66736,100.0
66737,100.0
66738,100.0
66739,100.0
66740,100.0
66741,100.0
66742,100.0
66743,100.0
66744,100.0
66745,100.0
66746,100.0
66747,100.0
66748,100.0
66749,100.0
66750,100.0
66751,100.0
66752,100.0
66753,100.0
66754,100.0
66755,100.0
66756,100.0
66757,100.0
66758,100.0
66759,100.0
66760,100.0
66761,100.0
66762,100.0
66763,100.0
66764,100.0
66765,100.0
66766,100.0
66767,100.0
66768,100.0
66769,100.0
66770,100.0
66771,100.0
66772,100.0
66773,100.0
66774,100.0
66775,100.0
66776,100.0
66777,100.0
66778,100.0
66779,100.0
66780,100.0
66781,100.0
66782,100.0
66783,100.0
66784,100.0
66785,100.0
66786,100.0
66787,100.0
66788,100.0
66789,100.0
66790,100.0
66791,100.0
66792,100.0
66793,100.0
66794,100.0
66795,100.0
66796,100.0
66797,100.0
66798,100.0
66799,100.0
66800,100.0
66801,100.0
66802,100.0
66803,100.0
66804,100.0
66805,100.0
66806,100.0
66807,100.0
66808,100.0
66809,100.0
66810,100.0
66811,100.0
66812,100.0
66813,100.0
66814,100.0
66815,100.0
66816,100.0
66817,100.0
66818,100.0
66819,100.0
66820,100.0
66821,100.0
66822,100.0
66823,100.0
66824,100.0
66825,100.0
66826,100.0
66827,100.0
66828,100.0
66829,100.0
66830,100.0
66831,100.0
66832,100.0
66833,100.0
66834,100.0
66835,100.0
66836,100.0
66837,100.0
66838,100.0
66839,100.0
66840,100.0
66841,100.0
66842,100.0
66843,100.0
66844,100.0
66845,100.0
66846,100.0
66847,100.0
66848,100.0
66849,100.0
66850,100.0
66851,100.0
66852,100.0
66853,100.0
66854,100.0
66855,100.0
66856,100.0
66857,100.0
66858,100.0
66859,100.0
66860,100.0
66861,100.0
66862,100.0
66863,100.0
66864,100.0
66865,100.0
66866,100.0
66867,100.0
66868,100.0
66869,100.0
66870,100.0
66871,100.0
66872,100.0
66873,100.0
66874,100.0
66875,100.0
66876,100.0
66877,100.0
66878,100.0
66879,100.0
66880,100.0
66881,100.0
66882,100.0
66883,100.0
66884,100.0
66885,100.0
66886,100.0
66887,100.0
66888,100.0
66889,100.0
66890,100.0
66891,100.0
66892,100.0
66893,100.0
66894,100.0
66895,100.0
66896,100.0
66897,100.0
66898,100.0
66899,100.0
66900,100.0
66901,100.0
66902,100.0
66903,100.0
66904,100.0
66905,100.0
66906,100.0
66907,100.0
66908,100.0
66909,100.0
66910,100.0
66911,100.0
66912,100.0
66913,100.0
66914,100.0
66915,100.0
66916,100.0
66917,100.0
66918,100.0
66919,100.0
66920,100.0
66921,100.0
66922,100.0
66923,100.0
66924,100.0
66925,100.0
66926,100.0
66927,100.0
66928,100.0
66929,100.0
66930,100.0
66931,100.0
66932,100.0
66933,100.0
66934,100.0
66935,100.0
66936,100.0
66937,100.0
66938,100.0
66939,100.0
66940,100.0
66941,100.0
66942,100.0
66943,100.0
66944,100.0
66945,100.0
66946,100.0
66947,100.0
66948,100.0
66949,100.0
66950,100.0
66951,100.0
66952,100.0
66953,100.0
66954,100.0
66955,100.0
66956,100.0
66957,100.0
66958,100.0
66959,100.0
66960,100.0
66961,100.0
66962,100.0
66963,100.0
66964,100.0
66965,100.0
66966,100.0
66967,100.0
66968,100.0
66969,100.0
66970,100.0
66971,100.0
66972,100.0
66973,100.0
66974,100.0
66975,100.0
66976,100.0
66977,100.0
66978,100.0
66979,100.0
66980,100.0
66981,100.0
66982,100.0
66983,100.0
66984,100.0
66985,100.0
66986,100.0
66987,100.0
66988,100.0
66989,100.0
66990,100.0
66991,100.0
66992,100.0
66993,100.0
66994,100.0
66995,100.0
66996,100.0
66997,100.0
66998,100.0
66999,100.0
67000,100.0
67001,100.0
67002,100.0
67003,100.0
67004,100.0
67005,100.0
67006,100.0
67007,100.0
67008,100.0
67009,100.0
67010,100.0
67011,100.0
67012,100.0
67013,100.0
67014,100.0
67015,100.0
67016,100.0
67017,100.0
67018,100.0
67019,100.0
67020,100.0
67021,100.0
67022,100.0
67023,100.0
67024,100.0
67025,100.0
67026,100.0
67027,100.0
67028,100.0
67029,100.0
67030,100.0
67031,100.0
67032,100.0
67033,100.0
67034,100.0
67035,100.0
67036,100.0
67037,100.0
67038,100.0
67039,100.0
67040,100.0
67041,100.0
67042,100.0
67043,100.0
67044,100.0
67045,100.0
67046,100.0
67047,100.0
67048,100.0
67049,100.0
67050,100.0
67051,100.0
67052,100.0
67053,100.0
67054,100.0
67055,100.0
67056,100.0
67057,100.0
67058,100.0
67059,100.0
67060,100.0
67061,100.0
67062,100.0
67063,100.0
67064,100.0
67065,100.0
67066,100.0
67067,100.0
67068,100.0
67069,100.0
67070,100.0
67071,100.0
67072,100.0
67073,100.0
67074,100.0
67075,100.0
67076,100.0
67077,100.0
67078,100.0
67079,100.0
67080,100.0
67081,100.0
67082,100.0
67083,100.0
67084,100.0
67085,100.0
67086,100.0
67087,100.0
67088,100.0
67089,100.0
67090,100.0
67091,100.0
67092,100.0
67093,100.0
67094,100.0
67095,100.0
67096,100.0
67097,100.0
67098,100.0
67099,100.0
67100,100.0
67101,100.0
67102,100.0
67103,100.0
67104,100.0
67105,100.0
67106,100.0
67107,100.0
67108,100.0
67109,100.0
67110,100.0
67111,100.0
67112,100.0
67113,100.0
67114,100.0
67115,100.0
67116,100.0
67117,100.0
67118,100.0
67119,100.0
67120,100.0
67121,100.0
67122,100.0
67123,100.0
67124,100.0
67125,100.0
67126,100.0
67127,100.0
67128,100.0
67129,100.0
67130,100.0
67131,100.0
67132,100.0
67133,100.0
67134,100.0
67135,100.0
67136,100.0
67137,100.0
67138,100.0
67139,100.0
67140,100.0
67141,100.0
67142,100.0
67143,100.0
67144,100.0
67145,100.0
67146,100.0
67147,100.0
67148,100.0
67149,100.0
67150,100.0
67151,100.0
67152,100.0
67153,100.0
67154,100.0
67155,100.0
67156,100.0
67157,100.0
67158,100.0
67159,100.0
67160,100.0
67161,100.0
67162,100.0
67163,100.0
67164,100.0
67165,100.0
67166,100.0
67167,100.0
67168,100.0
67169,100.0
67170,100.0
67171,100.0
67172,100.0
67173,100.0
67174,100.0
67175,100.0
67176,100.0
67177,100.0
67178,100.0
67179,100.0
67180,100.0
67181,100.0
67182,100.0
67183,100.0
67184,100.0
67185,100.0
67186,100.0
67187,100.0
67188,100.0
67189,100.0
67190,100.0
67191,100.0
67192,100.0
67193,100.0
67194,100.0
67195,100.0
67196,100.0
67197,100.0
67198,100.0
67199,100.0
67200,100.0
67201,100.0
67202,100.0
67203,100.0
67204,100.0
67205,100.0
67206,100.0
67207,100.0
67208,100.0
67209,100.0
67210,100.0
67211,100.0
67212,100.0
67213,100.0
67214,100.0
67215,100.0
67216,100.0
67217,100.0
67218,100.0
67219,100.0
67220,100.0
67221,100.0
67222,100.0
67223,100.0
67224,100.0
67225,100.0
67226,100.0
67227,100.0
67228,100.0
67229,100.0
67230,100.0
67231,100.0
67232,100.0
67233,100.0
67234,100.0
67235,100.0
67236,100.0
67237,100.0
67238,100.0
67239,100.0
67240,100.0
67241,100.0
67242,100.0
67243,100.0
67244,100.0
67245,100.0
67246,100.0
67247,100.0
67248,100.0
67249,100.0
67250,100.0
67251,100.0
67252,100.0
67253,100.0
67254,100.0
67255,100.0
67256,100.0
67257,100.0
67258,100.0
67259,100.0
67260,100.0
67261,100.0
67262,100.0
67263,100.0
67264,100.0
67265,100.0
67266,100.0
67267,100.0
67268,100.0
67269,100.0
67270,100.0
67271,100.0
67272,100.0
67273,100.0
67274,100.0
67275,100.0
67276,100.0
67277,100.0
67278,100.0
67279,100.0
67280,100.0
67281,100.0
67282,100.0
67283,100.0
67284,100.0
67285,100.0
67286,100.0
67287,100.0
67288,100.0
67289,100.0
67290,100.0
67291,100.0
67292,100.0
67293,100.0
67294,100.0
67295,100.0
67296,100.0
67297,100.0
67298,100.0
67299,100.0
67300,100.0
67301,100.0
67302,100.0
67303,100.0
67304,100.0
67305,100.0
67306,100.0
67307,100.0
67308,100.0
67309,100.0
67310,100.0
67311,100.0
67312,100.0
67313,100.0
67314,100.0
67315,100.0
67316,100.0
67317,100.0
67318,100.0
67319,100.0
67320,100.0
67321,100.0
67322,100.0
67323,100.0
67324,100.0
67325,100.0
67326,100.0
67327,100.0
67328,100.0
67329,100.0
67330,100.0
67331,100.0
67332,100.0
67333,100.0
67334,100.0
67335,100.0
67336,100.0
67337,100.0
67338,100.0
67339,100.0
67340,100.0
67341,100.0
67342,100.0
67343,100.0
67344,100.0
67345,100.0
67346,100.0
67347,100.0
67348,100.0
67349,100.0
67350,100.0
67351,100.0
67352,100.0
67353,100.0
67354,100.0
67355,100.0
67356,100.0
67357,100.0
67358,100.0
67359,100.0
67360,100.0
67361,100.0
67362,100.0
67363,100.0
67364,100.0
67365,100.0
67366,100.0
67367,100.0
67368,100.0
67369,100.0
67370,100.0
67371,100.0
67372,100.0
67373,100.0
67374,100.0
67375,100.0
67376,100.0
67377,100.0
67378,100.0
67379,100.0
67380,100.0
67381,100.0
67382,100.0
67383,100.0
67384,100.0
67385,100.0
67386,100.0
67387,100.0
67388,100.0
67389,100.0
67390,100.0
67391,100.0
67392,100.0
67393,100.0
67394,100.0
67395,100.0
67396,100.0
67397,100.0
67398,100.0
67399,100.0
67400,100.0
67401,100.0
67402,100.0
67403,100.0
67404,100.0
67405,100.0
67406,100.0
67407,100.0
67408,100.0
67409,100.0
67410,100.0
67411,100.0
67412,100.0
67413,100.0
67414,100.0
67415,100.0
67416,100.0
67417,100.0
67418,100.0
67419,100.0
67420,100.0
67421,100.0
67422,100.0
67423,100.0
67424,100.0
67425,100.0
67426,100.0
67427,100.0
67428,100.0
67429,100.0
67430,100.0
67431,100.0
67432,100.0
67433,100.0
67434,100.0
67435,100.0
67436,100.0
67437,100.0
67438,100.0
67439,100.0
67440,100.0
67441,100.0
67442,100.0
67443,100.0
67444,100.0
67445,100.0
67446,100.0
67447,100.0
67448,100.0
67449,100.0
67450,100.0
67451,100.0
67452,100.0
67453,100.0
67454,100.0
67455,100.0
67456,100.0
67457,100.0
67458,100.0
67459,100.0
67460,100.0
67461,100.0
67462,100.0
67463,100.0
67464,100.0
67465,100.0
67466,100.0
67467,100.0
67468,100.0
67469,100.0
67470,100.0
67471,100.0
67472,100.0
67473,100.0
67474,100.0
67475,100.0
67476,100.0
67477,100.0
67478,100.0
67479,100.0
67480,100.0
67481,100.0
67482,100.0
67483,100.0
67484,100.0
67485,100.0
67486,100.0
67487,100.0
67488,100.0
67489,100.0
67490,100.0
67491,100.0
67492,100.0
67493,100.0
67494,100.0
67495,100.0
67496,100.0
67497,100.0
67498,100.0
67499,100.0
67500,100.0
67501,100.0
67502,100.0
67503,100.0
67504,100.0
67505,100.0
67506,100.0
67507,100.0
67508,100.0
67509,100.0
67510,100.0
67511,100.0
67512,100.0
67513,100.0
67514,100.0
67515,100.0
67516,100.0
67517,100.0
67518,100.0
67519,100.0
67520,100.0
67521,100.0
67522,100.0
67523,100.0
67524,100.0
67525,100.0
67526,100.0
67527,100.0
67528,100.0
67529,100.0
67530,100.0
67531,100.0
67532,100.0
67533,100.0
67534,100.0
67535,100.0
67536,100.0
67537,100.0
67538,100.0
67539,100.0
67540,100.0
67541,100.0
67542,100.0
67543,100.0
67544,100.0
67545,100.0
67546,100.0
67547,100.0
67548,100.0
67549,100.0
67550,100.0
67551,100.0
67552,100.0
67553,100.0
67554,100.0
67555,100.0
67556,100.0
67557,100.0
67558,100.0
67559,100.0
67560,100.0
67561,100.0
67562,100.0
67563,100.0
67564,100.0
67565,100.0
67566,100.0
67567,100.0
67568,100.0
67569,100.0
67570,100.0
67571,100.0
67572,100.0
67573,100.0
67574,100.0
67575,100.0
67576,100.0
67577,100.0
67578,100.0
67579,100.0
67580,100.0
67581,100.0
67582,100.0
67583,100.0
67584,100.0
67585,100.0
67586,100.0
67587,100.0
67588,100.0
67589,100.0
67590,100.0
67591,100.0
67592,100.0
67593,100.0
67594,100.0
67595,100.0
67596,100.0
67597,100.0
67598,100.0
67599,100.0
67600,100.0
67601,100.0
67602,100.0
67603,100.0
67604,100.0
67605,100.0
67606,100.0
67607,100.0
67608,100.0
67609,100.0
67610,100.0
67611,100.0
67612,100.0
67613,100.0
67614,100.0
67615,100.0
67616,100.0
67617,100.0
67618,100.0
67619,100.0
67620,100.0
67621,100.0
67622,100.0
67623,100.0
67624,100.0
67625,100.0
67626,100.0
67627,100.0
67628,100.0
67629,100.0
67630,100.0
67631,100.0
67632,100.0
67633,100.0
67634,100.0
67635,100.0
67636,100.0
67637,100.0
67638,100.0
67639,100.0
67640,100.0
67641,100.0
67642,100.0
67643,100.0
67644,100.0
67645,100.0
67646,100.0
67647,100.0
67648,100.0
67649,100.0
67650,100.0
67651,100.0
67652,100.0
67653,100.0
67654,100.0
67655,100.0
67656,100.0
67657,100.0
67658,100.0
67659,100.0
67660,100.0
67661,100.0
67662,100.0
67663,100.0
67664,100.0
67665,100.0
67666,100.0
67667,100.0
67668,100.0
67669,100.0
67670,100.0
67671,100.0
67672,100.0
67673,100.0
67674,100.0
67675,100.0
67676,100.0
67677,100.0
67678,100.0
67679,100.0
67680,100.0
67681,100.0
67682,100.0
67683,100.0
67684,100.0
67685,100.0
67686,100.0
67687,100.0
67688,100.0
67689,100.0
67690,100.0
67691,100.0
67692,100.0
67693,100.0
67694,100.0
67695,100.0
67696,100.0
67697,100.0
67698,100.0
67699,100.0
67700,100.0
67701,100.0
67702,100.0
67703,100.0
67704,100.0
67705,100.0
67706,100.0
67707,100.0
67708,100.0
67709,100.0
67710,100.0
67711,100.0
67712,100.0
67713,100.0
67714,100.0
67715,100.0
67716,100.0
67717,100.0
67718,100.0
67719,100.0
67720,100.0
67721,100.0
67722,100.0
67723,100.0
67724,100.0
67725,100.0
67726,100.0
67727,100.0
67728,100.0
67729,100.0
67730,100.0
67731,100.0
67732,100.0
67733,100.0
67734,100.0
67735,100.0
67736,100.0
67737,100.0
67738,100.0
67739,100.0
67740,100.0
67741,100.0
67742,100.0
67743,100.0
67744,100.0
67745,100.0
67746,100.0
67747,100.0
67748,100.0
67749,100.0
67750,100.0
67751,100.0
67752,100.0
67753,100.0
67754,100.0
67755,100.0
67756,100.0
67757,100.0
67758,100.0
67759,100.0
67760,100.0
67761,100.0
67762,100.0
67763,100.0
67764,100.0
67765,100.0
67766,100.0
67767,100.0
67768,100.0
67769,100.0
67770,100.0
67771,100.0
67772,100.0
67773,100.0
67774,100.0
67775,100.0
67776,100.0
67777,100.0
67778,100.0
67779,100.0
67780,100.0
67781,100.0
67782,100.0
67783,100.0
67784,100.0
67785,100.0
67786,100.0
67787,100.0
67788,100.0
67789,100.0
67790,100.0
67791,100.0
67792,100.0
67793,100.0
67794,100.0
67795,100.0
67796,100.0
67797,100.0
67798,100.0
67799,100.0
67800,100.0
67801,100.0
67802,100.0
67803,100.0
67804,100.0
67805,100.0
67806,100.0
67807,100.0
67808,100.0
67809,100.0
67810,100.0
67811,100.0
67812,100.0
67813,100.0
67814,100.0
67815,100.0
67816,100.0
67817,100.0
67818,100.0
67819,100.0
67820,100.0
67821,100.0
67822,100.0
67823,100.0
67824,100.0
67825,100.0
67826,100.0
67827,100.0
67828,100.0
67829,100.0
67830,100.0
67831,100.0
67832,100.0
67833,100.0
67834,100.0
67835,100.0
67836,100.0
67837,100.0
67838,100.0
67839,100.0
67840,100.0
67841,100.0
67842,100.0
67843,100.0
67844,100.0
67845,100.0
67846,100.0
67847,100.0
67848,100.0
67849,100.0
67850,100.0
67851,100.0
67852,100.0
67853,100.0
67854,100.0
67855,100.0
67856,100.0
67857,100.0
67858,100.0
67859,100.0
67860,100.0
67861,100.0
67862,100.0
67863,100.0
67864,100.0
67865,100.0
67866,100.0
67867,100.0
67868,100.0
67869,100.0
67870,100.0
67871,100.0
67872,100.0
67873,100.0
67874,100.0
67875,100.0
67876,100.0
67877,100.0
67878,100.0
67879,100.0
67880,100.0
67881,100.0
67882,100.0
67883,100.0
67884,100.0
67885,100.0
67886,100.0
67887,100.0
67888,100.0
67889,100.0
67890,100.0
67891,100.0
67892,100.0
67893,100.0
67894,100.0
67895,100.0
67896,100.0
67897,100.0
67898,100.0
67899,100.0
67900,100.0
67901,100.0
67902,100.0
67903,100.0
67904,100.0
67905,100.0
67906,100.0
67907,100.0
67908,100.0
67909,100.0
67910,100.0
67911,100.0
67912,100.0
67913,100.0
67914,100.0
67915,100.0
67916,100.0
67917,100.0
67918,100.0
67919,100.0
67920,100.0
67921,100.0
67922,100.0
67923,100.0
67924,100.0
67925,100.0
67926,100.0
67927,100.0
67928,100.0
67929,100.0
67930,100.0
67931,100.0
67932,100.0
67933,100.0
67934,100.0
67935,100.0
67936,100.0
67937,100.0
67938,100.0
67939,100.0
67940,100.0
67941,100.0
67942,100.0
67943,100.0
67944,100.0
67945,100.0
67946,100.0
67947,100.0
67948,100.0
67949,100.0
67950,100.0
67951,100.0
67952,100.0
67953,100.0
67954,100.0
67955,100.0
67956,100.0
67957,100.0
67958,100.0
67959,100.0
67960,100.0
67961,100.0
67962,100.0
67963,100.0
67964,100.0
67965,100.0
67966,100.0
67967,100.0
67968,100.0
67969,100.0
67970,100.0
67971,100.0
67972,100.0
67973,100.0
67974,100.0
67975,100.0
67976,100.0
67977,100.0
67978,100.0
67979,100.0
67980,100.0
67981,100.0
67982,100.0
67983,100.0
67984,100.0
67985,100.0
67986,100.0
67987,100.0
67988,100.0
67989,100.0
67990,100.0
67991,100.0
67992,100.0
67993,100.0
67994,100.0
67995,100.0
67996,100.0
67997,100.0
67998,100.0
67999,100.0
68000,100.0
68001,100.0
68002,100.0
68003,100.0
68004,100.0
68005,100.0
68006,100.0
68007,100.0
68008,100.0
68009,100.0
68010,100.0
68011,100.0
68012,100.0
68013,100.0
68014,100.0
68015,100.0
68016,100.0
68017,100.0
68018,100.0
68019,100.0
68020,100.0
68021,100.0
68022,100.0
68023,100.0
68024,100.0
68025,100.0
68026,100.0
68027,100.0
68028,100.0
68029,100.0
68030,100.0
68031,100.0
68032,100.0
68033,100.0
68034,100.0
68035,100.0
68036,100.0
68037,100.0
68038,100.0
68039,100.0
68040,100.0
68041,100.0
68042,100.0
68043,100.0
68044,100.0
68045,100.0
68046,100.0
68047,100.0
68048,100.0
68049,100.0
68050,100.0
68051,100.0
68052,100.0
68053,100.0
68054,100.0
68055,100.0
68056,100.0
68057,100.0
68058,100.0
68059,100.0
68060,100.0
68061,100.0
68062,100.0
68063,100.0
68064,100.0
68065,100.0
68066,100.0
68067,100.0
68068,100.0
68069,100.0
68070,100.0
68071,100.0
68072,100.0
68073,100.0
68074,100.0
68075,100.0
68076,100.0
68077,100.0
68078,100.0
68079,100.0
68080,100.0
68081,100.0
68082,100.0
68083,100.0
68084,100.0
68085,100.0
68086,100.0
68087,100.0
68088,100.0
68089,100.0
68090,100.0
68091,100.0
68092,100.0
68093,100.0
68094,100.0
68095,100.0
68096,100.0
68097,100.0
68098,100.0
68099,100.0
68100,100.0
68101,100.0
68102,100.0
68103,100.0
68104,100.0
68105,100.0
68106,100.0
68107,100.0
68108,100.0
68109,100.0
68110,100.0
68111,100.0
68112,100.0
68113,100.0
68114,100.0
68115,100.0
68116,100.0
68117,100.0
68118,100.0
68119,100.0
68120,100.0
68121,100.0
68122,100.0
68123,100.0
68124,100.0
68125,100.0
68126,100.0
68127,100.0
68128,100.0
68129,100.0
68130,100.0
68131,100.0
68132,100.0
68133,100.0
68134,100.0
68135,100.0
68136,100.0
68137,100.0
68138,100.0
68139,100.0
68140,100.0
68141,100.0
68142,100.0
68143,100.0
68144,100.0
68145,100.0
68146,100.0
68147,100.0
68148,100.0
68149,100.0
68150,100.0
68151,100.0
68152,100.0
68153,100.0
68154,100.0
68155,100.0
68156,100.0
68157,100.0
68158,100.0
68159,100.0
68160,100.0
68161,100.0
68162,100.0
68163,100.0
68164,100.0
68165,100.0
68166,100.0
68167,100.0
68168,100.0
68169,100.0
68170,100.0
68171,100.0
68172,100.0
68173,100.0
68174,100.0
68175,100.0
68176,100.0
68177,100.0
68178,100.0
68179,100.0
68180,100.0
68181,100.0
68182,100.0
68183,100.0
68184,100.0
68185,100.0
68186,100.0
68187,100.0
68188,100.0
68189,100.0
68190,100.0
68191,100.0
68192,100.0
68193,100.0
68194,100.0
68195,100.0
68196,100.0
68197,100.0
68198,100.0
68199,100.0
68200,100.0
68201,100.0
68202,100.0
68203,100.0
68204,100.0
68205,100.0
68206,100.0
68207,100.0
68208,100.0
68209,100.0
68210,100.0
68211,100.0
68212,100.0
68213,100.0
68214,100.0
68215,100.0
68216,100.0
68217,100.0
68218,100.0
68219,100.0
68220,100.0
68221,100.0
68222,100.0
68223,100.0
68224,100.0
68225,100.0
68226,100.0
68227,100.0
68228,100.0
68229,100.0
68230,100.0
68231,100.0
68232,100.0
68233,100.0
68234,100.0
68235,100.0
68236,100.0
68237,100.0
68238,100.0
68239,100.0
68240,100.0
68241,100.0
68242,100.0
68243,100.0
68244,100.0
68245,100.0
68246,100.0
68247,100.0
68248,100.0
68249,100.0
68250,100.0
68251,100.0
68252,100.0
68253,100.0
68254,100.0
68255,100.0
68256,100.0
68257,100.0
68258,100.0
68259,100.0
68260,100.0
68261,100.0
68262,100.0
68263,100.0
68264,100.0
68265,100.0
68266,100.0
68267,100.0
68268,100.0
68269,100.0
68270,100.0
68271,100.0
68272,100.0
68273,100.0
68274,100.0
68275,100.0
68276,100.0
68277,100.0
68278,100.0
68279,100.0
68280,100.0
68281,100.0
68282,100.0
68283,100.0
68284,100.0
68285,100.0
68286,100.0
68287,100.0
68288,100.0
68289,100.0
68290,100.0
68291,100.0
68292,100.0
68293,100.0
68294,100.0
68295,100.0
68296,100.0
68297,100.0
68298,100.0
68299,100.0
68300,100.0
68301,100.0
68302,100.0
68303,100.0
68304,100.0
68305,100.0
68306,100.0
68307,100.0
68308,100.0
68309,100.0
68310,100.0
68311,100.0
68312,100.0
68313,100.0
68314,100.0
68315,100.0
68316,100.0
68317,100.0
68318,100.0
68319,100.0
68320,100.0
68321,100.0
68322,100.0
68323,100.0
68324,100.0
68325,100.0
68326,100.0
68327,100.0
68328,100.0
68329,100.0
68330,100.0
68331,100.0
68332,100.0
68333,100.0
68334,100.0
68335,100.0
68336,100.0
68337,100.0
68338,100.0
68339,100.0
68340,100.0
68341,100.0
68342,100.0
68343,100.0
68344,100.0
68345,100.0
68346,100.0
68347,100.0
68348,100.0
68349,100.0
68350,100.0
68351,100.0
68352,100.0
68353,100.0
68354,100.0
68355,100.0
68356,100.0
68357,100.0
68358,100.0
68359,100.0
68360,100.0
68361,100.0
68362,100.0
68363,100.0
68364,100.0
68365,100.0
68366,100.0
68367,100.0
68368,100.0
68369,100.0
68370,100.0
68371,100.0
68372,100.0
68373,100.0
68374,100.0
68375,100.0
68376,100.0
68377,100.0
68378,100.0
68379,100.0
68380,100.0
68381,100.0
68382,100.0
68383,100.0
68384,100.0
68385,100.0
68386,100.0
68387,100.0
68388,100.0
68389,100.0
68390,100.0
68391,100.0
68392,100.0
68393,100.0
68394,100.0
68395,100.0
68396,100.0
68397,100.0
68398,100.0
68399,100.0
68400,100.0
68401,100.0
68402,100.0
68403,100.0
68404,100.0
68405,100.0
68406,100.0
68407,100.0
68408,100.0
68409,100.0
68410,100.0
68411,100.0
68412,100.0
68413,100.0
68414,100.0
68415,100.0
68416,100.0
68417,100.0
68418,100.0
68419,100.0
68420,100.0
68421,100.0
68422,100.0
68423,100.0
68424,100.0
68425,100.0
68426,100.0
68427,100.0
68428,100.0
68429,100.0
68430,100.0
68431,100.0
68432,100.0
68433,100.0
68434,100.0
68435,100.0
68436,100.0
68437,100.0
68438,100.0
68439,100.0
68440,100.0
68441,100.0
68442,100.0
68443,100.0
68444,100.0
68445,100.0
68446,100.0
68447,100.0
68448,100.0
68449,100.0
68450,100.0
68451,100.0
68452,100.0
68453,100.0
68454,100.0
68455,100.0
68456,100.0
68457,100.0
68458,100.0
68459,100.0
68460,100.0
68461,100.0
68462,100.0
68463,100.0
68464,100.0
68465,100.0
68466,100.0
68467,100.0
68468,100.0
68469,100.0
68470,100.0
68471,100.0
68472,100.0
68473,100.0
68474,100.0
68475,100.0
68476,100.0
68477,100.0
68478,100.0
68479,100.0
68480,100.0
68481,100.0
68482,100.0
68483,100.0
68484,100.0
68485,100.0
68486,100.0
68487,100.0
68488,100.0
68489,100.0
68490,100.0
68491,100.0
68492,100.0
68493,100.0
68494,100.0
68495,100.0
68496,100.0
68497,100.0
68498,100.0
68499,100.0
68500,100.0
68501,100.0
68502,100.0
68503,100.0
68504,100.0
68505,100.0
68506,100.0
68507,100.0
68508,100.0
68509,100.0
68510,100.0
68511,100.0
68512,100.0
68513,100.0
68514,100.0
68515,100.0
68516,100.0
68517,100.0
68518,100.0
68519,100.0
68520,100.0
68521,100.0
68522,100.0
68523,100.0
68524,100.0
68525,100.0
68526,100.0
68527,100.0
68528,100.0
68529,100.0
68530,100.0
68531,100.0
68532,100.0
68533,100.0
68534,100.0
68535,100.0
68536,100.0
68537,100.0
68538,100.0
68539,100.0
68540,100.0
68541,100.0
68542,100.0
68543,100.0
68544,100.0
68545,100.0
68546,100.0
68547,100.0
68548,100.0
68549,100.0
68550,100.0
68551,100.0
68552,100.0
68553,100.0
68554,100.0
68555,100.0
68556,100.0
68557,100.0
68558,100.0
68559,100.0
68560,100.0
68561,100.0
68562,100.0
68563,100.0
68564,100.0
68565,100.0
68566,100.0
68567,100.0
68568,100.0
68569,100.0
68570,100.0
68571,100.0
68572,100.0
68573,100.0
68574,100.0
68575,100.0
68576,100.0
68577,100.0
68578,100.0
68579,100.0
68580,100.0
68581,100.0
68582,100.0
68583,100.0
68584,100.0
68585,100.0
68586,100.0
68587,100.0
68588,100.0
68589,100.0
68590,100.0
68591,100.0
68592,100.0
68593,100.0
68594,100.0
68595,100.0
68596,100.0
68597,100.0
68598,100.0
68599,100.0
68600,100.0
68601,100.0
68602,100.0
68603,100.0
68604,100.0
68605,100.0
68606,100.0
68607,100.0
68608,100.0
68609,100.0
68610,100.0
68611,100.0
68612,100.0
68613,100.0
68614,100.0
68615,100.0
68616,100.0
68617,100.0
68618,100.0
68619,100.0
68620,100.0
68621,100.0
68622,100.0
68623,100.0
68624,100.0
68625,100.0
68626,100.0
68627,100.0
68628,100.0
68629,100.0
68630,100.0
68631,100.0
68632,100.0
68633,100.0
68634,100.0
68635,100.0
68636,100.0
68637,100.0
68638,100.0
68639,100.0
68640,100.0
68641,100.0
68642,100.0
68643,100.0
68644,100.0
68645,100.0
68646,100.0
68647,100.0
68648,100.0
68649,100.0
68650,100.0
68651,100.0
68652,100.0
68653,100.0
68654,100.0
68655,100.0
68656,100.0
68657,100.0
68658,100.0
68659,100.0
68660,100.0
68661,100.0
68662,100.0
68663,100.0
68664,100.0
68665,100.0
68666,100.0
68667,100.0
68668,100.0
68669,100.0
68670,100.0
68671,100.0
68672,100.0
68673,100.0
68674,100.0
68675,100.0
68676,100.0
68677,100.0
68678,100.0
68679,100.0
68680,100.0
68681,100.0
68682,100.0
68683,100.0
68684,100.0
68685,100.0
68686,100.0
68687,100.0
68688,100.0
68689,100.0
68690,100.0
68691,100.0
68692,100.0
68693,100.0
68694,100.0
68695,100.0
68696,100.0
68697,100.0
68698,100.0
68699,100.0
68700,100.0
68701,100.0
68702,100.0
68703,100.0
68704,100.0
68705,100.0
68706,100.0
68707,100.0
68708,100.0
68709,100.0
68710,100.0
68711,100.0
68712,100.0
68713,100.0
68714,100.0
68715,100.0
68716,100.0
68717,100.0
68718,100.0
68719,100.0
68720,100.0
68721,100.0
68722,100.0
68723,100.0
68724,100.0
68725,100.0
68726,100.0
68727,100.0
68728,100.0
68729,100.0
68730,100.0
68731,100.0
68732,100.0
68733,100.0
68734,100.0
68735,100.0
68736,100.0
68737,100.0
68738,100.0
68739,100.0
68740,100.0
68741,100.0
68742,100.0
68743,100.0
68744,100.0
68745,100.0
68746,100.0
68747,100.0
68748,100.0
68749,100.0
68750,100.0
68751,100.0
68752,100.0
68753,100.0
68754,100.0
68755,100.0
68756,100.0
68757,100.0
68758,100.0
68759,100.0
68760,100.0
68761,100.0
68762,100.0
68763,100.0
68764,100.0
68765,100.0
68766,100.0
68767,100.0
68768,100.0
68769,100.0
68770,100.0
68771,100.0
68772,100.0
68773,100.0
68774,100.0
68775,100.0
68776,100.0
68777,100.0
68778,100.0
68779,100.0
68780,100.0
68781,100.0
68782,100.0
68783,100.0
68784,100.0
68785,100.0
68786,100.0
68787,100.0
68788,100.0
68789,100.0
68790,100.0
68791,100.0
68792,100.0
68793,100.0
68794,100.0
68795,100.0
68796,100.0
68797,100.0
68798,100.0
68799,100.0
68800,100.0
68801,100.0
68802,100.0
68803,100.0
68804,100.0
68805,100.0
68806,100.0
68807,100.0
68808,100.0
68809,100.0
68810,100.0
68811,100.0
68812,100.0
68813,100.0
68814,100.0
68815,100.0
68816,100.0
68817,100.0
68818,100.0
68819,100.0
68820,100.0
68821,100.0
68822,100.0
68823,100.0
68824,100.0
68825,100.0
68826,100.0
68827,100.0
68828,100.0
68829,100.0
68830,100.0
68831,100.0
68832,100.0
68833,100.0
68834,100.0
68835,100.0
68836,100.0
68837,100.0
68838,100.0
68839,100.0
68840,100.0
68841,100.0
68842,100.0
68843,100.0
68844,100.0
68845,100.0
68846,100.0
68847,100.0
68848,100.0
68849,100.0
68850,100.0
68851,100.0
68852,100.0
68853,100.0
68854,100.0
68855,100.0
68856,100.0
68857,100.0
68858,100.0
68859,100.0
68860,100.0
68861,100.0
68862,100.0
68863,100.0
68864,100.0
68865,100.0
68866,100.0
68867,100.0
68868,100.0
68869,100.0
68870,100.0
68871,100.0
68872,100.0
68873,100.0
68874,100.0
68875,100.0
68876,100.0
68877,100.0
68878,100.0
68879,100.0
68880,100.0
68881,100.0
68882,100.0
68883,100.0
68884,100.0
68885,100.0
68886,100.0
68887,100.0
68888,100.0
68889,100.0
68890,100.0
68891,100.0
68892,100.0
68893,100.0
68894,100.0
68895,100.0
68896,100.0
68897,100.0
68898,100.0
68899,100.0
68900,100.0
68901,100.0
68902,100.0
68903,100.0
68904,100.0
68905,100.0
68906,100.0
68907,100.0
68908,100.0
68909,100.0
68910,100.0
68911,100.0
68912,100.0
68913,100.0
68914,100.0
68915,100.0
68916,100.0
68917,100.0
68918,100.0
68919,100.0
68920,100.0
68921,100.0
68922,100.0
68923,100.0
68924,100.0
68925,100.0
68926,100.0
68927,100.0
68928,100.0
68929,100.0
68930,100.0
68931,100.0
68932,100.0
68933,100.0
68934,100.0
68935,100.0
68936,100.0
68937,100.0
68938,100.0
68939,100.0
68940,100.0
68941,100.0
68942,100.0
68943,100.0
68944,100.0
68945,100.0
68946,100.0
68947,100.0
68948,100.0
68949,100.0
68950,100.0
68951,100.0
68952,100.0
68953,100.0
68954,100.0
68955,100.0
68956,100.0
68957,100.0
68958,100.0
68959,100.0
68960,100.0
68961,100.0
68962,100.0
68963,100.0
68964,100.0
68965,100.0
68966,100.0
68967,100.0
68968,100.0
68969,100.0
68970,100.0
68971,100.0
68972,100.0
68973,100.0
68974,100.0
68975,100.0
68976,100.0
68977,100.0
68978,100.0
68979,100.0
68980,100.0
68981,100.0
68982,100.0
68983,100.0
68984,100.0
68985,100.0
68986,100.0
68987,100.0
68988,100.0
68989,100.0
68990,100.0
68991,100.0
68992,100.0
68993,100.0
68994,100.0
68995,100.0
68996,100.0
68997,100.0
68998,100.0
68999,100.0
69000,100.0
69001,100.0
69002,100.0
69003,100.0
69004,100.0
69005,100.0
69006,100.0
69007,100.0
69008,100.0
69009,100.0
69010,100.0
69011,100.0
69012,100.0
69013,100.0
69014,100.0
69015,100.0
69016,100.0
69017,100.0
69018,100.0
69019,100.0
69020,100.0
69021,100.0
69022,100.0
69023,100.0
69024,100.0
69025,100.0
69026,100.0
69027,100.0
69028,100.0
69029,100.0
69030,100.0
69031,100.0
69032,100.0
69033,100.0
69034,100.0
69035,100.0
69036,100.0
69037,100.0
69038,100.0
69039,100.0
69040,100.0
69041,100.0
69042,100.0
69043,100.0
69044,100.0
69045,100.0
69046,100.0
69047,100.0
69048,100.0
69049,100.0
69050,100.0
69051,100.0
69052,100.0
69053,100.0
69054,100.0
69055,100.0
69056,100.0
69057,100.0
69058,100.0
69059,100.0
69060,100.0
69061,100.0
69062,100.0
69063,100.0
69064,100.0
69065,100.0
69066,100.0
69067,100.0
69068,100.0
69069,100.0
69070,100.0
69071,100.0
69072,100.0
69073,100.0
69074,100.0
69075,100.0
69076,100.0
69077,100.0
69078,100.0
69079,100.0
69080,100.0
69081,100.0
69082,100.0
69083,100.0
69084,100.0
69085,100.0
69086,100.0
69087,100.0
69088,100.0
69089,100.0
69090,100.0
69091,100.0
69092,100.0
69093,100.0
69094,100.0
69095,100.0
69096,100.0
69097,100.0
69098,100.0
69099,100.0
69100,100.0
69101,100.0
69102,100.0
69103,100.0
69104,100.0
69105,100.0
69106,100.0
69107,100.0
69108,100.0
69109,100.0
69110,100.0
69111,100.0
69112,100.0
69113,100.0
69114,100.0
69115,100.0
69116,100.0
69117,100.0
69118,100.0
69119,100.0
69120,100.0
69121,100.0
69122,100.0
69123,100.0
69124,100.0
69125,100.0
69126,100.0
69127,100.0
69128,100.0
69129,100.0
69130,100.0
69131,100.0
69132,100.0
69133,100.0
69134,100.0
69135,100.0
69136,100.0
69137,100.0
69138,100.0
69139,100.0
69140,100.0
69141,100.0
69142,100.0
69143,100.0
69144,100.0
69145,100.0
69146,100.0
69147,100.0
69148,100.0
69149,100.0
69150,100.0
69151,100.0
69152,100.0
69153,100.0
69154,100.0
69155,100.0
69156,100.0
69157,100.0
69158,100.0
69159,100.0
69160,100.0
69161,100.0
69162,100.0
69163,100.0
69164,100.0
69165,100.0
69166,100.0
69167,100.0
69168,100.0
69169,100.0
69170,100.0
69171,100.0
69172,100.0
69173,100.0
69174,100.0
69175,100.0
69176,100.0
69177,100.0
69178,100.0
69179,100.0
69180,100.0
69181,100.0
69182,100.0
69183,100.0
69184,100.0
69185,100.0
69186,100.0
69187,100.0
69188,100.0
69189,100.0
69190,100.0
69191,100.0
69192,100.0
69193,100.0
69194,100.0
69195,100.0
69196,100.0
69197,100.0
69198,100.0
69199,100.0
69200,100.0
69201,100.0
69202,100.0
69203,100.0
69204,100.0
69205,100.0
69206,100.0
69207,100.0
69208,100.0
69209,100.0
69210,100.0
69211,100.0
69212,100.0
69213,100.0
69214,100.0
69215,100.0
69216,100.0
69217,100.0
69218,100.0
69219,100.0
69220,100.0
69221,100.0
69222,100.0
69223,100.0
69224,100.0
69225,100.0
69226,100.0
69227,100.0
69228,100.0
69229,100.0
69230,100.0
69231,100.0
69232,100.0
69233,100.0
69234,100.0
69235,100.0
69236,100.0
69237,100.0
69238,100.0
69239,100.0
69240,100.0
69241,100.0
69242,100.0
69243,100.0
69244,100.0
69245,100.0
69246,100.0
69247,100.0
69248,100.0
69249,100.0
69250,100.0
69251,100.0
69252,100.0
69253,100.0
69254,100.0
69255,100.0
69256,100.0
69257,100.0
69258,100.0
69259,100.0
69260,100.0
69261,100.0
69262,100.0
69263,100.0
69264,100.0
69265,100.0
69266,100.0
69267,100.0
69268,100.0
69269,100.0
69270,100.0
69271,100.0
69272,100.0
69273,100.0
69274,100.0
69275,100.0
69276,100.0
69277,100.0
69278,100.0
69279,100.0
69280,100.0
69281,100.0
69282,100.0
69283,100.0
69284,100.0
69285,100.0
69286,100.0
69287,100.0
69288,100.0
69289,100.0
69290,100.0
69291,100.0
69292,100.0
69293,100.0
69294,100.0
69295,100.0
69296,100.0
69297,100.0
69298,100.0
69299,100.0
69300,100.0
69301,100.0
69302,100.0
69303,100.0
69304,100.0
69305,100.0
69306,100.0
69307,100.0
69308,100.0
69309,100.0
69310,100.0
69311,100.0
69312,100.0
69313,100.0
69314,100.0
69315,100.0
69316,100.0
69317,100.0
69318,100.0
69319,100.0
69320,100.0
69321,100.0
69322,100.0
69323,100.0
69324,100.0
69325,100.0
69326,100.0
69327,100.0
69328,100.0
69329,100.0
69330,100.0
69331,100.0
69332,100.0
69333,100.0
69334,100.0
69335,100.0
69336,100.0
69337,100.0
69338,100.0
69339,100.0
69340,100.0
69341,100.0
69342,100.0
69343,100.0
69344,100.0
69345,100.0
69346,100.0
69347,100.0
69348,100.0
69349,100.0
69350,100.0
69351,100.0
69352,100.0
69353,100.0
69354,100.0
69355,100.0
69356,100.0
69357,100.0
69358,100.0
69359,100.0
69360,100.0
69361,100.0
69362,100.0
69363,100.0
69364,100.0
69365,100.0
69366,100.0
69367,100.0
69368,100.0
69369,100.0
69370,100.0
69371,100.0
69372,100.0
69373,100.0
69374,100.0
69375,100.0
69376,100.0
69377,100.0
69378,100.0
69379,100.0
69380,100.0
69381,100.0
69382,100.0
69383,100.0
69384,100.0
69385,100.0
69386,100.0
69387,100.0
69388,100.0
69389,100.0
69390,100.0
69391,100.0
69392,100.0
69393,100.0
69394,100.0
69395,100.0
69396,100.0
69397,100.0
69398,100.0
69399,100.0
69400,100.0
69401,100.0
69402,100.0
69403,100.0
69404,100.0
69405,100.0
69406,100.0
69407,100.0
69408,100.0
69409,100.0
69410,100.0
69411,100.0
69412,100.0
69413,100.0
69414,100.0
69415,100.0
69416,100.0
69417,100.0
69418,100.0
69419,100.0
69420,100.0
69421,100.0
69422,100.0
69423,100.0
69424,100.0
69425,100.0
69426,100.0
69427,100.0
69428,100.0
69429,100.0
69430,100.0
69431,100.0
69432,100.0
69433,100.0
69434,100.0
69435,100.0
69436,100.0
69437,100.0
69438,100.0
69439,100.0
69440,100.0
69441,100.0
69442,100.0
69443,100.0
69444,100.0
69445,100.0
69446,100.0
69447,100.0
69448,100.0
69449,100.0
69450,100.0
69451,100.0
69452,100.0
69453,100.0
69454,100.0
69455,100.0
69456,100.0
69457,100.0
69458,100.0
69459,100.0
69460,100.0
69461,100.0
69462,100.0
69463,100.0
69464,100.0
69465,100.0
69466,100.0
69467,100.0
69468,100.0
69469,100.0
69470,100.0
69471,100.0
69472,100.0
69473,100.0
69474,100.0
69475,100.0
69476,100.0
69477,100.0
69478,100.0
69479,100.0
69480,100.0
69481,100.0
69482,100.0
69483,100.0
69484,100.0
69485,100.0
69486,100.0
69487,100.0
69488,100.0
69489,100.0
69490,100.0
69491,100.0
69492,100.0
69493,100.0
69494,100.0
69495,100.0
69496,100.0
69497,100.0
69498,100.0
69499,100.0
69500,100.0
69501,100.0
69502,100.0
69503,100.0
69504,100.0
69505,100.0
69506,100.0
69507,100.0
69508,100.0
69509,100.0
69510,100.0
69511,100.0
69512,100.0
69513,100.0
69514,100.0
69515,100.0
69516,100.0
69517,100.0
69518,100.0
69519,100.0
69520,100.0
69521,100.0
69522,100.0
69523,100.0
69524,100.0
69525,100.0
69526,100.0
69527,100.0
69528,100.0
69529,100.0
69530,100.0
69531,100.0
69532,100.0
69533,100.0
69534,100.0
69535,100.0
69536,100.0
69537,100.0
69538,100.0
69539,100.0
69540,100.0
69541,100.0
69542,100.0
69543,100.0
69544,100.0
69545,100.0
69546,100.0
69547,100.0
69548,100.0
69549,100.0
69550,100.0
69551,100.0
69552,100.0
69553,100.0
69554,100.0
69555,100.0
69556,100.0
69557,100.0
69558,100.0
69559,100.0
69560,100.0
69561,100.0
69562,100.0
69563,100.0
69564,100.0
69565,100.0
69566,100.0
69567,100.0
69568,100.0
69569,100.0
69570,100.0
69571,100.0
69572,100.0
69573,100.0
69574,100.0
69575,100.0
69576,100.0
69577,100.0
69578,100.0
69579,100.0
69580,100.0
69581,100.0
69582,100.0
69583,100.0
69584,100.0
69585,100.0
69586,100.0
69587,100.0
69588,100.0
69589,100.0
69590,100.0
69591,100.0
69592,100.0
69593,100.0
69594,100.0
69595,100.0
69596,100.0
69597,100.0
69598,100.0
69599,100.0
69600,100.0
69601,100.0
69602,100.0
69603,100.0
69604,100.0
69605,100.0
69606,100.0
69607,100.0
69608,100.0
69609,100.0
69610,100.0
69611,100.0
69612,100.0
69613,100.0
69614,100.0
69615,100.0
69616,100.0
69617,100.0
69618,100.0
69619,100.0
69620,100.0
69621,100.0
69622,100.0
69623,100.0
69624,100.0
69625,100.0
69626,100.0
69627,100.0
69628,100.0
69629,100.0
69630,100.0
69631,100.0
69632,100.0
69633,100.0
69634,100.0
69635,100.0
69636,100.0
69637,100.0
69638,100.0
69639,100.0
69640,100.0
69641,100.0
69642,100.0
69643,100.0
69644,100.0
69645,100.0
69646,100.0
69647,100.0
69648,100.0
69649,100.0
69650,100.0
69651,100.0
69652,100.0
69653,100.0
69654,100.0
69655,100.0
69656,100.0
69657,100.0
69658,100.0
69659,100.0
69660,100.0
69661,100.0
69662,100.0
69663,100.0
69664,100.0
69665,100.0
69666,100.0
69667,100.0
69668,100.0
69669,100.0
69670,100.0
69671,100.0
69672,100.0
69673,100.0
69674,100.0
69675,100.0
69676,100.0
69677,100.0
69678,100.0
69679,100.0
69680,100.0
69681,100.0
69682,100.0
69683,100.0
69684,100.0
69685,100.0
69686,100.0
69687,100.0
69688,100.0
69689,100.0
69690,100.0
69691,100.0
69692,100.0
69693,100.0
69694,100.0
69695,100.0
69696,100.0
69697,100.0
69698,100.0
69699,100.0
69700,100.0
69701,100.0
69702,100.0
69703,100.0
69704,100.0
69705,100.0
69706,100.0
69707,100.0
69708,100.0
69709,100.0
69710,100.0
69711,100.0
69712,100.0
69713,100.0
69714,100.0
69715,100.0
69716,100.0
69717,100.0
69718,100.0
69719,100.0
69720,100.0
69721,100.0
69722,100.0
69723,100.0
69724,100.0
69725,100.0
69726,100.0
69727,100.0
69728,100.0
69729,100.0
69730,100.0
69731,100.0
69732,100.0
69733,100.0
69734,100.0
69735,100.0
69736,100.0
69737,100.0
69738,100.0
69739,100.0
69740,100.0
69741,100.0
69742,100.0
69743,100.0
69744,100.0
69745,100.0
69746,100.0
69747,100.0
69748,100.0
69749,100.0
69750,100.0
69751,100.0
69752,100.0
69753,100.0
69754,100.0
69755,100.0
69756,100.0
69757,100.0
69758,100.0
69759,100.0
69760,100.0
69761,100.0
69762,100.0
69763,100.0
69764,100.0
69765,100.0
69766,100.0
69767,100.0
69768,100.0
69769,100.0
69770,100.0
69771,100.0
69772,100.0
69773,100.0
69774,100.0
69775,100.0
69776,100.0
69777,100.0
69778,100.0
69779,100.0
69780,100.0
69781,100.0
69782,100.0
69783,100.0
69784,100.0
69785,100.0
69786,100.0
69787,100.0
69788,100.0
69789,100.0
69790,100.0
69791,100.0
69792,100.0
69793,100.0
69794,100.0
69795,100.0
69796,100.0
69797,100.0
69798,100.0
69799,100.0
69800,100.0
69801,100.0
69802,100.0
69803,100.0
69804,100.0
69805,100.0
69806,100.0
69807,100.0
69808,100.0
69809,100.0
69810,100.0
69811,100.0
69812,100.0
69813,100.0
69814,100.0
69815,100.0
69816,100.0
69817,100.0
69818,100.0
69819,100.0
69820,100.0
69821,100.0
69822,100.0
69823,100.0
69824,100.0
69825,100.0
69826,100.0
69827,100.0
69828,100.0
69829,100.0
69830,100.0
69831,100.0
69832,100.0
69833,100.0
69834,100.0
69835,100.0
69836,100.0
69837,100.0
69838,100.0
69839,100.0
69840,100.0
69841,100.0
69842,100.0
69843,100.0
69844,100.0
69845,100.0
69846,100.0
69847,100.0
69848,100.0
69849,100.0
69850,100.0
69851,100.0
69852,100.0
69853,100.0
69854,100.0
69855,100.0
69856,100.0
69857,100.0
69858,100.0
69859,100.0
69860,100.0
69861,100.0
69862,100.0
69863,100.0
69864,100.0
69865,100.0
69866,100.0
69867,100.0
69868,100.0
69869,100.0
69870,100.0
69871,100.0
69872,100.0
69873,100.0
69874,100.0
69875,100.0
69876,100.0
69877,100.0
69878,100.0
69879,100.0
69880,100.0
69881,100.0
69882,100.0
69883,100.0
69884,100.0
69885,100.0
69886,100.0
69887,100.0
69888,100.0
69889,100.0
69890,100.0
69891,100.0
69892,100.0
69893,100.0
69894,100.0
69895,100.0
69896,100.0
69897,100.0
69898,100.0
69899,100.0
69900,100.0
69901,100.0
69902,100.0
69903,100.0
69904,100.0
69905,100.0
69906,100.0
69907,100.0
69908,100.0
69909,100.0
69910,100.0
69911,100.0
69912,100.0
69913,100.0
69914,100.0
69915,100.0
69916,100.0
69917,100.0
69918,100.0
69919,100.0
69920,100.0
69921,100.0
69922,100.0
69923,100.0
69924,100.0
69925,100.0
69926,100.0
69927,100.0
69928,100.0
69929,100.0
69930,100.0
69931,100.0
69932,100.0
69933,100.0
69934,100.0
69935,100.0
69936,100.0
69937,100.0
69938,100.0
69939,100.0
69940,100.0
69941,100.0
69942,100.0
69943,100.0
69944,100.0
69945,100.0
69946,100.0
69947,100.0
69948,100.0
69949,100.0
69950,100.0
69951,100.0
69952,100.0
69953,100.0
69954,100.0
69955,100.0
69956,100.0
69957,100.0
69958,100.0
69959,100.0
69960,100.0
69961,100.0
69962,100.0
69963,100.0
69964,100.0
69965,100.0
69966,100.0
69967,100.0
69968,100.0
69969,100.0
69970,100.0
69971,100.0
69972,100.0
69973,100.0
69974,100.0
69975,100.0
69976,100.0
69977,100.0
69978,100.0
69979,100.0
69980,100.0
69981,100.0
69982,100.0
69983,100.0
69984,100.0
69985,100.0
69986,100.0
69987,100.0
69988,100.0
69989,100.0
69990,100.0
69991,100.0
69992,100.0
69993,100.0
69994,100.0
69995,100.0
69996,100.0
69997,100.0
69998,100.0
69999,100.0
70000,100.0
70001,100.0
70002,100.0
70003,100.0
70004,100.0
70005,100.0
70006,100.0
70007,100.0
70008,100.0
70009,100.0
70010,100.0
70011,100.0
70012,100.0
70013,100.0
70014,100.0
70015,100.0
70016,100.0
70017,100.0
70018,100.0
70019,100.0
70020,100.0
70021,100.0
70022,100.0
70023,100.0
70024,100.0
70025,100.0
70026,100.0
70027,100.0
70028,100.0
70029,100.0
70030,100.0
70031,100.0
70032,100.0
70033,100.0
70034,100.0
70035,100.0
70036,100.0
70037,100.0
70038,100.0
70039,100.0
70040,100.0
70041,100.0
70042,100.0
70043,100.0
70044,100.0
70045,100.0
70046,100.0
70047,100.0
70048,100.0
70049,100.0
70050,100.0
70051,100.0
70052,100.0
70053,100.0
70054,100.0
70055,100.0
70056,100.0
70057,100.0
70058,100.0
70059,100.0
70060,100.0
70061,100.0
70062,100.0
70063,100.0
70064,100.0
70065,100.0
70066,100.0
70067,100.0
70068,100.0
70069,100.0
70070,100.0
70071,100.0
70072,100.0
70073,100.0
70074,100.0
70075,100.0
70076,100.0
70077,100.0
70078,100.0
70079,100.0
70080,100.0
70081,100.0
70082,100.0
70083,100.0
70084,100.0
70085,100.0
70086,100.0
70087,100.0
70088,100.0
70089,100.0
70090,100.0
70091,100.0
70092,100.0
70093,100.0
70094,100.0
70095,100.0
70096,100.0
70097,100.0
70098,100.0
70099,100.0
70100,100.0
70101,100.0
70102,100.0
70103,100.0
70104,100.0
70105,100.0
70106,100.0
70107,100.0
70108,100.0
70109,100.0
70110,100.0
70111,100.0
70112,100.0
70113,100.0
70114,100.0
70115,100.0
70116,100.0
70117,100.0
70118,100.0
70119,100.0
70120,100.0
70121,100.0
70122,100.0
70123,100.0
70124,100.0
70125,100.0
70126,100.0
70127,100.0
70128,100.0
70129,100.0
70130,100.0
70131,100.0
70132,100.0
70133,100.0
70134,100.0
70135,100.0
70136,100.0
70137,100.0
70138,100.0
70139,100.0
70140,100.0
70141,100.0
70142,100.0
70143,100.0
70144,100.0
70145,100.0
70146,100.0
70147,100.0
70148,100.0
70149,100.0
70150,100.0
70151,100.0
70152,100.0
70153,100.0
70154,100.0
70155,100.0
70156,100.0
70157,100.0
70158,100.0
70159,100.0
70160,100.0
70161,100.0
70162,100.0
70163,100.0
70164,100.0
70165,100.0
70166,100.0
70167,100.0
70168,100.0
70169,100.0
70170,100.0
70171,100.0
70172,100.0
70173,100.0
70174,100.0
70175,100.0
70176,100.0
70177,100.0
70178,100.0
70179,100.0
70180,100.0
70181,100.0
70182,100.0
70183,100.0
70184,100.0
70185,100.0
70186,100.0
70187,100.0
70188,100.0
70189,100.0
70190,100.0
70191,100.0
70192,100.0
70193,100.0
70194,100.0
70195,100.0
70196,100.0
70197,100.0
70198,100.0
70199,100.0
70200,100.0
70201,100.0
70202,100.0
70203,100.0
70204,100.0
70205,100.0
70206,100.0
70207,100.0
70208,100.0
70209,100.0
70210,100.0
70211,100.0
70212,100.0
70213,100.0
70214,100.0
70215,100.0
70216,100.0
70217,100.0
70218,100.0
70219,100.0
70220,100.0
70221,100.0
70222,100.0
70223,100.0
70224,100.0
70225,100.0
70226,100.0
70227,100.0
70228,100.0
70229,100.0
70230,100.0
70231,100.0
70232,100.0
70233,100.0
70234,100.0
70235,100.0
70236,100.0
70237,100.0
70238,100.0
70239,100.0
70240,100.0
70241,100.0
70242,100.0
70243,100.0
70244,100.0
70245,100.0
70246,100.0
70247,100.0
70248,100.0
70249,100.0
70250,100.0
70251,100.0
70252,100.0
70253,100.0
70254,100.0
70255,100.0
70256,100.0
70257,100.0
70258,100.0
70259,100.0
70260,100.0
70261,100.0
70262,100.0
70263,100.0
70264,100.0
70265,100.0
70266,100.0
70267,100.0
70268,100.0
70269,100.0
70270,100.0
70271,100.0
70272,100.0
70273,100.0
70274,100.0
70275,100.0
70276,100.0
70277,100.0
70278,100.0
70279,100.0
70280,100.0
70281,100.0
70282,100.0
70283,100.0
70284,100.0
70285,100.0
70286,100.0
70287,100.0
70288,100.0
70289,100.0
70290,100.0
70291,100.0
70292,100.0
70293,100.0
70294,100.0
70295,100.0
70296,100.0
70297,100.0
70298,100.0
70299,100.0
70300,100.0
70301,100.0
70302,100.0
70303,100.0
70304,100.0
70305,100.0
70306,100.0
70307,100.0
70308,100.0
70309,100.0
70310,100.0
70311,100.0
70312,100.0
70313,100.0
70314,100.0
70315,100.0
70316,100.0
70317,100.0
70318,100.0
70319,100.0
70320,100.0
70321,100.0
70322,100.0
70323,100.0
70324,100.0
70325,100.0
70326,100.0
70327,100.0
70328,100.0
70329,100.0
70330,100.0
70331,100.0
70332,100.0
70333,100.0
70334,100.0
70335,100.0
70336,100.0
70337,100.0
70338,100.0
70339,100.0
70340,100.0
70341,100.0
70342,100.0
70343,100.0
70344,100.0
70345,100.0
70346,100.0
70347,100.0
70348,100.0
70349,100.0
70350,100.0
70351,100.0
70352,100.0
70353,100.0
70354,100.0
70355,100.0
70356,100.0
70357,100.0
70358,100.0
70359,100.0
70360,100.0
70361,100.0
70362,100.0
70363,100.0
70364,100.0
70365,100.0
70366,100.0
70367,100.0
70368,100.0
70369,100.0
70370,100.0
70371,100.0
70372,100.0
70373,100.0
70374,100.0
70375,100.0
70376,100.0
70377,100.0
70378,100.0
70379,100.0
70380,100.0
70381,100.0
70382,100.0
70383,100.0
70384,100.0
70385,100.0
70386,100.0
70387,100.0
70388,100.0
70389,100.0
70390,100.0
70391,100.0
70392,100.0
70393,100.0
70394,100.0
70395,100.0
70396,100.0
70397,100.0
70398,100.0
70399,100.0
70400,100.0
70401,100.0
70402,100.0
70403,100.0
70404,100.0
70405,100.0
70406,100.0
70407,100.0
70408,100.0
70409,100.0
70410,100.0
70411,100.0
70412,100.0
70413,100.0
70414,100.0
70415,100.0
70416,100.0
70417,100.0
70418,100.0
70419,100.0
70420,100.0
70421,100.0
70422,100.0
70423,100.0
70424,100.0
70425,100.0
70426,100.0
70427,100.0
70428,100.0
70429,100.0
70430,100.0
70431,100.0
70432,100.0
70433,100.0
70434,100.0
70435,100.0
70436,100.0
70437,100.0
70438,100.0
70439,100.0
70440,100.0
70441,100.0
70442,100.0
70443,100.0
70444,100.0
70445,100.0
70446,100.0
70447,100.0
70448,100.0
70449,100.0
70450,100.0
70451,100.0
70452,100.0
70453,100.0
70454,100.0
70455,100.0
70456,100.0
70457,100.0
70458,100.0
70459,100.0
70460,100.0
70461,100.0
70462,100.0
70463,100.0
70464,100.0
70465,100.0
70466,100.0
70467,100.0
70468,100.0
70469,100.0
70470,100.0
70471,100.0
70472,100.0
70473,100.0
70474,100.0
70475,100.0
70476,100.0
70477,100.0
70478,100.0
70479,100.0
70480,100.0
70481,100.0
70482,100.0
70483,100.0
70484,100.0
70485,100.0
70486,100.0
70487,100.0
70488,100.0
70489,100.0
70490,100.0
70491,100.0
70492,100.0
70493,100.0
70494,100.0
70495,100.0
70496,100.0
70497,100.0
70498,100.0
70499,100.0
70500,100.0
70501,100.0
70502,100.0
70503,100.0
70504,100.0
70505,100.0
70506,100.0
70507,100.0
70508,100.0
70509,100.0
70510,100.0
70511,100.0
70512,100.0
70513,100.0
70514,100.0
70515,100.0
70516,100.0
70517,100.0
70518,100.0
70519,100.0
70520,100.0
70521,100.0
70522,100.0
70523,100.0
70524,100.0
70525,100.0
70526,100.0
70527,100.0
70528,100.0
70529,100.0
70530,100.0
70531,100.0
70532,100.0
70533,100.0
70534,100.0
70535,100.0
70536,100.0
70537,100.0
70538,100.0
70539,100.0
70540,100.0
70541,100.0
70542,100.0
70543,100.0
70544,100.0
70545,100.0
70546,100.0
70547,100.0
70548,100.0
70549,100.0
70550,100.0
70551,100.0
70552,100.0
70553,100.0
70554,100.0
70555,100.0
70556,100.0
70557,100.0
70558,100.0
70559,100.0
70560,100.0
70561,100.0
70562,100.0
70563,100.0
70564,100.0
70565,100.0
70566,100.0
70567,100.0
70568,100.0
70569,100.0
70570,100.0
70571,100.0
70572,100.0
70573,100.0
70574,100.0
70575,100.0
70576,100.0
70577,100.0
70578,100.0
70579,100.0
70580,100.0
70581,100.0
70582,100.0
70583,100.0
70584,100.0
70585,100.0
70586,100.0
70587,100.0
70588,100.0
70589,100.0
70590,100.0
70591,100.0
70592,100.0
70593,100.0
70594,100.0
70595,100.0
70596,100.0
70597,100.0
70598,100.0
70599,100.0
70600,100.0
70601,100.0
70602,100.0
70603,100.0
70604,100.0
70605,100.0
70606,100.0
70607,100.0
70608,100.0
70609,100.0
70610,100.0
70611,100.0
70612,100.0
70613,100.0
70614,100.0
70615,100.0
70616,100.0
70617,100.0
70618,100.0
70619,100.0
70620,100.0
70621,100.0
70622,100.0
70623,100.0
70624,100.0
70625,100.0
70626,100.0
70627,100.0
70628,100.0
70629,100.0
70630,100.0
70631,100.0
70632,100.0
70633,100.0
70634,100.0
70635,100.0
70636,100.0
70637,100.0
70638,100.0
70639,100.0
70640,100.0
70641,100.0
70642,100.0
70643,100.0
70644,100.0
70645,100.0
70646,100.0
70647,100.0
70648,100.0
70649,100.0
70650,100.0
70651,100.0
70652,100.0
70653,100.0
70654,100.0
70655,100.0
70656,100.0
70657,100.0
70658,100.0
70659,100.0
70660,100.0
70661,100.0
70662,100.0
70663,100.0
70664,100.0
70665,100.0
70666,100.0
70667,100.0
70668,100.0
70669,100.0
70670,100.0
70671,100.0
70672,100.0
70673,100.0
70674,100.0
70675,100.0
70676,100.0
70677,100.0
70678,100.0
70679,100.0
70680,100.0
70681,100.0
70682,100.0
70683,100.0
70684,100.0
70685,100.0
70686,100.0
70687,100.0
70688,100.0
70689,100.0
70690,100.0
70691,100.0
70692,100.0
70693,100.0
70694,100.0
70695,100.0
70696,100.0
70697,100.0
70698,100.0
70699,100.0
70700,100.0
70701,100.0
70702,100.0
70703,100.0
70704,100.0
70705,100.0
70706,100.0
70707,100.0
70708,100.0
70709,100.0
70710,100.0
70711,100.0
70712,100.0
70713,100.0
70714,100.0
70715,100.0
70716,100.0
70717,100.0
70718,100.0
70719,100.0
70720,100.0
70721,100.0
70722,100.0
70723,100.0
70724,100.0
70725,100.0
70726,100.0
70727,100.0
70728,100.0
70729,100.0
70730,100.0
70731,100.0
70732,100.0
70733,100.0
70734,100.0
70735,100.0
70736,100.0
70737,100.0
70738,100.0
70739,100.0
70740,100.0
70741,100.0
70742,100.0
70743,100.0
70744,100.0
70745,100.0
70746,100.0
70747,100.0
70748,100.0
70749,100.0
70750,100.0
70751,100.0
70752,100.0
70753,100.0
70754,100.0
70755,100.0
70756,100.0
70757,100.0
70758,100.0
70759,100.0
70760,100.0
70761,100.0
70762,100.0
70763,100.0
70764,100.0
70765,100.0
70766,100.0
70767,100.0
70768,100.0
70769,100.0
70770,100.0
70771,100.0
70772,100.0
70773,100.0
70774,100.0
70775,100.0
70776,100.0
70777,100.0
70778,100.0
70779,100.0
70780,100.0
70781,100.0
70782,100.0
70783,100.0
70784,100.0
70785,100.0
70786,100.0
70787,100.0
70788,100.0
70789,100.0
70790,100.0
70791,100.0
70792,100.0
70793,100.0
70794,100.0
70795,100.0
70796,100.0
70797,100.0
70798,100.0
70799,100.0
70800,100.0
70801,100.0
70802,100.0
70803,100.0
70804,100.0
70805,100.0
70806,100.0
70807,100.0
70808,100.0
70809,100.0
70810,100.0
70811,100.0
70812,100.0
70813,100.0
70814,100.0
70815,100.0
70816,100.0
70817,100.0
70818,100.0
70819,100.0
70820,100.0
70821,100.0
70822,100.0
70823,100.0
70824,100.0
70825,100.0
70826,100.0
70827,100.0
70828,100.0
70829,100.0
70830,100.0
70831,100.0
70832,100.0
70833,100.0
70834,100.0
70835,100.0
70836,100.0
70837,100.0
70838,100.0
70839,100.0
70840,100.0
70841,100.0
70842,100.0
70843,100.0
70844,100.0
70845,100.0
70846,100.0
70847,100.0
70848,100.0
70849,100.0
70850,100.0
70851,100.0
70852,100.0
70853,100.0
70854,100.0
70855,100.0
70856,100.0
70857,100.0
70858,100.0
70859,100.0
70860,100.0
70861,100.0
70862,100.0
70863,100.0
70864,100.0
70865,100.0
70866,100.0
70867,100.0
70868,100.0
70869,100.0
70870,100.0
70871,100.0
70872,100.0
70873,100.0
70874,100.0
70875,100.0
70876,100.0
70877,100.0
70878,100.0
70879,100.0
70880,100.0
70881,100.0
70882,100.0
70883,100.0
70884,100.0
70885,100.0
70886,100.0
70887,100.0
70888,100.0
70889,100.0
70890,100.0
70891,100.0
70892,100.0
70893,100.0
70894,100.0
70895,100.0
70896,100.0
70897,100.0
70898,100.0
70899,100.0
70900,100.0
70901,100.0
70902,100.0
70903,100.0
70904,100.0
70905,100.0
70906,100.0
70907,100.0
70908,100.0
70909,100.0
70910,100.0
70911,100.0
70912,100.0
70913,100.0
70914,100.0
70915,100.0
70916,100.0
70917,100.0
70918,100.0
70919,100.0
70920,100.0
70921,100.0
70922,100.0
70923,100.0
70924,100.0
70925,100.0
70926,100.0
70927,100.0
70928,100.0
70929,100.0
70930,100.0
70931,100.0
70932,100.0
70933,100.0
70934,100.0
70935,100.0
70936,100.0
70937,100.0
70938,100.0
70939,100.0
70940,100.0
70941,100.0
70942,100.0
70943,100.0
70944,100.0
70945,100.0
70946,100.0
70947,100.0
70948,100.0
70949,100.0
70950,100.0
70951,100.0
70952,100.0
70953,100.0
70954,100.0
70955,100.0
70956,100.0
70957,100.0
70958,100.0
70959,100.0
70960,100.0
70961,100.0
70962,100.0
70963,100.0
70964,100.0
70965,100.0
70966,100.0
70967,100.0
70968,100.0
70969,100.0
70970,100.0
70971,100.0
70972,100.0
70973,100.0
70974,100.0
70975,100.0
70976,100.0
70977,100.0
70978,100.0
70979,100.0
70980,100.0
70981,100.0
70982,100.0
70983,100.0
70984,100.0
70985,100.0
70986,100.0
70987,100.0
70988,100.0
70989,100.0
70990,100.0
70991,100.0
70992,100.0
70993,100.0
70994,100.0
70995,100.0
70996,100.0
70997,100.0
70998,100.0
70999,100.0
71000,100.0
71001,100.0
71002,100.0
71003,100.0
71004,100.0
71005,100.0
71006,100.0
71007,100.0
71008,100.0
71009,100.0
71010,100.0
71011,100.0
71012,100.0
71013,100.0
71014,100.0
71015,100.0
71016,100.0
71017,100.0
71018,100.0
71019,100.0
71020,100.0
71021,100.0
71022,100.0
71023,100.0
71024,100.0
71025,100.0
71026,100.0
71027,100.0
71028,100.0
71029,100.0
71030,100.0
71031,100.0
71032,100.0
71033,100.0
71034,100.0
71035,100.0
71036,100.0
71037,100.0
71038,100.0
71039,100.0
71040,100.0
71041,100.0
71042,100.0
71043,100.0
71044,100.0
71045,100.0
71046,100.0
71047,100.0
71048,100.0
71049,100.0
71050,100.0
71051,100.0
71052,100.0
71053,100.0
71054,100.0
71055,100.0
71056,100.0
71057,100.0
71058,100.0
71059,100.0
71060,100.0
71061,100.0
71062,100.0
71063,100.0
71064,100.0
71065,100.0
71066,100.0
71067,100.0
71068,100.0
71069,100.0
71070,100.0
71071,100.0
71072,100.0
71073,100.0
71074,100.0
71075,100.0
71076,100.0
71077,100.0
71078,100.0
71079,100.0
71080,100.0
71081,100.0
71082,100.0
71083,100.0
71084,100.0
71085,100.0
71086,100.0
71087,100.0
71088,100.0
71089,100.0
71090,100.0
71091,100.0
71092,100.0
71093,100.0
71094,100.0
71095,100.0
71096,100.0
71097,100.0
71098,100.0
71099,100.0
71100,100.0
71101,100.0
71102,100.0
71103,100.0
71104,100.0
71105,100.0
71106,100.0
71107,100.0
71108,100.0
71109,100.0
71110,100.0
71111,100.0
71112,100.0
71113,100.0
71114,100.0
71115,100.0
71116,100.0
71117,100.0
71118,100.0
71119,100.0
71120,100.0
71121,100.0
71122,100.0
71123,100.0
71124,100.0
71125,100.0
71126,100.0
71127,100.0
71128,100.0
71129,100.0
71130,100.0
71131,100.0
71132,100.0
71133,100.0
71134,100.0
71135,100.0
71136,100.0
71137,100.0
71138,100.0
71139,100.0
71140,100.0
71141,100.0
71142,100.0
71143,100.0
71144,100.0
71145,100.0
71146,100.0
71147,100.0
71148,100.0
71149,100.0
71150,100.0
71151,100.0
71152,100.0
71153,100.0
71154,100.0
71155,100.0
71156,100.0
71157,100.0
71158,100.0
71159,100.0
71160,100.0
71161,100.0
71162,100.0
71163,100.0
71164,100.0
71165,100.0
71166,100.0
71167,100.0
71168,100.0
71169,100.0
71170,100.0
71171,100.0
71172,100.0
71173,100.0
71174,100.0
71175,100.0
71176,100.0
71177,100.0
71178,100.0
71179,100.0
71180,100.0
71181,100.0
71182,100.0
71183,100.0
71184,100.0
71185,100.0
71186,100.0
71187,100.0
71188,100.0
71189,100.0
71190,100.0
71191,100.0
71192,100.0
71193,100.0
71194,100.0
71195,100.0
71196,100.0
71197,100.0
71198,100.0
71199,100.0
71200,100.0
71201,100.0
71202,100.0
71203,100.0
71204,100.0
71205,100.0
71206,100.0
71207,100.0
71208,100.0
71209,100.0
71210,100.0
71211,100.0
71212,100.0
71213,100.0
71214,100.0
71215,100.0
71216,100.0
71217,100.0
71218,100.0
71219,100.0
71220,100.0
71221,100.0
71222,100.0
71223,100.0
71224,100.0
71225,100.0
71226,100.0
71227,100.0
71228,100.0
71229,100.0
71230,100.0
71231,100.0
71232,100.0
71233,100.0
71234,100.0
71235,100.0
71236,100.0
71237,100.0
71238,100.0
71239,100.0
71240,100.0
71241,100.0
71242,100.0
71243,100.0
71244,100.0
71245,100.0
71246,100.0
71247,100.0
71248,100.0
71249,100.0
71250,100.0
71251,100.0
71252,100.0
71253,100.0
71254,100.0
71255,100.0
71256,100.0
71257,100.0
71258,100.0
71259,100.0
71260,100.0
71261,100.0
71262,100.0
71263,100.0
71264,100.0
71265,100.0
71266,100.0
71267,100.0
71268,100.0
71269,100.0
71270,100.0
71271,100.0
71272,100.0
71273,100.0
71274,100.0
71275,100.0
71276,100.0
71277,100.0
71278,100.0
71279,100.0
71280,100.0
71281,100.0
71282,100.0
71283,100.0
71284,100.0
71285,100.0
71286,100.0
71287,100.0
71288,100.0
71289,100.0
71290,100.0
71291,100.0
71292,100.0
71293,100.0
71294,100.0
71295,100.0
71296,100.0
71297,100.0
71298,100.0
71299,100.0
71300,100.0
71301,100.0
71302,100.0
71303,100.0
71304,100.0
71305,100.0
71306,100.0
71307,100.0
71308,100.0
71309,100.0
71310,100.0
71311,100.0
71312,100.0
71313,100.0
71314,100.0
71315,100.0
71316,100.0
71317,100.0
71318,100.0
71319,100.0
71320,100.0
71321,100.0
71322,100.0
71323,100.0
71324,100.0
71325,100.0
71326,100.0
71327,100.0
71328,100.0
71329,100.0
71330,100.0
71331,100.0
71332,100.0
71333,100.0
71334,100.0
71335,100.0
71336,100.0
71337,100.0
71338,100.0
71339,100.0
71340,100.0
71341,100.0
71342,100.0
71343,100.0
71344,100.0
71345,100.0
71346,100.0
71347,100.0
71348,100.0
71349,100.0
71350,100.0
71351,100.0
71352,100.0
71353,100.0
71354,100.0
71355,100.0
71356,100.0
71357,100.0
71358,100.0
71359,100.0
71360,100.0
71361,100.0
71362,100.0
71363,100.0
71364,100.0
71365,100.0
71366,100.0
71367,100.0
71368,100.0
71369,100.0
71370,100.0
71371,100.0
71372,100.0
71373,100.0
71374,100.0
71375,100.0
71376,100.0
71377,100.0
71378,100.0
71379,100.0
71380,100.0
71381,100.0
71382,100.0
71383,100.0
71384,100.0
71385,100.0
71386,100.0
71387,100.0
71388,100.0
71389,100.0
71390,100.0
71391,100.0
71392,100.0
71393,100.0
71394,100.0
71395,100.0
71396,100.0
71397,100.0
71398,100.0
71399,100.0
71400,100.0
71401,100.0
71402,100.0
71403,100.0
71404,100.0
71405,100.0
71406,100.0
71407,100.0
71408,100.0
71409,100.0
71410,100.0
71411,100.0
71412,100.0
71413,100.0
71414,100.0
71415,100.0
71416,100.0
71417,100.0
71418,100.0
71419,100.0
71420,100.0
71421,100.0
71422,100.0
71423,100.0
71424,100.0
71425,100.0
71426,100.0
71427,100.0
71428,100.0
71429,100.0
71430,100.0
71431,100.0
71432,100.0
71433,100.0
71434,100.0
71435,100.0
71436,100.0
71437,100.0
71438,100.0
71439,100.0
71440,100.0
71441,100.0
71442,100.0
71443,100.0
71444,100.0
71445,100.0
71446,100.0
71447,100.0
71448,100.0
71449,100.0
71450,100.0
71451,100.0
71452,100.0
71453,100.0
71454,100.0
71455,100.0
71456,100.0
71457,100.0
71458,100.0
71459,100.0
71460,100.0
71461,100.0
71462,100.0
71463,100.0
71464,100.0
71465,100.0
71466,100.0
71467,100.0
71468,100.0
71469,100.0
71470,100.0
71471,100.0
71472,100.0
71473,100.0
71474,100.0
71475,100.0
71476,100.0
71477,100.0
71478,100.0
71479,100.0
71480,100.0
71481,100.0
71482,100.0
71483,100.0
71484,100.0
71485,100.0
71486,100.0
71487,100.0
71488,100.0
71489,100.0
71490,100.0
71491,100.0
71492,100.0
71493,100.0
71494,100.0
71495,100.0
71496,100.0
71497,100.0
71498,100.0
71499,100.0
71500,100.0
71501,100.0
71502,100.0
71503,100.0
71504,100.0
71505,100.0
71506,100.0
71507,100.0
71508,100.0
71509,100.0
71510,100.0
71511,100.0
71512,100.0
71513,100.0
71514,100.0
71515,100.0
71516,100.0
71517,100.0
71518,100.0
71519,100.0
71520,100.0
71521,100.0
71522,100.0
71523,100.0
71524,100.0
71525,100.0
71526,100.0
71527,100.0
71528,100.0
71529,100.0
71530,100.0
71531,100.0
71532,100.0
71533,100.0
71534,100.0
71535,100.0
71536,100.0
71537,100.0
71538,100.0
71539,100.0
71540,100.0
71541,100.0
71542,100.0
71543,100.0
71544,100.0
71545,100.0
71546,100.0
71547,100.0
71548,100.0
71549,100.0
71550,100.0
71551,100.0
71552,100.0
71553,100.0
71554,100.0
71555,100.0
71556,100.0
71557,100.0
71558,100.0
71559,100.0
71560,100.0
71561,100.0
71562,100.0
71563,100.0
71564,100.0
71565,100.0
71566,100.0
71567,100.0
71568,100.0
71569,100.0
71570,100.0
71571,100.0
71572,100.0
71573,100.0
71574,100.0
71575,100.0
71576,100.0
71577,100.0
71578,100.0
71579,100.0
71580,100.0
71581,100.0
71582,100.0
71583,100.0
71584,100.0
71585,100.0
71586,100.0
71587,100.0
71588,100.0
71589,100.0
71590,100.0
71591,100.0
71592,100.0
71593,100.0
71594,100.0
71595,100.0
71596,100.0
71597,100.0
71598,100.0
71599,100.0
71600,100.0
71601,100.0
71602,100.0
71603,100.0
71604,100.0
71605,100.0
71606,100.0
71607,100.0
71608,100.0
71609,100.0
71610,100.0
71611,100.0
71612,100.0
71613,100.0
71614,100.0
71615,100.0
71616,100.0
71617,100.0
71618,100.0
71619,100.0
71620,100.0
71621,100.0
71622,100.0
71623,100.0
71624,100.0
71625,100.0
71626,100.0
71627,100.0
71628,100.0
71629,100.0
71630,100.0
71631,100.0
71632,100.0
71633,100.0
71634,100.0
71635,100.0
71636,100.0
71637,100.0
71638,100.0
71639,100.0
71640,100.0
71641,100.0
71642,100.0
71643,100.0
71644,100.0
71645,100.0
71646,100.0
71647,100.0
71648,100.0
71649,100.0
71650,100.0
71651,100.0
71652,100.0
71653,100.0
71654,100.0
71655,100.0
71656,100.0
71657,100.0
71658,100.0
71659,100.0
71660,100.0
71661,100.0
71662,100.0
71663,100.0
71664,100.0
71665,100.0
71666,100.0
71667,100.0
71668,100.0
71669,100.0
71670,100.0
71671,100.0
71672,100.0
71673,100.0
71674,100.0
71675,100.0
71676,100.0
71677,100.0
71678,100.0
71679,100.0
71680,100.0
71681,100.0
71682,100.0
71683,100.0
71684,100.0
71685,100.0
71686,100.0
71687,100.0
71688,100.0
71689,100.0
71690,100.0
71691,100.0
71692,100.0
71693,100.0
71694,100.0
71695,100.0
71696,100.0
71697,100.0
71698,100.0
71699,100.0
71700,100.0
71701,100.0
71702,100.0
71703,100.0
71704,100.0
71705,100.0
71706,100.0
71707,100.0
71708,100.0
71709,100.0
71710,100.0
71711,100.0
71712,100.0
71713,100.0
71714,100.0
71715,100.0
71716,100.0
71717,100.0
71718,100.0
71719,100.0
71720,100.0
71721,100.0
71722,100.0
71723,100.0
71724,100.0
71725,100.0
71726,100.0
71727,100.0
71728,100.0
71729,100.0
71730,100.0
71731,100.0
71732,100.0
71733,100.0
71734,100.0
71735,100.0
71736,100.0
71737,100.0
71738,100.0
71739,100.0
71740,100.0
71741,100.0
71742,100.0
71743,100.0
71744,100.0
71745,100.0
71746,100.0
71747,100.0
71748,100.0
71749,100.0
71750,100.0
71751,100.0
71752,100.0
71753,100.0
71754,100.0
71755,100.0
71756,100.0
71757,100.0
71758,100.0
71759,100.0
71760,100.0
71761,100.0
71762,100.0
71763,100.0
71764,100.0
71765,100.0
71766,100.0
71767,100.0
71768,100.0
71769,100.0
71770,100.0
71771,100.0
71772,100.0
71773,100.0
71774,100.0
71775,100.0
71776,100.0
71777,100.0
71778,100.0
71779,100.0
71780,100.0
71781,100.0
71782,100.0
71783,100.0
71784,100.0
71785,100.0
71786,100.0
71787,100.0
71788,100.0
71789,100.0
71790,100.0
71791,100.0
71792,100.0
71793,100.0
71794,100.0
71795,100.0
71796,100.0
71797,100.0
71798,100.0
71799,100.0
71800,100.0
71801,100.0
71802,100.0
71803,100.0
71804,100.0
71805,100.0
71806,100.0
71807,100.0
71808,100.0
71809,100.0
71810,100.0
71811,100.0
71812,100.0
71813,100.0
71814,100.0
71815,100.0
71816,100.0
71817,100.0
71818,100.0
71819,100.0
71820,100.0
71821,100.0
71822,100.0
71823,100.0
71824,100.0
71825,100.0
71826,100.0
71827,100.0
71828,100.0
71829,100.0
71830,100.0
71831,100.0
71832,100.0
71833,100.0
71834,100.0
71835,100.0
71836,100.0
71837,100.0
71838,100.0
71839,100.0
71840,100.0
71841,100.0
71842,100.0
71843,100.0
71844,100.0
71845,100.0
71846,100.0
71847,100.0
71848,100.0
71849,100.0
71850,100.0
71851,100.0
71852,100.0
71853,100.0
71854,100.0
71855,100.0
71856,100.0
71857,100.0
71858,100.0
71859,100.0
71860,100.0
71861,100.0
71862,100.0
71863,100.0
71864,100.0
71865,100.0
71866,100.0
71867,100.0
71868,100.0
71869,100.0
71870,100.0
71871,100.0
71872,100.0
71873,100.0
71874,100.0
71875,100.0
71876,100.0
71877,100.0
71878,100.0
71879,100.0
71880,100.0
71881,100.0
71882,100.0
71883,100.0
71884,100.0
71885,100.0
71886,100.0
71887,100.0
71888,100.0
71889,100.0
71890,100.0
71891,100.0
71892,100.0
71893,100.0
71894,100.0
71895,100.0
71896,100.0
71897,100.0
71898,100.0
71899,100.0
71900,100.0
71901,100.0
71902,100.0
71903,100.0
71904,100.0
71905,100.0
71906,100.0
71907,100.0
71908,100.0
71909,100.0
71910,100.0
71911,100.0
71912,100.0
71913,100.0
71914,100.0
71915,100.0
71916,100.0
71917,100.0
71918,100.0
71919,100.0
71920,100.0
71921,100.0
71922,100.0
71923,100.0
71924,100.0
71925,100.0
71926,100.0
71927,100.0
71928,100.0
71929,100.0
71930,100.0
71931,100.0
71932,100.0
71933,100.0
71934,100.0
71935,100.0
71936,100.0
71937,100.0
71938,100.0
71939,100.0
71940,100.0
71941,100.0
71942,100.0
71943,100.0
71944,100.0
71945,100.0
71946,100.0
71947,100.0
71948,100.0
71949,100.0
71950,100.0
71951,100.0
71952,100.0
71953,100.0
71954,100.0
71955,100.0
71956,100.0
71957,100.0
71958,100.0
71959,100.0
71960,100.0
71961,100.0
71962,100.0
71963,100.0
71964,100.0
71965,100.0
71966,100.0
71967,100.0
71968,100.0
71969,100.0
71970,100.0
71971,100.0
71972,100.0
71973,100.0
71974,100.0
71975,100.0
71976,100.0
71977,100.0
71978,100.0
71979,100.0
71980,100.0
71981,100.0
71982,100.0
71983,100.0
71984,100.0
71985,100.0
71986,100.0
71987,100.0
71988,100.0
71989,100.0
71990,100.0
71991,100.0
71992,100.0
71993,100.0
71994,100.0
71995,100.0
71996,100.0
71997,100.0
71998,100.0
71999,100.0
72000,100.0
72001,100.0
72002,100.0
72003,100.0
72004,100.0
72005,100.0
72006,100.0
72007,100.0
72008,100.0
72009,100.0
72010,100.0
72011,100.0
72012,100.0
72013,100.0
72014,100.0
72015,100.0
72016,100.0
72017,100.0
72018,100.0
72019,100.0
72020,100.0
72021,100.0
72022,100.0
72023,100.0
72024,100.0
72025,100.0
72026,100.0
72027,100.0
72028,100.0
72029,100.0
72030,100.0
72031,100.0
72032,100.0
72033,100.0
72034,100.0
72035,100.0
72036,100.0
72037,100.0
72038,100.0
72039,100.0
72040,100.0
72041,100.0
72042,100.0
72043,100.0
72044,100.0
72045,100.0
72046,100.0
72047,100.0
72048,100.0
72049,100.0
72050,100.0
72051,100.0
72052,100.0
72053,100.0
72054,100.0
72055,100.0
72056,100.0
72057,100.0
72058,100.0
72059,100.0
72060,100.0
72061,100.0
72062,100.0
72063,100.0
72064,100.0
72065,100.0
72066,100.0
72067,100.0
72068,100.0
72069,100.0
72070,100.0
72071,100.0
72072,100.0
72073,100.0
72074,100.0
72075,100.0
72076,100.0
72077,100.0
72078,100.0
72079,100.0
72080,100.0
72081,100.0
72082,100.0
72083,100.0
72084,100.0
72085,100.0
72086,100.0
72087,100.0
72088,100.0
72089,100.0
72090,100.0
72091,100.0
72092,100.0
72093,100.0
72094,100.0
72095,100.0
72096,100.0
72097,100.0
72098,100.0
72099,100.0
72100,100.0
72101,100.0
72102,100.0
72103,100.0
72104,100.0
72105,100.0
72106,100.0
72107,100.0
72108,100.0
72109,100.0
72110,100.0
72111,100.0
72112,100.0
72113,100.0
72114,100.0
72115,100.0
72116,100.0
72117,100.0
72118,100.0
72119,100.0
72120,100.0
72121,100.0
72122,100.0
72123,100.0
72124,100.0
72125,100.0
72126,100.0
72127,100.0
72128,100.0
72129,100.0
72130,100.0
72131,100.0
72132,100.0
72133,100.0
72134,100.0
72135,100.0
72136,100.0
72137,100.0
72138,100.0
72139,100.0
72140,100.0
72141,100.0
72142,100.0
72143,100.0
72144,100.0
72145,100.0
72146,100.0
72147,100.0
72148,100.0
72149,100.0
72150,100.0
72151,100.0
72152,100.0
72153,100.0
72154,100.0
72155,100.0
72156,100.0
72157,100.0
72158,100.0
72159,100.0
72160,100.0
72161,100.0
72162,100.0
72163,100.0
72164,100.0
72165,100.0
72166,100.0
72167,100.0
72168,100.0
72169,100.0
72170,100.0
72171,100.0
72172,100.0
72173,100.0
72174,100.0
72175,100.0
72176,100.0
72177,100.0
72178,100.0
72179,100.0
72180,100.0
72181,100.0
72182,100.0
72183,100.0
72184,100.0
72185,100.0
72186,100.0
72187,100.0
72188,100.0
72189,100.0
72190,100.0
72191,100.0
72192,100.0
72193,100.0
72194,100.0
72195,100.0
72196,100.0
72197,100.0
72198,100.0
72199,100.0
72200,100.0
72201,100.0
72202,100.0
72203,100.0
72204,100.0
72205,100.0
72206,100.0
72207,100.0
72208,100.0
72209,100.0
72210,100.0
72211,100.0
72212,100.0
72213,100.0
72214,100.0
72215,100.0
72216,100.0
72217,100.0
72218,100.0
72219,100.0
72220,100.0
72221,100.0
72222,100.0
72223,100.0
72224,100.0
72225,100.0
72226,100.0
72227,100.0
72228,100.0
72229,100.0
72230,100.0
72231,100.0
72232,100.0
72233,100.0
72234,100.0
72235,100.0
72236,100.0
72237,100.0
72238,100.0
72239,100.0
72240,100.0
72241,100.0
72242,100.0
72243,100.0
72244,100.0
72245,100.0
72246,100.0
72247,100.0
72248,100.0
72249,100.0
72250,100.0
72251,100.0
72252,100.0
72253,100.0
72254,100.0
72255,100.0
72256,100.0
72257,100.0
72258,100.0
72259,100.0
72260,100.0
72261,100.0
72262,100.0
72263,100.0
72264,100.0
72265,100.0
72266,100.0
72267,100.0
72268,100.0
72269,100.0
72270,100.0
72271,100.0
72272,100.0
72273,100.0
72274,100.0
72275,100.0
72276,100.0
72277,100.0
72278,100.0
72279,100.0
72280,100.0
72281,100.0
72282,100.0
72283,100.0
72284,100.0
72285,100.0
72286,100.0
72287,100.0
72288,100.0
72289,100.0
72290,100.0
72291,100.0
72292,100.0
72293,100.0
72294,100.0
72295,100.0
72296,100.0
72297,100.0
72298,100.0
72299,100.0
72300,100.0
72301,100.0
72302,100.0
72303,100.0
72304,100.0
72305,100.0
72306,100.0
72307,100.0
72308,100.0
72309,100.0
72310,100.0
72311,100.0
72312,100.0
72313,100.0
72314,100.0
72315,100.0
72316,100.0
72317,100.0
72318,100.0
72319,100.0
72320,100.0
72321,100.0
72322,100.0
72323,100.0
72324,100.0
72325,100.0
72326,100.0
72327,100.0
72328,100.0
72329,100.0
72330,100.0
72331,100.0
72332,100.0
72333,100.0
72334,100.0
72335,100.0
72336,100.0
72337,100.0
72338,100.0
72339,100.0
72340,100.0
72341,100.0
72342,100.0
72343,100.0
72344,100.0
72345,100.0
72346,100.0
72347,100.0
72348,100.0
72349,100.0
72350,100.0
72351,100.0
72352,100.0
72353,100.0
72354,100.0
72355,100.0
72356,100.0
72357,100.0
72358,100.0
72359,100.0
72360,100.0
72361,100.0
72362,100.0
72363,100.0
72364,100.0
72365,100.0
72366,100.0
72367,100.0
72368,100.0
72369,100.0
72370,100.0
72371,100.0
72372,100.0
72373,100.0
72374,100.0
72375,100.0
72376,100.0
72377,100.0
72378,100.0
72379,100.0
72380,100.0
72381,100.0
72382,100.0
72383,100.0
72384,100.0
72385,100.0
72386,100.0
72387,100.0
72388,100.0
72389,100.0
72390,100.0
72391,100.0
72392,100.0
72393,100.0
72394,100.0
72395,100.0
72396,100.0
72397,100.0
72398,100.0
72399,100.0
72400,100.0
72401,100.0
72402,100.0
72403,100.0
72404,100.0
72405,100.0
72406,100.0
72407,100.0
72408,100.0
72409,100.0
72410,100.0
72411,100.0
72412,100.0
72413,100.0
72414,100.0
72415,100.0
72416,100.0
72417,100.0
72418,100.0
72419,100.0
72420,100.0
72421,100.0
72422,100.0
72423,100.0
72424,100.0
72425,100.0
72426,100.0
72427,100.0
72428,100.0
72429,100.0
72430,100.0
72431,100.0
72432,100.0
72433,100.0
72434,100.0
72435,100.0
72436,100.0
72437,100.0
72438,100.0
72439,100.0
72440,100.0
72441,100.0
72442,100.0
72443,100.0
72444,100.0
72445,100.0
72446,100.0
72447,100.0
72448,100.0
72449,100.0
72450,100.0
72451,100.0
72452,100.0
72453,100.0
72454,100.0
72455,100.0
72456,100.0
72457,100.0
72458,100.0
72459,100.0
72460,100.0
72461,100.0
72462,100.0
72463,100.0
72464,100.0
72465,100.0
72466,100.0
72467,100.0
72468,100.0
72469,100.0
72470,100.0
72471,100.0
72472,100.0
72473,100.0
72474,100.0
72475,100.0
72476,100.0
72477,100.0
72478,100.0
72479,100.0
72480,100.0
72481,100.0
72482,100.0
72483,100.0
72484,100.0
72485,100.0
72486,100.0
72487,100.0
72488,100.0
72489,100.0
72490,100.0
72491,100.0
72492,100.0
72493,100.0
72494,100.0
72495,100.0
72496,100.0
72497,100.0
72498,100.0
72499,100.0
72500,100.0
72501,100.0
72502,100.0
72503,100.0
72504,100.0
72505,100.0
72506,100.0
72507,100.0
72508,100.0
72509,100.0
72510,100.0
72511,100.0
72512,100.0
72513,100.0
72514,100.0
72515,100.0
72516,100.0
72517,100.0
72518,100.0
72519,100.0
72520,100.0
72521,100.0
72522,100.0
72523,100.0
72524,100.0
72525,100.0
72526,100.0
72527,100.0
72528,100.0
72529,100.0
72530,100.0
72531,100.0
72532,100.0
72533,100.0
72534,100.0
72535,100.0
72536,100.0
72537,100.0
72538,100.0
72539,100.0
72540,100.0
72541,100.0
72542,100.0
72543,100.0
72544,100.0
72545,100.0
72546,100.0
72547,100.0
72548,100.0
72549,100.0
72550,100.0
72551,100.0
72552,100.0
72553,100.0
72554,100.0
72555,100.0
72556,100.0
72557,100.0
72558,100.0
72559,100.0
72560,100.0
72561,100.0
72562,100.0
72563,100.0
72564,100.0
72565,100.0
72566,100.0
72567,100.0
72568,100.0
72569,100.0
72570,100.0
72571,100.0
72572,100.0
72573,100.0
72574,100.0
72575,100.0
72576,100.0
72577,100.0
72578,100.0
72579,100.0
72580,100.0
72581,100.0
72582,100.0
72583,100.0
72584,100.0
72585,100.0
72586,100.0
72587,100.0
72588,100.0
72589,100.0
72590,100.0
72591,100.0
72592,100.0
72593,100.0
72594,100.0
72595,100.0
72596,100.0
72597,100.0
72598,100.0
72599,100.0
72600,100.0
72601,100.0
72602,100.0
72603,100.0
72604,100.0
72605,100.0
72606,100.0
72607,100.0
72608,100.0
72609,100.0
72610,100.0
72611,100.0
